"sample_id","T cells","CD8 T cells","Cytotoxic lymphocytes","B lineage","NK cells","Monocytic lineage","Myeloid dendritic cells","Neutrophils","Endothelial cells","Fibroblasts","ssGSEA_ALLOGRAFT_REJECTION","ssGSEA_COMPLEMENT","ssGSEA_IL6_JAK_STAT3_SIGNALING","ssGSEA_IL2_STAT5_SIGNALING","ssGSEA_INFLAMMATORY_RESPONSE","ssGSEA_INTERFERON_ALPHA_RESPONSE","ssGSEA_INTERFERON_GAMMA_RESPONSE","ssGSEA_TNFA_SIGNALING_VIA_NFKB","ssGSEA_TGF_BETA_SIGNALING","risk_score","rewiring_magnitude","group"
"TCGA-05-4245",0.996221878879696,0.253989266230787,0.680817205634288,2.61207920157395,0.179931250489891,2.43135688144912,0.842859535709867,1.20706344814357,2.33141796395959,5.26190784891344,1.86431463041629,2.01147922441188,1.97492037130268,2.02409578724695,1.81950161035831,2.23055949854198,2.14239716430969,2.1506359282263,2.33002943846414,-2.4099011,383.7511,"High"
"TCGA-05-4249",2.26436648514007,1.19345636574959,1.15306739238531,4.40679329466504,0.399457007597393,4.41620091304367,5.06268895299235,2.95372919371478,3.42966336530711,6.25892130262752,2.11172702440393,2.12875525636879,2.19754821294294,2.20513537815208,2.07880460955175,2.43234421489112,2.33877770002155,2.34409341559339,2.46039968764559,0.05630721,453.4124,"High"
"TCGA-05-4250",2.54564360920632,2.63981097771678,2.2159883574763,2.7899674537794,0.569744010783441,4.20159016654829,2.11272362603404,2.3468843366211,3.07400472388374,7.7339068821541,2.19854485825229,2.20219958745159,2.23796443832265,2.24739876049378,2.16304140490917,2.47458715304998,2.39267588947977,2.49494199597978,2.48877087600448,0.067451924,216.60268,"Low"
"TCGA-05-4382",2.38804445615169,0.926682638615192,1.16004414136473,4.19980147028151,0.476623868402855,4.73628714756113,2.11522586719806,2.19244616795819,3.17198465993535,7.67130048586212,2.15988336088706,2.18331594837598,2.25974061982942,2.19337916549236,2.15258012503595,2.4216532654079,2.36459772033931,2.42535875802728,2.45314568844673,0.038527325,1281.4536,"High"
"TCGA-05-4384",1.97076367251724,0.856228798219045,1.62190603346974,2.81584674119842,0.340603514667851,4.66531981703976,2.9895943629286,3.85104487243341,4.33092843316401,5.76828422056064,2.01903574967996,2.15076911491911,2.12901489636351,2.17838969836889,2.04776390871132,2.3548232802142,2.25799134489657,2.35303094356029,2.48238833394032,0.052183107,1864.2556,"High"
"TCGA-05-4389",2.97267642936911,3.12533700691146,2.24389135033491,3.32780411901459,0.59296860780222,4.55646474368516,4.53098665980397,2.70871614634262,2.55052821455108,5.4237384856536,2.21520600308617,2.20194353333004,2.23601958805072,2.22877109497107,2.10356751310336,2.44701893148096,2.37567224851385,2.29704594346406,2.37198375705099,0.0887667,197.78731,"Low"
"TCGA-05-4390",1.82572724953205,1.76587416408973,0.614389163039166,3.72835808401353,0.4340504024709,3.40320354840225,1.23498247436593,2.74992390349716,2.92807363574248,6.87180913986113,2.02575833972977,2.11120199831161,2.15050730143668,2.13830512970201,2.05647931599731,2.27783303209182,2.19982107331249,2.31245716242515,2.42665575291188,0.07360826,270.22595,"High"
"TCGA-05-4396",1.85668693294373,0.468843942974637,1.14755378875593,2.88650513903622,0.454643813604606,3.63098895355639,2.04683214813861,2.94313167043873,3.60068027504581,5.6451455432273,1.97950786630266,2.10344576064516,2.10581703235235,2.12840634303977,1.94627665766668,2.3939130117503,2.25215149069772,2.29219001649046,2.47647374061147,0.07903715,311.87146,"High"
"TCGA-05-4397",1.68569199957222,1.0441142968214,1.11647960480686,2.94108488864006,0.508887683393405,4.1000106510055,3.06084742347345,2.07424203091484,2.54038257902181,5.27456569022077,1.99959670538976,2.1033057967533,2.18260788881753,2.07508626319565,1.97775657088882,2.5311140135325,2.35995139945386,2.23519793967587,2.30608583927911,0.48412338,211.22841,"Low"
"TCGA-05-4398",2.47271636696004,1.26177149506894,1.47505762072936,3.99634628586825,0.410379976051719,4.66350123144927,3.67947091001364,2.3108571221399,2.87048768252986,6.8340691886318,2.19631711549218,2.14757188451372,2.2928531856779,2.21482565301856,2.17871555252328,2.50973526385056,2.43470292010958,2.47188508905503,2.43739811080046,0.05194234,777.1193,"High"
"TCGA-05-4402",2.21033732881502,0.758814831602646,0.918200809193119,4.19820585816861,0.186864818332258,4.15520396633662,3.17759482510757,2.37419291403058,2.95786185036601,6.78341198287434,2.09338435318864,2.17217791253794,2.14979674612453,2.17654025129837,2.10201140460913,2.52689159618694,2.39410667877681,2.3313531582024,2.49232845675799,0.03894128,173.48012,"Low"
"TCGA-05-4403",1.94911233693668,0.801075859167457,1.16237298235369,3.26189068202396,0.389042754442262,4.14956494862171,2.68720647070738,2.54471441108344,3.09116031742055,6.19341868644968,2.15950177013991,2.25731220884057,2.23964780844282,2.23309278557212,2.15828785403581,2.50229456805984,2.37212776384766,2.40625561046173,2.49630687082242,0.06309606,249.3894,"High"
"TCGA-05-4405",1.87207406173715,1.2742914841021,1.46687289610817,4.26631845989347,0.344922353426475,4.38233745816473,2.7950583057245,2.5073131758199,3.59085909917136,7.76863974447443,2.0802223952506,2.12181396297109,2.13520236317102,2.1738062142476,2.07198020125729,2.42889426230398,2.32802445389716,2.35627251452475,2.50630540511294,0.04450807,175.38492,"Low"
"TCGA-05-4415",1.75019041339197,1.58168868022865,2.67896022408296,2.41810511323459,0.88494254655279,3.42485041530733,1.12865864814676,2.75249550893282,2.58802034775304,4.61311496304136,2.08763911774947,2.13626324505205,2.14854402132089,2.15858544596163,2.04173254180804,2.45164771077315,2.3508396922212,2.37361319098901,2.42355305317805,0.36705625,551.71704,"High"
"TCGA-05-4417",2.96132159538173,1.87982337249739,1.80219855167501,4.62081378746368,0.454383828511041,4.3564334952049,3.39624289963426,2.82467409432415,3.90408663046336,8.00605713362122,2.22631482678515,2.22623318319227,2.27393774881692,2.26910979157604,2.18544821002294,2.43932901723682,2.38570151518618,2.47998874511179,2.48423609898371,0.029166445,284.4684,"High"
"TCGA-05-4418",2.31341296866804,1.78140168222449,1.56285195257587,4.13563238009797,0.609198782924885,4.11515368428726,1.61527547498559,2.3894875132912,2.1268237956706,6.02737997673523,2.17851885440372,2.18092558873384,2.21021099325766,2.19586735523525,2.13000124329851,2.54788469676741,2.43307113314151,2.43589050551745,2.41344108881815,0.055850178,178.71658,"Low"
"TCGA-05-4420",1.29780282715563,1.32555911322641,0.850992660690955,3.15987269392906,0.220092843862828,2.99488661137345,1.7917581045034,3.25154718720335,2.95828861137171,6.38957558666897,1.9247680637476,2.05848615567123,2.05778176126414,2.10753350036721,1.97809261039813,2.23713492453966,2.14111731004008,2.25341724059735,2.36520633828982,0.03862226,393.52466,"High"
"TCGA-05-4422",2.73581067275232,2.81329892987876,2.15888579987407,4.47933833344467,0.710841450981889,4.20759137655545,3.25726191374869,2.31360028844858,2.55334397459313,4.13727638733514,2.10474368400406,2.1115342378877,2.13964699246395,2.15189784813302,1.98120959450068,2.4090047509769,2.33121288962319,2.28136734279702,2.32332593711074,0.06946172,192.789,"Low"
"TCGA-05-4424",2.68209323058537,1.99873708923515,1.44469336671011,3.21577595073948,0.302049996724304,4.67599856190123,2.38793893158517,2.72345514359179,4.1815813520705,6.79414892518229,2.11987261609137,2.18035470576344,2.17475990755644,2.20928252092854,2.14213967227707,2.46214631160937,2.34653016675126,2.38415383211278,2.50348943354699,0.38879246,229.85605,"Low"
"TCGA-05-4425",2.69451032795815,1.32094672855718,1.78420990606517,2.51096108023422,0.24190285327297,5.11678723159868,5.05535217004836,2.42137684270493,3.28424038956138,6.59935292581911,2.19589394222182,2.21471947263635,2.28519814687103,2.24683172473683,2.2071320042629,2.52593197032303,2.42031240044746,2.45253400972011,2.47750222301538,0.108620025,477.66446,"High"
"TCGA-05-4426",1.98097876871176,0.850799423125483,1.22628512230348,2.49847143064702,0.228791454293632,3.50392839489839,2.54724391584043,2.73745219908805,2.86576877568739,5.9611528023753,2.07893241393013,2.15547894847342,2.18619761916646,2.15394368298556,2.08489270426478,2.44209288175944,2.32178979590739,2.36624544951988,2.44398830779673,0.05233065,185.10873,"Low"
"TCGA-05-4427",2.29954227328308,1.63723926617351,1.85455366615782,3.06810667166396,0.52484230370398,4.38629873282937,2.72520157990798,2.43170504129343,3.03641423980811,6.52031386019498,2.12112301713629,2.13803136655607,2.16124609466321,2.1745807410821,2.09860671338487,2.45026067048913,2.35023434384119,2.40512445471742,2.47444100062738,0.09265957,196.86932,"Low"
"TCGA-05-4430",2.3992043213956,1.4564382019388,1.66802099221217,3.59354836695119,0.509865593383975,4.53360125589253,4.3526825128803,2.846833077899,4.12014846583538,8.08211442067768,2.15522008354881,2.1974493376963,2.24671392828366,2.22117335598372,2.16258396951739,2.46301646549317,2.37855459912927,2.40723431490006,2.49050116739154,0.039814353,287.1112,"High"
"TCGA-05-4432",2.42018700914697,1.99291341795973,1.6223419808817,4.51024574944798,0.49799128702912,3.86958474071111,2.11660253436936,2.89589799085064,3.21810781626599,6.56649323424413,2.10699721763911,2.15175518278941,2.16022246353734,2.18580949310905,2.08371559090425,2.36024908660305,2.29758746130684,2.36316940747591,2.46085089301597,0.052482113,234.93459,"High"
"TCGA-05-4433",2.68903996019961,1.74377345378432,1.8033586237349,3.35583817399178,0.514992534349166,4.48255389607949,2.87818686932894,3.01433347591984,3.42645040698808,4.88411475299356,2.17666746472164,2.24985816737992,2.26088195065681,2.24134463808987,2.14889194005939,2.54457363506284,2.42132247318735,2.42594470805799,2.47656418364856,0.0803977,184.91959,"Low"
"TCGA-05-4434",3.04702915609857,1.89565161824044,1.74163165527882,4.64087389035992,0.559131423767695,5.27704769212432,3.74385472856727,2.94614976418899,3.29101655310321,7.02391035958887,2.22266149478652,2.23497610017467,2.29088466379332,2.25440548236647,2.17328625092615,2.5615985295437,2.47075664459679,2.44747760788753,2.47601988740059,0.0633232,173.64581,"Low"
"TCGA-05-5420",2.8602294966754,2.18377232556034,1.95494315218177,4.44362089090705,0.58572866507114,4.78063733811292,3.47839493405864,2.30543514262169,1.90645243279543,5.52163201434176,2.31977813131348,2.25472832816281,2.32635724316529,2.22809890830266,2.21401860966209,2.53769465678188,2.48205888317954,2.40650186128651,2.32019309929762,0.0011749715,203.73782,"Low"
"TCGA-05-5423",2.59550266358894,1.78642908320306,1.53044501133739,3.71389279824769,0.377671286419387,4.47930946438645,5.20552881471168,2.70942880177011,2.72492543073601,5.53588070625517,2.19532144493537,2.178847866819,2.23268242937473,2.2046721323689,2.16104613840134,2.49337725216501,2.4033733185461,2.39083106512062,2.3785878125954,0.054090314,230.72792,"Low"
"TCGA-05-5425",2.87087578981165,3.51126561258255,2.23546040746424,3.84580519527826,0.809835445617106,5.13993572883161,3.38300870229256,2.92732303071421,3.11027329533584,6.40789620435488,2.2404788268952,2.25330092621682,2.2793014606808,2.24032957189005,2.21117648536526,2.50470742508882,2.43712287445091,2.46590570364652,2.44187282805038,0.05098491,1038.2405,"High"
"TCGA-05-5428",1.50898432411697,1.33685463912547,1.01633946087195,1.99894970776066,0.132900774040069,3.65266943374706,2.80058086365957,2.17959955279657,2.38156585651305,5.73793886765869,2.0692033769653,2.11697410005185,2.17214700867034,2.11910378429149,2.04422026476375,2.36103381514547,2.28899881421312,2.31607093827625,2.35635826352555,0.09030338,964.1826,"High"
"TCGA-05-5429",1.34084241268005,0.953004431315924,0.6410211589507,2.94049713543467,0.0838431543667674,2.51252480837834,1.90949614554724,2.12346002269133,2.55647618582577,6.91010735065804,2.0084953375316,2.1462453183856,2.1006446244817,2.13102392967041,2.03149369344837,2.42220500052093,2.25926281832186,2.42524955789014,2.46228057468763,0.10926566,185.69823,"Low"
"TCGA-05-5715",1.4684783700925,0.902112179330568,0.833886212135906,3.48608358544154,0.426928993475074,4.08358569997026,2.63740762288749,2.23050255760071,3.46436119337859,6.75783654971344,2.06651028794952,2.21224590884798,2.15078155993699,2.1726211210078,2.07438471945954,2.40228302834481,2.29478530238647,2.29430332422169,2.43166641076126,0.06413245,192.82022,"Low"
"TCGA-35-3615",1.53048610792456,1.19622932579422,1.11531354789445,3.3934167322889,0.284345676060515,3.66926293787503,2.98248521232048,2.67505033077827,2.97488244844927,5.00258750612377,2.0158815164408,2.05323619112538,2.11152046928489,2.11313814021127,1.95848684878529,2.36032980417701,2.26878057329594,2.29136024050238,2.38698353889021,0.025775477,213.24535,"Low"
"TCGA-35-4122",2.42449168415468,2.4736310765512,1.80192553789912,3.74498557368532,0.706141654884487,4.70802850211752,3.20828102253954,1.7991992572515,2.3950208212813,6.62166506722804,2.27818035654514,2.2275671119673,2.30966248261486,2.24979736121944,2.23805139834166,2.52122022777764,2.45552900704937,2.48012656104654,2.40830195260067,0.06292582,1485.4336,"High"
"TCGA-35-4123",3.30337434023675,4.5430689508026,2.84638967450833,3.59700961932687,0.694252699409248,4.36426220889409,3.53245200588922,1.77174055850898,2.26202509692274,7.40366493624057,2.31356228622505,2.19944466021257,2.29654867293561,2.25786951940111,2.20502921800342,2.55398949378381,2.47373306731654,2.49486273691827,2.46640829495807,0.15174182,180.22696,"Low"
"TCGA-35-5375",2.0164240802252,1.98480806202707,1.68307663344139,3.44486387536873,0.300785249358075,3.53264791494728,2.79773047093812,2.15012880997361,2.06380343295533,5.99979056497917,2.15368032556137,2.12506303539686,2.13753586106797,2.12941093974888,2.05196550228418,2.38170155248461,2.30666030573252,2.29676892263399,2.31887910803107,0.24966744,1898.9045,"High"
"TCGA-38-4625",2.11846020562689,1.31202615744334,1.6397182326425,3.93428538946393,0.831437836787773,4.42429589386826,3.01029492410433,2.1736197747308,2.73307061145583,6.47572871364938,2.14052685911332,2.1077321481027,2.20723601762788,2.16228662966722,2.11746625421557,2.56112944746942,2.43226152850667,2.39623717392116,2.34634483379815,0.25338507,693.869,"High"
"TCGA-38-4626",1.92545624739323,1.15399984364613,1.47283643416179,2.56546796826393,0.761704937647077,5.38655255803806,2.67785668126886,3.59791870600274,4.89673526202189,7.23677269253882,2.18415539669631,2.24335060733208,2.32411667449543,2.27076798392884,2.25877928927834,2.50158587909533,2.43271981355309,2.52096336178753,2.51221191959931,0.052996226,172.21497,"Low"
"TCGA-38-4627",1.96392388149949,1.18554943462957,1.10058050448215,3.21981244643239,0.254663797768845,4.48317278729669,3.39353200154757,2.46132915166163,4.21785291442671,9.29447356939129,2.16623651037585,2.228915515029,2.22191627711548,2.25050721064308,2.20090853603748,2.43582019029498,2.36724817360364,2.42369133010494,2.51945754457334,0.056422263,170.02104,"Low"
"TCGA-38-4628",1.17771899963975,3.44235966663578,0.490533994059491,2.14834099894121,0.0511292555198576,3.43513581670546,3.11849835530273,2.05663836868458,2.63325471105475,6.95903869950347,2.02909719241092,2.14908125947074,2.08902386414467,2.14492450572061,2.05427004622734,2.33286651912881,2.22772198187317,2.28238344633357,2.42881661465628,0.05544316,507.4354,"High"
"TCGA-38-4629",2.20343933184825,2.12987646083313,1.90012565263861,3.36155488697835,0.916646651946669,4.60014265600974,2.20301093335735,1.83270181159271,2.72051478240551,7.8268896218347,2.2516619382682,2.22655207845848,2.30309029029778,2.23584272644713,2.24491568861408,2.50889913035754,2.44462946762781,2.47785415525452,2.48066220882003,0.047882184,1237.9858,"High"
"TCGA-38-4630",2.21843536198115,1.47025051019039,1.28531236111102,3.33985750063042,0.348458518193234,3.47337219095411,2.63011309033189,1.4656081321982,2.57454517122323,7.38102806344602,1.91280522988065,1.9668258539136,2.01584843996608,2.04290541354775,1.89880340604737,2.40107024179131,2.23351397643041,2.20328932437028,2.38334649763503,0.7184714,1589.7219,"High"
"TCGA-38-4631",1.45868515693799,1.5061449029796,1.18091659619117,3.20646611376347,0.242022936295967,2.94536611518155,1.1345767339311,2.60222401179005,1.62201440049972,5.35071874651559,2.05350940538284,2.15289850156313,2.13950859947473,2.1304124328105,2.060670488547,2.46495680760035,2.31630703165714,2.38794839839634,2.38780254040874,0.122511074,290.37537,"High"
"TCGA-38-4632",2.58591780564235,1.85977081620874,1.52498981801022,3.28199855208503,0.280515996922725,4.37326237928364,4.67378514681333,2.36838604746009,2.50276135655763,6.57019657447344,2.20032385253016,2.1821663643934,2.27135999036085,2.24588711653309,2.19691177458454,2.42330841692071,2.35504724233483,2.45171164790645,2.41383932639913,0.0579082,222.37149,"Low"
"TCGA-38-6178",2.25525501535289,0.637842060324105,1.23465054215581,4.2890683329089,0.383532691626234,3.66465095332177,2.38642114211039,2.70193701327579,3.72963506305516,7.82797310874378,2.04447846377035,2.13563375916754,2.13508326377608,2.16971438958633,2.06030241654801,2.48971717730116,2.36677331232893,2.34382316168321,2.49335411310246,0.085909285,718.5887,"High"
"TCGA-38-7271",3.54080006450248,2.89196349737541,2.15090195965563,7.25012060416804,0.632402418958078,4.18539428597163,3.91124458437821,2.32870311453943,3.73758131869331,6.81255649657928,2.318467535161,2.27284525811949,2.30310593935936,2.31220350238119,2.24380572059539,2.43433531352322,2.42256468631997,2.51000396309604,2.511079055322,0.0611915,192.45041,"Low"
"TCGA-38-A44F",3.02146347067959,1.54996482515219,1.94571457448357,5.55993913583993,0.558636186446615,4.23074682465345,3.94875554347662,2.84789489038005,3.47121060323558,6.19422457523824,2.20310761329345,2.22626841449776,2.31815428313622,2.26457049210792,2.17404495775444,2.54659795776964,2.43110087218739,2.48123225611121,2.49665258896514,0.04072629,185.20724,"Low"
"TCGA-44-2655",2.28133476031763,0.747000623898834,1.17844460248386,4.59665248565258,0.261865263306444,3.69458780936394,4.84757441696187,3.04404430442153,3.68486196924282,5.31862206783967,2.07820845411569,2.13949765404189,2.14397953211294,2.17883504107671,2.05289346144881,2.41095562426194,2.31194854568836,2.38277312253979,2.48283166805762,0.03575325,178.30734,"Low"
"TCGA-44-2656",2.93435445680639,3.17780619820833,2.65746754585844,4.15873992348836,0.909651243551642,5.0802456943614,3.41957314174434,2.40919256576469,3.16995559913135,5.70003698648258,2.14269067395216,2.10920977618464,2.11169679243333,2.1525117706695,2.06830757870196,2.51276676424396,2.43524758092773,2.34530390433251,2.39107647291899,0.11332082,188.43263,"Low"
"TCGA-44-2657",3.28279946893263,2.96578428466209,2.16497635667712,6.4301276632844,0.810395932970383,4.02221917785711,3.31444628309975,2.06715407654133,2.98311643591652,6.38089620956519,2.27498247857972,2.19904972332309,2.26493598697502,2.24673363832932,2.1340845325868,2.50209041875654,2.44585069060304,2.3668382742094,2.44536866337508,0.03774467,497.24118,"High"
"TCGA-44-2659",2.55159724884305,2.25171909260596,1.72207974250131,4.13003776164309,0.59826861979552,3.75202160317771,2.70505477314146,2.46188061748657,3.39667605481012,6.46277757642686,2.1341242736775,2.104543593319,2.13890869987045,2.18723642711413,2.02789874695987,2.46168725535882,2.37201110369313,2.29894338576533,2.47672490571604,0.020305648,166.69754,"Low"
"TCGA-44-2661",3.33978555517694,2.80122075067019,1.87484339743497,5.03094998533596,0.583129186807921,4.62448832854761,5.26037676030759,2.60175714114331,2.8146871915105,6.3315006300237,2.27866016601506,2.21425410952444,2.30987578338581,2.26514787250783,2.19457868852335,2.52348915416927,2.45413636231167,2.40811272356539,2.434150336778,0.051860757,183.1999,"Low"
"TCGA-44-2662",1.41422545317303,0.560910560879889,0.800929801682392,2.91141545051623,0.267268419050772,4.6334693955345,1.84764949798991,2.45751671084169,2.413324064225,6.58326096527679,2.06131126762552,2.12960088903349,2.18508339680792,2.13401290138653,2.13180874692465,2.37307142257468,2.31727579452636,2.42832804024451,2.41606824424061,0.0901763,956.16425,"High"
"TCGA-44-2665",3.04134481215605,0.470510835177275,1.37378158362491,2.89475629073817,0.730827174806868,4.74237315842345,3.63816440040715,2.68887083095155,3.35331266384572,6.38396190502487,1.84366702625876,1.91399823790955,1.95373937163318,1.97817154973896,1.85459129923568,2.22838123558353,2.18085350471942,2.17859361679584,2.38278844714859,-0.99456596,179.77264,"Low"
"TCGA-44-2666",1.12264934675767,0.904657499905759,0.929319402929814,2.98263658480785,0.22435373840502,2.51237821509948,2.2375098043221,2.36666330773261,2.95433427217018,4.67619543660768,1.83228026408036,1.99008608477036,1.9236950094417,2.05264845980365,1.8866596566372,2.43887085005307,2.25602688262894,2.26677733451043,2.44303606164787,0.075302914,395.20297,"High"
"TCGA-44-2668",2.1807100531598,1.4676968363726,1.74926687802519,2.71416226145992,0.634839899918215,4.02718540027448,2.38497749357494,2.41685396593381,2.49411530063101,7.36688660863791,2.20809089011115,2.19346202933236,2.3624668769745,2.22110468497248,2.2742189661542,2.5397166615317,2.46503907551353,2.55550566763496,2.45988731232707,0.06999953,953.86804,"High"
"TCGA-44-3396",2.80341620000533,1.99403657491867,1.74114101834973,4.28066794137038,0.434132285154764,4.51660045043414,2.98152573740335,2.93610916718197,2.98264970524739,7.60603617751238,2.22903760068786,2.19418126002234,2.33179648995645,2.25153953374262,2.23111217623929,2.47338006782183,2.4345100648791,2.54065879201187,2.41022743975298,0.024706334,197.78249,"Low"
"TCGA-44-3398",2.47031527315099,1.57782759123625,3.15352625655252,3.94402656846567,0.496769446609777,4.35016616627027,5.5145115250751,2.79696463405255,3.68199255697673,7.88969248126543,2.20053679125557,2.2389509973968,2.32567526674582,2.25203318404641,2.19068890097265,2.4233282058634,2.38310271741106,2.45057960446032,2.46944275614039,0.06321098,235.59315,"High"
"TCGA-44-3917",2.7517091034393,1.39171273815219,2.0840987264098,4.31445334973155,0.943958390482555,4.85142715368052,2.5588040067958,2.58063240695226,2.78805407769956,5.01365964019218,1.72663199685205,1.76575598457586,1.79119099773517,1.79769139669534,1.66400577010067,2.04204219935917,2.04994171554357,1.98235714983822,2.28869794136745,-0.9998057,171.97722,"Low"
"TCGA-44-3918",3.58539248972738,1.96443560021233,2.85240826723608,3.70753277415102,1.569610424319,5.26905050796757,2.52529142555385,2.94740682465674,3.73013677383439,6.24082065819352,1.95061038360989,1.92109399294245,2.01530638526602,1.97464259813112,1.9182421791597,2.34704015486401,2.30257985443726,2.30283817979755,2.42445177832423,-0.0581176,1776.192,"High"
"TCGA-44-3919",3.20599713602273,2.38050781933945,1.88360559572227,4.70429683760921,0.471799703173811,4.59792781553312,4.10654332626624,2.39693503056542,3.19816324426629,6.76380183514352,2.21107829490763,2.19391419421911,2.25192844919909,2.24744569767787,2.15367836472136,2.56407435297509,2.45069211859134,2.36974523094659,2.478410224917,0.023253664,189.8992,"Low"
"TCGA-44-4112",2.13002040033354,1.6127771052852,1.7593486583629,3.43579013989587,0.410748036632254,3.50892519590359,2.722619980315,2.41243574273999,3.28746296495588,7.26511709896619,2.08901461745443,2.13361111130066,2.12606188352553,2.18162753664462,2.08876374003215,2.38457998596625,2.32554062848395,2.39285201924173,2.47276132001684,0.052954324,182.60927,"Low"
"TCGA-44-5643",2.84087358177353,1.66480138138783,2.50652367750706,4.02297557998111,0.590185083802517,3.48428509101895,3.81253721932784,2.18146697944251,2.27468073872164,5.19497471126556,2.07639596672852,2.07088850736473,2.09364380680335,2.14471453260742,1.99999637493986,2.44620061632009,2.32662983976547,2.34604331217737,2.34108491933792,0.72503805,782.3965,"High"
"TCGA-44-5644",1.43712207911,1.08780225897709,1.30017046061169,3.27418137078483,0.236617260940259,2.56055455620115,0.784225682758107,2.99166375678372,2.73853317129743,5.27009966591444,1.82418772832078,2.06122861020316,1.95194241001539,2.01841125253532,1.81485061526342,2.14634967110581,2.04755869884547,2.25732988987108,2.42230224424376,0.095708795,340.1409,"High"
"TCGA-44-5645",3.52797779750429,0.516216908424998,1.52807741106641,3.93995100331377,1.01714075349136,4.73430157368593,4.21367201474682,3.18745097399869,3.21477523061057,4.78748811755121,1.7294274303866,1.76925474681,1.7826114213213,1.84202461800154,1.66334832890763,2.02339412251224,2.01528697481838,2.00883653237977,2.35115145492415,-1.4617326,176.0448,"Low"
"TCGA-44-6145",3.01477119581894,2.68706068833989,2.584592358896,5.23623566179427,1.38320129643905,4.83014790494442,2.50449300143254,3.26353919420282,3.14037593586413,7.53219851244785,2.24273341382747,2.24824327910514,2.23516916930145,2.22692987786808,2.14709727298105,2.499651927333,2.44648197550439,2.42247977017771,2.48993744473114,0.04184112,182.48119,"Low"
"TCGA-44-6146",1.38358121093669,0.30170469621916,0.78791755912155,1.82932885110374,0.12485268254853,2.16328061818305,1.53890745443829,2.43203376811184,2.82846754371579,4.67120565347912,1.82894207075809,2.03797550716264,2.00993349017019,2.07624863207457,1.89737835850944,2.39500878125147,2.20801765912129,2.32864971475286,2.49632637704875,0.07411013,174.99437,"Low"
"TCGA-44-6147",2.67434023984612,1.38554147851952,1.39029476325182,5.6304289169287,0.35688520338203,3.55908585663452,2.81012049296924,2.6231737254269,4.22796581029139,7.03299276590815,2.0879696787979,2.15683680624492,2.17059990513576,2.21040811909406,2.08157080053883,2.46211422030883,2.36393890562832,2.36056154810019,2.46750565018209,0.041305244,172.82605,"Low"
"TCGA-44-6148",1.96500999626206,3.34033438211824,1.13706513060335,4.25393595215629,0.393986711975143,3.57839461095384,3.00722260036725,2.85138105420325,3.67521408807108,5.75158987964691,1.99401552626542,2.09450877519603,2.13701526391265,2.17283159498272,2.0283046198944,2.32492100824447,2.2315268659513,2.32816692253194,2.46230680709566,0.48833314,316.78412,"High"
"TCGA-44-6774",2.15397366625326,0.566376800321125,1.04140135128205,3.53276912581828,0.430055519424541,4.15851109217048,2.2157483762967,2.56853343221892,4.02739636011498,9.152790378805,2.1629645704111,2.19674955934129,2.26162619174144,2.24816831719028,2.18875569373842,2.40749514058617,2.3517853473168,2.46300785748725,2.55394566242764,0.057528317,179.3545,"Low"
"TCGA-44-6775",3.1339756648194,0.865206196587173,1.83958298933011,4.68693857113394,1.13162531595524,4.88454947956538,3.98518659326642,3.18535083600666,3.62996284307841,5.92460479184241,1.80510292919413,1.86645456565567,1.92546107791524,1.96242666112406,1.86778538015656,2.1897189982197,2.19427625403935,2.25609517154154,2.36454480830084,-1.4712074,239.6173,"High"
"TCGA-44-6776",1.54458615723665,0.919378223247579,1.22768882386081,2.85086608244454,0.248786751978379,2.51534114812726,3.15933367646318,2.84891021876904,3.6398733627651,5.07721672774598,1.9400818323096,2.06422170439203,2.03164875339333,2.12481103825069,1.9044507466517,2.24035310553437,2.15407648082639,2.25919352838883,2.47286826988835,0.025411293,246.11726,"High"
"TCGA-44-6777",2.52871508259054,1.02353924958875,1.4351454796383,4.5568569819235,0.395605980746648,5.16902037460571,4.4536781038072,2.40937808129253,3.91930204618706,8.34010775623068,2.26236667068163,2.27842859768295,2.30541638574015,2.29391267078669,2.22936076935706,2.46166822014917,2.42279231522086,2.42731435922001,2.5199349578399,0.056440145,191.61763,"Low"
"TCGA-44-6778",3.68527699116179,2.36971772941357,2.54008149698903,5.57444490097495,1.2264024975869,5.43680420004035,3.33252628651493,3.17527544305074,4.54581518843224,5.6355098234234,2.25861329238446,2.22007403617645,2.29091558956311,2.2619133433142,2.21397147545624,2.4723962877529,2.43728738250265,2.48244299975895,2.5012289995179,0.10985746,1108.3853,"High"
"TCGA-44-6779",2.66099050261977,2.77743023649873,3.17213182902537,2.63638095266423,1.75460738838564,5.43296426531494,2.82526024904235,2.69212561325893,2.90596093592255,6.80587272829364,2.25743804652158,2.23014263736465,2.26026126608145,2.21463186197739,2.17731060485434,2.5484677847867,2.4768640634017,2.45333982439896,2.48431916548713,0.07713538,340.36957,"High"
"TCGA-44-7659",2.13272196699103,0.791605724704551,1.28536842134101,4.64917896633827,0.250658698519294,3.31550465793298,3.65844374312341,2.63009698738885,2.82793320130774,5.47814246851322,2.01401812289874,2.05145529953394,2.09592957273721,2.13597929470139,2.02505411186334,2.46014861104862,2.31154394095883,2.36865165782119,2.44761164137201,0.1446604,550.07214,"High"
"TCGA-44-7660",2.09477442554279,2.44705015545719,1.30592179472496,3.50393702341977,0.399728699685166,3.674180074928,1.723306419319,2.30723297333007,2.14800323408229,5.89615005396978,1.93167668366825,2.03980000122736,1.99544228272522,2.04173534920832,1.83211251580216,2.30933622655702,2.18197507888916,2.20749546698874,2.39878003709793,0.54430604,249.89716,"High"
"TCGA-44-7661",3.19029670198973,1.45864447937567,1.66206836366781,3.18840326543662,0.487538709266478,4.98399212507381,3.97485149878908,2.66622786101049,4.66445277024514,7.99566292004495,2.22471811140262,2.22401852461785,2.3321115883531,2.28492752935641,2.23670333608107,2.55452372472453,2.46287658334065,2.50864248616242,2.53012242315501,0.09344821,592.8395,"High"
"TCGA-44-7662",2.20121610668376,1.29801306375154,1.81171637041397,3.50709745162415,1.07099599904456,4.08784913565795,1.9686486723709,2.45131677968633,3.3490369635536,8.62297602070542,2.16125271261693,2.14413604058717,2.22383935012698,2.19682791389568,2.12100835255893,2.50381503172697,2.41715428796809,2.43716163505761,2.48221456007599,0.04344988,175.32486,"Low"
"TCGA-44-7667",1.73516087108542,0.527270556877341,1.12673921620323,2.94834723873124,2.15697757927162,3.33971532662383,1.10271695832832,1.92726083956678,3.01983482821727,6.51373310266016,1.95323227696524,2.04079647213761,2.02062956814262,2.06400662626784,1.92393733212623,2.26490600174286,2.17893892165224,2.20547621322758,2.35219489921307,0.23653045,386.5093,"High"
"TCGA-44-7669",2.54444804003265,1.52732060787705,2.19347168458563,4.07112229654778,0.678562049264399,4.61302252844516,2.22800085863343,2.88481155471522,4.06962045748632,6.28229765333099,2.06533639072889,2.12166479585802,2.10537682066427,2.16736388545541,2.04184824225772,2.45006882078724,2.34381987332266,2.34701383768231,2.43969601821979,0.6862031,207.9787,"Low"
"TCGA-44-7670",1.93988521579228,2.71742967027234,1.18349711111697,3.83719692702127,0.260772201331275,4.06789266343629,2.18999993151361,2.57494434104697,3.68481683973995,5.97682378743515,1.97054426720212,2.14162876778919,2.1108067710735,2.17361993664777,2.02937332093539,2.34325824001785,2.22174205465077,2.41701739893706,2.43582872366185,0.46685955,3537.0334,"High"
"TCGA-44-7671",1.17546731938399,0.523561956057013,0.761384253590975,2.64279736295064,0.135526915160565,3.57062730385331,2.21994204186709,2.66998325480877,3.90938449310551,6.80333536358839,1.96375792152414,2.13077798188707,2.03877352939456,2.15778528702509,1.99238786559825,2.30287038014961,2.20498689003314,2.35631686780732,2.509551670607,0.039233312,168.25899,"Low"
"TCGA-44-7672",2.70662098165819,1.32111995936539,1.59871944218621,5.3421860244475,0.597692564693868,3.89413184456391,2.94755384427035,1.84886657865776,2.83693563155429,7.36962253439194,2.25895853201917,2.23039777612511,2.26734879945346,2.27201071346239,2.20714941193297,2.49883860779137,2.4417520736053,2.44060772600536,2.46526224997352,0.025707304,187.02925,"Low"
"TCGA-44-8117",1.85514019708452,0.73768676140986,1.2065362284379,3.15480637849263,0.474650949478373,3.7823575054123,1.59735679880656,2.35991223574536,3.50159695185623,6.72403400140506,2.0258457987185,2.09386013694712,2.10393038237294,2.12182846101688,2.00744222025319,2.26121134859662,2.2198611515302,2.34348402891246,2.47419230304804,0.059217826,228.09,"Low"
"TCGA-44-8119",2.46661096773584,1.24665130299963,1.80995289670705,3.93263866981965,0.600157629028978,3.81781321734935,1.24664755476827,2.87680896054259,3.49605607000812,8.23999261884209,2.10680159312883,2.13831013054436,2.15338452822023,2.21224914668126,2.10286774882018,2.30305116343267,2.28622277776747,2.43667028663698,2.5367785336106,0.088307254,1902.9891,"High"
"TCGA-44-8120",2.28148622387625,0.826517980641521,1.16229423180583,4.09011741106119,0.27140155062428,4.14770815294787,3.90578852396582,2.99940334629122,4.14820926999861,7.72428797663621,2.03738235049769,2.11940977130635,2.09287900969904,2.15879909839172,2.0402700464985,2.31109514896229,2.23161706778275,2.37300377052144,2.52376461935641,0.07523302,192.65427,"Low"
"TCGA-44-A479",3.27667606684604,1.86044639338844,2.43398318523725,5.2029760805183,1.46788710790105,4.64240364526627,2.45440282147582,2.19296547145315,2.71820221785929,6.78976848886014,2.22875923489157,2.18855790486508,2.23610114759586,2.21406810727456,2.11172695182123,2.4991103934923,2.43566163765652,2.35707099993497,2.45613006720388,0.040543303,433.7192,"High"
"TCGA-44-A47A",3.16118787569538,1.25707098075246,1.13283752628173,3.20109626441795,0.320506546326247,4.69144395165982,6.08240414232033,2.5037184516922,2.88659758194632,5.63226197148167,2.10885586725421,2.13779266459151,2.17776477673844,2.20622811061923,2.02223487851073,2.53102996862856,2.36758900791416,2.31792923809302,2.3598756824599,0.13191527,3116.5774,"High"
"TCGA-44-A47B",2.79361250130186,1.82623322080227,2.3871816412636,3.13147399885757,1.30980652832743,4.24389900548945,2.51486832301227,2.54090180435499,3.04663168385621,6.41391531400919,2.06911042233035,2.07596970443855,2.13696993259149,2.15846925256168,2.05402246233027,2.40783060950383,2.2830354524184,2.37440527492577,2.50621759445755,0.07799342,189.46901,"Low"
"TCGA-44-A47G",3.32945581069865,1.97390511091159,2.0588681572458,5.15439144300174,0.608584848173226,4.34300268510275,4.22795151667538,2.2375059692121,2.7954461242995,7.03670439158017,2.26096372414124,2.20470946417087,2.32060223757741,2.27504723267644,2.21982558829827,2.52058299678677,2.46556750728343,2.50095492534084,2.45784617793535,0.022506192,436.7219,"High"
"TCGA-44-A4SS",3.16306869849087,2.1302060464332,2.51404654953967,2.95883506275318,1.64227321909597,5.02539800114512,3.07313985756313,2.15848135602601,2.76054043940632,7.77497073393343,2.20876264611911,2.20885890445021,2.22625122184798,2.20876117421939,2.14549890498418,2.52015034130137,2.4344294604351,2.46524900693425,2.46825694596024,0.36134726,179.86014,"Low"
"TCGA-44-A4SU",2.44826072159542,0.736388400703461,1.03796294514115,5.35166941599612,0.235619227406864,2.98049914370922,3.12371799088397,2.14222035903575,2.75434584381492,6.27274814675086,2.02528723898325,2.07640790291511,2.1327632990265,2.1351089906456,1.99959746202278,2.38526711956909,2.29144715607566,2.30558179097054,2.44201298241349,0.02162613,995.227,"High"
"TCGA-49-4486",1.06013412564237,0.623211368037753,0.895700726278135,2.68437530502222,0.0757901771556156,1.59949426644653,2.63806424894924,2.27671786335994,2.31014368695731,2.94702903387616,1.92707085794721,2.02710912704516,1.96802527086277,2.05337186411458,1.86071367439829,2.28409577993527,2.15554675298571,2.21836565229021,2.39013735784181,0.02902688,1527.5095,"High"
"TCGA-49-4487",3.06335000149917,2.08041889972863,1.96793515987303,5.93431802965256,0.557540949145225,3.62895103718514,2.92203480324253,1.91624904452083,3.07760629071525,7.05021954611718,2.23261815646932,2.19156252351942,2.22803678661947,2.26396963041621,2.12685447014922,2.43556907596473,2.38087849230796,2.42647287192231,2.46531819704308,0.065470785,182.00325,"Low"
"TCGA-49-4488",2.31277173553922,2.31333293336707,1.71953258564949,3.75445589793341,0.436894167214834,3.70675457134657,4.36840044041762,2.37291353517661,2.32370431719278,6.31291858174485,2.16020690460013,2.14159393469699,2.18483487437413,2.17718120785216,2.10193969187171,2.42296852586729,2.33818098636273,2.3876303941454,2.43572385548268,0.05428151,1535.89,"High"
"TCGA-49-4490",2.09100456394348,1.02962956756306,0.987723408195586,3.08561913744722,0.141844394123335,2.78815312306122,2.79200283954643,2.0951900634589,3.4255775593117,6.79373792720775,2.02590378947844,2.10942927976264,2.09209541387975,2.14294581969521,2.01411345846821,2.39543201040791,2.28601194795869,2.32525142315336,2.49040347079267,0.032328635,1205.0253,"High"
"TCGA-49-4494",1.63483463367026,2.04344950069548,1.52026814754224,2.73455544640071,0.179430939885954,3.47318121820419,3.41310568069939,1.78274192239872,2.60015035149745,5.68093401012291,2.11984883102526,2.16802769964119,2.2166915442152,2.17087677894452,2.11349652206938,2.52278423077391,2.3926063002309,2.38144333884951,2.41543330942118,0.04069048,186.52539,"Low"
"TCGA-49-4501",2.48652466759566,1.62157132932626,1.35439094507994,4.82768522334774,0.350152333809502,3.57492256174816,3.84820616611954,2.18442697767582,3.29689883330305,7.06661918894591,2.14760927294306,2.17937438419997,2.17426487937964,2.21071232935467,2.1203282024789,2.46351696879069,2.36693836233184,2.39504078009221,2.48570360316151,0.03163649,166.29097,"Low"
"TCGA-49-4505",2.29980442029467,2.23838945240922,1.6017331277273,4.08509174041412,0.410293039940375,3.80771409664228,3.89546258315718,2.29744524971352,3.22435306293159,6.34181547329658,2.20141843805154,2.19743736306143,2.25600656203617,2.25099599813419,2.18486914366699,2.49753011724145,2.42532419986516,2.48359813739164,2.4809297258304,0.013879389,690.8208,"High"
"TCGA-49-4506",2.00077998723176,3.01333719103835,1.79185557116669,3.39362632804267,0.435320218722936,3.43586320920119,2.45511312880061,1.71443765529228,2.10805932121726,5.4288792261809,2.16730087715021,2.12809019324307,2.19167180769508,2.14712567247963,2.10048137399421,2.42417124184329,2.35794170770771,2.40985907971935,2.37993564572139,0.0022972226,238.94872,"High"
"TCGA-49-4507",2.23627745225881,2.66446008474294,2.50593040947529,3.11231198836089,1.52872972366368,3.74132397102233,2.08638545410681,2.09320421382176,2.1076423439032,5.48127818619302,2.18946992050029,2.15608318827801,2.16878889728504,2.15419464707901,2.07204521745758,2.47751437429492,2.38217227532972,2.40704132289831,2.41464812826537,0.0919347,583.8496,"High"
"TCGA-49-4510",1.77172804554207,1.41408139707042,1.2022872615984,2.96351937586088,0.622054359553891,2.85747140076538,2.66064515818115,2.35696030641644,3.52977538002345,6.10811680783601,1.95135846433963,2.05589962912296,2.06169101860652,2.11919092498614,1.93961109864277,2.25760135770236,2.17664955332085,2.30007584067234,2.47224575431764,0.03366153,304.31323,"High"
"TCGA-49-4512",1.43628286453145,0.307428525192247,0.548615407222153,3.72313944090631,0.158675270329614,3.49827169947568,2.8954870794666,2.17671060510457,2.54536003972065,7.07675768357032,2.05142110053008,2.10947147089339,2.10415691739272,2.14656703030933,2.02381324951201,2.4140051238511,2.29442927333348,2.33661979357954,2.44327305870627,0.012902319,177.20374,"Low"
"TCGA-49-4514",1.64160611681581,1.09673412679172,1.2313208759479,3.92762592799493,0.336049919869168,2.75201542780111,2.23702956094471,1.60357665900858,2.28121810696714,4.43457622980847,2.12627517901472,2.16136750190136,2.15989972755869,2.16265223236759,2.02272382068545,2.3772906883594,2.27615718787273,2.308147601037,2.34713587896978,-0.07415956,174.19905,"Low"
"TCGA-49-6742",0.993555330777563,0.798506794739972,1.15856764006983,2.17220381888499,0.323454408531586,2.53726505673793,2.0418262585864,2.91996862248748,3.25472927077101,5.02402447424491,1.92106874062388,2.11452020253718,2.07765922714505,2.11728148854684,1.9827066637288,2.47312062059432,2.28623102455868,2.34226908464255,2.46050741077969,0.058622666,254.29602,"High"
"TCGA-49-6743",2.31967082411938,1.2671162618804,1.60785724412077,4.26440155482965,1.07588949059907,4.41582401467124,2.21663886025588,2.69546062303059,3.38200516187447,7.58605415423545,2.09774282152502,2.1625209734966,2.17898927161262,2.16742235719353,2.121526621211,2.35013032706479,2.31359189642662,2.39983581224098,2.47768562457642,0.12830077,175.68037,"Low"
"TCGA-49-6744",3.03312320325248,2.22835695420105,2.0675863553055,4.59594008356701,0.679620188223274,4.23918450941016,4.52757932697265,2.64353666455682,3.76867477590422,7.47405261091063,2.22174378534957,2.23114910781224,2.28913685719383,2.25945875122608,2.18452857502767,2.52490132706613,2.44448301039645,2.44252083531131,2.49303070171256,0.023057193,368.24335,"High"
"TCGA-49-6745",2.73564023685098,2.18173865968866,2.24288333034934,3.30336827665996,0.574040110057606,4.37664284756103,3.73390736566699,2.88164759548942,3.71061417919623,7.29083273607636,2.2230726278805,2.21863793340899,2.27303560756594,2.26639613818507,2.20840998708923,2.53243397367327,2.44848030862178,2.45416355009293,2.48676063523447,0.07227917,269.233,"High"
"TCGA-49-6761",2.46512003259317,1.31516043338676,1.82029080602519,4.40866701397556,0.84961143615097,3.87491569689275,2.25469127207294,1.95442730821157,2.69111783029922,6.54698229139605,2.18805072403151,2.18132206679304,2.2184707809569,2.19381409699525,2.13840060659051,2.46172504809664,2.39682314521024,2.46330130781498,2.45329358186375,0.06207796,2484.7324,"High"
"TCGA-49-6767",2.67447154035589,1.89371167732732,2.23738123920692,1.91331877022574,0.401228606779062,4.03828802951095,2.51242904951589,1.67787724165516,1.87710808307327,6.31141863640708,2.17796145945224,2.11984585839204,2.18047170006527,2.17541952246269,2.07617678782321,2.44901357914979,2.3504699407173,2.37730340859207,2.45250197360282,0.14298664,801.169,"High"
"TCGA-49-AAQV",2.58368881615883,1.44201456555989,1.30172054862374,5.1120252363128,0.258734689942956,3.4137785597123,3.11576380460807,2.31865509897431,2.59103570415247,5.6465614061831,2.08839774671287,2.12735708338865,2.1403622459739,2.15827739195896,2.04256445885242,2.48913909113787,2.36952625907345,2.34663208400049,2.3581843554594,0.0581827,215.8364,"Low"
"TCGA-49-AAR0",2.73929551535332,1.30345930182834,1.3400831956917,4.70777347199853,0.264489196949197,3.83035886175827,3.07056418726509,2.67591080509801,3.55528269058832,5.9884411909431,2.09491127279049,2.12060158294685,2.16979531745587,2.16596340670375,2.02881339464033,2.39514770669735,2.28947160927998,2.36729573517195,2.41187090982812,0.09660297,191.79315,"Low"
"TCGA-49-AAR2",2.02218140210646,0.909043413165578,0.957647299534248,3.77126752274192,0.272840557487526,2.83048625866865,1.83732869085791,1.99709961651989,1.97903629994967,4.43746338555428,1.9829285895628,2.00785139055503,2.06356254337528,2.03348567744768,1.84276782229803,2.47155342373421,2.27903346556784,2.1710429153556,2.25524756634467,-0.44040534,174.6202,"Low"
"TCGA-49-AAR3",2.89079932042467,2.75725798547818,2.33628163227638,4.5380604333209,0.724231564149365,4.58464271066926,2.2636699080527,1.76414829951099,2.69005154240092,6.97254059609124,2.29162946218534,2.20110415962906,2.31365867569422,2.24626807138542,2.19871708186795,2.5506990575748,2.47798200135517,2.45898731462532,2.44457904777103,0.036245942,356.2889,"High"
"TCGA-49-AAR4",3.28488584371421,3.84759610226264,2.65975110060763,4.27306411522279,0.578264876129822,3.44552195173202,2.17565089180136,1.90749885376042,2.53269299812381,6.4580980492092,2.19874661844945,2.15750236987402,2.21382738454877,2.2141482069239,2.08780722674566,2.48985805589146,2.3963821041582,2.40689919440676,2.39376436237491,0.03091295,341.2111,"High"
"TCGA-49-AAR9",1.14615514339037,0.968791187883591,1.23683148217337,1.96063785868244,0.280953435004807,3.13768582706075,0.491923819114514,1.95335751735706,2.42200351266377,6.36302816893547,1.95798183569429,2.07329010134778,2.07421642158754,2.08660859754638,1.92812807169428,2.35656425210718,2.2218863840393,2.34068489460117,2.50571811685344,0.123912424,170.09465,"Low"
"TCGA-49-AARE",1.92843177588171,1.00963381939727,1.26485523970519,4.10557087260113,0.492250642171128,2.9717232613042,2.00640621340793,2.02909714110401,2.17887462425731,6.47831513388251,2.01826811554488,2.04224831732628,2.08213177184037,2.11098981399527,1.93324080942704,2.38668068608261,2.28006032678212,2.27968480975183,2.34295382395271,0.041369647,736.64716,"High"
"TCGA-49-AARN",2.10312077324106,1.36753881113339,1.41654610291364,5.27251425558087,0.287368922682216,3.17718696423362,3.55654934456191,2.46225800712469,3.27797420503609,6.63401108763081,2.07727898310755,2.15046622883382,2.17660320288949,2.174046115194,2.02206808061956,2.5392845316,2.37621547208665,2.35131868779274,2.43871001974335,0.16029306,172.429,"Low"
"TCGA-49-AARO",2.83488400894297,1.76336907914486,2.08054790373779,5.01240368706645,0.457894937535976,4.12381360519632,4.3921790186531,2.29871775219736,3.46647843118165,7.26704850328635,2.20133340818024,2.17187676876773,2.26921680949292,2.22919183628941,2.15685575702777,2.47223362505739,2.38227549548396,2.4505948268047,2.46252634293071,0.052548118,614.61206,"High"
"TCGA-49-AARQ",1.76465668648124,2.59459632011842,1.46718879808539,2.8333442497945,1.00523946731378,2.58139073473162,2.35523715968854,1.70257914042235,1.33633076406152,4.2321592593811,2.06281965246805,2.02646832467782,2.10064400054692,2.08238354387412,1.89796149813878,2.49866458738845,2.33909040687169,2.21504470343113,2.25409339578548,-0.017074138,197.23672,"Low"
"TCGA-49-AARR",2.49480860904091,2.05578566388974,1.89051362790062,5.19357910446468,0.53852960878504,3.61421559623118,2.79893354757461,2.81568670875826,4.43997029554967,6.93517185309983,2.08047416425906,2.16547421073544,2.20322007165604,2.19887816793318,2.10582118170795,2.4072982090548,2.32418174460903,2.42336231383629,2.46602473744942,0.114929706,268.16302,"High"
"TCGA-4B-A93V",1.87492668089578,0.835600745019295,1.54080338051753,3.4205386081426,0.587531401999511,3.03707623537439,1.2767608460368,2.14808173374921,2.29143197941889,4.8174749679508,2.00807175402423,2.0213114451777,2.0245653136513,2.11259953070272,1.92440703468541,2.21278332378752,2.18865830253516,2.33641616878753,2.37407567894117,0.06463113,201.41385,"Low"
"TCGA-50-5044",1.82287807717391,1.46972971925235,1.6351267437486,2.65329033634365,0.506398054743997,3.39826713050462,3.31500425572864,1.89708450273206,3.4525211826981,6.72361845936382,2.15118051041084,2.15634696111812,2.21333287496006,2.21748073378661,2.06870773314273,2.4889398667936,2.35423996455879,2.40406683050951,2.49776779198038,0.05798468,229.46193,"Low"
"TCGA-50-5045",3.16592257493843,2.34749558399307,1.82340991349586,5.50827851391162,0.498906975005937,4.55572561540578,4.82509418161306,2.06799597211045,3.52495628356397,7.34769657014074,2.2865856236984,2.2670308113697,2.32529243490783,2.27858664664005,2.2473434763383,2.5115292155606,2.44890435848477,2.50470879603035,2.4851391856914,0.030204728,193.45505,"Low"
"TCGA-50-5049",3.40608494294045,3.51116438858385,2.1092773062985,5.29103318604202,0.563072636064055,4.84058234244668,3.31152439871171,1.60876274319415,3.2535279094845,7.32450233301554,2.33262817179436,2.24960739990459,2.30449196308972,2.26978780307947,2.22281186742367,2.50583485591886,2.47042491790784,2.45398841228379,2.44207652433528,0.030787542,161.06819,"Low"
"TCGA-50-5051",1.66010374434263,0.80719003320196,0.990280280387503,4.19300178855998,0.219530562647571,2.65380572052817,3.21951402964802,2.95600295129612,3.0836953998334,5.54666962759307,1.91987492444841,2.07450923752672,2.00448551638402,2.09498773410702,1.87295391131052,2.24566882727991,2.14687720685443,2.30253341888891,2.45363853664172,0.034877986,164.65201,"Low"
"TCGA-50-5055",3.57156912718726,2.90975390647511,1.95225376708243,7.21925853984238,0.53811525269626,4.0249698863133,5.18419690772193,2.0123035750015,3.59376553844282,7.19020548742722,2.31826062500921,2.25212758202709,2.32546681516813,2.28524605257151,2.23671277980301,2.51310898232412,2.44797518575059,2.47726755407831,2.46847363517079,0.05293291,1187.9592,"High"
"TCGA-50-5066",2.5284842414113,3.46213086629739,1.90953151219118,4.40574067948933,0.550917949420071,4.14150193830866,2.94021073209677,1.61715770967927,2.34634836423575,6.60690407835544,2.27639481699991,2.21687780302304,2.27584842357149,2.22978303375834,2.19574938600043,2.44795464126299,2.40656952093895,2.46218346099769,2.39010493752694,-0.02881451,192.77167,"Low"
"TCGA-50-5068",2.87899202260045,2.81487850442991,1.8648402531868,4.7166466420728,0.532672302753637,4.01692202969226,5.59669341888069,2.18600496508498,2.40950587632328,5.60998512866851,2.25188536085313,2.19496843090537,2.25864789593724,2.19205345697776,2.15026464421038,2.530601739706,2.44477030671215,2.40709439484261,2.39954001823469,0.0998417,168.59389,"Low"
"TCGA-50-5072",1.97441850989447,0.821057079359034,1.08724436088714,3.21302120750073,0.447234967152261,3.55040662439018,2.22193087649162,3.1195454276634,3.30859930191324,6.97303990611414,2.01982926010026,2.16742919504546,2.13936601476927,2.17351082988607,2.07369038009481,2.43166585040201,2.30564177572883,2.40285598222464,2.45468474908766,0.08846969,242.6238,"High"
"TCGA-50-5930",2.00068601887713,1.49446681428176,1.47989781389346,4.71635294846664,0.471723601724708,3.74725083957532,1.7877758458603,2.17185896684821,3.08211365665481,7.31258900551921,2.12389356607187,2.17967292297113,2.14892259950464,2.18851674527657,2.09846464722669,2.3165847963742,2.28373426858631,2.38525183132124,2.46830393123711,0.019553438,176.28854,"Low"
"TCGA-50-5931",1.39365559347272,2.37762353763573,2.44121071601672,2.41775847620245,0.162599285439387,2.72008847264597,1.67311237415756,2.37851563603129,3.115176844076,7.63088027915225,1.766668890504,2.00882780108333,1.89376084027995,2.05873319950725,1.79470948612171,2.26033611053789,2.11162711317362,2.29896857725967,2.47243990743307,0.6735233,447.463,"High"
"TCGA-50-5932",1.1673139934485,0.475811237140141,1.05969015328621,2.71274886060927,0.233198422228206,3.43253465151955,1.90210221585973,2.85369809291151,3.30015850503453,5.17815878126534,1.94826826459577,2.07967973213069,2.01939428259281,2.09252900687034,1.94097532595613,2.36741163514897,2.22545297371278,2.24979073704178,2.45536415145083,0.055417053,248.63055,"High"
"TCGA-50-5933",2.33045149014688,1.15146919750308,1.47469518850239,2.68271427873943,0.343328833453245,5.04094077725636,2.55663118521145,2.08520839945709,3.53782299645318,8.38313971739192,2.19419714719364,2.20580129631255,2.22689066839834,2.21374908783361,2.17602964247648,2.43702973606863,2.38562324695352,2.4628535264914,2.49698157603379,0.09150054,365.30463,"High"
"TCGA-50-5935",2.77246868539962,1.25930262134514,1.547137438776,3.48579179739123,0.33165548186823,3.78371328789965,4.51412491813593,2.57074016576668,3.72567329557219,6.07592742604667,2.09822028656994,2.16457328297305,2.15604104300768,2.20071153043818,2.0686695345656,2.44673717263725,2.34504793194208,2.34548203261914,2.49292319368405,0.037582695,162.02296,"Low"
"TCGA-50-5936",2.02147455314463,0.6263924089757,0.996307392190174,3.67852325360767,0.352567975084986,4.61123306186586,2.07652123027626,3.26534529106385,3.53100196735263,7.54846209540682,2.11711290577392,2.19569657389694,2.18762720231032,2.20198536105291,2.1084980108809,2.33133994932712,2.26170650234968,2.38829174806913,2.46859637901982,0.07205643,168.43282,"Low"
"TCGA-50-5939",2.06037922124352,0.620961696931431,1.04789982148469,4.82228937234825,0.492165985847658,4.66301660590837,2.04171541070317,3.11640240280384,3.58802602111719,7.33074828428195,2.19420496759384,2.23312310106386,2.29333670354912,2.24771170630593,2.20316491696127,2.42693059804433,2.37639532607403,2.52867029500343,2.51057485592881,0.05499041,763.18677,"High"
"TCGA-50-5941",3.28218162752951,2.51674639794672,2.11718065430118,5.31867036028257,0.948102076335308,4.80357361637978,3.5344176461853,2.50981179422554,3.50809827146463,6.91960524105509,2.27985082177461,2.23830149200997,2.30713214619612,2.25872950157873,2.20948330515631,2.55898229475907,2.48507934062538,2.44183016438754,2.48947192992685,0.035547838,1276.4021,"High"
"TCGA-50-5942",2.15170294350377,1.18529569588892,1.17424627484372,3.80915464428336,0.232957039163815,2.75232383401196,2.9409569370706,2.76418617471252,3.64903136148393,5.59851708426103,2.04429871807283,2.09474534684158,2.12190602642098,2.17946861072977,2.01815695375817,2.37768284487603,2.26223240489116,2.31393072480163,2.52530093355449,0.041340247,167.39722,"Low"
"TCGA-50-5944",1.52190072899807,0.716069030482181,0.845803632693253,2.75858755926604,0.153710596731339,3.60838134648526,2.15456177487223,2.3286122350183,3.39859699934908,6.96027601241062,2.02190249720774,2.13936174649082,2.07190824981728,2.17014939630855,2.02466269172419,2.3915916166633,2.28001664996376,2.31045583518237,2.54214256205808,0.046495765,271.1229,"High"
"TCGA-50-5946",2.03497922840722,2.01585434537976,0.957314172489799,2.56948485690773,0.379116717522447,2.9977010825623,1.25303647110749,2.14232812333065,2.83023516354607,5.66281105862427,1.81292299845495,1.95041768027157,1.90196667034276,2.00428599866037,1.83737846593563,2.36077334606405,2.20652917556332,2.21683034131158,2.42673547732856,0.1397625,183.14568,"Low"
"TCGA-50-6590",2.53173399815301,1.84153038306605,1.88716521810936,4.69530328825891,0.55780771762867,4.83109340275956,2.05822919935186,1.56868204220874,2.44311938452116,6.6760840513288,2.2430247523606,2.18653494327277,2.28239362461377,2.20844895717028,2.15142628887184,2.4721622616781,2.41468349448996,2.43686233026605,2.47342884603942,0.064763896,176.99744,"Low"
"TCGA-50-6591",0.580699427639917,0.635057829725214,0.24270441124233,1.2086958236612,0.122439560219779,1.90993285927753,0.849520523699635,1.83666994367887,3.07501939580591,5.81268859075509,1.64318116633201,1.90227025663135,1.78961840859353,2.00801447776907,1.74422139355693,2.16279815148261,2.01154424347525,2.16385111539616,2.48059398333091,0.6109619,228.56372,"Low"
"TCGA-50-6592",2.85411403029372,2.29122043862865,2.67767352993979,3.8361382464037,1.10712113629805,4.78471105143599,1.72926009515102,2.73221626904592,3.04300580514994,7.4502932369198,2.22453944386864,2.23058922018347,2.26566583503487,2.22677165588316,2.20078636059631,2.52111793511834,2.43664402857583,2.46869834017257,2.473853862641,0.12165344,397.54718,"High"
"TCGA-50-6593",1.9163743002594,0.740020870203383,0.849279930447337,3.57311599609389,0.136186356036104,4.55634366755425,4.0370959478956,2.66035981494233,3.39536993956651,7.70128275684555,2.09307908917552,2.1571160339096,2.17931685545747,2.20264987635078,2.12160161423321,2.35765366367634,2.28202038337371,2.39362658698741,2.50426935726996,0.03330873,183.14784,"Low"
"TCGA-50-6594",1.82201086481905,0.212631589720954,1.16191957479761,2.5920547661604,0.749074489668557,3.33651678330152,2.6999098642575,2.13773311635902,2.33910866031182,6.74306095056913,2.03968328067104,2.09678562321334,2.07050579478225,2.10936640598863,1.98659440573008,2.39454614662538,2.28928742183918,2.31234246647035,2.37951231721924,0.48310503,2902.7917,"High"
"TCGA-50-6595",2.13825748424471,1.35066696592921,1.97943374764738,2.46583107463213,0.865467643728564,4.53743532073828,1.93939172432978,2.18767299761115,4.48741018434667,8.65870420510874,2.2043237106008,2.22316217593235,2.26687820072837,2.23169680548521,2.20370417045653,2.60330008176703,2.48711213147531,2.48688051101515,2.53773885748386,0.09280659,189.13164,"Low"
"TCGA-50-6597",2.42048106674981,1.44958778526469,1.05172707209558,4.16601048220864,0.0871108565889788,2.60104429177098,3.8417747529891,1.92099181436339,2.00270338420948,4.69334085354335,2.13226093109328,2.11258916932948,2.12115741260796,2.17190666711109,2.01538489115723,2.50284833556566,2.33726184474539,2.24408539332704,2.35492656689218,0.030753583,3430.4636,"High"
"TCGA-50-6673",1.93856135414952,0.370387504282089,0.657902505962878,3.8737148698055,0.0827727222215762,3.60024836364771,2.95621022155639,2.64600442138052,3.57173355500338,6.67787182732607,2.07167120838874,2.19677036683698,2.17299185128298,2.22230557503332,2.13457051122135,2.38524052024476,2.29253501480407,2.42605999067017,2.49954830471523,0.07861363,2501.765,"High"
"TCGA-50-7109",2.40157482968893,1.54379280553588,1.80149054417179,3.92243835151449,0.721149448140742,3.49462356098468,1.56072453269444,2.56360216103841,3.35070310865421,6.70718453081696,2.10837768400473,2.09691381022691,2.1437525888924,2.15582165807684,2.01043347604873,2.39529418079472,2.31222636962146,2.31196028722693,2.47091153812146,0.0376603,234.76376,"High"
"TCGA-50-8457",2.79383088569108,2.03143048681848,1.61875290946647,5.56508403064944,0.469690993668313,3.6409802634065,3.19941894100272,2.16963677304899,3.47971738441882,6.26949446739382,2.17065531538038,2.16700613388892,2.18527670999987,2.22438545072545,2.10553866620479,2.41562909864301,2.34382840151193,2.39739709498075,2.49188592570398,0.021550402,261.768,"High"
"TCGA-50-8459",2.51210784371734,1.26098913878607,1.30538156551649,4.91902908304229,0.422293772193745,4.37027296670981,4.07892914296657,2.1824588277406,3.18734937609443,9.01013425289377,2.18549384405412,2.23662363750646,2.22740799249882,2.26824584817615,2.16385882123084,2.43426106488861,2.36385205221592,2.41954540768214,2.53150147203843,0.053246647,400.1644,"High"
"TCGA-50-8460",2.57605226244335,1.40217642497948,1.38604033521877,4.62683365310195,0.231476617615361,3.18091116526927,4.41079647922945,2.36886529179807,3.49368837129723,5.9449147754705,2.14711002169873,2.16518328508407,2.21693556124974,2.21711862706203,2.03837222979649,2.37578214495976,2.30121438071736,2.32517591003255,2.4144022246647,0.026901633,242.57877,"High"
"TCGA-53-7624",2.26733275283479,1.74450557862861,1.58805158708177,3.06769015561691,0.852458939973838,3.88490927682281,1.28227337303109,2.13593817575593,2.1066964958479,5.85095486245723,2.01922905821227,2.10245982648643,2.09985985418163,2.09248985256722,1.96997933387677,2.54893546866643,2.39003983537051,2.35055055692642,2.44461668385853,0.68078434,287.49573,"High"
"TCGA-53-7626",3.2457941261426,2.23290630100683,2.35746095484041,5.26902816609899,1.07270272513307,4.46585297785402,4.11514074780591,3.25378901272612,4.12704393637945,6.49308839274392,2.24007193573127,2.20878571024364,2.29418320179725,2.25800372192052,2.21676028010278,2.47298755956261,2.41405594161431,2.51107758121539,2.53351419080215,0.06599692,168.53741,"Low"
"TCGA-53-7813",2.03413178517508,2.06915220186942,1.24561866264586,4.00415996725468,0.295355982634963,2.50320238839006,1.10256605165058,2.04742978142434,1.83318900522964,4.93992831020132,2.05851079224271,2.08845672753674,2.12719913262479,2.1067599314744,1.95735283335254,2.45913957722433,2.34914723211863,2.29098762693041,2.46655583320207,0.08996439,174.07245,"Low"
"TCGA-53-A4EZ",1.67175886154827,0.922121714723118,1.09532761656931,3.56743205755212,0.324855233758392,2.98647001915978,2.9196072136815,2.4356128764206,2.0766466473521,4.67312391188875,1.92567810604314,2.03656963151902,1.97149587907517,2.08686368199798,1.84445346399193,2.32384321864316,2.17875844383133,2.18045790191536,2.31688209406315,0.05646757,275.2448,"High"
"TCGA-55-1592",1.92573950222153,0.842375488206288,1.03651590947646,3.40626864325454,0.26180183231403,4.19133379860516,2.54303186679094,2.5102741731964,3.22592412384637,5.88598775023512,2.01627540233191,2.13817941020843,2.14019311042017,2.12895899632578,2.04973733112448,2.3922114380611,2.28021712855522,2.35116742847053,2.4346303955123,0.13071346,264.06827,"High"
"TCGA-55-1594",2.28607089653942,4.17115877949191,1.65629964613983,4.14555000544963,0.448377822833584,3.97351672838098,2.16665027533243,2.80628394392735,2.98295982551229,6.04178996916269,2.05410538505136,2.10796429130953,2.08596387499792,2.11459578872914,1.97513596449839,2.26773073747361,2.2134872909272,2.21928833689325,2.39255964453897,0.41364592,199.3224,"Low"
"TCGA-55-1595",2.84064589389115,1.70942298699549,1.68493588680996,4.11102915436559,0.445314937749423,3.86633495803927,2.12850547451627,2.38697627358584,3.47773636320916,7.2560247107519,2.05039524271222,2.0794378809843,2.13580684298182,2.16365566882582,1.98890224203986,2.41901239506442,2.31998546400991,2.32149155131336,2.45798442194718,0.05050753,312.9748,"High"
"TCGA-55-1596",2.15574768080984,1.19515858659093,1.30186121733273,2.86016251483956,0.349454128978913,3.67747557410945,1.91795404216142,2.17460138810497,2.84890433417474,5.74438875118429,2.02393863498729,2.11055701292751,2.11143662434443,2.11074672601726,1.96122778185148,2.55663790394542,2.36873266559651,2.24798665886932,2.28170320184606,0.14043535,290.67044,"High"
"TCGA-55-5899",2.43093793275414,1.56315813040281,1.84892965148767,2.91278952002832,0.519026306087497,4.27180160488249,1.75660721043649,2.07356727009145,2.87672049172434,7.01760885729007,2.07999480116518,2.1447791606085,2.10684010835897,2.17678753945108,2.00111648015075,2.32858099126875,2.27043940596096,2.27295657632339,2.40616558882502,0.55352247,361.01923,"High"
"TCGA-55-6543",1.63023666261593,0.793937488150556,1.12906856043741,3.05138673667408,0.283149949301569,4.0620389841926,1.95574101641396,3.45386688730209,3.21760610893217,5.82332291387529,2.0982223425507,2.18013850013117,2.26456056835701,2.20355911020352,2.16465531857167,2.40833719196283,2.34749701792576,2.44035267145983,2.51593500627803,0.034740776,619.8714,"High"
"TCGA-55-6642",2.12559390605085,1.59817461214801,1.67587885599896,4.16945190634498,1.07819455981354,3.23188149282788,0.925994215862605,2.30661841482182,3.14202981324896,7.92809257420111,2.1480893056401,2.17775338329744,2.18545400697426,2.20939348696309,2.09477698205361,2.39647193913954,2.350153762413,2.34433416339377,2.49350516819356,0.02742219,180.87512,"Low"
"TCGA-55-6712",2.94865423589261,3.20487627865833,1.9827689425814,4.71239615830615,0.721641461689138,3.90813596502058,3.77096225548938,2.38004555969448,3.03095748777903,6.87016666125722,2.23195297492245,2.19823526429256,2.24172547665544,2.22049657520407,2.12743122533006,2.48416435810757,2.42694206848017,2.41984127753136,2.47474351629962,0.05117794,175.1175,"Low"
"TCGA-55-6968",2.79285685227204,1.70584523396981,1.84650315974083,4.49966723203183,0.899011541957851,4.32541729378191,1.70408787053992,2.09764424427121,2.7307645510976,6.02663081736261,2.14238465467764,2.10585202843101,2.14653007077589,2.14939417108028,1.99459151898504,2.37915694381024,2.3175372210158,2.24738386543539,2.43325568820726,0.636901,208.92397,"Low"
"TCGA-55-6969",2.89737743717083,1.55669916745739,1.56946286821385,5.04211978183386,0.420282452800375,3.84308591238259,1.30692493043838,1.48882655859274,2.49478067396472,7.30249099736916,2.19165763720042,2.16447593840758,2.14815142555211,2.19142991770913,2.09761974852871,2.40878949599809,2.36162023159347,2.36709904974942,2.47082863469284,0.04282862,165.7707,"Low"
"TCGA-55-6970",2.47529734799341,1.41689377442312,1.63923878411449,4.19445735393813,0.540558037097911,4.93534685570124,2.72734299712606,3.18736726464678,3.70401802724004,5.62495747426875,2.15933513894502,2.19176610531129,2.19756060053506,2.22372080454809,2.13331684727266,2.45043243109665,2.3862762537399,2.42650543627504,2.48575964763749,0.09502631,162.96826,"Low"
"TCGA-55-6971",3.31036360970833,2.35800233668023,2.67071201381042,5.57682944003483,1.10856382445935,4.78527085065407,2.39168891411715,3.13215285716826,3.56853449371614,6.64000701883332,2.26735606269882,2.22423798576675,2.29847719037393,2.26801821996806,2.22567495128814,2.48666521271285,2.45254281897928,2.4824907758738,2.47345671163671,0.07893609,200.4072,"Low"
"TCGA-55-6972",0.886616860790813,0.512682003339547,1.12531093337514,2.06733683669692,0.184018636829499,1.69353066577215,1.78298690995259,2.51130950843258,2.24932616998423,2.9999090550328,1.70605815266113,1.84746632250243,1.79341426287551,1.92304654497372,1.6432498631988,2.19368674248083,2.03870096513224,2.09832429870347,2.34419857714282,0.06343878,258.42828,"High"
"TCGA-55-6975",1.80010780986434,0.952482674430476,1.34204208326478,3.85499721403087,0.267869441413935,3.72696510318661,1.23657989086439,2.49749440041135,4.34439503784485,8.46256236366522,2.04848792621745,2.14215779702179,2.11727879211832,2.16798253601596,2.03705558722942,2.40518304252033,2.30013568903702,2.37712509855158,2.52399827550769,0.049948648,212.6674,"Low"
"TCGA-55-6978",3.54193708320537,3.53596583842982,3.47473896883176,3.15069296032566,1.69663067979146,5.4101024413463,3.03374705384213,2.32633485316035,3.53306252813422,8.5002630656606,2.31536592354691,2.22057935569012,2.30702501604679,2.2749741759133,2.23913554247422,2.58241247543171,2.51631644330511,2.52715439879065,2.52617186338684,0.10372221,182.68132,"Low"
"TCGA-55-6979",3.14823300144938,2.4657916680319,1.98719401044188,4.52991384128992,0.786431511334203,5.15185421741711,3.48293964803709,2.14499987225774,3.34115001882367,6.83650737016587,2.29397905138316,2.24282597595416,2.31657253641902,2.27100816078187,2.22337222192286,2.57265598779006,2.50857053060754,2.45180645562158,2.46018545045919,0.03359635,170.80176,"Low"
"TCGA-55-6980",2.90510607188003,1.20795530462032,1.54785171891818,2.74372941383733,0.218111570327669,3.78646714773646,4.60877381267391,2.22692216737465,3.2865075622604,7.63115443817323,2.20411898527605,2.21610952087506,2.25966543830185,2.26684203300524,2.17956316029662,2.48445175984356,2.40584459212829,2.50342457654797,2.54825449722837,0.053846598,166.52835,"Low"
"TCGA-55-6981",1.75764725749707,0.274768565799866,0.642408992534236,4.30853623541327,0.182640660717533,3.47094954153268,3.71417077268015,2.34032050198522,3.2628800999848,6.34022906463487,2.05608471807836,2.15659615048301,2.14375276981426,2.19186517912246,2.0977486242876,2.38565567867306,2.30135101469711,2.37124535488608,2.49179550781093,0.02349943,189.92465,"Low"
"TCGA-55-6982",1.96386987226071,1.20595546711974,1.01393522756628,4.43943993433454,0.19108959106145,4.23278321591516,2.73474918812206,2.29551944869629,2.62674422590132,7.60142558258033,2.16281825150822,2.21264529471466,2.22175602086261,2.21254537628638,2.14821448995818,2.50567102188212,2.40004303223617,2.41600408016369,2.46683624817807,0.029528424,177.86449,"Low"
"TCGA-55-6983",2.99043989919279,1.89569039046369,1.72104741113114,6.18799785007634,0.440057903621889,3.62210155369623,4.09541045675383,2.6517332114433,3.46211761623721,7.13815105755144,2.13585729744726,2.17418987637161,2.18990611613058,2.21408005941415,2.08366341885495,2.3427213495206,2.29842277172056,2.40437350990041,2.49835130919599,0.045703515,170.18776,"Low"
"TCGA-55-6984",1.70469179897087,0.471239495338241,0.893666416750516,4.25217035723187,0.355104026728129,2.39909410439701,1.70162630108595,2.59872712630998,3.04674317764563,5.55181637170146,2.05473148341054,2.15964050057063,2.15985642417707,2.18098856413968,2.06836249920996,2.39442464612376,2.27643370783325,2.45391288099859,2.47272332633913,0.035193935,165.41208,"Low"
"TCGA-55-6985",2.72482446127496,1.48372550525316,2.06627448107492,4.34551011718174,1.41085283562863,4.00994304254961,2.8539669518609,2.78893724419381,3.19988190525302,7.240132564022,2.19543279270528,2.19596680364649,2.26266919186989,2.25253210787075,2.20988436205973,2.47364897354478,2.42549710318461,2.51303696818897,2.49848519065148,0.025942072,462.00458,"High"
"TCGA-55-6986",2.05129524439745,0.880803051638192,1.25379587560397,4.08429703304993,0.268857542522519,3.64179762131102,3.43292735148317,2.66425655010078,3.3530593592733,5.66625737316488,2.0808837370057,2.11938194046845,2.16196004917217,2.18644684476303,2.06355542721346,2.34643446273457,2.26975327069387,2.36449307592404,2.50613880386366,0.03742428,467.01874,"High"
"TCGA-55-6987",2.96718923878549,2.5646708242644,2.9224696327556,5.67365743878312,1.59334078083137,4.73433442535993,2.37184752236525,2.43535989750814,2.93962895012666,6.09649319036402,2.2975984596257,2.22049089937118,2.28797172194366,2.25783177889812,2.19517613670316,2.51958856986802,2.48415053789035,2.44613572859279,2.44269455166833,0.022883415,1643.0421,"High"
"TCGA-55-7227",2.99888443543681,1.22934181304355,1.6866918438725,3.42942631205475,0.543307963861808,4.28380822795037,4.06848900393606,2.65987791353045,3.30563686752697,6.84585336560967,2.19139615704876,2.16279592455708,2.24032840838036,2.23364195433372,2.12537538373477,2.50018934892009,2.41072396026477,2.40034030866134,2.52112658188463,0.025210604,168.5279,"Low"
"TCGA-55-7281",2.32894082268468,1.16973262927843,1.34431724403581,3.16514693649688,0.323600818726293,4.21370969912289,4.99918808908137,2.00747508227742,2.95244493481216,6.69793006101257,2.2057092411005,2.20325587723258,2.27036842206755,2.23834635992573,2.18844088231893,2.44428903948966,2.36773017934301,2.49864929418437,2.4936168363036,0.028009057,301.4803,"High"
"TCGA-55-7283",2.15763583606406,1.38868550749531,1.84889591606178,2.65371560899172,0.428620659028297,3.87498507298557,3.47216566250613,2.84781160503793,3.70784576313091,5.37553416399826,2.10177862538712,2.11307340572822,2.15337936713728,2.17555446424949,2.06366711463144,2.45235050484377,2.34108199025093,2.35733602707062,2.46089535814215,0.03685239,204.60365,"Low"
"TCGA-55-7284",2.29024336703873,1.74239432772534,1.81013965147177,2.9558824164672,0.64594618466812,4.54662405871074,2.98809520105078,2.98690232679889,4.19636478999972,5.93204348816067,2.10868130694144,2.23323769781379,2.20422181978945,2.1975048469025,2.11921808853958,2.48988332146056,2.35587016513957,2.43518359486502,2.55592198872016,0.08379475,3148.1292,"High"
"TCGA-55-7570",2.0130351599538,3.50641152678171,1.43035689910655,3.13159287049563,0.227102263013832,2.97381243978263,1.13687765943183,2.08161914845965,2.49780523201016,6.27260328022845,1.89579127649264,1.98088611041504,1.9709624914069,2.05491665718324,1.80021343640729,2.14156763655186,2.08281344523759,2.24897135422559,2.40586721759267,0.38242722,242.68275,"High"
"TCGA-55-7573",3.10682994585303,1.39966330388802,1.57598921615833,5.73513708184144,0.492228787570042,4.104459686172,4.64107440503632,2.95818837768008,3.58622466142328,6.36014563913288,2.12942761319134,2.13633125285772,2.18878753897257,2.19009750605061,2.06749003653741,2.47255372350806,2.36339768902744,2.3727884561855,2.50131428430996,0.06379696,388.77228,"High"
"TCGA-55-7574",3.78161417946647,2.46845298636481,2.32885976325127,6.553236412754,0.926039076485554,4.16498247900884,2.72949642791165,2.51627585700048,4.28365278631533,7.72762822081692,2.19642406720854,2.20036537427156,2.22148613330863,2.27711585450502,2.12830785468506,2.44002720693576,2.39527513085574,2.45578654939818,2.49108707171673,0.04838024,1442.2706,"High"
"TCGA-55-7576",2.32192406907489,1.52039710329571,1.30739245800867,3.8150629165204,0.249993983989259,4.07980246004765,3.65705489269759,2.6503422980101,3.29256440695104,6.51544841959848,2.10335633894104,2.16243895174813,2.17029324397141,2.19937919565592,2.07530444000766,2.46654092416262,2.3573594358632,2.35031002133474,2.47945358788209,0.050389454,444.41492,"High"
"TCGA-55-7724",2.24293029915359,1.53903470297075,2.10194188398518,4.37349267681173,0.86791749065719,4.24972187234836,2.87039368392416,3.05607024112026,3.98975752812292,5.53273223019889,2.15035296239417,2.22608384432771,2.19202637907591,2.23479446798552,2.16128268214419,2.45407560460091,2.38757939352089,2.40421569015738,2.5023407636733,0.09653225,2550.3164,"High"
"TCGA-55-7725",3.03972579419262,1.71523445524002,1.74277531216823,4.41401110938387,0.673497808848635,3.69911862123718,3.22037793359809,2.62743604044865,3.0546459848457,3.52254616590206,2.16234830174672,2.15769496978442,2.18576260585127,2.18208016709842,2.1139784688844,2.49457704316616,2.40068889203002,2.39127209175725,2.46277535003272,0.051385075,185.058,"Low"
"TCGA-55-7726",1.47804576700539,0.305562015620484,0.919079008910045,3.01618941164209,0.283758205484674,3.61446490945097,3.84511866508011,2.29015092356055,2.99855571143314,8.1433907405002,2.09471323436123,2.15039443908989,2.17757893477348,2.19542349741686,2.14497434854275,2.35040314277244,2.32131691999904,2.47771048813287,2.55628884554816,0.07647411,301.16327,"High"
"TCGA-55-7727",2.83390001019403,1.57613510997388,1.70915539873035,5.22638110314543,0.439643797061735,4.0369427283067,2.91176739856895,2.49150868183934,2.91493070183078,4.62406108378657,2.14646212003838,2.15241456636039,2.16432858965821,2.19737001071806,2.06444037246746,2.49273878572053,2.39348388205526,2.30354838681936,2.42095792420514,0.05267003,2317.9258,"High"
"TCGA-55-7728",2.6338001831121,1.23535944739095,1.48380823330584,4.52464000460384,0.566399164347323,4.82653173122936,3.88070974792926,2.27873161334237,1.97540309057583,4.6505052953635,2.1856468887904,2.22796540199204,2.25616045446353,2.19619770991902,2.13565998322427,2.53370359164588,2.40442782363399,2.41452566559472,2.4218652822206,0.06625533,1008.43665,"High"
"TCGA-55-7815",2.72128413734923,0.870818418984031,1.42739875499623,3.99720219137507,0.39133190686171,4.71753315444933,3.32604379103787,2.5629416146567,2.99645444972111,6.21557496178596,2.16253986958399,2.2286424314638,2.22673538254038,2.24682452237117,2.13650298535961,2.39766944157469,2.35405316696338,2.34893070319528,2.45475171332922,0.004364103,176.9494,"Low"
"TCGA-55-7816",2.22743777206398,2.13109555164169,1.89409814817612,2.82747700138394,0.657162867242049,4.9615194131177,3.36777112552203,2.31897764231713,4.23309496372024,7.51034139583919,2.1680200408988,2.17340806964067,2.26341218615746,2.19028298307215,2.14001591785632,2.54775941288431,2.45112739333194,2.33130924327087,2.44425750086266,0.66699374,403.03427,"High"
"TCGA-55-7903",2.39107116009352,1.49272486189178,2.13176090027522,3.25274396602248,1.09335336290351,3.84728151774354,2.85592379109849,2.37998171638028,3.04266763868935,5.51820474018957,2.11579369019621,2.10720057559721,2.1805720734529,2.12336382135407,2.04197696640103,2.51637850465842,2.40114812474791,2.3558314485613,2.41760284722193,0.048815787,315.41284,"High"
"TCGA-55-7907",2.78721288558379,1.99059187258758,1.71373225514443,3.94414823163428,0.534762884237874,4.05694169440594,2.29468722089309,2.21390536950265,2.82394456201475,6.49294474565915,2.14558863529374,2.16043422779315,2.14979513032342,2.19603105979599,2.085845832268,2.37970954152444,2.33642826595792,2.34779271263743,2.50088343914996,0.030738026,201.52634,"Low"
"TCGA-55-7910",1.86435418033108,0.561888195288031,0.83909100804744,3.87300575000067,0.482246496722162,2.48553439091685,1.33386667825375,2.79566589326344,2.76027849013544,5.696864015513,1.91386811266325,2.05359945046234,2.08897387020749,2.10645898751549,1.94395204947154,2.25460168598388,2.18457895220341,2.35009683935395,2.46550879050676,0.091171935,218.86806,"Low"
"TCGA-55-7911",3.33388670743238,2.19984506533167,2.6733611211382,4.11799112990261,0.850776051812863,4.59380744900929,2.49422801295868,2.67636681023669,3.1533876056193,5.91630037664298,2.19441579605385,2.12776614424215,2.2129139198483,2.15570518016114,2.10262776934415,2.64318116633201,2.49925508379086,2.38299269808755,2.39391634978755,0.10151152,350.4748,"High"
"TCGA-55-7913",1.51902977093899,0.71395969833784,0.939994875742434,2.9661873927309,0.244699177586437,3.44349800450895,2.27733049660351,2.69979985768441,2.53384692308295,4.83491086609251,1.88372032571139,2.06778641368926,2.01220901356065,2.10455838153837,1.91740273722777,2.30784988685141,2.18978492782631,2.2834129992558,2.36903937199096,0.062434494,184.19272,"Low"
"TCGA-55-7914",2.55036217730195,1.75347617691865,1.47289348360728,4.63307794847378,0.383955866868092,3.43782329207505,2.01630652073571,2.24654833638388,3.06404654453833,6.6079495410971,2.10135260050066,2.0757178244851,2.16187014260197,2.15229880857825,1.99657522322501,2.4344897683027,2.3443780502144,2.30480308094833,2.47958593466395,0.05030127,429.70557,"High"
"TCGA-55-7994",3.15876646878031,3.03785659913297,3.13266590198005,4.29475991907635,0.979196772776622,5.15234073384438,3.29339726917582,2.51256177763885,2.71656269993415,5.56827819550222,2.19883691054059,2.14752156815432,2.2365454714458,2.20186394016247,2.10829829731629,2.50641633496346,2.41555941052082,2.36374451845169,2.41546498160215,0.12405101,332.2466,"High"
"TCGA-55-7995",3.39010145383148,3.45089450858333,2.9018969822557,4.68213927959757,1.05553974696725,5.13299435613339,2.13957352075692,2.61653516783265,2.71632534037886,6.11573540274919,2.20051800158069,2.17912102924893,2.18838090060612,2.2103076480333,2.0783424366449,2.49524814825135,2.43395548507412,2.30687319010077,2.3789380929264,0.18738133,189.58626,"Low"
"TCGA-55-8085",2.80039802759217,1.9698596189547,2.03395794801529,4.76043896984668,0.788834358445962,4.21378014396031,2.55918915116287,2.36032101557509,2.81005769611188,5.51578595396316,2.16462348138613,2.15095460508245,2.17223463700497,2.16155310983599,2.07884690460507,2.45858860967806,2.38998490388962,2.36324575616536,2.39766166582184,0.0382234,311.46713,"High"
"TCGA-55-8087",2.33808917155422,0.702480242783475,0.557631823150773,2.3068679074171,0.237177895904701,3.72821213382595,4.506761874031,2.95817372119881,2.85624585383281,6.40556057996109,1.88909130521026,1.99911493189662,1.9755597489764,2.09362843645869,1.87798818869272,2.23596296443509,2.10373497320286,2.1735491659267,2.48989894754138,0.08527089,213.4949,"Low"
"TCGA-55-8089",3.2081132711891,2.84153038306605,3.29329678561543,4.57100295935857,3.11789405724632,5.28994439864249,2.80020807788403,2.64521132896624,3.06102151897472,6.73117985253776,2.28645779159964,2.19752686372683,2.28707197055726,2.22331800849983,2.17012054703018,2.56319071700517,2.50102056929311,2.44786770991868,2.46301932507637,0.0851066,255.31999,"High"
"TCGA-55-8090",2.08907509929096,0.591104905064779,0.845562058573685,3.62520287467988,0.242385545920991,3.64883584518153,3.25623726859267,2.66596403082584,3.22594131467945,6.51131226013956,2.06847621611319,2.14469677808167,2.1914290616634,2.21742994210317,2.11788718765858,2.44286222520524,2.34477145969709,2.45421710801904,2.54314976692794,0.037016496,367.73776,"High"
"TCGA-55-8091",2.33296787469465,0.614380047556248,1.55820146786186,3.1221574167492,0.804019551654215,4.50384191568546,3.86652857226595,3.23902433679988,3.43476655196015,7.68412974612267,2.16021897181573,2.18328952047625,2.26108304635666,2.24750785770005,2.20276446530215,2.47162991168027,2.42413561247308,2.49536374464946,2.51319291059444,0.03727752,234.03278,"Low"
"TCGA-55-8092",2.60535191078298,2.56044595235571,1.92612170904606,4.62165400245775,0.675166862357424,3.46579247037124,1.56014548244102,1.77059798212144,2.38615330935123,6.65895297177897,2.14659878793656,2.09169565104173,2.12132974959295,2.09985428422662,1.97858265978647,2.48178873041401,2.41674290449909,2.334455800009,2.3965846373704,0.03711115,202.76328,"Low"
"TCGA-55-8094",0.975876175528474,0.358846330605099,0.680019030315165,2.17984494939574,0.215170085978295,3.2649720480323,1.62975889647227,2.24834603613041,2.54651783841896,3.4084226376524,1.73649591021819,2.08580929557687,1.86164813065421,2.00899223588533,1.78246830143029,2.39696818658407,2.12847409535726,2.21596226189921,2.27836435869227,0.08727754,213.90193,"Low"
"TCGA-55-8096",2.05165365899414,1.23376537680834,1.24113641336969,4.57281181016095,0.294110008389884,4.12061587711281,2.23980160567617,2.15002263636597,3.5883846755459,7.24139587581822,2.07156853802823,2.17318591086853,2.13971719269066,2.16837733359536,2.09840305218725,2.34698838587945,2.29779508403663,2.34276886534946,2.48676101374718,0.03364508,263.6819,"High"
"TCGA-55-8097",2.77887385067929,1.27339653046974,1.06982580348456,4.30479006338519,0.353446899058508,3.49472499942904,3.76736423354945,2.83192793622609,3.436306409701,6.47396003253865,1.99382759417859,2.03286125307048,2.0578186062835,2.12312902563026,1.95117868221969,2.28912916680471,2.1785246405382,2.30031153874326,2.51858792115832,0.09012049,1603.6561,"High"
"TCGA-55-8203",2.83248371597557,1.92303505374021,1.61720133677749,5.41050517441263,0.460519954088623,3.72867247926762,2.69052999968399,2.57731114845544,2.95501036687271,6.45362652175127,2.11807921873201,2.12042338497222,2.17209398140864,2.16486628905128,2.01848586362254,2.37937650159883,2.31918097241729,2.34334114024994,2.42844353198658,0.019245833,171.24323,"Low"
"TCGA-55-8204",1.66319190011617,1.06736336711961,1.28693697377765,3.77163540561892,0.478437711094506,2.98322787303385,3.09763981254658,2.59689898914146,3.02580448474149,6.95557247638248,2.07702334339093,2.13808877613622,2.15504840350265,2.17883146372939,2.09371624299344,2.39198661626377,2.32837018830268,2.41831982796394,2.45468529976268,0.07978274,283.23352,"High"
"TCGA-55-8205",3.36142756499598,3.11972137006552,2.45011054414209,4.61790431143905,0.944777398308866,5.7496431068748,3.56157927102969,2.63278376510977,3.51114800409791,6.92737185618116,2.29287952994287,2.2163732176005,2.32683535776497,2.24860109843721,2.22982247099396,2.56996038978885,2.50653838037585,2.48223168402732,2.4554890307906,0.13293909,252.74309,"High"
"TCGA-55-8206",2.76579029186391,0.690372394761238,0.893065759075485,3.9068050573319,0.310573609483555,4.578963761762,4.96668457168151,3.39347509415233,3.43901902511451,6.09847810709108,2.11353465986905,2.14480861367477,2.20392756071541,2.21412408892401,2.10685199126189,2.35272757858912,2.28452510348742,2.40608346031989,2.50037030293033,0.06349151,186.60449,"Low"
"TCGA-55-8207",2.34266838481925,1.31045646229528,1.38976338033468,3.07423049146824,0.205576704497295,4.25276841395767,3.45201982339196,2.88482034404889,3.82750550082138,7.44967136470629,2.0853806070373,2.18562654255452,2.18753717639516,2.22132960317873,2.1185682914213,2.35774494747308,2.28399517144157,2.44516209812325,2.52218258351092,0.044672146,174.75182,"Low"
"TCGA-55-8208",3.02481753619094,2.37928824997193,2.36999370938976,5.59198829097045,0.854490600098162,5.26100837495853,3.32388707130812,2.76217487700938,3.44456684397226,7.27233946706012,2.27809713305632,2.23480612718062,2.31044833528167,2.26415690817705,2.25142984307843,2.54907108791715,2.48142272868553,2.44856576180856,2.44686125473117,0.035458237,175.20566,"Low"
"TCGA-55-8299",3.31737384198749,3.26103428625959,3.09550298568946,4.44053678515733,1.45175319507362,5.08880769627328,2.98444413056212,3.11541286540933,4.59769196933579,8.12596438302896,2.28208709148244,2.23668433785851,2.33059490627007,2.26862603902811,2.23364650481546,2.54627095629048,2.48529476856986,2.49917418810788,2.5216744628151,0.05403994,170.8858,"Low"
"TCGA-55-8301",3.05368262068556,2.33058708155566,2.0695135523248,5.2270729833762,1.01279411318484,4.21233797476785,3.26001646163281,1.78893043345687,2.87151079507758,6.68479414406438,2.26508853825976,2.18764718208858,2.23441424943202,2.22066720314031,2.10648245138882,2.61039645625038,2.51618306191803,2.33568733130752,2.41143122313741,0.022495583,178.63545,"Low"
"TCGA-55-8302",2.20653693285018,1.1407786557828,1.19316118614807,3.83891239922558,0.512909411072893,3.92293333752382,2.42742296883636,2.66144505882163,2.57254268094644,6.39400813883432,2.11651491020075,2.13868078315732,2.18319859356819,2.19370871874242,2.03768076419677,2.56471392104472,2.41974980390799,2.36718806673819,2.42615306190243,0.06377504,385.742,"High"
"TCGA-55-8505",1.30187928674982,0.406536670205172,0.699658155850229,3.08997216553534,0.368400418155577,3.49699374416074,1.59991254391264,2.90519637939575,3.29436294589043,7.69814798292146,1.95548194332741,2.16000862427485,2.10982860036161,2.12658458621799,2.01270305086944,2.32867446977736,2.21968144665561,2.39249602075566,2.47305511603587,0.073752865,188.24782,"Low"
"TCGA-55-8506",2.18342311799112,1.10668332357977,1.39318040939306,3.03694260452322,0.441071647787012,4.0894705513599,2.15088845250691,2.85737994406912,2.67458058376665,6.72770938179175,2.07821113224125,2.12986096221052,2.19995918632216,2.1489729486143,2.07147088475632,2.46242504904177,2.35322876169838,2.37223316952303,2.42695311014143,0.057665102,190.92232,"Low"
"TCGA-55-8507",1.9429623041113,0.782995588813533,1.19019226977495,2.92173358186531,0.409349785074078,3.6256273957134,1.82080957512415,3.0739771081817,3.5940022517461,6.4814993287401,1.99967559964166,2.11667651281339,2.15671142584772,2.14791365908154,2.05858490294478,2.3870871365568,2.25372752531536,2.36787766499619,2.4803756450352,0.06119226,225.6599,"Low"
"TCGA-55-8508",1.66813044836204,0.818768773144008,1.18162172634059,4.47108245129843,1.60485461335463,2.69487887394158,1.27808854264883,2.42665525599122,2.74741295253938,6.30085576402851,2.05612165179347,2.12176320918464,2.16229923331462,2.14148404664085,2.01112465038306,2.32482179468523,2.26999804371057,2.34914539542615,2.47849245977282,0.0342917,194.53604,"Low"
"TCGA-55-8510",2.80655622778605,1.91548265783181,1.78813204188705,3.97621316707265,0.527637401573106,4.72453051251983,3.94620661609228,2.67558785337471,3.50357727260912,6.9878525835497,2.22040897615351,2.18152730185665,2.26692707754406,2.21813459595072,2.13250865443068,2.46972016675415,2.38742384885711,2.39982968260098,2.47613002850387,0.023354545,166.33426,"Low"
"TCGA-55-8511",2.8098475315954,1.60202922491099,1.79184238597536,5.14179583213425,0.502824335535309,4.2629125942423,2.52798799823289,2.30472563687199,2.62421738748244,7.87552566403551,2.17635252404293,2.16861305612904,2.21263590938082,2.20203392461807,2.1381801646613,2.38775801576526,2.37050896596931,2.4922880616939,2.43928346283974,0.043404922,172.84554,"Low"
"TCGA-55-8512",1.66970177764901,2.49763791112112,1.74177999580772,2.71070527422141,0.613045643774178,2.9569871091398,2.34072948770812,3.81698200790299,3.55366721894114,5.61118545775796,1.94204819188543,2.07136312356608,2.12080709663418,2.10414939756071,2.03462774712324,2.36576838868691,2.24534700444753,2.419197568048,2.42995633502331,0.08147709,590.17865,"High"
"TCGA-55-8513",2.42994300968865,0.64910956494293,1.35522567426576,5.01231893632584,0.557882361963475,5.23263052488438,4.42289247369854,3.23969858829354,3.99190832657188,6.02967660922681,2.11484482477316,2.20187588871605,2.27733342680495,2.21589236502972,2.13199581027944,2.59146642662449,2.43300834799994,2.43324341400161,2.49429040109718,0.073450476,175.93861,"Low"
"TCGA-55-8514",1.99082927492409,0.313361959392219,0.819622644032536,2.91649124066668,0.203843288540743,3.79470848277039,2.14404806987882,2.25508926601355,2.69842875756441,5.04366358653388,2.01709683259823,2.04839340216945,2.14909362786045,2.11936128251843,2.04701444792081,2.46034296992652,2.32322693702523,2.37030516849401,2.39507909937605,0.045101553,191.8998,"Low"
"TCGA-55-8614",2.09477108198231,1.00266652005441,1.31213889333272,3.45391345997005,0.391987457413672,3.24097194938661,2.42693019547137,2.85393522241003,3.15184281534919,7.6142504449668,2.07531456755431,2.10960462882559,2.16094333868597,2.19120380218433,2.08055656577614,2.33818725892891,2.27156639061106,2.47034534170804,2.51841219084869,0.14363176,294.93408,"High"
"TCGA-55-8615",1.38367364774098,0.205142240625298,0.546718257727014,2.43392426194424,0.246638224730937,3.04052045080018,1.40362294356546,2.75418423369203,2.98925614836675,5.78788567041113,1.89966613965834,2.07197165267341,2.04631742954709,2.09001936513239,1.92034003886369,2.24676495982607,2.13169511507956,2.26333509267314,2.42634109031867,0.049931213,180.33113,"Low"
"TCGA-55-8616",2.1876858171843,1.25259731671574,0.914052999178702,4.57057731051771,0.21748510461066,2.84872902707412,2.39783338343604,2.12179113349733,2.9063984036888,6.12609362702096,2.00114399655465,2.0802881103532,2.06727408148639,2.13228147391292,1.95356397383254,2.29411880188548,2.22493697476951,2.29824607966499,2.41728964090552,0.032536045,174.30887,"Low"
"TCGA-55-8619",2.84826603351623,2.05189409233429,2.13002899226773,5.27149919219869,0.678491640412273,4.1214125439901,2.91308383025579,3.27749670922187,3.87022382148311,5.90293045037635,2.20874570514761,2.24365033193856,2.32519482027006,2.27162563987649,2.17431595604256,2.48220727393704,2.39844554951499,2.44531806327817,2.49453382148199,0.0415072,189.31696,"Low"
"TCGA-55-8620",2.43953753560463,1.68656775800694,1.63915014674983,4.71727002577505,0.534332131948105,3.54686314063582,1.27500752225001,2.24802220103881,2.23724963508703,5.01189665124317,2.00726393271802,2.07403355695746,2.01622484278025,2.09318809974761,1.83677042699636,2.30597637244418,2.19845098736536,2.1504775912792,2.2977225864212,0.5664631,170.19798,"Low"
"TCGA-55-8621",2.77843866998347,1.29930327891475,2.48641168246624,4.18515116070684,1.2345880256109,4.56000051412285,3.3986967482,3.03728547958619,4.49689591532648,6.79863221738448,2.20183356171641,2.21752463798034,2.2926954834177,2.24652708994534,2.18402328649428,2.53515079819325,2.43821875770874,2.41840540813228,2.48794911823563,0.04221788,175.19168,"Low"
"TCGA-55-A48X",3.09495233966831,1.77218126901038,1.83192223209828,6.77757676786288,0.734704162111679,3.69422546920226,3.54603688312367,2.88609569134989,3.57397589972809,6.78368893548618,2.14687675574665,2.16891937670483,2.18122711433828,2.18473899781266,2.05493234919585,2.42266360008342,2.35427648421979,2.36563629840369,2.43610223475079,0.039954647,200.05328,"Low"
"TCGA-55-A48Y",1.69808120791824,0.718526026462262,1.19061041231364,3.43203717843394,0.404061693447824,3.1138226241325,2.20867675883408,2.39228210552207,3.35742376698066,7.4150141534564,2.07594631983717,2.13907358626015,2.15451446070516,2.16668107756574,2.06668239540724,2.29544244394658,2.26804261986368,2.36261041945868,2.44291115389706,0.022692174,733.8273,"High"
"TCGA-55-A48Z",2.41926178661606,1.59225370011491,1.41896947631482,3.71391610160072,0.331142234387298,3.67338141801551,2.96635038912854,2.06064901759828,2.8475999258243,7.38956981268482,2.09933313591867,2.13506343077567,2.16540398030398,2.17965833794726,2.03403546630577,2.49233910904302,2.38660585808974,2.33576058086081,2.43986542629232,0.033472165,191.01236,"Low"
"TCGA-55-A490",1.99994625552292,0.598460492470133,0.816912051069244,3.2188031845858,0.157407506037108,3.64231899460183,2.81148787160553,1.99008470523184,2.85856614825217,6.42991991677585,2.06594045841684,2.13261249980136,2.1393961957741,2.16181559498025,2.05517039113778,2.24826294944901,2.21631178559884,2.346014170251,2.43622629840757,0.06436638,1198.5205,"High"
"TCGA-55-A491",1.88134102095107,2.11566586520627,1.21330448642165,4.4520223374013,0.348689396632174,4.26321202513672,1.9238091953805,2.15521672391377,2.59413582974806,6.22968453527258,2.14317343250227,2.19003241290541,2.18023396205766,2.19629894784605,2.11887734179599,2.4301363330658,2.33900598517742,2.31997916610845,2.42373348678537,0.04155329,1667.3423,"High"
"TCGA-55-A492",1.50379576501617,0.54764724225879,0.905438417587865,2.54349423686268,0.306260588685484,2.8491775203251,2.2537006710123,2.84459117226625,3.32153140685145,4.44020807949852,1.94322619867538,2.06821241770063,2.01974096012257,2.07884036223932,1.85527622405398,2.34316442295794,2.18683879823523,2.20115392863987,2.34090553537973,0.034488633,213.58453,"Low"
"TCGA-55-A493",3.2638137847729,1.96864375596472,2.48884466818243,4.5973764040533,0.842892316846549,4.29959382175075,3.59677412696304,1.8196407048315,2.38951704206958,7.25585379322901,2.23619050904796,2.16985280027176,2.3040738384522,2.22591605099022,2.16600213786207,2.5064955909686,2.43430482710986,2.46026004074853,2.43444257504729,0.09525096,170.99219,"Low"
"TCGA-55-A494",1.5156100191565,2.25667857904838,0.588303715059533,1.64619035002231,0.128939157334342,2.13777211556151,1.71591886454279,2.30616298444521,3.35491985832485,5.81051341127611,1.67273120100729,1.9183425545203,1.82192218309871,2.00460349628001,1.73813442245688,2.18673637596677,2.0211240162239,2.20404414405662,2.43985843595004,0.100230195,180.43611,"Low"
"TCGA-55-A4DF",3.30403189171952,2.62089133815222,2.14431897702791,4.63054692728374,0.782690364358246,4.57406342174441,2.47543041028246,1.9509025191085,2.73528310169822,5.94511334504903,2.13819416090389,2.13288662291099,2.15245909954349,2.16390660711187,2.08141922807375,2.52438714380713,2.42678829214702,2.36104324459172,2.42209422871852,0.32470793,1280.1885,"High"
"TCGA-55-A4DG",2.64212081144422,1.64717633580774,1.70308217976635,5.42941534685916,0.593774537890044,3.51848377504106,2.45464348320884,2.1802186877035,2.83399183869404,5.97514234464009,2.04091749574937,2.06370105176588,2.09501668221507,2.12319755482247,1.96745179673414,2.31647005357572,2.23656541810373,2.30423715012632,2.45944672578656,0.044040665,400.68207,"High"
"TCGA-55-A57B",2.37814421294163,0.950841637549149,1.45205249364138,2.55285277923039,0.456326065534618,4.07349619718961,5.25234044112025,2.6067560593913,4.48249004227257,6.72124606542387,2.05921043580079,2.1165147633775,2.17001311632583,2.18439046526009,2.07068624646781,2.50418494438245,2.35872510809717,2.40282123262107,2.50381442017609,0.08444595,286.97424,"High"
"TCGA-62-8394",2.17519573088443,2.53570462147087,1.12890682946467,2.91743865018793,0.344848211610785,3.38981595243467,2.51913182788174,2.09911785446767,3.36032285065769,6.3936426426929,2.05341035122111,2.15376902205647,2.17037408999823,2.18529745894773,2.09187655909145,2.57133451780825,2.39934673455334,2.3868778599222,2.45450427877256,0.07193068,212.20258,"Low"
"TCGA-62-8395",1.97985616843229,0.997906574089874,1.21022030957038,3.94043065185725,0.300536542897487,3.67420779971269,3.4463039050157,3.28409718111546,3.98246890118541,6.60411877713469,2.01691900290073,2.10089837896941,2.11306598790627,2.16723605172451,2.01374373255641,2.32288309228327,2.22701083769511,2.31483346728902,2.48806091665977,0.06885427,1654.5195,"High"
"TCGA-62-8397",1.34425650660353,0.419431022431459,0.491662027296002,2.80111554790315,0.0636335596727596,2.59640731461674,3.27301451969176,2.09852780587757,2.52609639915463,5.07766383437328,2.01738978563632,2.11724975569708,2.09842896491995,2.15970893206896,1.97724080205531,2.28706391516517,2.19443782948414,2.2698109633543,2.4418573540033,0.024832696,462.73694,"High"
"TCGA-62-8398",2.28398328976973,0.925619712002935,1.28330363509707,3.16257168086886,0.603411762365894,4.39371928102946,3.36945740474519,3.6000177524754,3.55913699672479,6.9094273608447,2.09760243130251,2.18819958300739,2.18253981133302,2.19678432522594,2.0940729335388,2.39584152046915,2.31908266890313,2.41067191292953,2.44117770114382,0.08668425,1872.1718,"High"
"TCGA-62-8399",1.87223140605234,1.0703893278914,1.54363344728247,3.14281088707634,0.263837855504025,3.73442703528751,2.42069589115068,3.32397322505646,4.18717741177939,6.87042588043853,2.01066806533351,2.073866226747,2.14934820887198,2.13804245558383,2.07971106863985,2.31637046768128,2.26126823184228,2.43227259297497,2.48922201882488,0.093239896,261.38333,"High"
"TCGA-62-8402",3.20028766622476,4.04827978675417,1.9688737645609,3.06334768096743,0.42912561228876,4.33570207411339,2.45018820582933,2.49689128661677,2.70018477682221,4.96588888578432,2.18314426281809,2.16002149339043,2.19387391601894,2.17502706084097,2.09400627919542,2.60521144001989,2.47052787398054,2.34778900286335,2.42522142297622,0.16118854,598.973,"High"
"TCGA-62-A46O",0.77410164270911,0.546956178141411,1.01513684409024,2.9161764112914,0.366116594837195,2.23410668237546,1.50733443664202,2.64117943008998,2.10608460886228,4.3950332883429,1.72565783434427,1.95328605078085,1.85923229261906,1.98011201131381,1.76700591890614,2.34973440797308,2.14690589129635,2.1767121146429,2.43465772338241,0.1213627,2674.9568,"High"
"TCGA-62-A46P",1.39856649762386,0.806365306122455,1.22106305240204,2.90993457158863,0.201880012364558,2.62558491703439,1.49330797061204,2.81811515228912,3.46146392474674,5.27807396261502,1.97200047914032,2.06385854140145,2.10140624728775,2.11336590132803,1.94197634265988,2.37591734906448,2.22236029380615,2.28357081283106,2.38235329105744,0.04333043,267.07373,"High"
"TCGA-62-A46R",2.69124253881062,2.2622226615488,1.57262340395481,3.93604465927372,0.250492513554844,3.95647214021678,3.75224572457797,2.5926945349467,2.38553806915441,6.01591628325534,2.10691513621781,2.1092232638185,2.16296466150389,2.16967215594772,2.04195481242036,2.50747797209465,2.36713741234812,2.31627527508448,2.3925416578672,0.031039804,200.3557,"Low"
"TCGA-62-A46S",2.06812778602593,1.08065766334523,1.4385890450297,3.27321187348526,0.778631574416854,3.54221512796769,2.47960682854622,2.69695966516899,3.467450124534,5.23519964978724,2.07458717579981,2.10600305696745,2.1602789450771,2.17076120213509,2.03688039903702,2.38144917525157,2.28556598724328,2.37501783102297,2.47709631846068,0.034278467,2540.4272,"High"
"TCGA-62-A46U",3.75687513434881,1.74394575188154,2.06589164499965,2.59056529167177,0.603223264837521,6.20085220744906,4.66852090107759,2.75730285719556,2.74518572290938,5.82044112393186,2.27051740465508,2.22419798624042,2.33908281103726,2.27362667710531,2.21256172732365,2.56128271548723,2.49326276790883,2.43026221966926,2.40446465841178,0.13011381,164.80382,"Low"
"TCGA-62-A46V",1.59284394196931,0.242450073677701,0.416151525707961,1.93250819492411,0.168684686760718,3.92113587868395,3.86631519931331,2.57124485654897,3.1331309038042,7.05058638769883,1.90433089404636,2.06424220332335,2.02981856442766,2.07098286827964,1.90537242206714,2.34233010122652,2.19578382059475,2.26498555151191,2.39979997396594,0.0647611,166.07256,"Low"
"TCGA-62-A46Y",2.50648406816237,1.51187280747404,1.90800150236788,3.65939452801673,0.326468715349465,4.30686501967448,4.1121531457655,2.82454634464902,3.26734802324652,5.15698534192179,2.15189949398385,2.16588433085513,2.22525574983662,2.1786410139194,2.11451114268822,2.49660329914252,2.38528020986969,2.37485849372577,2.39890412366109,0.029652506,168.99858,"Low"
"TCGA-62-A470",1.55029353941383,0.755913054039524,0.885736537328049,2.53495572446231,0.181657627020501,3.63792567598804,2.59240293711302,2.72766157701308,3.20552759831205,4.56878012675529,1.93105599617403,2.09172274533435,2.055212605042,2.10812136151618,1.96632482637453,2.30117482818217,2.19139001260159,2.32005465434076,2.42412574279906,0.045466557,221.71234,"Low"
"TCGA-62-A471",1.57832438460813,0.973868384760226,1.71350941979449,2.92435496450078,0.639979778486957,2.87718006923977,1.15858732317888,3.00169573890066,2.43949642998617,5.07835808693876,1.96596200513929,2.10468272831745,2.08881979138269,2.08231054069967,1.93632332026406,2.46153711116923,2.29372629476332,2.35374509928304,2.38232726155791,0.06427322,2111.768,"High"
"TCGA-62-A472",2.58460870053013,2.03008883894259,1.94360683365911,3.49542221714622,0.385749879157253,4.02520204933034,3.82601533618199,2.56279324643505,2.99172029476726,5.97749695058857,2.12546148634645,2.12453079895006,2.16965258786746,2.17254495330626,2.05664745652859,2.53746722732069,2.39190609900264,2.33378105907237,2.41282031493095,0.071787536,227.56406,"Low"
"TCGA-64-1676",1.95168399561373,2.30812784417874,1.36508543003972,2.94762327785471,0.533817746062073,3.94172619198004,3.68331550605245,1.49789040893959,1.77060639197786,6.0577685750804,2.21095004942947,2.19692748422656,2.25546074335259,2.17128052456209,2.13420828513486,2.44365335392993,2.38014168132994,2.42135512401421,2.43795622128573,0.08012671,171.1465,"Low"
"TCGA-64-1677",2.45343756459828,1.53406160242112,1.5641595549194,4.58695430610202,0.252739169022715,2.86966783935448,2.5644878973665,1.87585567163553,2.15003265195118,4.83052616077746,2.12074050100141,2.11548002976168,2.18862567791929,2.14767774889717,2.05093283409184,2.44785007053617,2.36257747301414,2.37018666334016,2.37889304969148,0.037165076,286.72012,"High"
"TCGA-64-1678",1.66176205325507,0.746828690274403,0.852491768262999,2.947514312625,1.2612902747266,1.56773106162223,1.84299969990883,2.15618455104718,1.65668276138634,4.60537267194939,1.80085637992864,1.97745572997681,1.92202724526926,2.06221802785564,1.76756708930624,2.13977608956903,2.06886218040408,2.1623499260994,2.36310380349435,-0.6630782,193.88976,"Low"
"TCGA-64-1679",1.85660867888289,0.445726703349984,0.851913388429191,2.62082491788585,0.186360547090784,4.33063735308363,4.09843030965166,2.36795105104413,3.39088767556461,8.41910775139029,2.09523510503015,2.1819619316575,2.21110115239175,2.18875405442436,2.16931100770268,2.41090857286667,2.33688629748966,2.42154034528958,2.50821515581427,0.07577194,661.4283,"High"
"TCGA-64-1680",1.70468439544731,0.702214251010441,0.884986909836457,2.67764343040619,0.146692777399191,2.69993982023886,1.98736593967557,2.59092696251751,2.40919735636966,5.00925249068033,1.99843774717795,2.0760618371252,2.10747312918429,2.09861362965129,2.01043425266649,2.35822188260254,2.2504476355084,2.3158631138168,2.41168187981822,0.03849925,178.27492,"Low"
"TCGA-64-1681",2.07525242599303,0.537445175151632,0.772908523255056,3.78500173405597,0.181679240983372,3.67010126209126,4.73684592595465,2.30072562136058,3.6396757473545,6.23613502514398,2.07546455719388,2.15209831774907,2.20339452788161,2.20777128093205,2.09767174856119,2.55031554190716,2.40360219056035,2.41079886810486,2.51814837913556,0.03049025,412.56686,"High"
"TCGA-64-5774",2.05137618738709,3.62960142028591,0.841872183374627,3.79360137138224,2.06516946528279,2.31865969607749,0.882806703593643,2.79914963264805,3.07776363172863,6.36376596492864,1.94686376717384,2.05866648173546,2.0664129413988,2.12665483322419,1.96258929408853,2.30904126241197,2.21513801909261,2.33193028337061,2.4421631453551,0.09580673,178.21866,"Low"
"TCGA-64-5775",0.899989003772605,0.640805995708441,0.720174217023986,1.65909496789822,0.17183230379429,3.82757362392055,2.09492182993928,1.91818474308895,3.29223277875169,6.92037486506497,2.0531734015677,2.13211757053294,2.19971456184988,2.16924860346741,2.07538229045411,2.39155873285163,2.27128039145467,2.4008096282805,2.51467072869455,0.5168699,239.08551,"High"
"TCGA-64-5778",3.21247366007111,3.41767701849964,2.13436844193085,4.76785311422191,0.524587201923076,3.73326341434705,2.68832766361121,1.88366737236297,2.19375844000388,5.08694195610173,2.21760906042284,2.14830197695736,2.1693962450549,2.18256286825872,2.07343576041134,2.57099490189899,2.44104737526274,2.34465015828869,2.36810484997303,0.0434366,177.61888,"Low"
"TCGA-64-5779",2.77572885144605,1.49128873189744,1.27627046429815,4.97193566989426,0.400137327034267,2.63448816819895,1.30094205748298,2.08094214237614,3.30805032814532,6.92231636702862,2.03399518071086,2.0928551639072,2.07181214991534,2.1440222231124,1.95904043360608,2.32022480620141,2.26250728427126,2.34423102349673,2.48953971678399,0.048625782,185.56635,"Low"
"TCGA-64-5781",2.63296685868867,3.1969060009642,2.36296187175162,3.53244375198302,1.37498756583916,3.26848682658914,1.97717054886536,1.9305031691578,2.22354730577531,7.14310779661038,2.23319562181724,2.17150053960189,2.2246108000993,2.17347751625525,2.09703986567844,2.46788573257487,2.4052231679839,2.4829120838395,2.46015291048691,0.05391424,225.08812,"Low"
"TCGA-64-5815",2.2711798178849,0.693319678811575,1.33832058804345,3.41403678657643,0.142957648086666,4.50868371472543,4.11571085567863,2.30150344654458,3.38922417532819,8.68409302112397,2.19003618846298,2.25385059858508,2.25000186094002,2.26512352322501,2.21399952365579,2.46789014012189,2.3892454373155,2.4803691291775,2.52251622930302,0.036985874,448.67844,"High"
"TCGA-67-3770",2.37994721266776,1.48769213995453,1.23251140836875,2.29374534904185,0.257665643957882,3.84452525105007,4.01440947507354,2.16339559470412,2.71627319071005,5.55486438393018,2.10576306401494,2.13964659902458,2.13387975998253,2.17122875343321,2.08181584420592,2.45290842794787,2.35542978093265,2.3327014229863,2.43401168406689,0.04362884,1997.121,"High"
"TCGA-67-3771",2.49306745824445,1.71074583234848,1.49545677281213,4.410457463796,0.517276052180685,4.40354936575042,2.7039765727377,2.86237147326097,2.81526285150865,6.23384941863817,2.10519860896957,2.13202892453842,2.12595591470303,2.15578557390907,2.06708210299297,2.37849123656818,2.31695803521381,2.29593832377939,2.4060926128279,0.09315289,1219.0957,"High"
"TCGA-67-3772",2.02546289418227,1.1532216559844,1.01591925171785,4.23018413082017,0.148548638727509,3.3243429586226,4.43636469987252,2.27601100938549,3.04799182212312,6.95049316136078,2.1228608712582,2.18166702041866,2.19292870439184,2.19387657757393,2.11638720635143,2.39877594243959,2.33635075028473,2.39043826913871,2.46376040275019,0.022984505,407.8381,"High"
"TCGA-67-3773",2.58692996809754,1.89196349737541,1.73972456720858,3.06416600954492,0.532394233587969,3.91920600846822,4.36933537397464,2.6798039040889,3.12296472611693,5.6780038089875,2.19310952493693,2.15578201950895,2.23462710436637,2.1932794034758,2.1496714990507,2.48335423445267,2.38319807720187,2.43026685718787,2.43693447734932,0.060049154,367.61584,"High"
"TCGA-67-3774",2.83787579146757,1.14215199719149,1.71429557306117,4.09746536388409,0.564057314608521,3.91558100574622,3.33505626700667,3.08742081764446,3.60724268622341,6.05764039440759,2.13105150194027,2.17452585226244,2.20957554300902,2.22437321347131,2.11126949903134,2.39115684525496,2.33244677813954,2.42049412004719,2.49886192632773,0.03638263,193.69234,"Low"
"TCGA-67-4679",2.01922500027376,1.43717446263229,1.24445759018939,3.1607940472246,0.36535149083913,3.78139568467764,4.35389893033303,3.19161734071796,4.01165830060367,5.93976070603007,2.08134832248565,2.10879253707747,2.18583454070976,2.18513623988628,2.08746737896021,2.35502336706733,2.27898133692187,2.39266432447664,2.47621252448905,0.03154847,170.6748,"Low"
"TCGA-67-6215",1.36682129833732,0.314058408858261,0.850269455807183,2.38361895071602,0.410554441352301,3.98902294116177,3.37937039941749,2.74513919137424,3.08320182220625,4.47022666863313,1.9942162556765,2.08458379402039,2.09473750341436,2.1448336181368,2.0070905360705,2.3575472646492,2.22657967244142,2.2827205064625,2.43223095365012,0.041236028,385.01724,"High"
"TCGA-67-6216",2.22151199149952,1.58135124716878,1.35789521633761,4.77964260017713,0.195505054808721,3.80661489649242,4.45172935584753,2.6435782192061,2.36141671804399,5.14316534896837,2.14098498710117,2.16425624699101,2.25634154610788,2.20135784049947,2.12152386774002,2.47545866124524,2.37045500340072,2.39866574624559,2.44067738689915,0.03166759,178.3403,"Low"
"TCGA-67-6217",2.97220208013823,2.0548831984801,1.61370624985839,4.85741468376371,0.489953420195122,3.72287367343614,4.2928341352202,2.45770160308937,3.30604668140795,6.11840305778038,2.11784051899324,2.11264827591981,2.16246454313477,2.18648335999519,2.06007535271102,2.42335880284423,2.35144257264815,2.35330847916912,2.45823324657695,0.056575418,173.28445,"Low"
"TCGA-69-7760",0.803888772633326,0.134352386623363,0.456814112231954,2.41081391451819,0.129630678080344,1.98510560243624,1.23841344928573,1.9805570435277,2.11029569019814,5.49804492656103,1.84692683695788,2.03375260017649,1.95215472864101,2.04617811277912,1.90495503845015,2.3651410075406,2.2288631806219,2.3166611098166,2.48389671489342,0.03380409,1110.3378,"High"
"TCGA-69-7761",3.18803500687102,2.15953231405686,2.07484070063637,4.62377614278921,0.7629784411204,4.46257785557509,3.15846064468529,2.65085157176125,2.59867938906979,6.26855105878187,2.23267822978864,2.22462069589312,2.27068705461817,2.23159156733658,2.15927364499421,2.56425720085813,2.47931652856205,2.46745583891326,2.50805147694136,0.04793109,254.7218,"High"
"TCGA-69-7763",2.01846904863506,0.821955064701353,1.18178583418267,3.6223851997817,0.452433435926232,3.45413589191924,1.92720102890589,2.81539200362678,4.07715747133869,7.08751151499246,2.05060189759614,2.13261128981854,2.12570359576438,2.19456050878331,2.07461293364918,2.44861022593678,2.33973391026739,2.41702872539455,2.54265965201209,0.017902255,201.03664,"Low"
"TCGA-69-7764",2.33080907392911,1.45507071838533,1.4958803825011,4.12881159409965,0.314211358805195,3.33359614067533,2.44444812940364,2.72187826000922,3.47043560547548,5.41134019125095,1.98577911442368,2.05139355365423,2.00861344969474,2.10930007962002,1.91446863485835,2.36936824387155,2.25470800506555,2.24826570436833,2.49151154127632,0.03509149,251.49246,"High"
"TCGA-69-7765",2.24707672285026,1.17779025550544,1.81162543014003,4.61593137789222,0.316587931399549,4.05187197308477,3.56608300802474,2.54590846234455,3.67127602778442,8.03057544149748,2.15376039604725,2.18207418888644,2.19800131600083,2.20868403286878,2.12136045445463,2.42869875384942,2.36452835582869,2.40967693630025,2.47882102258045,0.023849115,184.21025,"Low"
"TCGA-69-7973",2.15270160647005,3.23247657119849,1.21301109301891,4.14743517430597,1.04009779781481,3.43501292873788,1.83315354866587,3.10587689623566,4.06830540986483,7.16803859602537,1.96981169279555,2.08838622049778,2.07450401299866,2.16266514169166,1.97148463598985,2.34664450492875,2.24183436746332,2.2688707193321,2.45578578442248,0.13281687,216.29025,"Low"
"TCGA-69-7974",2.47568206867548,1.48382867280475,1.89820746809618,4.19139723079563,1.1994289853935,5.0788377942126,3.5190991362014,2.9927148482683,3.85168480007082,6.67108580342054,2.19302263769377,2.18936127943202,2.26954144719942,2.24380249065612,2.18380704401437,2.50427488287382,2.42022708545771,2.48389960680625,2.5148817603812,0.08516487,212.70203,"Low"
"TCGA-69-7978",3.3732783368254,2.50959450773085,2.46355256295319,4.5143543832547,1.09239124835132,5.28358276308822,3.68180237062163,2.58271204140403,3.38918443051333,7.52571901113913,2.27094197581271,2.24941938893281,2.3301731578235,2.26901049839552,2.19858787098936,2.51373585560484,2.46208071915015,2.45999444785164,2.47837403540134,0.050970137,177.03986,"Low"
"TCGA-69-7979",1.51284289340737,0.591966587100416,1.04342521813597,2.25823158556869,0.54856977717529,3.27776229962297,1.67548285333623,2.3434902104991,2.602295211239,7.0441417086235,1.94305547274403,2.03528627933151,2.01538814926203,2.07272737248117,1.90479985264482,2.28962096785227,2.20392872399977,2.25277332574693,2.39544683848386,0.06950196,456.10464,"High"
"TCGA-69-7980",2.84684952974369,2.03565909698553,1.96474244357286,3.51214435266996,0.73788528452313,4.20087514767258,2.96512989495627,2.19316524700247,3.25249895111157,6.52027415831165,2.10715921625155,2.14940635436952,2.1470705425392,2.17943739773378,2.0662417286196,2.52144917389683,2.3913423932407,2.40594011226771,2.51097051995283,0.064107716,170.3633,"Low"
"TCGA-69-8253",1.77857141727329,0.789520603600312,1.56139486153752,4.29711066123251,0.350581689840385,2.80779200782069,3.50902174292156,3.07401848354816,3.2556204856818,5.31771712538125,2.00043147675305,2.12485724341782,2.10221838671332,2.16847806757502,2.00669008276865,2.31140704408908,2.22808562158854,2.35327502105054,2.47012645980757,0.019942775,211.9766,"Low"
"TCGA-69-8254",2.29707137582853,0.942683396335966,1.2868292031139,4.56135913234748,0.54072286952394,3.55949719887926,3.13881983250254,2.82719009600785,3.27181091227859,5.31606420803131,2.14304936057966,2.1771882411412,2.24864636870324,2.23978258248917,2.13546252684891,2.48920504708615,2.3801961385271,2.4699956197863,2.47519982784985,0.046522915,203.44211,"Low"
"TCGA-69-8255",2.7362632499971,2.67559013963243,2.29691577627195,4.27825432261721,0.655134251674353,3.95394921370198,1.59962333305264,2.3993668876515,2.15272423909714,4.49866659569591,2.18377270297287,2.175243811811,2.15554074338171,2.16480029076121,2.00175925528687,2.45764864069434,2.36483945891013,2.28821965329668,2.27965997716423,0.6370095,196.96172,"Low"
"TCGA-69-8453",2.85941907854587,1.72224741775185,1.88922781286478,4.09764517543981,0.525832794150836,4.86688186753148,3.8083853560351,2.97129081651912,3.53396172345237,5.92813183933372,2.22213860162697,2.2725174673263,2.34622732850536,2.28081990982099,2.23317939328424,2.53551520304765,2.4335490297805,2.52885051125823,2.48236120647457,0.057347,308.1589,"High"
"TCGA-69-A59K",2.38630659227252,1.41061246642075,1.51122574736883,4.48606156950826,0.413642910635066,3.72985149392891,2.61827967093286,2.5009815890747,3.01367768679217,6.00192690992284,2.05629966050126,2.05593665177977,2.09685055845255,2.11013251019864,1.96445594605915,2.36300605097921,2.2783466179659,2.32743757757991,2.39141540563037,0.18246768,362.4703,"High"
"TCGA-71-6725",0.762777537278225,0.0721744169243166,0.256713059854451,2.58777932284404,0.123639723123732,3.10431113276559,1.52732229141409,2.39042701245374,3.08191322980257,4.80160773967536,1.87590408924633,2.02009999453136,2.06377337353799,2.02151067998116,1.93314591239504,2.34213217138215,2.23063099709062,2.27056177648391,2.3929556832177,0.039555773,177.38799,"Low"
"TCGA-71-8520",1.82372459676725,0.725435791905312,1.01354834154137,2.5750855723339,0.263818978506553,3.88535717908026,3.20944202651456,2.78575278249542,4.05548160017614,7.80509138102575,2.00579621983441,2.135226293655,2.10385254563599,2.16684644485126,2.05468656560902,2.51795445213259,2.35848934196856,2.36063692926112,2.4863890252967,0.07415111,2310.7483,"High"
"TCGA-73-4658",2.71762818517993,1.38056322982246,1.61707885546901,3.41088746672917,0.364083408460452,4.70559806898694,4.53287885121566,2.80514110979716,3.97375067407629,7.79988122822937,2.24684219505923,2.23776251982934,2.3027437620524,2.29778019452478,2.24239045567479,2.40726224651802,2.37691457572067,2.53033241619008,2.5211054624809,0.04061778,171.84404,"Low"
"TCGA-73-4659",1.63843402490411,0.601696516480957,1.03836528905979,2.96563439099252,0.438784190444099,4.60106147126265,2.36039077668204,3.52260642265273,3.96503689285844,7.18653930440963,2.03026279410688,2.16717688897748,2.15240822989149,2.20371532678594,2.09730742429387,2.31651943746129,2.26548442099377,2.38415357876127,2.46094562167716,0.040241525,179.13885,"Low"
"TCGA-73-4662",3.0573654747114,1.76175332856178,1.40157028629122,5.08191397131172,0.383271139691135,3.92356169774619,4.06343945418897,2.47056211599888,3.15014678138342,6.46508746055631,2.1423381123177,2.13738487795801,2.14820544813481,2.20895385445242,2.08736517525855,2.41194211134778,2.3280141530706,2.38749306659725,2.41792134626826,0.041702017,173.32426,"Low"
"TCGA-73-4666",3.07744293794285,3.29192765653904,2.91636207797768,2.46796391409521,1.43114984349396,5.28855859805201,2.52772701892108,2.4772120221346,2.74593737772771,6.1374415454576,2.22956025704381,2.1955403459041,2.23215833821577,2.19516940309951,2.11196661796795,2.52264137315863,2.44943165993846,2.39811897321955,2.38360459523181,0.09840277,239.94835,"High"
"TCGA-73-4668",1.48117039341261,0.755827619222285,1.13307930668657,3.38302618824774,0.279549253715986,3.03380785528485,2.1312250169069,2.11305971717149,3.00591688774573,7.27599587509175,1.99436954225472,2.12377160639574,2.12952368063941,2.17693453330446,2.01610538816917,2.24258315185913,2.19355876082666,2.39156557559477,2.50190850356634,0.024825737,356.58643,"High"
"TCGA-73-4670",1.01378422396809,0.539233270866036,0.793060066742639,2.79207387964159,0.346798843407371,3.57826532083815,1.15587719668532,2.80137764091679,2.56355379562494,7.37130558219194,1.97530525997824,2.1104310367054,2.13060650722917,2.11006920312295,2.03452999193999,2.30384456097682,2.23902543317016,2.4208630171746,2.43123905809361,0.0537422,254.5696,"High"
"TCGA-73-4675",1.68516803787985,0.688225127327241,0.996554838750392,3.22748540261741,0.13860592287065,3.36247982107275,3.86149765103292,2.37461648297993,3.06280316855911,6.85033013173961,1.9680361480905,2.07809793780533,2.04440420410569,2.12194276346702,1.97628183998155,2.26331399217049,2.1800554506649,2.31084079781518,2.4431689883566,0.06300176,322.18832,"High"
"TCGA-73-4676",1.27213154140831,1.12227513613536,1.24846080504682,2.10620787155865,0.267817747545449,4.09359254107849,2.63466006832209,2.58696969659337,3.34530249705208,6.08926598817453,2.07752755283851,2.1658481730286,2.17258543234476,2.19224235041645,2.07807550365522,2.33782203030618,2.27275208708268,2.41427365438832,2.47169701861176,0.05112981,294.1259,"High"
"TCGA-73-4677",1.88501696218881,1.239642441879,1.28001663381708,3.52088169775169,0.303886952662614,3.46151520363692,3.48712737263878,3.22138159205641,3.54239000973233,5.20231353722403,2.0629603397595,2.1296466934926,2.10112433495623,2.16891912302779,2.03255477591949,2.29939853207669,2.22958628228227,2.35002460353456,2.44624998958312,0.024834454,204.27872,"Low"
"TCGA-73-7498",2.58318499113122,0.903346834982207,1.2606791033617,3.90346216059024,0.297156498786583,3.72125944513469,3.13325468871697,3.07352701232239,4.4910446793452,6.2891317207676,2.01019735213485,2.07851559943522,2.07828731890026,2.1523462407387,1.94704369704911,2.31460513602958,2.22604592439829,2.23825639366495,2.4748738422277,0.04279855,245.41606,"High"
"TCGA-73-7499",3.07594260029806,3.2813570068043,1.85213512309101,4.18402848820067,0.462221775402876,3.97363205570469,3.6271028720758,1.75397180115931,2.650260416662,6.04233022046215,2.20192520558736,2.17501522220087,2.17053865383638,2.16375417660417,2.04864012696703,2.51290050766017,2.40618328120762,2.29424423708112,2.3263800549687,0.0822088,277.91464,"High"
"TCGA-73-A9RS",1.68890443180538,1.07915620661764,1.1222813563429,2.93950714862579,0.619504174857796,3.27915364206505,1.09786624036987,2.1817494120782,2.2091826694184,5.40398849147715,1.91596212762058,2.0066007333334,1.9836919978421,2.03206221787125,1.85351506273084,2.3448090782405,2.2114518003976,2.24644021058739,2.29519467410791,0.10882889,231.7393,"Low"
"TCGA-75-5125",2.86497898665254,1.60426113947611,2.36468283415282,3.56578141549861,0.865950287935707,4.80574147283442,3.27703834135174,2.56592410232416,2.91976648227838,6.8056051954787,2.2135868092701,2.17359267359185,2.26369408613219,2.22124450640619,2.15795952219079,2.50056854189002,2.41758771673064,2.3940215656057,2.38134823703039,0.0844138,177.68886,"Low"
"TCGA-75-5146",2.73007425860752,1.76511036187958,1.37359837776579,4.71805084546723,0.430468769092081,3.54105528762429,3.30825688661482,2.72915493208555,3.29301801323001,5.0746047664651,2.12030587431003,2.12498864018181,2.14984764479358,2.17035416725115,2.05224719416786,2.36755806140434,2.28451859304391,2.31299672243043,2.46221749322485,0.03778091,475.98056,"High"
"TCGA-75-5147",2.60700168055739,1.37651266128848,1.25705490172768,4.6967242221956,0.228127925539425,4.0025765028081,3.02433239461971,2.3059911719045,2.68918606285767,6.49936188629649,2.13851264048215,2.18478110538529,2.20103675801875,2.18804936628041,2.13168278999464,2.54808642937296,2.41396193390544,2.36048095971978,2.39962920862189,0.09434786,253.40329,"High"
"TCGA-75-6206",1.82320105697485,0.721503907035707,1.07406353886929,2.66919233322769,0.344341612797483,4.38619940831888,2.88153110808073,2.67997880046509,3.87497675323806,6.39148722038703,2.06750701838838,2.11970942742339,2.13109588998676,2.17222482414948,2.06653861708715,2.38854516893394,2.29319944975908,2.36275756280621,2.52766567450589,0.045722097,195.52625,"Low"
"TCGA-75-6212",2.16020965402334,0.494057132313682,0.993922828019591,5.46617077768282,0.260691896445272,4.04287772517149,5.27868265038178,2.78378929322702,3.44887199086181,5.5938695659521,2.15811213651965,2.18777994262343,2.18891263325482,2.23269689845039,2.11752335732436,2.39859937432419,2.31438714980775,2.37975779298055,2.44434339793674,0.049752995,168.37828,"Low"
"TCGA-75-6214",1.54911617728994,0.895225054998661,0.821192406944665,1.60693167666253,0.256057090000669,2.72030944597211,2.49148308566856,2.57557424681384,2.18922913629789,5.54702133052434,1.92302742785726,2.10153897191104,2.02897249743913,2.10452230049152,1.97037929913551,2.40720908398107,2.27041692417067,2.33881828779338,2.46222800274479,0.061808243,273.08737,"High"
"TCGA-75-7025",2.640353859192,1.35326682449854,1.46270095914537,4.81683970828407,0.24590104659418,3.48172514516604,4.55609922978511,2.58186113542486,3.26826647228806,6.51506542658177,2.09978563758704,2.12986683602583,2.15516167172554,2.17204608230324,2.03298986732806,2.44552377489247,2.34363373187954,2.36036425509223,2.50838778069374,0.038482875,308.6316,"High"
"TCGA-75-7027",1.64703889931897,0.81483749838881,1.23251269247799,2.96797552377434,0.4654105277106,3.97725360921154,1.65694347561487,2.70080886352898,3.14539066548629,7.82334675332642,1.95674220469721,2.08769303510105,2.02330092985482,2.14165297515737,1.95056329537295,2.26493702133667,2.21006515456246,2.36845607283362,2.47391162778146,0.06725964,243.77313,"High"
"TCGA-78-7143",2.6519031455979,1.0894981508391,0.955526977931777,3.76270931457287,0.301071693435484,4.17199031099916,4.58715847832323,2.41505930297396,3.00511551818228,5.29311268043186,2.05960650079274,2.12265401980448,2.10639200197303,2.17434057300488,2.05191120173918,2.53167241790611,2.3676726563466,2.35009543269733,2.47141806325257,0.07054655,1347.0006,"High"
"TCGA-78-7145",1.67758079432055,0.246833687910542,0.74429106452492,2.88510849924282,0.0809684392407186,3.87512276110292,3.41694346210401,2.40909397102423,3.46814911445043,6.72223519770445,2.04844996244758,2.17776110272679,2.13692047787875,2.18797855743139,2.10904518018688,2.43724994611468,2.30762752972392,2.43007776161227,2.52260535911007,0.07337514,276.11047,"High"
"TCGA-78-7146",1.92040540945095,1.05422334733715,1.16465457526777,2.08315775421326,0.322933745848141,4.35884427762649,2.28323009426673,2.29379532009121,2.62437842453479,6.3369594850274,2.05488656550022,2.10592286270544,2.12134634404979,2.13206149693306,2.027707935459,2.46224730360025,2.32414002437046,2.3968606031372,2.47888037751798,0.18148516,2528.2532,"High"
"TCGA-78-7147",2.2030833850972,1.92257845650856,1.28769662586442,2.4459801379366,0.26275452625257,3.2351686391556,3.30246221362798,2.15462701766186,2.54633886180837,5.19936351817948,2.03720987866012,2.07959158570658,2.06682823522318,2.09682354058535,1.96369070404705,2.48251462750005,2.33484306740725,2.24771725956217,2.39882659947049,0.046499655,711.96857,"High"
"TCGA-78-7148",1.99572434238866,1.80512733083907,1.86250401056794,2.67988232508019,0.375251888796122,3.63544447663445,2.78738216471783,3.12716269192793,3.51418521232084,5.77928392768674,2.08432771844688,2.15326468714251,2.13910458560198,2.18904763234964,2.02201303679426,2.41269462410016,2.30965535786902,2.33026979544538,2.4707039341076,0.040311664,202.50043,"Low"
"TCGA-78-7149",1.15643025303013,0.568907674127396,1.24551719345858,2.96997381455876,0.33487376236444,2.33159414743102,2.11682269382958,2.45758755771729,4.37219474248464,5.43022820158624,1.95035675758227,2.05960498447743,2.02107179625705,2.1103060192979,1.8826500044434,2.26476310607089,2.16145727088034,2.25211392152879,2.44042105472245,0.02515681,172.55171,"Low"
"TCGA-78-7150",1.52977017639151,1.0164963198962,1.39030692665858,2.62753806540345,0.252118347152465,2.77284564263378,1.56682260859653,2.55008836902473,2.52579520594506,7.9998444509033,1.96670112637824,2.12922611999417,2.04963767500613,2.11407049843505,1.98323133471405,2.41796693946951,2.27509110544648,2.33976690323443,2.47724540494982,0.104080334,210.52885,"Low"
"TCGA-78-7152",2.4764626728776,1.53057020390253,1.58131274986405,4.95826548162979,0.315751398378871,3.26258448143692,3.30711485474063,1.99461556398728,3.36402688969065,5.75825928166524,2.1363827548991,2.14819810401137,2.15622151039689,2.18428614198709,2.07385464947068,2.42581835674815,2.33501914579563,2.35290531003908,2.46298208785314,0.022685155,177.44838,"Low"
"TCGA-78-7153",1.43954763066221,0.905350899580958,1.06497549879615,3.61745319918825,0.210778721520372,2.23313754806154,2.2161944151234,1.77221345891911,2.53049583804898,4.68188636858185,1.96631256979151,2.04205340697575,1.98284191450207,2.07312204018737,1.89525074398764,2.28042411001553,2.16220951416504,2.21207632352543,2.4306336645147,0.028022721,197.75339,"Low"
"TCGA-78-7154",1.6909233785805,0.888616627068146,1.40714639249568,2.64091846295764,0.482516083638097,3.55975212845734,2.17481940079683,2.60818667845777,3.47019367935632,6.08894961458749,2.01182538085708,2.14721969774643,2.11986293662474,2.15691853012892,2.02904769290421,2.33013755221469,2.23365280013529,2.35299888294582,2.41739320251261,0.096829504,166.51683,"Low"
"TCGA-78-7155",1.81110703333379,1.40838579140641,1.49433808185756,2.14144849810824,0.180206700013961,3.31471864492347,1.16755988220554,1.33444124024422,2.58929540838856,5.2828238918662,1.87845291201135,1.95912286707805,1.91269791305399,2.01998678250786,1.80095748803861,2.02980678909502,1.99735692720917,2.07802481885058,2.39972039199678,-0.55915177,534.96655,"High"
"TCGA-78-7156",1.46571119583783,0.788769221657573,1.23383752629933,2.28755272647791,0.369793897466116,2.59915837070251,2.31474505207473,2.90571157097516,3.92862351659864,4.29710384611317,1.88422537023438,2.01524491544723,1.95342203737536,2.04903906654391,1.81667692698945,2.30109371613035,2.1806184049158,2.19174300897927,2.4330393801866,0.06265508,2001.0726,"High"
"TCGA-78-7158",1.6066139542301,0.656267534794289,0.642009467005849,2.57176430340603,0.259106449002638,3.12824435100176,2.82114418904433,2.31213538938523,3.20691839636814,5.43411254773921,1.93754081727827,1.99527261610724,1.98698396392048,2.07241549491047,1.89983211925464,2.32184008337053,2.18044919470765,2.21522003827899,2.41780606366817,0.105722666,287.72052,"High"
"TCGA-78-7159",2.18094036716428,2.47791041924365,1.16783248621523,4.35766225481345,2.04972047214414,2.71316062407338,1.07476932029379,3.12744181256594,3.68562908509768,6.44758373069838,2.03736288051601,2.09732526113346,2.16369538044927,2.1384531060432,2.01877132205715,2.38223696741745,2.28195111299127,2.32809341460703,2.4614194916518,0.04840067,182.81674,"Low"
"TCGA-78-7160",3.05167336794254,2.56637680032112,2.26174333853503,4.01134676801899,1.70394564661353,5.30982850989147,3.60027468880463,3.55300175084969,4.03126566025848,7.08055926876798,2.19656274802669,2.2095612675291,2.22830059534757,2.24550660301059,2.16385387905068,2.43945555267248,2.39169819884746,2.45085439301428,2.5289449576661,0.06489974,175.75739,"Low"
"TCGA-78-7161",1.28782310034189,0.508428652531857,1.17274117271897,2.36627079112202,0.270670590388742,3.12102870893116,1.36494723575016,3.14882380308497,3.64594829178731,6.41503917315999,1.81371991146078,2.02111551354927,1.97482218892242,2.08679245226999,1.88158294949609,2.33716356483787,2.20420486822122,2.29677621392343,2.52026469416888,0.051014654,185.62062,"Low"
"TCGA-78-7162",2.51763507536579,1.9220836463798,2.18168645171086,4.53972725740533,0.702940578380607,3.81002387891702,3.52683155264558,2.81567517937153,4.8714160963469,5.87475648970257,2.1380564726201,2.17630802767282,2.17333732156456,2.2199108421389,2.07340367420075,2.38562278885209,2.31453622999897,2.34074387346006,2.50819577827686,0.04049182,502.86508,"High"
"TCGA-78-7163",1.52610639137552,1.22397851369047,1.26377697860537,2.88312796215846,0.208266207110044,1.93697136073979,1.87208236000977,2.51723504952801,1.94255086018249,2.77618831752154,1.92170569324927,1.99980428543763,1.99767826347912,2.0743889472944,1.88106904322217,2.35325465371499,2.23923776702358,2.23161356313173,2.405247106679,0.075088054,1498.5426,"High"
"TCGA-78-7166",1.28415895394244,0.349591742556752,1.03417575674533,3.32021105589637,0.367301722979883,2.34005516500656,1.36064596519901,2.02669201126413,1.81389470427827,4.57729496119395,2.00875512019237,2.10039355616494,2.08913256191778,2.11053450594674,1.92443347830121,2.37204735629186,2.25775343588011,2.34023281438356,2.40233698627129,-0.052667588,608.69446,"High"
"TCGA-78-7167",1.72643105967891,0.707613134492354,1.12508071831112,2.74868417728283,0.241681899868372,2.88932864159833,1.97727123818598,2.81758446268721,3.28564940070872,5.79233455451593,1.85693552018186,2.01170697350837,1.94480318719114,2.03846746075642,1.79315045605944,2.23900265486052,2.10987924122683,2.17950879459757,2.49741422707469,0.04559201,166.41139,"Low"
"TCGA-78-7220",1.6830145810389,2.31170654321416,1.69492935377664,2.17308072844568,0.476840390255523,3.04257876702491,1.66746104769882,3.23715262683959,3.56368665855853,5.72692672775918,1.94252921907804,2.1250196657915,2.01501446862071,2.08677538076178,1.94331766839035,2.36974734867752,2.22321433558078,2.27302527532056,2.45633527724349,0.2933886,1020.5195,"High"
"TCGA-78-7535",1.02450227762964,0.426962447758552,0.937834901552786,1.74386036027768,0.222834495890262,3.61896703690426,3.71464642796257,2.18603929623477,2.43302045617481,5.07504223650835,2.02450820823383,2.04755310519251,2.10798206335254,2.0801270022003,1.99513622281305,2.3397973185487,2.25078605005994,2.33363082891563,2.40465349400145,0.04188977,172.56218,"Low"
"TCGA-78-7536",2.27847332169745,1.22626189419121,1.28078810867816,3.08934815651497,0.395717341742286,4.27475884031827,1.13261236121201,2.16515935736952,2.53158058125393,5.16447058680338,2.03781713513081,2.02249967143929,2.06850319906977,2.0910561907651,1.95797486028012,2.35330817833621,2.27223871301405,2.28239534653329,2.4203328598873,0.2220884,495.57922,"High"
"TCGA-78-7537",1.61272625631291,1.12842538902884,1.19311708693727,3.3138676467823,0.186073558441398,2.59191254167685,3.47701616139832,2.03419690193505,3.38996495666528,6.69218518238313,2.01950667254496,2.04901392379786,2.09744897815615,2.15465557118449,1.97849930265963,2.32067059482243,2.212263048238,2.26114479693357,2.44215377687279,0.013470963,180.64366,"Low"
"TCGA-78-7539",3.12239814248666,2.59738814903911,1.86304536239792,3.50594434575608,0.446445306089561,4.05157237507761,3.93641085728374,2.63398163390729,2.54762517475889,5.76895224072208,2.18336694765708,2.12802330329556,2.1659781017298,2.20692903703453,2.07831243515607,2.51473264346727,2.39760924682301,2.37352168801596,2.42713628870893,0.07972052,202.88057,"Low"
"TCGA-78-7540",1.33737415790772,0.495183477908335,1.10210614977691,2.91335800270903,0.348191153838451,3.25398598220183,2.37266429848304,2.12436840337465,3.09960222869242,4.25289295563578,1.9953890797752,2.17480947848807,2.12312873131378,2.15227369703477,2.0220642634728,2.47863259529515,2.29711546538803,2.3560326147505,2.51248075365491,0.06226334,402.01105,"High"
"TCGA-78-7542",2.15447639559449,1.32152408371171,1.6137861464317,2.92970821685075,0.51911312511466,3.2092394607943,2.31904728010927,1.86632448382891,2.66979439460671,5.39674781097527,2.07348355586785,2.12072746652877,2.16715339004007,2.14140482879169,2.05134779146776,2.59111574050565,2.42636071063641,2.40957052219855,2.42773679191474,0.12792017,206.45636,"Low"
"TCGA-78-7633",1.17041820915706,0.28226186658765,0.820787112753663,1.65457008844185,0.220945439072179,2.90558315288784,2.21083215839509,2.78224189734359,4.59465518411291,4.89031739287874,1.92865698253835,2.09580865446648,2.01733090770689,2.1280657179235,1.93900330566098,2.27036296982931,2.16453952278788,2.27318251511443,2.46214765911026,0.0541974,192.7208,"Low"
"TCGA-78-8640",1.77118447583223,1.02410687662244,1.33925558575144,3.5653915337499,0.344353879178598,3.39967811790019,1.72445832442818,2.33606575327347,2.51825168892288,5.36844726938895,2.04662351858237,2.06274004253468,2.07898785137837,2.10140054955127,1.95216416004737,2.35886716862242,2.26358289195701,2.25744305078993,2.35306774376405,0.05106561,200.31853,"Low"
"TCGA-78-8648",2.6978395597735,2.46110941506525,2.18513948594503,4.56726635677208,0.967304193478057,4.9252784806982,2.40736502134507,2.0351300527318,3.99415739163379,8.85859833877454,2.28568368283675,2.24688072478263,2.29606788150175,2.29367997829918,2.23080506280506,2.42390159764478,2.41492945820265,2.5103228014581,2.50325977998851,0.033519387,514.4282,"High"
"TCGA-78-8655",2.37696197834662,2.11619838466359,1.81328441623301,3.56064902284936,0.408423335183085,4.15799570539607,3.46075303311957,2.76279061326508,3.72831267205021,6.35506526676557,2.15491062935712,2.16754795244585,2.21958502760963,2.18996156266297,2.10258816339131,2.46994916463136,2.37509275750746,2.3744910544443,2.50158617630981,0.038856134,280.94354,"High"
"TCGA-78-8660",3.00018417576828,1.96121583440321,2.23398894220653,4.25487788288624,0.824022577051192,4.86239846662071,3.08901711754368,2.46403208313927,3.4083117413549,6.22415821553588,2.20094490620411,2.19102955210016,2.22299427561894,2.2182291553507,2.10033044094736,2.41893939891294,2.34510852634343,2.3799052858915,2.43443546825573,0.054820776,176.42868,"Low"
"TCGA-78-8662",1.49787858808669,0.734915511304585,0.80289043262602,2.12308370965033,0.147303475987038,2.45577711923452,1.58524376143862,1.76032284654203,3.02434158378001,5.44447621892175,1.89095958461213,1.98579071944782,1.99190359133181,2.03555134507802,1.87830985749996,2.20102521446259,2.1197930734799,2.26691926432304,2.35906450862207,0.08984075,990.2742,"High"
"TCGA-80-5608",2.06370613045997,1.83782217149296,1.47131513055851,3.0147681484525,2.07138785232426,3.19107419652393,1.86165378693525,3.10108007202827,3.03976023943294,5.18639791085531,2.01963171670255,2.14993302272029,2.1284072602968,2.16682677346961,1.98496978153061,2.39592142776573,2.28955408490992,2.32189125090368,2.45238581592969,0.05365113,1098.0089,"High"
"TCGA-80-5611",2.23354334426252,1.13343200698073,1.55376528204147,2.97976446561864,0.533135269851796,4.87410081802033,3.11999440702024,2.09439536030856,1.95848985453393,5.41513050440022,2.16286592339232,2.15687839988002,2.2068170405817,2.13791962524346,2.08064948581665,2.50658485100294,2.39957560079316,2.34350056350177,2.35421215932717,0.09506669,333.28778,"High"
"TCGA-83-5908",3.78987760095869,3.8822224057616,3.56388145199517,3.42423050516281,1.86725764708474,5.03488944266653,2.87737828830238,2.2579695928036,3.25487675556428,7.46056670035484,2.27280037482264,2.19633168182447,2.24904477804483,2.24853816822668,2.17696228486228,2.59884072321568,2.51262163641581,2.50798235015312,2.47053793155659,0.18064696,265.59842,"High"
"TCGA-86-6562",2.03889179987211,0.586116195337526,1.49682854564486,3.1305775211595,0.354194620482816,3.97281237328645,1.89318345677322,3.06413313845742,3.76073608425441,7.63360569713079,2.05837148084033,2.16504731059882,2.1681530331581,2.19610925082455,2.10484297508927,2.39676130407847,2.31392162658381,2.40566546373556,2.51312764031916,0.04219073,256.52472,"High"
"TCGA-86-6851",3.47155277610416,2.16661904786798,2.72484907483291,4.89333896475783,1.7867277056976,4.48407884077754,2.53918170090463,1.76066679719721,2.74451215850627,6.35766328913331,2.23480966403565,2.16258318009541,2.24786397952231,2.22211825930244,2.07725059852293,2.51638735887141,2.45025503113128,2.3522473127106,2.39930464204711,0.038773984,179.62569,"Low"
"TCGA-86-7701",3.20638793427702,1.59703052403025,2.19910453315914,5.44183163612756,0.997751957346117,3.81213941054253,2.79767614122584,2.78844637353635,3.3010631568551,6.62056544131321,2.19611410346456,2.17384978264675,2.21797897690155,2.23248036454892,2.08348456018128,2.41341735242892,2.38181789528877,2.36713463733109,2.46658683247058,0.05855938,263.04904,"High"
"TCGA-86-7711",1.51505352542787,1.1510145087131,1.21140497821207,2.96048022228954,0.61232769454606,4.83785495001401,3.03985770802639,3.04804965110085,2.66432262515911,7.09631533616535,2.15315456897795,2.16697655509383,2.27888088213456,2.17073472587047,2.19559814956904,2.39375478304382,2.34309860456706,2.46628922497723,2.44739328643025,0.06979793,166.4578,"Low"
"TCGA-86-7713",1.84008107236434,0.883777197516206,0.938571350705536,2.9763689271614,0.499900024519988,3.77930819767137,1.34065850159875,2.79894555392856,3.54320411537339,5.32964911115325,1.93338740447273,2.04666822033621,2.05942206867433,2.10001617303884,1.98334508644312,2.37012126572973,2.22931976934333,2.25645859297863,2.45498280752037,0.18673833,313.43027,"High"
"TCGA-86-7714",1.80934254509018,0.597602681499927,1.13706523575229,2.07936350053084,0.114556081614591,4.26682126959369,5.48300669855283,3.0480571425498,3.12923569021555,6.33341219420634,2.04394693590624,2.11061387538675,2.139730421199,2.15788199753577,2.03475465490107,2.44604365679948,2.32051164456972,2.29383283056349,2.47627799071068,0.051786177,235.10225,"High"
"TCGA-86-7953",2.84019084848404,1.27584142314061,1.47853968411728,4.13940493520606,0.324365520148096,4.76536061912953,3.80339602163737,3.00626439453204,3.37381917936955,6.39438348180105,2.16736753300722,2.16442456751838,2.19815056207707,2.2317571050832,2.19058431503547,2.40484400919652,2.3441906059348,2.47842266586882,2.47960077351416,0.13337487,190.0192,"Low"
"TCGA-86-7954",3.188929876027,2.48527224442021,1.99699169012732,3.6866404414907,0.763328110033134,5.29340326711563,3.18996895062522,2.58024233089735,3.59169875786272,6.56575216133824,2.19909657746435,2.18674587268321,2.2675850291709,2.21722665727031,2.14688533244955,2.63821993114114,2.50642142848132,2.35283235527821,2.41637555779957,0.18613663,172.50346,"Low"
"TCGA-86-7955",1.04835498636766,0.41435205632883,0.912610397975887,2.80365128437176,0.34294824424754,1.82740926939217,0.723294980714822,2.02981168757869,2.16448532493841,4.53511872292158,1.8115730466568,1.92035077027068,1.88612203311674,1.95819951159741,1.78890406484917,2.30897587495715,2.1434993685107,2.17218683960903,2.32278409252918,0.11763352,2014.0575,"High"
"TCGA-86-8054",1.75975144046522,0.824971465456226,1.03551067015536,2.60141427450786,0.448455096755108,3.25019355170288,1.60335185183423,2.77425334586388,3.63030185349413,6.31703355121374,1.90210412494627,2.04370892901163,1.98713956591669,2.09858103935887,1.92146526485374,2.17364629667641,2.11337972461986,2.24352084896833,2.46308142644943,0.29051903,995.7682,"High"
"TCGA-86-8055",2.2287472167612,1.09788043405191,1.24566263720544,4.1659074504701,0.258498783788376,4.28980029090223,2.70035309785764,2.35724173873593,3.59273439700843,8.46629827659736,2.12662554621121,2.18610884040098,2.19488491325167,2.22463244039759,2.16527393412095,2.44053339243916,2.36734133749711,2.42982299233991,2.51241966945721,0.066610046,469.44388,"High"
"TCGA-86-8056",2.67076471266581,1.27297869537357,1.60263161779935,4.08556399305979,0.614000441513979,4.36105640122977,3.82726657560034,3.49964679692365,3.94220290303116,5.76003363220671,2.07847263111342,2.11463878555664,2.16318813548517,2.1622656043694,2.08041192278123,2.38882492701837,2.29141434804482,2.40912191832211,2.47748771277078,0.12762673,319.8752,"High"
"TCGA-86-8073",2.24076577256458,1.24043645707787,1.26998828254205,3.23560293389581,0.400571959435818,4.50908107284431,2.82160171379406,3.13756803730126,3.80605863829368,7.36088156173273,2.03384685334672,2.08769557351745,2.09102160833194,2.13500839013831,1.99540333712144,2.38563306278982,2.2803004561705,2.3161242148088,2.48804216986864,0.12619475,165.24907,"Low"
"TCGA-86-8074",2.35064797446248,0.884324398372715,1.32365222620496,3.2994988100189,0.371208505537144,4.09798259024675,4.00954815372527,2.31443446827166,3.25385533913351,7.85961518057665,2.10837364460652,2.13739132167233,2.18553114624852,2.18307550815174,2.12544489872298,2.50334760320736,2.39063229093243,2.42917133265097,2.48165351370805,0.10706312,187.9564,"Low"
"TCGA-86-8075",2.14188969927457,0.747774071742705,1.02925216447449,4.08139734588983,0.330794973314895,4.4388727838072,2.6781491422091,2.28966424351362,3.65021363631954,8.23875729331542,2.11563728562184,2.18101068747969,2.2221484472728,2.23644586629496,2.18366461871359,2.50266346673963,2.41382623327879,2.52758107806421,2.52783617130831,0.070967175,194.98158,"Low"
"TCGA-86-8076",2.92996977889734,2.77097700716701,1.7160306740487,5.077856826084,0.483464114898831,4.23026163895975,3.94967757936662,2.81397653562834,3.23544985250877,6.25683875965163,2.21716902836762,2.18780523164506,2.24802605400458,2.23053181606936,2.13459449258258,2.44336026601928,2.39655104963097,2.42425238559598,2.44959785732207,0.016396582,189.80719,"Low"
"TCGA-86-8278",2.33317846169697,0.910041844653247,1.6885515546849,3.99569145791927,0.334552636426457,3.89765043830216,3.24408453450672,3.14571806033663,2.79041641189,7.30589935459731,2.07934577751888,2.1225552176512,2.22366535449882,2.17024183652364,2.0752309384546,2.47708162488426,2.36025589679521,2.35786945682,2.44917827101051,0.056787312,458.416,"High"
"TCGA-86-8279",1.59141157014198,0.377734578239275,0.821925087578019,2.75912730481749,0.225377732014565,3.53616167048333,3.624844196336,2.45681513280047,3.13851471221514,7.59744358704696,1.93816473583423,2.05569654473112,2.06781984778416,2.06623345324994,1.92748081514148,2.29424693086777,2.20756977749552,2.29600394769469,2.45793676685494,0.06994465,1639.7307,"High"
"TCGA-86-8280",3.30250421101407,1.5850586771847,1.56543895907092,4.907075470487,0.386812634593355,4.32344597761877,4.28959110446018,2.62687256468075,3.90185238932203,7.10158804603935,2.17118614020332,2.18208811890362,2.20156894376291,2.23006341200931,2.1066245280756,2.45803703092555,2.37907965096631,2.37909470151661,2.4696442025817,0.038498998,1793.901,"High"
"TCGA-86-8358",2.44181607860199,2.39752917971139,1.93933672698087,3.71484256723004,0.665518387994171,3.61406067178456,1.5372262586628,2.42611944752123,3.15303717094195,6.75467405878389,1.96871179045492,2.06162553538583,2.00045331168906,2.07993173944392,1.842560985864,2.29232051867251,2.20885825926122,2.21899493132002,2.36215997450528,-0.32842216,419.8192,"High"
"TCGA-86-8359",3.01109787441553,2.89427452879493,2.38208190313131,3.08257908103773,1.0556251826636,3.55124983770536,2.18788956729571,3.08508047344151,2.60266860311948,6.21731090123342,2.16024034969154,2.17293616801311,2.21459343906732,2.21205646000707,2.15435726074482,2.43763948106894,2.35982344677831,2.43800357498421,2.44900469810688,0.039634213,254.55092,"High"
"TCGA-86-8585",3.02911112081927,1.93440327058617,2.04232966074469,4.77669680967942,0.59720340730957,3.94131766206991,2.33265026756063,2.14033590772585,2.21055510446151,6.1255867386624,2.15865688534282,2.12081101870173,2.17033289748995,2.14247622240416,2.03847868043251,2.37186943551041,2.30918505615268,2.35780629585339,2.38295477313019,0.09062191,406.03275,"High"
"TCGA-86-8668",2.72718759670655,1.14489476425503,1.3994013271032,4.76287565196439,0.359670045038134,4.07620446012055,3.69998836318998,2.55899828674108,4.13739341960541,7.09035799063643,2.12356457939861,2.15675835827896,2.1768382730111,2.2021682235121,2.07552490445783,2.39278645898283,2.31808626149106,2.34235298285198,2.48447961756615,0.07385816,298.62637,"High"
"TCGA-86-8669",2.54733066284301,1.14189050912319,1.4302318476639,4.15221710230105,0.370349468083862,3.67440677850733,3.4347696976492,2.50414741545081,3.25578348357385,5.2125628049059,2.07078493369198,2.15034953467719,2.11914899736792,2.20823737937156,2.04498689237765,2.32271497900394,2.23170758171466,2.33218517752485,2.40074727481902,0.11638874,250.83687,"High"
"TCGA-86-8671",4.25243744298201,3.033581579147,2.82219524361952,6.32047852955126,0.952115439029613,4.95500808638429,4.56098071808567,2.63079549762411,4.03064550465465,7.48626323743629,2.31072784655398,2.24217505662114,2.33374106765652,2.29484946359909,2.21843512873692,2.58580725093169,2.50731076305134,2.41983537794437,2.44141616606913,0.08210475,756.20074,"High"
"TCGA-86-8672",2.7736192921149,2.29130885982897,2.08636629882055,3.47508774789178,0.542022466847576,4.49993877666018,2.61448441570552,2.16129261042761,2.54179252499899,7.48822725111915,2.18404727609934,2.16206840238556,2.20611966197845,2.17662398661899,2.08213887045888,2.46113910119751,2.38530057149993,2.40822582565747,2.43921413061855,0.035916388,585.22186,"High"
"TCGA-86-8673",1.95121059792295,1.55311470811523,1.67667142964042,3.12097830001742,0.441962814548431,3.43314259801156,2.82272170708201,2.36976551867697,2.8143912471382,6.63278075151613,2.08331054360282,2.1041676159136,2.18529933434601,2.1286576812805,2.00645616585449,2.37900311822056,2.27675787121372,2.32764143777732,2.4136379096069,0.13604021,164.54901,"Low"
"TCGA-86-8674",1.35073445765306,0.538041453333664,0.869242045273683,2.83050423462181,0.206939153248394,2.81191827483239,2.36807870659611,2.63652024056359,2.77055495446941,5.65444451836215,1.90047821631821,2.04582404420382,2.02550115267267,2.07073815494677,1.89326064002985,2.27483509674607,2.17290095897327,2.32352802319395,2.42289806051429,0.040134832,169.84428,"Low"
"TCGA-86-A456",2.47915888271723,0.853596506202512,1.54560453204831,3.14333287170731,0.215987457799802,4.49724306908477,2.46704949174716,2.68268522453032,3.42261953600121,5.8419950317363,2.12505566883774,2.17274741841445,2.24659603793872,2.19294182580183,2.15228200575892,2.60722839102222,2.46679082812636,2.51300449901668,2.44220926957133,0.10383287,194.26448,"Low"
"TCGA-86-A4D0",1.82529736878484,0.565694651955805,1.56497692111917,2.98235363932229,0.434787057632397,3.22143795313554,2.00801271206901,2.17080427337205,2.16149620926373,4.72015271535527,1.93744922877084,2.08634980097845,2.02640927339426,2.08339978123838,1.85811475653551,2.3377447329449,2.21138504134941,2.23559654438958,2.37944172388709,0.12461698,530.14026,"High"
"TCGA-86-A4JF",2.022248066536,1.38476821163377,2.36163460374676,3.40383641559268,0.494222894596965,3.9758064590383,2.31221270928244,2.24094815921825,3.20215988145031,5.71892024365606,2.16449116383098,2.15305833732496,2.23446209128992,2.21083668947049,2.13191400625173,2.59735232983943,2.46627226381608,2.43068077159513,2.40852205205393,0.038200364,216.55678,"Low"
"TCGA-86-A4P7",2.81466611051156,2.00601071314472,2.34438459467757,5.21737341104337,0.688681396952194,4.33275456314589,2.5764149644868,2.60011450600593,4.52572541539621,6.4855453608139,2.15360818806081,2.16262677957194,2.22471902378884,2.22144341752474,2.11264923615143,2.47104900345377,2.38364549899606,2.41566214920464,2.5064791792566,0.04046996,185.52652,"Low"
"TCGA-86-A4P8",3.82396200867201,2.55161444975256,3.19503824653263,3.67118259115673,1.47997755702601,5.14895244094473,4.02918787466178,3.1402853248114,5.13026936479617,5.78551839182451,2.19874893806875,2.1884012484806,2.2843693104697,2.24974685126887,2.15647223671491,2.5297870919391,2.44012581297189,2.45097765947578,2.53491918184222,0.13535047,173.32,"Low"
"TCGA-91-6828",2.91095170550689,1.82480857790486,1.93806145056237,4.28241625681594,0.733940770779954,4.82907421424193,3.49587877888185,3.53498868375813,3.99791185279557,6.54982793761027,2.19892031211458,2.2075070817509,2.24145150128358,2.24177009202124,2.19129085923567,2.4348495346038,2.36445902233964,2.44988622949028,2.517337229323,0.060603857,473.84113,"High"
"TCGA-91-6829",1.64389281153728,1.44100533498995,1.32009344440896,3.32333656783257,0.572390135834758,4.60279427863639,2.22385096085352,2.33471975462541,4.09446853380298,9.34426846846709,2.00804484143557,2.12455020388564,2.05471081052862,2.14538044793878,2.0208386424413,2.38999085638656,2.29042706706462,2.28769207671141,2.51898039982749,0.6013258,185.64145,"Low"
"TCGA-91-6830",2.7241664444372,1.94875034182445,2.17069236402806,3.9917995257772,1.18661139347512,4.83101200301441,2.57416066862466,3.80839804433866,4.65398530755283,7.10422288210776,2.13340515854351,2.22667305357681,2.23212872540956,2.21439175100214,2.12249655729657,2.51476488986148,2.40659867173593,2.42988035692923,2.51492348195737,0.24877852,842.8445,"High"
"TCGA-91-6831",2.03123295094474,2.93153178359412,1.26321492148319,3.74187112162227,1.07101304069432,3.90639157200848,1.67884632344821,2.76788896119231,3.02733427009337,7.49470683394666,2.05476892861061,2.10226831702477,2.12080532926291,2.13713312041536,2.03849938605804,2.34291952152076,2.29629909940286,2.3223281130904,2.47576188751813,0.05984936,336.75058,"High"
"TCGA-91-6835",4.10951363119988,3.6614759907368,2.66652632970627,6.14203647674544,1.0708375330321,5.60035252126413,4.36621964841142,3.36956818358322,3.98208480218329,7.11477714411604,2.26576490823648,2.24149335711686,2.26925259872876,2.29545555758364,2.2027287823299,2.55125352496567,2.4703185769202,2.43664964182995,2.47699058945199,0.21722256,650.2564,"High"
"TCGA-91-6836",1.85017296447308,1.18269229751619,1.51936790720172,3.27501031964386,0.626346561286858,3.0721943202922,2.04638223494423,2.41368075940795,2.76120946302477,5.77539433727978,2.01348685036727,2.09852460801681,2.09406159168238,2.12046165324861,2.00128756894049,2.44230179713293,2.31933702780783,2.35244511992177,2.40704053499947,0.12436463,176.1796,"Low"
"TCGA-91-6840",2.77264633689078,2.10698476075061,1.826464735648,4.27739032991979,0.416002642025959,3.80707659904121,1.97407092789252,2.40187136041751,4.10252860861339,6.05514773200144,2.06391430914725,2.09336336435041,2.07897986790463,2.11702027314274,1.97259407059534,2.52302648693676,2.3570377153834,2.25796841513031,2.46860603549375,0.45834744,274.3608,"High"
"TCGA-91-6847",1.18515184205492,0.34300978255439,1.35733156001181,1.6503712377981,0.833550586896178,1.66567628877729,1.39679196303575,1.97379594467606,2.17043764948852,4.29048453103043,1.79392990073005,1.87863811800035,1.89776475510657,2.02065825329551,1.76940447778889,2.35229315632827,2.16236584225166,2.20344400035407,2.47263424474873,0.13243513,213.3075,"Low"
"TCGA-91-6848",2.84808918982196,1.9247460074871,2.1670840563962,3.93293626431002,1.0512410362538,4.96352876804554,3.01226283353413,2.11709228600326,4.49208017251932,8.20806075602279,2.24800453120178,2.18887167703841,2.29114570370296,2.25895837729851,2.22097987162997,2.3791522703047,2.36156630193872,2.4913960892185,2.46142733054624,0.29599258,170.88545,"Low"
"TCGA-91-6849",2.06715808744476,1.23388806017428,1.80000002134064,5.11384537846881,0.406296249395275,3.73089950957049,3.2866040524782,2.70485526309022,2.94553818697251,5.56083537431316,2.13158828442372,2.1754381921935,2.16849234359675,2.19625516875731,2.11568570650442,2.30226055038924,2.28357201202337,2.46590746858619,2.51628035276794,0.023126185,318.81873,"High"
"TCGA-91-7771",3.2215532440517,1.98269245909001,2.03874015718716,4.58873671745681,0.771128763477239,4.47651851762572,3.35487255343577,2.67751935740758,3.77256141055472,6.16302533049359,2.20598515465631,2.20536932420883,2.21922706215671,2.23748045285343,2.12649561610037,2.48394146946991,2.40181578797612,2.44129713628596,2.49752105447362,0.04846835,238.35385,"High"
"TCGA-91-8496",2.03467241709085,1.29542916670396,1.59404805195848,1.84281281024889,0.383400236497859,3.79930734783085,4.20880434747007,3.02635294910882,3.13073659519364,5.2377245652689,2.13689425249109,2.18472570118725,2.20405276017424,2.19007076029948,2.13031325172894,2.40596358031371,2.31748697761376,2.36601823930939,2.46126937275579,0.030752465,610.8046,"High"
"TCGA-91-8497",3.17770193694455,1.07155675141204,1.46691445588696,5.91225705010202,0.570573517730949,3.81138118356017,4.09413781735911,2.76301197243461,3.8770536907205,6.05586920200745,2.15444915507212,2.16991550538945,2.20581411801964,2.23516530734788,2.0779679608606,2.38591469679876,2.31358959603531,2.35800049688488,2.47946229691577,0.051018782,193.58868,"Low"
"TCGA-91-8499",2.48847519730416,1.39665272752002,1.77448271666817,3.21125130118838,0.509622839300073,4.35236728995712,1.90409345485476,1.84766623156737,3.52027314534892,6.01912649776551,2.01386877326796,2.07456620188309,2.0435680948449,2.09351742205496,1.90768146376163,2.24125941883882,2.20118603844763,2.21682129497295,2.3466241086783,0.26008093,664.8076,"High"
"TCGA-91-A4BC",3.33920141839611,3.79692994263851,2.4875208052064,4.0419602632649,0.786742513616874,3.9392548056242,1.22286443552836,1.88237596260304,2.8132858135522,7.11574106498397,2.22325787115297,2.14929404383021,2.23184043896405,2.16222342754538,2.06188947999476,2.48366719081386,2.39953174561084,2.34352390778199,2.39943271682577,0.081435814,1270.3289,"High"
"TCGA-91-A4BD",2.05136091860794,0.480988873478695,1.37635529774471,3.1224681472772,0.259841283191514,3.65646621144239,3.41026675041116,2.50516609838469,2.52861102042085,3.75967645707046,2.0902101575875,2.12959264151328,2.19650643594398,2.17064986813566,2.08888701044507,2.51301863709243,2.34900639629777,2.33722957291947,2.34937358934404,0.039057285,1658.4148,"High"
"TCGA-93-7347",3.77430972918032,2.73967531450331,2.27010187274113,4.65815077123313,0.545225939851445,4.32268768961169,4.60680309109465,2.5819565641082,3.24723979286219,6.89404284467569,2.25937458045555,2.19957811418296,2.266538940124,2.27159611966744,2.18557830544546,2.48427231261383,2.41277581599999,2.40114726031214,2.47220156487201,0.03653747,201.43077,"Low"
"TCGA-93-7348",2.48786541578257,0.820403647862436,1.08757406180205,4.97399929376452,0.287567332061348,3.27772907284188,3.3655521650504,2.52643161800143,3.22458245922244,7.29844901331469,2.10655120226292,2.15257114740883,2.21113654088211,2.22450799107465,2.14019800412345,2.3510991734631,2.29241221868323,2.48739022089941,2.47001882069156,0.0228336,179.33649,"Low"
"TCGA-93-8067",1.62076208961942,0.534559684608316,1.5374844354016,2.94376365298469,0.585622868826286,3.69910257841728,2.92224423900961,2.63183139650079,3.10741932726775,6.17606183483309,2.01610949267099,2.16172836227886,2.11460576517942,2.17325871734865,2.04483569466589,2.45059885825631,2.3224496188751,2.42142136357285,2.49359763838564,0.063213035,2413.9023,"High"
"TCGA-93-A4JN",2.71066973514049,0.655718180834149,1.22489760604219,5.62377922643167,0.474098600759743,3.4489442111214,3.0714725754678,2.58151419210059,3.61563287907099,7.64519393799582,2.07489583029869,2.12144424635961,2.20221306861437,2.19486256256648,2.03172697465634,2.54895353817317,2.40106740530271,2.38085125351159,2.50568978194635,0.06276075,172.62524,"Low"
"TCGA-93-A4JO",3.24421144311215,2.3122876073382,2.23080705835076,5.18045709252571,0.839699348094444,4.51790827904775,3.94127083043422,2.59720149557492,3.52530119747278,6.35335709430027,2.18426797206879,2.13887605057423,2.23389740246044,2.18049521831283,2.1141231252706,2.47962996382833,2.39622517384812,2.38723332998526,2.41074458307406,0.049577966,1107.1266,"High"
"TCGA-93-A4JP",2.08358188106399,0.70310069960416,1.46519691915267,2.70849110688399,0.484637653261703,4.57229486480068,2.79297135520948,2.86199474614901,4.93403607203441,5.79964797364196,2.04114169548744,2.14118527238827,2.219972305668,2.20469606467229,2.10964807235615,2.56471255171474,2.40496041992615,2.41399339410055,2.49537014607021,0.121659935,343.28818,"High"
"TCGA-93-A4JQ",3.68976904879635,1.61621652619166,2.18496186533097,6.50936491842616,0.696103670094938,4.16098077249892,3.4531779570014,2.3218063744658,3.47562720546543,8.10325729188409,2.22266258623363,2.18974237982049,2.24549559210389,2.2315806015507,2.15840669247955,2.55773012769693,2.45769541378366,2.45934928850268,2.47433417963022,0.08910172,383.73972,"High"
"TCGA-95-7039",2.10152646170045,1.42562043073104,1.31256505503198,3.24312621665941,0.358445872030137,3.32011252728728,2.30058155313899,2.48836132553443,3.87075706677422,6.99275657056034,2.04066045128229,2.11399577957508,2.12287282347963,2.16497365540825,1.98751014918964,2.38629032163604,2.29172204279464,2.39183008282915,2.49812649953582,0.082506366,271.15143,"High"
"TCGA-95-7043",0.989987537701112,0.73794629339405,1.26535668910587,2.72045110410601,0.108312650295947,2.25572221933095,1.51487811708548,2.25898713599372,3.1398804275296,5.39552704733111,1.88097610852608,2.0389125676189,1.94570274336731,2.08465549882806,1.82919266344011,2.201064480636,2.10612653431531,2.1219651842543,2.4027004250999,0.08727099,2154.7441,"High"
"TCGA-95-7562",1.88939108361233,1.18205660901025,1.45889077623689,2.94256856048762,0.28322489120456,3.61761196787507,1.88927590140239,2.24834500429891,2.84568588254562,6.50085503393259,2.0858642002564,2.12635830236326,2.1110231343861,2.16632478610167,2.05241505675916,2.44769691870031,2.33744276969259,2.3122241737864,2.38477399480112,0.09002778,219.48834,"Low"
"TCGA-95-7567",2.50445059933276,1.3922624619208,1.48488298574781,3.89105686981668,0.288986782689312,3.89793194508036,1.98395201587279,1.86477011835957,2.9104142909442,6.3262868941668,2.13286881875091,2.11480678797898,2.16221154546935,2.17302934727878,2.0510603115589,2.51023441103395,2.38265992139631,2.34282661052548,2.40152354273025,0.028379232,2351.4675,"High"
"TCGA-95-7944",3.00668866288914,2.92352953772231,3.00147642015814,2.85531520846828,2.03087519506679,4.42646453476655,2.49976841051691,1.94345896336522,2.33418629722161,6.14446535606068,2.25995983667228,2.1685519120285,2.26006191748099,2.20659346514967,2.10229077605078,2.56431548413442,2.47491660454557,2.41554987064288,2.45493125106607,0.07923819,629.04877,"High"
"TCGA-95-7947",2.60508177252169,1.473111504737,1.73275939324389,4.36313382514807,0.916895078555963,3.69800056108654,2.81782278632535,2.43885736624364,3.33715799738749,5.50794532039927,2.07075975865649,2.12797881127486,2.11649816794845,2.16230084295326,2.02062144658075,2.49138085170957,2.36410647885658,2.27455535670761,2.38099661361484,0.15985844,259.55762,"High"
"TCGA-95-7948",1.43285458829759,1.10272531001109,0.922404451129179,3.13940746755216,0.171011268259665,2.79047913422793,2.42535123758754,2.23433099004074,2.45648257714793,6.51791349539564,1.91479751103699,1.98265373572738,2.01688289864562,2.03545855524708,1.88082848071652,2.35928198917722,2.24508874501587,2.23095094610526,2.42895561697191,0.09525041,167.04327,"Low"
"TCGA-95-8039",2.9499897131038,0.864096979630316,1.68000379537291,3.45128541508617,0.456297930750903,4.1995332940854,5.12105857829034,2.75643011058644,3.4758132395437,6.11619083110588,2.14355382794561,2.15164989421592,2.22543796941103,2.22061291264329,2.12000606499173,2.52163414351117,2.40137880106873,2.37478769011324,2.47200564411157,0.037846312,242.14285,"High"
"TCGA-95-8494",1.58124627952118,0.442120759298914,0.985116903643826,2.02714681614442,0.220170426279722,3.72633592206962,4.36609241986391,2.07933404195862,2.55241382957347,6.20884024343852,2.05893006462169,2.08345164791449,2.11248028511686,2.12758239088081,2.06541509789321,2.4897038786822,2.35185728816219,2.41379351854574,2.39971850456102,0.085539415,1664.6412,"High"
"TCGA-95-A4VK",2.75494844136335,1.65429804747291,1.93335125288482,5.26373896717955,0.490262997958889,3.61080569929031,2.63198335195466,2.80399945725948,3.35854868204694,6.07585225099018,2.02113645209284,2.06710645018263,2.10797962298655,2.13971228817382,1.9670989985489,2.43588608271545,2.30143312090423,2.33045237385641,2.45768446446558,0.059390694,190.8176,"Low"
"TCGA-95-A4VN",2.92453452848135,2.52366231396049,2.3633672083705,3.75697216530978,1.03714622728696,4.72952876183617,4.00305751776281,2.60530954459062,3.53266848480577,6.23547464119447,2.23158321355038,2.18656317310079,2.28309119717423,2.25087817999081,2.19722705700179,2.56369871181581,2.46822150121499,2.49928231321652,2.42927131254657,0.04987371,714.06116,"High"
"TCGA-95-A4VP",2.44987675309486,1.76850194743426,1.60098732604055,5.05139905382128,0.315415943053206,3.19220133931088,2.29413440235412,2.73544320637365,4.19574110631924,6.10453218451297,2.11577531182126,2.16472652971934,2.22264870547782,2.21521884104608,2.07076334122542,2.38777263843735,2.29816354561128,2.41732566231489,2.42550416469327,0.036600098,678.0285,"High"
"TCGA-97-7546",2.91040116339728,1.78031009904338,1.82447477282729,4.61712630824028,0.579552749544589,3.76154111416723,3.36698237729902,2.84189594630466,3.76565612386506,6.4087266086516,2.17790837286987,2.16854035998622,2.23626619912787,2.25287829863459,2.16279904666493,2.39684360599632,2.34765369168406,2.45771333421503,2.5677673986715,0.06618155,293.90848,"High"
"TCGA-97-7547",2.27853913315366,0.969307080984346,0.776592528985833,4.41982805787527,0.650477877440554,3.25496180281286,2.44041689757002,2.44645610404956,3.12586979074807,6.32285823165108,2.04433103866043,2.10733861018047,2.08860258502477,2.16865766686362,2.03080049633497,2.31455711390931,2.25662462629288,2.30436016226987,2.48423237244759,0.1036588,265.189,"High"
"TCGA-97-7552",3.28118323437463,2.79597469420667,3.1599046486537,6.11272256506767,1.0768358633679,4.4630023259905,3.34823500440155,3.05980206584596,3.60368567123557,5.77281140336097,2.26514089189408,2.2596736954985,2.26073536089944,2.26357240439516,2.16991013288409,2.55435202802968,2.46655417399569,2.40573457877655,2.48808759862772,0.071279906,205.1974,"Low"
"TCGA-97-7553",2.92470249586076,2.44522347305001,2.56015758980306,4.89343193498861,1.1658146189692,5.40599424990571,4.2658501018736,3.87327102753381,4.41647631348937,6.55507475405463,2.26274862487522,2.23836569407093,2.35259612870509,2.27200300769464,2.26644234647282,2.5285411690462,2.46296769805131,2.51408297856667,2.5103220638955,0.06945805,195.52014,"Low"
"TCGA-97-7554",1.9428265746007,1.1417597473139,1.37894599016721,4.51027873055777,0.267406338091605,3.8597903675858,2.10777934249559,2.16849091988083,3.81911388704414,7.66023380581109,2.13881004246757,2.1581378963338,2.18709026145903,2.19212545572127,2.12632210753856,2.48696715996798,2.39873712746338,2.39359266228777,2.50021695945974,0.022141457,204.08954,"Low"
"TCGA-97-7937",1.32868619336806,0.311038030022305,0.646345145686658,2.56602473098864,0.261288763137154,3.33144588429961,1.7801419197206,2.09163473192825,2.44748414096484,6.10375581768679,1.9343569660729,1.99430111787332,2.03120876834852,2.03722479399274,1.92282227788136,2.28817208821781,2.22219982908087,2.254099824107,2.45362518208843,0.031352147,195.31747,"Low"
"TCGA-97-7938",2.2881431636121,1.74755926670964,1.39194366407947,4.13963706810965,0.403527156562907,3.68133205758943,3.48295797876692,3.00391277116356,3.77281722062768,6.38981287538032,2.05845207282794,2.13343532869932,2.16322805121831,2.19214921624198,2.11286082737075,2.36134259007312,2.29271333038314,2.49422258692084,2.55016193408054,0.071869254,178.80457,"Low"
"TCGA-97-7941",2.33090442630086,1.16530097491686,1.60922297244947,3.74685759308574,0.448553264614731,3.63255038312057,3.07549656735835,3.05739409508287,3.97600178096226,6.16270761814186,2.09194712116746,2.17118529883633,2.2070025741785,2.20304752558482,2.04738172011905,2.47143785643586,2.31477550436937,2.33413056575476,2.46227197395643,0.08039139,168.40306,"Low"
"TCGA-97-8171",0.698034214640704,0.108892401632409,0.263219370521947,2.45216195105613,0.0341141035039405,2.45554117438014,1.20902572420901,1.92466892327634,2.71752210796143,4.29089182308206,1.77297134932564,1.93488888401433,1.89725274142786,1.99720355389039,1.76777275960215,2.29643269734661,2.10542242101288,2.14318725581598,2.33366570902924,0.055509202,189.45795,"Low"
"TCGA-97-8172",3.40248438819942,2.06322680199698,1.85867578272089,6.33059508312163,0.589662337874325,4.36956854594598,3.78362247241926,2.84482406098046,3.66629268399981,6.69200031416776,2.15016781140738,2.12232911288376,2.18544028644975,2.22109817515011,2.10036987881079,2.38908709593535,2.31195546102251,2.36451473090581,2.52772477155347,0.07183694,248.25461,"High"
"TCGA-97-8174",2.83280685469001,1.14404636961671,1.58890410131865,3.9955163053097,0.626769318290198,4.14819055895174,3.40103759813355,2.59784629070815,4.54499196480577,6.80283606401643,2.08955523258865,2.12288834013449,2.14587984235193,2.18066520155291,2.01551705740363,2.36513892491834,2.28551877111997,2.28022813062701,2.50159083344925,0.12156487,219.9667,"Low"
"TCGA-97-8175",2.04826743273222,0.512176309114142,1.19747314508755,2.92367366608509,0.293309495389725,4.32779400116665,4.7247095121577,2.7909095381131,3.02804783393767,5.5165977644599,2.11799293107968,2.15147003750132,2.22992133954673,2.22018029165655,2.18868365471841,2.52876266908967,2.39814160630182,2.45105448002745,2.44765345593377,0.045035392,179.51561,"Low"
"TCGA-97-8176",1.6143046946334,0.892896123626212,1.14229869698725,2.9110034382488,0.258448694519166,4.60274055341376,2.58139253217337,3.3102380668912,3.3391351815882,6.02233886114206,1.99933325649321,2.13558693780292,2.10785500776772,2.13243139859325,2.01745021586536,2.31280725739388,2.22365897659654,2.31678012654172,2.40292690867227,0.050602585,378.6588,"High"
"TCGA-97-8177",2.58141448388597,1.36765063062196,1.44002270318278,4.50798736852416,0.305573910188676,4.33817126892621,4.14058216846848,2.55102316801405,3.50935765884979,7.27332445679466,2.1905426388018,2.21041453611719,2.24929253310257,2.2286786671564,2.1577322943344,2.44592579865157,2.37159597848668,2.45999050269034,2.45386721603327,0.033885077,179.78073,"Low"
"TCGA-97-8179",1.44937863893669,0.883386212652194,0.819414851187066,2.04701296328785,0.199349873233851,3.79464679397253,3.72191878963339,2.95115526479307,4.13592320457265,6.11018642997235,1.930095200783,2.09143046515245,2.04704235979791,2.09584957383438,1.90769174932573,2.34993986952315,2.24506208914623,2.28541221427647,2.47388730619897,0.040325165,204.94116,"Low"
"TCGA-97-8547",2.11930267715233,0.400975043673087,0.742451172148359,2.0248815901397,0.213181705062721,3.87420533076994,3.87071977424177,2.43753696619733,2.94325341473773,7.95806966738192,2.03338780362825,2.12433633948282,2.12936342824361,2.16506322914182,2.0790419813915,2.42003377435661,2.31380353441784,2.35881672750978,2.45272457882896,0.0475076,164.37004,"Low"
"TCGA-97-8552",2.41664226068824,0.830579853477541,1.45895574972959,4.41583214871176,0.390651119022574,3.93484335777102,4.51146039772539,3.17463857038701,3.17474585987589,5.84477200928062,2.07134144122836,2.13464284784255,2.17907817307282,2.16960699391622,2.06857683262338,2.35801709735848,2.27689041936741,2.34206829837458,2.44851404026688,0.03442554,168.84337,"Low"
"TCGA-97-A4LX",3.75351506964086,2.23444000625289,2.36598728458678,5.94251402806628,0.823590539061354,5.06251534383886,4.00887182515129,2.49123327897473,3.33114524336355,7.58957288009222,2.27501109754207,2.21869450002576,2.29325973937488,2.24721916019524,2.16452437778264,2.535627679821,2.46731049239795,2.40811641414758,2.44064589038964,0.05921586,193.5028,"Low"
"TCGA-97-A4M0",3.30392590496697,2.33428222529524,2.0591369791348,3.82945052199145,0.639102303653583,4.24165823563673,4.66940099286264,2.62510087286751,2.69126619567573,5.64268387445677,2.14921726199847,2.12206777727262,2.18953739039059,2.21679534632243,2.07859108858008,2.55080367368336,2.40921165785544,2.36906847482127,2.41366359998971,0.062664084,179.3943,"Low"
"TCGA-97-A4M1",2.16394500095484,1.24043645707787,1.46874877266711,2.39865803622929,0.442655902614355,3.48597052534252,3.66146766636355,2.80826773750472,4.11448327373413,5.63232369435619,2.03639663560261,2.08252936640494,2.12058770474561,2.12268778356535,1.98592501750543,2.4153943212057,2.26717095365146,2.28484349796572,2.45907999467679,0.046512663,165.49303,"Low"
"TCGA-97-A4M2",2.92509320917618,1.74532339638086,2.37268800539165,4.63720140891584,0.987597777063244,4.65908499997761,4.22717205451061,3.17527909698485,3.87583749031269,5.61113647949201,2.15867757722935,2.14496168158451,2.23919521892186,2.19432450425731,2.11430135563836,2.45362703196194,2.37797830830006,2.38795368499292,2.43339758906333,0.068447635,163.97182,"Low"
"TCGA-97-A4M3",1.66671318333193,0.432211149171219,0.772956723032963,2.90365249479126,0.125481828484064,2.46494192980191,2.66935222228142,2.74467792245026,3.84980162819753,6.28959137119844,1.97554959331349,2.07287806080772,2.10262045188348,2.16352857382898,2.0089742589794,2.28039379420984,2.21050576090607,2.4357281659012,2.50294085589802,0.042287037,250.36067,"High"
"TCGA-97-A4M5",2.32576204916505,0.94508326388049,2.08891746404381,4.3983676255856,0.964700591848598,4.41988610615385,2.76923202177912,2.86557397872585,4.35537764919902,6.84123629942014,2.09968943166578,2.16627733704262,2.19210256011694,2.19888330610809,2.07912143152466,2.46969911925959,2.35887717434504,2.36985751460097,2.47887282252398,0.047076076,168.74242,"Low"
"TCGA-97-A4M6",3.51325371054606,1.79235563117949,1.82834988708566,5.10069615084246,0.517576218483293,4.49291888159971,4.7875365926646,3.27022438317911,3.2958519281169,6.57612108990528,2.18322736265877,2.18065483796098,2.24983581681016,2.2280462309586,2.13338992380702,2.57284651974608,2.45320685356581,2.39766713515133,2.47440456137309,0.061596937,200.28711,"Low"
"TCGA-97-A4M7",3.17538311249491,1.45691125979413,1.55115380123826,4.71334512684309,0.44295059259657,4.28567932810886,5.35238978207709,2.88975187725906,3.66045241094054,6.39025098280461,2.17200735715075,2.18118476055541,2.24461322523508,2.23510660152081,2.1248164467799,2.44436390717557,2.38142002376794,2.42612222640231,2.44863718667586,0.040602043,202.80971,"Low"
"TCGA-99-7458",3.56031661388595,2.59002707827637,2.28960094076071,4.33623141919597,0.497895024000906,4.31378391675245,4.73701606052855,2.76230824622897,4.35262075629107,7.18739966170092,2.21664164956815,2.20662258645357,2.24245261565279,2.25572235439736,2.1452822300851,2.50144992982964,2.41182421267498,2.40621384084047,2.52166428579474,0.08711724,193.78755,"Low"
"TCGA-99-8025",1.60352082694086,0.585539463352677,1.01880471519598,3.79373181509473,0.205446597265401,3.444330113815,2.1577853132299,2.37385526847732,3.52335134016427,6.77394250943855,1.97487011363399,2.07398959055457,2.05974309657143,2.12682519623598,1.98970770052206,2.38022840788372,2.26216734043296,2.32887108519746,2.46380958642938,0.035465166,189.43065,"Low"
"TCGA-99-8028",3.50098624035472,2.57799673021038,2.27367980113897,4.7573883651017,0.65184242113197,4.70587231583039,2.83508384323863,1.90524176959705,3.2378100114348,7.37327628458038,2.31278219638811,2.23944402523812,2.31997424224861,2.29182879019677,2.25265494981491,2.52335966972909,2.48552866527146,2.53769952130008,2.47217766288369,0.029943585,346.4582,"High"
"TCGA-99-8032",2.22910713546418,0.97342759800431,1.11947188706839,4.62082191558257,0.282741166341154,3.03004460865404,1.64601604856458,2.53063553626232,3.48210606261888,7.44740555489848,2.02309747746453,2.14274993425538,2.09284296982294,2.17341309787374,1.98331010167395,2.28267807332557,2.21304316031107,2.35091700174376,2.48854813767523,0.03340356,185.77557,"Low"
"TCGA-99-8033",2.64153111651443,2.14730669878029,2.45599291329216,3.26180871960928,1.33667999542423,4.3376111664977,2.82987188772939,2.88076189056616,2.8680776717721,6.72497027096844,2.16847611186899,2.12837769886339,2.16598343107754,2.14819556071678,2.07597084167242,2.46384398098067,2.40800132224965,2.44601117602058,2.41074653269223,0.07618991,502.03113,"High"
"TCGA-99-AA5R",3.32167309778728,2.38893342874024,2.82581868381279,5.95557053198346,1.1476569466346,3.9925655302406,4.21711483925184,2.65810873436874,4.9272952230604,6.38163451465341,2.21515595403509,2.21820744219324,2.28499773699876,2.25369246262601,2.16456325127431,2.46994331555488,2.4044897483539,2.48381178298316,2.5168051242941,0.07004622,171.16655,"Low"
"TCGA-J2-8192",2.72793784296287,1.29736752321766,1.36096762040173,4.17569027978892,0.378493743876231,4.79552384292917,4.97381215662028,2.94177054625446,3.39396859540991,8.71176879836112,2.14684476807258,2.17396647827484,2.19343875707308,2.22568464049584,2.1893969561778,2.4633677218163,2.40298151367542,2.47789266947693,2.50777795772211,0.073404975,2006.0236,"High"
"TCGA-J2-8194",1.74037592634692,0.58207422139633,0.985638249172489,2.93138399951098,0.321139380843448,4.76557869079946,3.98221374941077,3.59639018743322,4.1944889144766,6.81556487790076,2.03246223477298,2.13257255314675,2.16846964863908,2.17302415217632,2.09701475319105,2.31427494902872,2.26841819130117,2.4344634573966,2.49207740657562,0.075972944,172.1993,"Low"
"TCGA-J2-A4AD",1.63501805966486,0.667846721052639,0.787722801261207,2.37178618257723,0.247066707627758,3.25289060292223,2.02431428598447,2.30794607544961,2.86319493556268,6.6258652306412,1.83917457145423,2.00687999154625,1.92882288144496,2.02740846404953,1.85062169741256,2.31004396427726,2.17658278796838,2.28351641114761,2.45307118025618,0.046278194,216.78734,"Low"
"TCGA-J2-A4AE",2.92191838608727,1.254654506772,1.44997565212184,4.63512492908364,0.357942476319754,3.26887715544249,3.34062029379979,2.70778238515103,2.91854147693781,4.39779506968718,2.10555942581517,2.08245952388732,2.18598663116538,2.21321510812484,2.09285150218107,2.4548804239395,2.36028651756642,2.45292002494406,2.46129566557706,0.034874827,250.3386,"High"
"TCGA-J2-A4AG",3.30021195709817,1.40441269682765,1.85782732068027,5.58497189848301,0.649585421668115,4.09240820242277,4.53694198976676,2.5480239336328,3.59069088795502,6.83144625307312,2.19656116850841,2.18229332212857,2.26486113233546,2.26126479350366,2.17814320157461,2.45293168086651,2.38740490247935,2.54018511296107,2.50902172050156,0.055278644,313.16925,"High"
"TCGA-L4-A4E5",2.18019918579854,0.845510123083573,1.26058657595114,3.11987683672757,0.392311346568893,3.03590664777773,2.30667350174289,2.32427003383582,2.68338363522582,6.12760608709762,1.99098520572417,2.02063294982173,2.04299458845214,2.09625517919071,1.93703429079049,2.41941552854269,2.2842203338397,2.27682866739624,2.37026562115003,0.04373981,295.69455,"High"
"TCGA-L4-A4E6",2.46623862930821,1.0149265442381,1.94955729780051,3.81917925655691,0.820700785792607,5.67839024743061,3.48291282961892,2.87959438213742,4.5064707520526,5.90154387962787,2.18802051505431,2.21187126101992,2.31673616796557,2.24553203152679,2.20810341838891,2.47921021499655,2.39852787996441,2.47312464290909,2.50953229913526,0.059480444,279.6829,"High"
"TCGA-L9-A443",2.41680615357824,1.53411141837875,1.95351290297012,3.50617000110813,0.379594272545754,3.50291611937152,3.49325996112686,2.63285263174494,3.60794014397022,7.04827399991839,2.02034430463179,2.11524602324862,2.11738321587238,2.17229483950039,2.02469472268625,2.42296120489354,2.29685965882541,2.39995260527269,2.49343289327109,0.058055654,237.47757,"High"
"TCGA-L9-A444",3.35627846468946,3.02188831469381,2.75539284361661,4.77019130658802,1.05171752941881,4.01890333447223,2.21787467596949,1.84037904999578,3.11947437351713,6.53256677335858,2.24776598286927,2.15906680063729,2.21781414671236,2.21163306042309,2.09481067378491,2.51089792984718,2.45317902426062,2.36331104388303,2.3918545496422,0.049629673,242.31248,"High"
"TCGA-L9-A50W",2.32334000679011,0.573956141064138,0.676286581478575,3.54468439586522,0.166896267790658,3.63279494738422,4.31533521446716,2.99306582524295,3.45656481058441,5.90450617569883,2.02863347342735,2.10668347929739,2.12227096731169,2.15717093002939,2.00617692444117,2.40160117483091,2.27687818435593,2.30788790473722,2.4542858953382,0.0597839,248.30875,"High"
"TCGA-L9-A5IP",1.89890895607133,1.24214516084958,1.4392769666117,2.71510997456723,0.736067560204467,4.14707700704733,1.12364082993909,3.14743531783895,3.07651106659246,5.65711681170502,2.02910354578064,2.14035427745189,2.11202562614586,2.12308574272447,2.03748139640936,2.39601370230013,2.3055551866319,2.47683726584301,2.48645083413654,0.0822653,495.5134,"High"
"TCGA-L9-A743",3.41800339393869,2.14388315958872,1.86078797134877,5.17105227704345,0.559471144616853,4.56188823290976,4.00094426098666,2.72935408312912,3.65567559886069,7.46142871081445,2.25161017643183,2.22892428043469,2.31338496055347,2.30169034048449,2.25011265404564,2.50621769659683,2.45172539338279,2.54188439966325,2.44341087129232,0.032500505,204.63628,"Low"
"TCGA-L9-A7SV",1.71254163301918,0.763751492016703,1.17591157092499,3.26111577568992,0.538515888164325,3.05589955321362,1.67764460535077,1.77631648326653,2.95801819740614,4.80469817608877,1.84097278932743,1.90172635636322,1.90102122136356,2.01294109951368,1.77984727879506,2.24711593159655,2.11067303061259,2.19140838889547,2.36052442728112,0.09862915,546.2441,"High"
"TCGA-L9-A8F4",3.24145367520943,2.25568200281221,1.85690034088157,4.8080529906479,0.509388195090111,4.0767007143945,1.87957956594518,1.97435914787392,2.48704416019744,6.61063131490288,2.15777377176665,2.08645452103372,2.15716699561587,2.15922496769713,2.01742045126933,2.32851041222846,2.28640840953031,2.33389296890099,2.41371694180383,0.04532443,554.6716,"High"
"TCGA-MN-A4N1",1.35356617065898,0.300182309980116,0.427842876635125,2.5502149544903,0.137285140910021,2.68131711341443,2.18149046538689,1.83477299189493,2.3927766785273,6.12521820624109,1.89471519513734,2.02986212438377,1.95501451803872,2.06126911303513,1.9065503384555,2.22294465526438,2.14582693126026,2.26542649279869,2.43128120156471,0.042573154,719.0724,"High"
"TCGA-MN-A4N4",1.97718421018259,1.24263299044665,1.11738125740949,3.56167369795231,0.384438746109231,3.5067984703451,1.60654704614001,2.02630601479341,3.29863162986755,7.88670562292871,2.01920574761271,2.09254726266099,2.07821819408912,2.09121428833511,1.97835138668775,2.2836286873482,2.23531064851719,2.34988130701827,2.48099426200342,0.090484686,242.92656,"High"
"TCGA-MN-A4N5",3.00780391207525,2.06357196912567,2.85493912289999,3.77963976641215,0.724432741888162,4.0208609618503,2.00315185894371,2.45406492846512,3.20118205023713,6.51168250540564,2.12276650947954,2.1004075638537,2.18450988086903,2.16237160827617,2.03266092373883,2.52731598584308,2.40240598100672,2.36863966449451,2.42764958196021,0.06548782,352.7921,"High"
"TCGA-MP-A4SV",3.38390873408814,2.25894096810551,2.33837840074514,4.57781441018863,0.942294923110134,4.15624720645719,2.90824128661901,2.21204744651915,3.29812809199173,6.73319264479457,2.15106554849014,2.11924961333043,2.18488656155149,2.19904659808692,2.07967385813406,2.51553007186784,2.39755843182282,2.39709875368488,2.41526242400186,0.04658921,208.29305,"Low"
"TCGA-MP-A4SW",2.65020034831207,0.995882448832006,1.3350346397207,4.98609342263757,0.308028378324033,4.00883510330791,3.09384083583424,2.34741331815091,2.82553066452317,5.86890022963158,2.1398103251164,2.12524703261585,2.21524424911233,2.18697091918864,2.10964263397379,2.47036948820887,2.35017189036502,2.38655154319082,2.39008249167298,0.032191426,751.6509,"High"
"TCGA-MP-A4SY",1.68568955993363,0.384160353903822,0.944542974508379,2.85122152691324,0.319167844775491,4.10850261988133,3.42132982983004,2.55429833646035,2.70491951435897,7.89325202148551,1.99074056659138,2.10670663189422,2.1056016886732,2.15253635053945,2.02729359989967,2.40661740265926,2.29801632237415,2.3829513412016,2.47856474550636,0.062225446,177.92781,"Low"
"TCGA-MP-A4T4",3.21454101187666,2.49572074209661,2.61635348369843,4.47787106174214,0.937033943419708,4.44367038290507,2.84239416164889,1.98779178125129,2.63389518487021,7.19488847717311,2.25700612182828,2.17485438604071,2.23653221067177,2.24545573442137,2.14445545886114,2.57728359736533,2.48927517267485,2.43024616878574,2.44868135036197,0.029056087,233.19742,"Low"
"TCGA-MP-A4T6",2.82332662364076,1.24993070886564,1.5596779807445,4.30401560529635,0.201693037203526,3.61049495497743,2.99018057790481,2.84111099081679,2.7935693836743,4.89466375669827,1.97163623684641,2.01692882069436,2.05556347488017,2.09205125060413,1.92940544702022,2.44878357170593,2.30448694091949,2.24066220742065,2.34171050401859,0.09534616,303.45895,"High"
"TCGA-MP-A4T7",2.15489584202333,0.886276994617085,1.49708769355987,3.03048210409025,0.577482484058758,4.08469348946376,2.39658413344519,3.13856112346494,3.27034289531188,5.23686007459842,2.07574988974789,2.10658178726893,2.16172409001192,2.19793803935774,2.06797371201486,2.39652611070736,2.29402064256754,2.44593325658887,2.44788598053698,0.031679794,342.8568,"High"
"TCGA-MP-A4T8",1.72735907678479,0.275603079336849,1.08063550361142,2.17987940040806,0.253705544801502,3.70060939467659,1.09731938889538,2.67187975019891,3.12231254382949,7.17843114093876,1.92702358458769,2.05935821898303,2.04942411877592,2.13480702795595,1.98138251869824,2.39364509753998,2.25568946612029,2.35918988310222,2.4666000721714,0.06886584,171.99944,"Low"
"TCGA-MP-A4T9",2.69953042585983,1.43914437590128,1.86573101773984,3.77447849657554,0.539487402013126,4.20868436338392,3.26294334870068,2.78904366449786,4.55492338076365,7.14371741998411,2.11806620621331,2.18024033362787,2.20996802027141,2.24456248602798,2.15307785287109,2.38651298488642,2.32587166391085,2.45199013553729,2.52866607738429,0.06995283,165.2787,"Low"
"TCGA-MP-A4TA",2.48077078799587,1.96199367742026,2.0591869111599,3.52682165635923,0.773731908830611,4.29366678293931,1.4570320184667,2.48453371100111,2.5463940287539,6.66362965814583,2.08493940386528,2.14010607787135,2.13631798670874,2.08765081544172,2.00110357714327,2.52417296465792,2.38401913018959,2.3878793280697,2.32960143142156,0.10422707,170.2441,"Low"
"TCGA-MP-A4TC",2.63875898177873,1.43850577978275,1.78989609393686,3.16949889436133,0.586103056949107,4.35420021469961,2.45940798824373,2.38465453182006,3.15815798308193,8.49459532707525,2.18940192249423,2.18513479590329,2.25621813112716,2.22744438683114,2.16523281472569,2.51484352946991,2.42561872911184,2.45179161876721,2.47552339487716,0.05147118,211.86545,"Low"
"TCGA-MP-A4TD",2.26257623557246,0.793021887632314,0.996230077189362,5.0801155807113,0.483584216381696,3.59782050969307,2.84574670970043,2.54049229569142,3.3167263694685,7.70526483183322,2.06433422026683,2.13783949950793,2.1021839043571,2.19061372855007,2.02645611176938,2.30485570214355,2.24822921688141,2.40988767162116,2.43575795606286,0.026976228,214.37572,"Low"
"TCGA-MP-A4TE",1.2444274083866,0.391877677277866,0.592766567495805,3.03921949097838,0.109661469818357,2.04134430782746,1.51496813440684,3.17862830834035,2.39789189470015,5.08303045422826,1.84417922016076,2.07601887159302,1.99688868786649,2.05286456963423,1.86193397347959,2.14444453744555,2.06112005222927,2.22966376206296,2.3924580802342,0.053907022,1605.0372,"High"
"TCGA-MP-A4TF",1.6685047198376,1.11196608960349,1.55896067266836,3.59077391293998,0.893255082670484,3.25641495362527,1.53411614874784,2.8680852848974,2.67887613402049,6.12814467521626,1.96556475806029,2.081568842922,2.08907030793311,2.10169054453892,1.97244642921391,2.44718260492682,2.31905882543541,2.38094862262324,2.486610023688,0.081080414,224.29073,"Low"
"TCGA-MP-A4TH",3.40907630790501,1.93406352425457,2.06219239139692,6.45470169559561,0.667533532665375,3.84328011904208,4.25474537490332,2.71806396043379,3.16988896919613,5.99904861840318,2.1928783766248,2.13054915342548,2.20886137869385,2.23468032150716,2.07494694360695,2.43805081774416,2.36365631288866,2.36620058760162,2.48191471703181,0.03951691,167.23927,"Low"
"TCGA-MP-A4TI",3.89966059918955,2.45625419309627,3.04285896328036,3.95965265017669,1.32387677295667,5.45220311555001,3.89929111463026,2.39125700419121,3.45995884855838,7.84461411084224,2.34109475926665,2.24175738442223,2.38473791028062,2.30342677245515,2.25284041338799,2.62962124240325,2.54115679913494,2.51625726680623,2.49163986619911,0.08920978,226.45428,"Low"
"TCGA-MP-A4TJ",4.0356003825953,2.67888319291983,2.76924105890804,6.00697899783755,1.11658146478117,4.6029770906199,3.10261630776015,3.1856101906444,3.52873964668308,7.4257182432105,2.28553366856693,2.18618028234991,2.32015277781921,2.2754740435319,2.22834158718015,2.5280269632102,2.4843062761246,2.55106410134752,2.43785139637812,0.05055231,209.31712,"Low"
"TCGA-MP-A4TK",2.72985282803715,1.5570914439987,1.52722645171863,5.00244753940356,0.598203377792313,4.02968429462005,3.95477738039987,2.28622195735511,3.48213508220153,8.09636976226544,2.17004737591416,2.19709919629154,2.21822094004523,2.23786971739599,2.14204431572489,2.37179663719964,2.32624481415504,2.43186462959864,2.53208609706889,0.040418148,183.53105,"Low"
"TCGA-MP-A5C7",1.40527263882809,0.166072675946706,1.07236885407791,2.63347238070727,0.657617911389327,2.52726873876489,2.54045576920097,3.00959044067864,3.41998114426464,4.71377694430948,1.79060232551263,1.93295706193539,1.89434835198834,2.0039515208514,1.77607304724236,2.21196083802411,2.08844180547749,2.19866066970211,2.42653878639088,0.062201917,365.22675,"High"
"TCGA-NJ-A4YF",1.58233879908066,0.440952198029637,0.96575948388941,2.20283100877696,0.555929927625628,2.36871280486708,1.044352907647,1.9504293941088,2.31351264330786,5.69779727561716,1.86475505710043,1.9962702075729,1.98835364593183,2.0725798158419,1.8443488226984,2.18269639664346,2.10599578394695,2.20525571782618,2.31564282789895,0.058135018,219.4343,"Low"
"TCGA-NJ-A4YG",2.34295277367998,0.975703548007767,1.20081004452215,3.3779584883151,0.309494715026913,3.71100552268476,4.24062221667964,2.47023407450479,2.87534285208034,6.56511627375214,2.09461411896512,2.16173000264599,2.16645542372157,2.18448001081815,2.05497148213209,2.46553894006027,2.32901586268453,2.37239362224876,2.42578083629699,0.021142453,204.68848,"Low"
"TCGA-NJ-A4YI",1.8783517834118,0.401848874736076,0.917096575233838,2.24451982867496,0.211589997458355,3.69606817737815,3.68645669457954,2.47821330121864,3.02100851589821,6.43539690123254,1.97313574079242,2.09985573519741,2.09490464603807,2.1040496512747,1.98571450637236,2.40857866768599,2.26378152229248,2.30790177861273,2.46516786083275,0.2162877,195.71161,"Low"
"TCGA-NJ-A4YP",2.24655917403238,1.51111377392105,1.85920355754553,3.09900169684744,0.858234798427241,3.94876368033849,2.73157759904692,2.39800320887011,3.69245950773575,7.93492062166617,2.0782390376135,2.10892943802412,2.20033835164888,2.16817224874365,2.04068485082349,2.41435324313905,2.3247231482027,2.39119592854687,2.41604214713472,0.040245622,3089.339,"High"
"TCGA-NJ-A4YQ",3.11667859235476,2.66786942332006,2.30445656149547,5.75257647909203,0.891470965606385,4.25118583620663,2.09968272698089,2.31436391170761,2.3790678179431,5.5213222089461,2.21299972665227,2.12315172306197,2.18487040276954,2.18592412216229,2.01248793793067,2.46017731336322,2.3796733273465,2.29906018878615,2.33650333832442,0.030978426,396.86853,"High"
"TCGA-NJ-A55A",3.40229641457093,1.84068478258805,1.93641875426627,6.03207651844783,0.579512350911645,3.86320791849362,4.50818945922933,2.93983048853053,3.85337297785182,6.91605887916939,2.12718005175944,2.11841548248338,2.16995488653067,2.17441872615819,2.04776583088263,2.42277367029212,2.34166529810189,2.36478231290578,2.44988531765413,0.09843416,170.21825,"Low"
"TCGA-NJ-A55O",1.94993769710639,0.729095908137104,0.959891108414883,3.28865614032075,0.504022080482417,3.97209986588879,2.9237025924252,2.66023886448097,3.58618363116085,5.16439036604992,2.05617572724493,2.14134138355446,2.16832742960726,2.19926077970885,2.05151399041959,2.44511853537985,2.31144969379705,2.38420982666976,2.44232399689354,0.042405695,203.6445,"Low"
"TCGA-NJ-A55R",1.71895547064772,0.282499112935971,1.09491489269047,5.17234272843163,0.212129744845698,3.09690578219067,1.79896325937655,2.43385543272553,3.07278159378381,6.45235962204781,1.86453311220019,2.0740210407084,1.91724939763722,2.11656878088886,1.81563476996404,2.19737104805475,2.11204807995948,2.2036965676891,2.38352716448592,0.06939411,182.48094,"Low"
"TCGA-NJ-A7XG",1.39584932342089,0.314174451089644,0.889992590039499,2.80700618332225,0.216422261221872,2.1512860206131,2.91269399642045,2.69506391725392,2.57295678658504,4.56474746129732,1.83904156851306,1.9683712743605,1.98790858488597,2.0844580782584,1.84918227041863,2.35074893152156,2.20018654173378,2.2662421149278,2.44486322308198,0.037216663,490.75766,"High"
"TCGA-O1-A52J",2.09938172232046,0.663299071842335,0.976141821280491,2.28352301642347,0.33182182303695,4.18840271542224,4.28418937819342,2.55332197210952,2.75210046592109,5.73054855369896,2.06140801778051,2.09901160405577,2.14582456075688,2.14815487585128,2.04536061079454,2.43611339731412,2.3075459676775,2.33212980072992,2.41389181752192,0.08233417,350.19382,"High"
"TCGA-S2-AA1A",3.17146003323619,1.52079937440518,1.5247231858694,5.78842159142469,0.494880868483372,3.45973895946822,3.93867485757932,2.12595740971577,3.25597305704137,6.31847182156234,2.20417728654278,2.16241856220264,2.2448883219687,2.26695148129971,2.10705529523604,2.42879266867678,2.37437006087401,2.45373488128879,2.48098225085162,0.086609274,225.90726,"Low"
