dataset,split,model,cohort,n,c_index,auc_mean,calib_slope,auc_t1,auc_t2,auc_t3
BRCA,cv,cox_nnet,fold1,218,0.7505781301618765,0.7926920808046476,0.165285043009679,0.7060847693413674,0.8088624003731744,0.863129072699401
BRCA,cv,deepsurv,fold1,218,0.741988767756855,0.7913760031362216,0.123538087266132,0.7676302580654287,0.7795385710331867,0.8269591803100496
BRCA,cv,elastic_net,fold1,218,0.6511397423191279,0.7019560794037925,41.24808933686475,0.6509053058171578,0.6668221870610452,0.7881407453331744
BRCA,cv,lasso_cox,fold1,218,0.6511397423191279,0.7019560794037925,29.82954928171032,0.6509053058171578,0.6668221870610452,0.7881407453331744
BRCA,cv,path_agnn_cox_static,fold1,218,0.633961017509085,0.6348961359858725,7.822189176007003,0.779305320147405,0.5699744331039012,0.5554086547063113
BRCA,cv,plain_gnn,fold1,218,0.633961017509085,0.6434135697753535,6.085559114989458,0.7913179652050187,0.5852947489947085,0.5536279951263334
BRCA,cv,ridge_cox,fold1,218,0.7294350842418236,0.7646127620935065,1.800625707434694,0.6779402892225418,0.7662369365104386,0.8496610605475389
BRCA,cv,rsf,fold1,218,0.6435414601916088,0.6784752111451396,8.648270768502279,0.6703599115716983,0.6724844059548187,0.692581315908902
BRCA,cv,cox_nnet,fold2,217,0.6801940891045435,0.6951489262613547,0.1083723424818555,0.8275531859986215,0.6534283881737922,0.6044652046116503
BRCA,cv,deepsurv,fold2,217,0.6060873400970446,0.6000398823920193,0.0432443156747184,0.6854485345871136,0.6204174754076541,0.4942536371812905
BRCA,cv,elastic_net,fold2,217,0.6771063078958977,0.6819491267605783,0.988652880578702,0.7967005410170507,0.6794013818985798,0.5697454573661042
BRCA,cv,lasso_cox,fold2,217,0.6740185266872519,0.677047997772315,0.7392755338658854,0.7864949919417958,0.6610826228087809,0.5835663785663681
BRCA,cv,path_agnn_cox_static,fold2,217,0.5403617115130128,0.5564360412258907,5.395402808028542,0.5737800099921548,0.565887850650038,0.5296402630354794
BRCA,cv,plain_gnn,fold2,217,0.6426996029995589,0.5779510928516783,13.863025546336072,0.5559341385645191,0.6057105064691892,0.5722086335213268
BRCA,cv,ridge_cox,fold2,217,0.7243052492280547,0.7225459706233931,1.1787767086286112,0.8689883690244488,0.733382902566192,0.5652666402795383
BRCA,cv,rsf,fold2,217,0.7115130127922364,0.6660426548695378,5.0502401048664245,0.6653871124402807,0.7172401087249793,0.6155007434433533
BRCA,cv,cox_nnet,fold3,217,0.6728339350180506,0.7157677745989358,0.1215263878862903,0.7631872907170596,0.7146692442174888,0.6694467888622594
BRCA,cv,deepsurv,fold3,217,0.6385379061371841,0.7242560486076824,0.1048247291908145,0.7638344310166606,0.7011971250189816,0.7077365897874051
BRCA,cv,elastic_net,fold3,217,0.5979241877256317,0.6484048907495447,2.040149102030045,0.724767905421703,0.5756911591493273,0.6447556076776036
BRCA,cv,lasso_cox,fold3,217,0.5717509025270758,0.5938729541989125,1.564832389589847,0.670468972831274,0.5344973817005625,0.5766525080649011
BRCA,cv,path_agnn_cox_static,fold3,217,0.6331227436823105,0.6142555928617124,4.955820151984834,0.6065938319055844,0.6855132130296162,0.5506597336499366
BRCA,cv,plain_gnn,fold3,217,0.6101083032490975,0.6038671225776724,-1.884323146022039,0.6799964288696506,0.5896456154045444,0.541959323458822
BRCA,cv,ridge_cox,fold3,217,0.6787003610108303,0.7246963229795583,1.1551696242895733,0.7753105516682539,0.7049028453168967,0.6938755719535243
BRCA,cv,rsf,fold3,217,0.6191335740072202,0.6565255433874866,5.144157015760036,0.8486611315419663,0.5678705872789731,0.5530449113415203
BRCA,cv,cox_nnet,fold4,217,0.6808851828094933,0.7042582776899464,0.1503748573467798,0.6786879969283381,0.6951429042405959,0.7389439319009051
BRCA,cv,deepsurv,fold4,217,0.6703014753046825,0.6866529844058569,0.1095597351773459,0.6681921303991132,0.6576765630826512,0.7340902597358065
BRCA,cv,elastic_net,fold4,217,0.5654265554842848,0.5288158800351627,0.4385425508885034,0.5124911846278956,0.4957006336298122,0.5782558218477799
BRCA,cv,lasso_cox,fold4,217,0.559012187299551,0.5181074595472395,0.3486832718132315,0.4897029496164634,0.4895409341180521,0.575078494907203
BRCA,cv,path_agnn_cox_static,fold4,217,0.4666452854393842,0.4509109208072698,-4.734431723103831,0.4365523353322136,0.4887287767049899,0.427451650384606
BRCA,cv,plain_gnn,fold4,217,0.5833867864015394,0.5432819973906802,5.432598459240082,0.4773563588778792,0.5569524923416803,0.595537140952481
BRCA,cv,ridge_cox,fold4,217,0.5840282232200128,0.5517183170409089,0.6075735082964079,0.5167955535906134,0.5316942730596105,0.6066651244725031
BRCA,cv,rsf,fold4,217,0.4592687620269403,0.4150313490121709,-1.4487831159410922,0.4344979017337861,0.4401953594094442,0.3704007858932825
BRCA,cv,cox_nnet,fold5,217,0.7325413966882649,0.7322846259323407,0.1702232575512538,0.8111649656072112,0.7879622514426297,0.5977266607471811
BRCA,cv,deepsurv,fold5,217,0.7087832973362131,0.7026580698002124,0.1440083178534554,0.7436694553890303,0.7510965311148062,0.6132082228968008
BRCA,cv,elastic_net,fold5,217,0.6526277897768179,0.6182312108032592,2.1446730911184235,0.677265784898794,0.6920312755961306,0.4853965719148528
BRCA,cv,lasso_cox,fold5,217,0.6364290856731462,0.5933160142558499,2.5468508723032337,0.6565577362519672,0.6614584709634561,0.4619318355521262
BRCA,cv,path_agnn_cox_static,fold5,217,0.5262778977681786,0.4998414925447106,-1.970149527273755,0.5947435415951948,0.570953867892771,0.3338270681461658
BRCA,cv,plain_gnn,fold5,217,0.5583153347732182,0.5388738586375087,-0.497394412900055,0.6623911490799852,0.5891037633004192,0.3651266635321216
BRCA,cv,ridge_cox,fold5,217,0.7462203023758099,0.7524777858229662,1.0694045737941025,0.8133396213658541,0.8091460813063212,0.6349476547967237
BRCA,cv,rsf,fold5,217,0.5395968322534197,0.5447717236941826,1.0580930256914307,0.608633978182535,0.5135205601963659,0.5121606327036468
BRCA,external,elastic_net,GSE20685,327,0.6578460662967706,,1.2383502827252748,,,
BRCA,external,lasso_cox,GSE20685,327,0.6459904206383079,,1.189623640252571,,,
BRCA,external,ridge_cox,GSE20685,327,0.7109119362640489,,1.3213544862374336,,,
BRCA,external,rsf,GSE20685,327,0.6393986816522028,,11.042888056913768,,,
BRCA,external,elastic_net,GSE21653,248,0.618560606060606,0.6293014515709029,0.9496913412457808,0.6332303007274682,0.6330658235602915,0.6216082304249492
BRCA,external,lasso_cox,GSE21653,248,0.6203030303030304,0.631092776746951,0.9391311586401332,0.6393105424296197,0.6390116803656469,0.6149561074455863
BRCA,external,ridge_cox,GSE21653,248,0.6542424242424243,0.6745696035710074,0.8723752811219051,0.661950316890425,0.6834621356653362,0.678296358157261
BRCA,external,rsf,GSE21653,248,0.568939393939394,0.5960599630152232,4.034533388396104,0.6342723899959746,0.5649123104043132,0.5889951886453819
BRCA,external,elastic_net,GSE7390,198,0.6026845637583893,0.6637927501789886,0.8293308388986788,0.7059464103567697,0.6747335324710837,0.6106983077091126
BRCA,external,lasso_cox,GSE7390,198,0.6006101281269066,0.6634845786055255,0.8752919567365258,0.7161999556780883,0.6653617593219577,0.6088920208165305
BRCA,external,ridge_cox,GSE7390,198,0.6644295302013423,0.6826103982222748,1.051127598820362,0.6676074503075613,0.6893886930302149,0.6908350513290482
BRCA,external,rsf,GSE7390,198,0.5267846247712019,0.5267155451013007,1.480246098449314,0.5309715644343431,0.5216558298509609,0.5275192410185978
LUAD,cv,cox_nnet,fold1,106,0.5860972285324852,0.6015152387920608,0.0408188614186794,0.6149788714190646,0.5632539485652021,0.6263128963919157
LUAD,cv,deepsurv,fold1,106,0.5674693321217629,0.5805362056715141,0.0272221673694852,0.604667606730312,0.5214381960008546,0.6155028142833758
LUAD,cv,elastic_net,fold1,106,0.6092685143116765,0.6618409048927911,1.5090390575539974,0.7160524393512484,0.6451787075832199,0.6242915677439052
LUAD,cv,lasso_cox,fold1,106,0.6065424806905951,0.6585042618490458,1.1963445759776534,0.7251911897757876,0.640197800577852,0.6101237951934978
LUAD,cv,path_agnn_cox_static,fold1,106,0.6069968196274421,0.6673619664327575,28.99777424047416,0.6265299714959741,0.6703979836693074,0.705157944132991
LUAD,cv,plain_gnn,fold1,106,0.4738755111313039,0.4791227092334266,-5.87716184505727,0.4771764429507875,0.5032559969987831,0.4569356877507092
LUAD,cv,ridge_cox,fold1,106,0.5715583825533849,0.5766812461033837,0.817350070956475,0.6234583095736628,0.5248108403429144,0.581774588393574
LUAD,cv,rsf,fold1,106,0.5433893684688778,0.5414126106052158,1.7603473895352004,0.6150170924368628,0.5123340584567312,0.4968866809220534
LUAD,cv,cox_nnet,fold2,106,0.5992384578772013,0.6157260215785127,0.0235198197155229,0.6312371509831275,0.657139215244897,0.5588016985075138
LUAD,cv,deepsurv,fold2,106,0.5602094240837696,0.5627256109162863,0.0262462935703478,0.5664548703409037,0.5907258328314978,0.5309961295764574
LUAD,cv,elastic_net,fold2,106,0.6244645406949072,0.6456681091805834,1.5269120511250591,0.6034152534988443,0.6744670860802428,0.6591219879626631
LUAD,cv,lasso_cox,fold2,106,0.6301761066158972,0.6541319316556714,1.319660360440306,0.6179363898958057,0.6763414801563122,0.6681179249148964
LUAD,cv,path_agnn_cox_static,fold2,106,0.4831032841504045,0.5044479208992663,-1.0281154050533303,0.4537191403044713,0.5700998424684489,0.4895247799248785
LUAD,cv,plain_gnn,fold2,106,0.484531175630652,0.4889661508841712,-0.3028564930858347,0.4691778265445918,0.5230864031270908,0.474634222980831
LUAD,cv,ridge_cox,fold2,106,0.5773441218467397,0.5748425599879283,0.7218858251038451,0.5862310301259752,0.6023232700535486,0.5359733797842613
LUAD,cv,rsf,fold2,106,0.5606853879105188,0.5434939349235689,2.197427004383121,0.5806309645250275,0.5739349925329494,0.4759158477127297
LUAD,cv,cox_nnet,fold3,105,0.6866028708133971,0.7077566309832043,0.1087878398072212,0.7541139050220522,0.7096733145232029,0.6594826734043577
LUAD,cv,deepsurv,fold3,105,0.7086124401913876,0.7306793554726224,0.1284618766367504,0.7704777627781263,0.7395844966172251,0.6819758070225158
LUAD,cv,elastic_net,fold3,105,0.6827751196172249,0.7206079229015003,0.9265622678244088,0.7574544405102837,0.7412959636998805,0.6630733644943368
LUAD,cv,lasso_cox,fold3,105,0.6832535885167464,0.7139428588994358,0.7929240749601599,0.7464230771089847,0.7356704675643252,0.6597350320249972
LUAD,cv,path_agnn_cox_static,fold3,105,0.4976076555023923,0.5180365602264058,-1.2021245730033665,0.5914853923398089,0.4486211079323767,0.5140031804070319
LUAD,cv,plain_gnn,fold3,105,0.5258373205741627,0.5283577487603502,3.475006578695205,0.4741926148391155,0.5610676981361874,0.5498129333057475
LUAD,cv,ridge_cox,fold3,105,0.724401913875598,0.769960574660853,1.9660746268374496,0.8550466734792799,0.7629039644605424,0.6919310860427368
LUAD,cv,rsf,fold3,105,0.6665071770334928,0.7117592286854655,4.677237491512073,0.8409105798891414,0.6684969846584338,0.6258701215088213
LUAD,cv,cox_nnet,fold4,105,0.6578593819973131,0.6808394193694807,0.0703346268051615,0.7258059767513984,0.6642471806056449,0.6524651007513987
LUAD,cv,deepsurv,fold4,105,0.6489028213166145,0.677125340440823,0.0972704003120639,0.732206865123467,0.6478998782798553,0.6512692779191465
LUAD,cv,elastic_net,fold4,105,0.6551724137931034,0.6576574798254213,2.0616465000968827,0.6745536540255835,0.6539988943030113,0.6444198911476693
LUAD,cv,lasso_cox,fold4,105,0.6524854455888939,0.6519512805603075,2.3404136334630024,0.6639893042777291,0.6593938340292678,0.6324707033739256
LUAD,cv,path_agnn_cox_static,fold4,105,0.567398119122257,0.6161158323789313,3.537263527485894,0.6583580469614023,0.5837041328918104,0.6062853172835811
LUAD,cv,plain_gnn,fold4,105,0.5261979399910435,0.5797902651084538,-0.4333737193399176,0.6130406676228805,0.5353665696373289,0.5909635580651518
LUAD,cv,ridge_cox,fold4,105,0.6296462158531124,0.6510771569789623,1.078199439696215,0.6926486235958659,0.6180337048837853,0.6425491424572359
LUAD,cv,rsf,fold4,105,0.5969547693685625,0.6225667720938829,3.907319537245118,0.6599501711605764,0.5991853776776985,0.6085647674433736
LUAD,cv,cox_nnet,fold5,105,0.6560540279787748,0.6838942671526934,0.0608117791868331,0.7196171158200101,0.643409015277563,0.6886566703605072
LUAD,cv,deepsurv,fold5,105,0.6251808972503617,0.6533074189430755,0.0752317322825192,0.6875871011450998,0.6204874119476875,0.6518477437364393
LUAD,cv,elastic_net,fold5,105,0.6869271587071877,0.7129271737924122,0.7840202121492039,0.741389030437742,0.7392942861891275,0.6580982047503672
LUAD,cv,lasso_cox,fold5,105,0.6821032320308731,0.7076248781630996,0.7690092637997658,0.7394142720610267,0.7389023231970334,0.6445580392312386
LUAD,cv,path_agnn_cox_static,fold5,105,0.5021707670043415,0.4870234059519987,-0.1573534228171388,0.3773773828504027,0.5090456138882793,0.5746472211173144
LUAD,cv,plain_gnn,fold5,105,0.4983116256632899,0.4936015965623082,0.0628501240636885,0.385239115500705,0.5033559497365785,0.5922097244496412
LUAD,cv,ridge_cox,fold5,105,0.6459237819585142,0.6816666952559595,0.8731109770423079,0.6642447840158904,0.6829345404949213,0.6978207612570669
LUAD,cv,rsf,fold5,105,0.6087795465508924,0.6149655484529792,4.477436600276544,0.6086767138407075,0.6407855609152112,0.595434370603019
LUAD,external,elastic_net,GSE31210,226,0.6495342113716672,0.6359093807201427,0.8448766710175017,0.6918724279835391,0.5992838754460938,0.616571838730795
LUAD,external,lasso_cox,GSE31210,226,0.6387728878894957,0.6235308685357356,0.7618691368527084,0.6826131687242798,0.5856447748501309,0.6023346620327961
LUAD,external,ridge_cox,GSE31210,226,0.63732733697398,0.6425944561288077,1.4698206217495955,0.6702674897119341,0.6193476522845576,0.6381682263899315
LUAD,external,rsf,GSE31210,226,0.6585287504015419,0.653414265056324,9.355282488087417,0.6265432098765431,0.6769367099143518,0.6567628753780772
LUAD,external,elastic_net,GSE50081,181,0.5695451549110085,0.5938677969178442,0.8525509604845938,0.5934129940473519,0.6026022684969384,0.5855881282092421
LUAD,external,lasso_cox,GSE50081,181,0.5691056910569106,0.5917705865601198,0.7776447223355719,0.5903924050479064,0.5996635638587425,0.5852557907737106
LUAD,external,ridge_cox,GSE50081,181,0.5605361459019995,0.5558792138015002,0.5599354128834821,0.5463877064219027,0.5660573595630476,0.5551925754195501
LUAD,external,rsf,GSE50081,181,0.5978905735003296,0.6361623948786255,4.63159440093677,0.6553053602133688,0.6456158309589276,0.60756599346358
LUAD,external,elastic_net,GSE68465,442,0.6027393123027438,0.6394698847660589,0.553310038899256,0.6766039163294502,0.6448791681567163,0.5969265698120103
LUAD,external,lasso_cox,GSE68465,442,0.6003382612766343,0.6356621843682477,0.4816238850063954,0.6728140187314633,0.641260948350312,0.5929115860229679
LUAD,external,ridge_cox,GSE68465,442,0.6339680765920176,0.6926624336634472,1.2008767091769597,0.728040002111639,0.701919810375013,0.6480274885036892
LUAD,external,rsf,GSE68465,442,0.6077830295525588,0.6577748634677478,5.104493328041738,0.6894136708306666,0.6584062355703588,0.625504684002218
COAD,cv,path_agnn_cox_static,fold1,90,0.6658291457286433,0.6858585950717885,33.20971096012138,0.6808299304712504,0.7074538003499473,0.669292054394168
COAD,cv,path_agnn_cox_static,fold2,90,0.6251319957761352,0.6000998052422325,2.1887175693339285,0.7283920811202318,0.599574842315215,0.4723324922912507
COAD,cv,path_agnn_cox_static,fold3,89,0.4317948717948718,0.4215889184239027,-0.6691478717586287,0.442292393366379,0.4094845284813556,0.4129898334239733
COAD,cv,path_agnn_cox_static,fold4,89,0.6378640776699029,0.6401752561109401,2.82132945265775,0.6220009317493596,0.6286750911589943,0.6698497454244665
COAD,cv,path_agnn_cox_static,fold5,89,0.5764596848934198,0.6180167235384271,8.783661745197843,0.7814562852104481,0.6074241487951864,0.4651697366096468
COAD,cv,lasso_cox,fold1,90,0.5695142378559463,0.5884898464928933,4.103453980313532,0.6522734797483722,0.6280258071828367,0.4851702525474709
COAD,cv,lasso_cox,fold2,90,0.5,0.5,,0.5,0.5,0.5
COAD,cv,lasso_cox,fold3,89,0.5,0.5,,0.5,0.5,0.5
COAD,cv,lasso_cox,fold4,89,0.5699029126213592,0.5643558754690653,0.1950089065452688,0.6959585371535056,0.6517708369637953,0.3453382522898949
COAD,cv,lasso_cox,fold5,89,0.4995366079703429,0.5417842763265531,0.1959016808592944,0.5566968731455032,0.5278483172705228,0.5408076385636336
COAD,external,lasso_cox,GSE14333,226,0.5,0.5,,0.5,0.5,0.5
COAD,external,lasso_cox,GSE17536,177,0.5,0.5,,0.5,0.5,0.5
COAD,external,lasso_cox,GSE39582,573,0.5,0.5,,0.5,0.5,0.5
COAD,cv,ridge_cox,fold1,90,0.6507537688442211,0.6395885830951368,1.3607484594131234,0.6039068535481735,0.6895480931476495,0.6253108025895872
COAD,cv,ridge_cox,fold2,90,0.5,0.5,,0.5,0.5,0.5
COAD,cv,ridge_cox,fold3,89,0.602051282051282,0.5485160529408811,0.7506342833798935,0.483415947616425,0.6025816269283681,0.55955058427785
COAD,cv,ridge_cox,fold4,89,0.6669902912621359,0.6817309592741346,2.825037666115148,0.7105753552294434,0.7286571051869222,0.6059604174060382
COAD,cv,ridge_cox,fold5,89,0.5088044485634847,0.4923950332289094,0.2793859584104843,0.4015791521694924,0.5958045985667092,0.4798013489505265
COAD,external,ridge_cox,GSE14333,226,0.5,0.5,,0.5,0.5,0.5
COAD,external,ridge_cox,GSE17536,177,0.5,0.5,,0.5,0.5,0.5
COAD,external,ridge_cox,GSE39582,573,0.5,0.5,,0.5,0.5,0.5
COAD,cv,elastic_net,fold1,90,0.6105527638190955,0.6283305221722645,2.5299477602655704,0.6601368502372806,0.691387787341363,0.53346692893815
COAD,cv,elastic_net,fold2,90,0.5,0.5,,0.5,0.5,0.5
COAD,cv,elastic_net,fold3,89,0.5,0.5,,0.5,0.5,0.5
COAD,cv,elastic_net,fold4,89,0.5825242718446602,0.571962338405529,0.2525038884084344,0.6959876543209876,0.6670210304595431,0.3528783304360564
COAD,cv,elastic_net,fold5,89,0.5004633920296571,0.5403009564866573,0.2434326304961627,0.5469390130956472,0.5328245891880767,0.5411392671762482
COAD,external,elastic_net,GSE14333,226,0.5,0.5,,0.5,0.5,0.5
COAD,external,elastic_net,GSE17536,177,0.5,0.5,,0.5,0.5,0.5
COAD,external,elastic_net,GSE39582,573,0.5,0.5,,0.5,0.5,0.5
COAD,cv,rsf,fold1,90,0.5251256281407035,0.514684079929307,1.8323906051602843,0.4860390685354818,0.5526285801392848,0.5053845911131544
COAD,cv,rsf,fold2,90,0.5923970432946146,0.5376002267282818,2.3605679062460934,0.5057943022694351,0.6016998538068183,0.5053065241085919
COAD,cv,rsf,fold3,89,0.5692307692307692,0.5053013386683731,3.736720078699826,0.4602839483507741,0.4907875426690801,0.5648325249852651
COAD,cv,rsf,fold4,89,0.6339805825242718,0.6382830736405491,4.881999723441675,0.5921849522478453,0.6814103624014288,0.6412539062723736
COAD,cv,rsf,fold5,89,0.4281742354031511,0.4252049849815347,-2.362196181276621,0.3331976870942713,0.4736629507878646,0.4687543170624685
COAD,external,rsf,GSE14333,226,0.5756210423770093,0.5414084353653935,7.160665532732324,0.4654969886693916,0.5796862714306894,0.5790420459960997
COAD,external,rsf,GSE17536,177,0.520022688598979,0.5406458276023,0.5234867207384181,0.5530360354958628,0.5007918600175172,0.5681095872935199
COAD,external,rsf,GSE39582,573,0.5698795015559242,0.5874366782496513,3.4629332593560536,0.5834468529311969,0.5906102669944882,0.5882529148232689
COAD,cv,deepsurv,fold1,90,0.5544388609715243,0.4664552541906368,0.061293255339755,0.3533550380752676,0.512137807219738,0.5338729172769048
COAD,cv,deepsurv,fold2,90,0.675818373812038,0.5868778456319922,0.0725347724051562,0.4925156929019797,0.7041277877131109,0.5639900562808857
COAD,cv,deepsurv,fold3,89,0.5897435897435898,0.5454875390571927,0.0240557691104053,0.4782755033351692,0.5714214186508382,0.5867656951855708
COAD,cv,deepsurv,fold4,89,0.6679611650485436,0.7216596933794994,0.0350976767654866,0.8094281388306546,0.6968001206224308,0.658750820685413
COAD,cv,deepsurv,fold5,89,0.4569045412418906,0.4743287009283238,-0.0101393212883972,0.4769321681497634,0.5372134470483834,0.4088404875868249
COAD,cv,cox_nnet,fold1,90,0.5636515912897823,0.4962433498534929,0.0416580784275763,0.4199039841077144,0.5048420152411126,0.5639840502116517
COAD,cv,cox_nnet,fold2,90,0.6546990496304118,0.6082017120810091,0.1271781428055201,0.5415258329309512,0.6460176368633319,0.6370616664487441
COAD,cv,cox_nnet,fold3,89,0.5292307692307693,0.4953365482512131,0.0021838153895251,0.4474634355302613,0.5458682820869845,0.4926779271363937
COAD,cv,cox_nnet,fold4,89,0.6378640776699029,0.730701220970034,0.113461371181226,0.8787269974376893,0.6654551085899532,0.6479215568824593
COAD,cv,cox_nnet,fold5,89,0.417979610750695,0.4606543422190745,-0.0377129662128787,0.5033168694494019,0.4848986359982312,0.3937475212095901
COAD,cv,plain_gnn,fold1,90,0.5603015075376885,0.568580745094842,32.29960083688971,0.6244619799139168,0.5580800130955659,0.5232002422750435
COAD,cv,plain_gnn,fold2,90,0.5945089757127772,0.5435854488983264,0.6385106206919046,0.5814823756639306,0.601146668001247,0.4481273030298016
COAD,cv,plain_gnn,fold3,89,0.6635897435897435,0.6665673040582193,1.409096819404475,0.7181629031271035,0.6987389835135027,0.5828000255340515
COAD,cv,plain_gnn,fold4,89,0.6699029126213593,0.6574378146746315,3.216669240929176,0.6419753086419753,0.6855489392246719,0.6447891961572474
COAD,cv,plain_gnn,fold5,89,0.5468025949953661,0.5862981868133945,0.7707783568795284,0.6460730946697482,0.6084987519083586,0.5043227138620769
GBM,cv,path_agnn_cox_static,fold1,32,0.5947368421052631,0.6075340666586957,-0.9119067873784042,0.6,0.6378205128205128,0.5847816871555743
GBM,cv,path_agnn_cox_static,fold2,31,0.646551724137931,0.7691854275407302,5.587181131443357,0.585297418630752,0.9023124115148656,0.8199464524765729
GBM,cv,path_agnn_cox_static,fold3,31,0.4339622641509434,0.3814863307856229,0.0827899531761835,0.2360248447204969,0.4448614688429411,0.4635726787934307
GBM,cv,path_agnn_cox_static,fold4,31,0.5905044510385756,0.5978424217576147,19.3986572327336,0.7269162995594713,0.6429412814563625,0.4236696842570103
GBM,cv,path_agnn_cox_static,fold5,31,0.5062034739454094,0.5386098965692184,0.2744883257192455,0.6249999999999999,0.4379333482442406,0.5528963414634146
GBM,cv,lasso_cox,fold1,32,0.4605263157894737,0.4571281290420756,-0.7850787390708055,0.5028571428571429,0.5027472527472527,0.3657799915218312
GBM,cv,lasso_cox,fold2,31,0.5,0.5,,0.5,0.5,0.5
GBM,cv,lasso_cox,fold3,31,0.4797843665768194,0.5037547888628576,0.5356676851865646,0.4285714285714285,0.5811593713090376,0.501533566708107
GBM,cv,lasso_cox,fold4,31,0.5,0.5,,0.5,0.5,0.5
GBM,cv,lasso_cox,fold5,31,0.5632754342431762,0.5989549806521886,2.726809240546251,0.5,0.6318496980541266,0.665015243902439
GBM,external,lasso_cox,GSE7696,70,0.5204882301656495,0.5349757240917462,-0.2046175266220889,0.623030303030303,0.5233333333333332,0.4585635359116021
GBM,external,lasso_cox,GSE108474,119,0.5744789018810371,0.6263027506571968,0.762160485727072,0.5942061504629393,0.6537249671657527,0.6309771343428984
GBM,cv,ridge_cox,fold1,32,0.5631578947368421,0.6046593152972974,0.9601975722822054,0.5885714285714285,0.6570512820512819,0.5683552352691819
GBM,cv,ridge_cox,fold2,31,0.6666666666666666,0.6286568662760547,1.588720529823871,0.6994949494949495,0.6630486078338839,0.5234270414993306
GBM,cv,ridge_cox,fold3,31,0.5013477088948787,0.5044929324680296,0.8470307901320014,0.4037267080745341,0.5819464801559631,0.5278056091735916
GBM,cv,ridge_cox,fold4,31,0.5845697329376854,0.6194616143813012,4.087774767794489,0.6477533039647577,0.579189719792968,0.6314418193861779
GBM,cv,ridge_cox,fold5,31,0.674937965260546,0.7374315560562227,3.283683839315783,0.7083333333333334,0.7577723104450906,0.7461890243902438
GBM,external,ridge_cox,GSE7696,70,0.4925893635571055,0.5030112938780066,-0.4146252133664803,0.5284848484848484,0.4991666666666666,0.4813823664825046
GBM,external,ridge_cox,GSE108474,119,0.5338078291814946,0.5673230402591704,1.235300762091502,0.4974714005466324,0.5605389720199339,0.6439587482109446
GBM,cv,elastic_net,fold1,32,0.4447368421052631,0.4415409796270331,-0.9161760004284488,0.4742857142857143,0.483974358974359,0.3663628656210259
GBM,cv,elastic_net,fold2,31,0.5,0.5,,0.5,0.5,0.5
GBM,cv,elastic_net,fold3,31,0.5040431266846361,0.5416171770687374,0.6109073883999022,0.4782608695652174,0.6137109914191795,0.532879670221815
GBM,cv,elastic_net,fold4,31,0.5,0.5,,0.5,0.5,0.5
GBM,cv,elastic_net,fold5,31,0.5632754342431762,0.5993701949233122,3.176843267482549,0.5059523809523809,0.6412435696712144,0.6509146341463414
GBM,external,elastic_net,GSE7696,70,0.5239755884917175,0.5389734011384564,-0.1756057799154224,0.6303030303030304,0.5225,0.4641171731123388
GBM,external,elastic_net,GSE108474,119,0.5795627859684799,0.6326979134325131,1.0764175553801196,0.6027139884362106,0.6651975003790153,0.6301822514823134
GBM,cv,rsf,fold1,32,0.5394736842105263,0.5750457966036601,8.12080136596837,0.6685714285714286,0.5682234432234432,0.4883425180161085
GBM,cv,rsf,fold2,31,0.4913793103448275,0.4495776737237467,-65.31020124457353,0.4581930415263748,0.4688532326569136,0.4216867469879518
GBM,cv,rsf,fold3,31,0.628032345013477,0.669681434306038,194.10379667377552,0.7701863354037267,0.6771288403796621,0.5617291271347249
GBM,cv,rsf,fold4,31,0.516320474777448,0.5347767367462063,-104.35509431363148,0.5625110132158591,0.5184365518472246,0.5233826451755353
GBM,cv,rsf,fold5,31,0.4838709677419355,0.4526752406656811,-203.40052699370227,0.375,0.5587116976067994,0.4243140243902438
GBM,external,rsf,GSE7696,70,0.4455100261551874,0.428510170768458,-301.30572324161943,0.492121212121212,0.4049999999999999,0.388409300184162
GBM,external,rsf,GSE108474,119,0.5368581596339603,0.5642031016150589,-28.0472394947509,0.5568196934110425,0.5905225375328934,0.5452670739012405
GBM,cv,deepsurv,fold1,32,0.5526315789473685,0.5606821846139353,0.0089133821860183,0.5542857142857143,0.63507326007326,0.4926875794828317
GBM,cv,deepsurv,fold2,31,0.6206896551724138,0.5779623053319064,0.0778035371408586,0.6178451178451179,0.6090136857008023,0.5070281124497993
GBM,cv,deepsurv,fold3,31,0.4878706199460916,0.4841223034972035,0.00754690661373,0.5652173913043478,0.4390822221905995,0.448067296996663
GBM,cv,deepsurv,fold4,31,0.5845697329376854,0.6281798883046587,0.057454806944745,0.7628634361233481,0.5457433517758343,0.5759328770147936
GBM,cv,deepsurv,fold5,31,0.5781637717121588,0.6080270933762234,0.089988336842663,0.5833333333333334,0.5815253858197271,0.6592225609756097
GBM,cv,cox_nnet,fold1,32,0.5842105263157895,0.6088832367764118,0.0075960915990494,0.6,0.7023809523809523,0.5242687579482832
GBM,cv,cox_nnet,fold2,31,0.6264367816091954,0.5995802988025457,0.0291021615061142,0.6428170594837261,0.6448796602170834,0.5110441767068273
GBM,cv,cox_nnet,fold3,31,0.5040431266846361,0.4651340650578368,-0.0024945737403127,0.5652173913043478,0.4260562378153772,0.4041285660537852
GBM,cv,cox_nnet,fold4,31,0.5875370919881305,0.6180255092443327,0.0270771395124741,0.7140969162995594,0.5709798322327324,0.5689997792007064
GBM,cv,cox_nnet,fold5,31,0.575682382133995,0.6057864860139239,0.0277664113888777,0.5476190476190476,0.6041154104227242,0.665625
GBM,cv,plain_gnn,fold1,32,0.5894736842105263,0.5986379677032496,-0.8307674597023256,0.5714285714285714,0.6639194139194139,0.5605659177617635
GBM,cv,plain_gnn,fold2,31,0.6149425287356322,0.7404786971047925,2.5257537008764825,0.5401234567901234,0.8673902784332232,0.8139223560910308
GBM,cv,plain_gnn,fold3,31,0.4474393530997305,0.3635040181207604,13.714309148421863,0.3043478260869565,0.3871864016051684,0.3989778266701564
GBM,cv,plain_gnn,fold4,31,0.5548961424332344,0.5346849900079148,3.3703816483472706,0.6773568281938326,0.5539889344993753,0.3727092073305365
GBM,cv,plain_gnn,fold5,31,0.5186104218362283,0.5568003819815971,0.3032093455836282,0.6428571428571428,0.4560501006486244,0.5714939024390243
HNSC,cv,path_agnn_cox_static,fold1,104,0.5506559766763849,0.5548399869164439,2.5299693083569577,0.6337292782456551,0.5348675815048447,0.4959231009988319
HNSC,cv,path_agnn_cox_static,fold2,104,0.5147707979626486,0.4950348982270254,1.96111027609068,0.372240529946623,0.5526641320836363,0.560200032650817
HNSC,cv,path_agnn_cox_static,fold3,104,0.5686055182699478,0.5335542038788231,2.250360483617187,0.4882123179364752,0.5786579983216231,0.5337922953783711
HNSC,cv,path_agnn_cox_static,fold4,104,0.466044776119403,0.4405400599595475,-1.23936538221444,0.4951627624924198,0.4269132748446872,0.3995441425415355
HNSC,cv,path_agnn_cox_static,fold5,103,0.5287642045454546,0.557942902924729,1.497077704433952,0.5906638231967773,0.5646071507573017,0.518557734820108
HNSC,cv,lasso_cox,fold1,104,0.5830903790087464,0.6049888215732718,1.3996569961581211,0.6501084384626661,0.5835732678626402,0.5812847583945093
HNSC,cv,lasso_cox,fold2,104,0.6033955857385399,0.6029561716506939,1.3913441465437684,0.6131678490101429,0.5954509088372636,0.6002497571046751
HNSC,cv,lasso_cox,fold3,104,0.6469052945563013,0.6301636923125208,1.6094103262662691,0.5771187694002329,0.6319358093863314,0.6814364981509979
HNSC,cv,lasso_cox,fold4,104,0.6179104477611941,0.664705284738864,0.9070444844203368,0.7105109498177635,0.6442295869883065,0.6393753174105223
HNSC,cv,lasso_cox,fold5,103,0.5553977272727273,0.5353440122315062,0.8530649617494782,0.4742319928940607,0.5330458392983067,0.5987542045021511
HNSC,external,lasso_cox,GSE65858,270,0.5388147422554181,0.5374781804924401,0.5944191882307823,0.53539972899729,0.5458137867812327,0.5312210256987976
HNSC,external,lasso_cox,GSE41613,97,0.5756446991404012,0.616994122223985,0.6187616157200819,0.5760073260073261,0.652762730227519,0.6222123104371098
HNSC,cv,ridge_cox,fold1,104,0.5849125364431487,0.5849055251637608,0.9754483203728476,0.5532978602827809,0.5690891185448763,0.6323295966636253
HNSC,cv,ridge_cox,fold2,104,0.6444821731748727,0.6829683286851432,1.1035307700027497,0.6772994428908408,0.6965557647736274,0.6750497783909616
HNSC,cv,ridge_cox,fold3,104,0.6834451901565995,0.6910500616315473,1.90984127464806,0.6789093811057214,0.6750552237039926,0.7191855800849278
HNSC,cv,ridge_cox,fold4,104,0.6425373134328358,0.677008820334147,1.010444171399669,0.7289375686382382,0.6637549647123704,0.6383339276518322
HNSC,cv,ridge_cox,fold5,103,0.5855823863636364,0.578588366229923,0.918659682017368,0.5795993110733447,0.5238829770067347,0.6322828106096897
HNSC,external,ridge_cox,GSE65858,270,0.5748744949185748,0.5825457541735894,0.7818176664988365,0.5748644986449865,0.6235712687893071,0.5492014950864748
HNSC,external,ridge_cox,GSE41613,97,0.6595988538681948,0.7198493844345762,2.1535263952980825,0.7124542124542125,0.7307692307692307,0.7163247100802854
HNSC,cv,elastic_net,fold1,104,0.5954810495626822,0.6134631387393232,1.4793303837162208,0.6470003959314845,0.5966691132680937,0.5967199070183915
HNSC,cv,elastic_net,fold2,104,0.6139219015280136,0.623678884457477,1.4839861499511668,0.6453207839109869,0.6154590608687449,0.6102568085926993
HNSC,cv,elastic_net,fold3,104,0.6487695749440716,0.6329014645968885,1.7974401999903886,0.5803871798602223,0.636231391075037,0.6820858228554062
HNSC,cv,elastic_net,fold4,104,0.6253731343283582,0.6750202380974191,0.9208943174914128,0.7270652946312655,0.6462097827658088,0.6517856368951831
HNSC,cv,elastic_net,fold5,103,0.5610795454545454,0.535516240246698,0.9778941656291869,0.4753180952612802,0.5324290751320806,0.5988015503467331
HNSC,external,elastic_net,GSE65858,270,0.5372229704910003,0.5375270300127969,0.5803671564204291,0.5384485094850948,0.545829674208077,0.5283029063452186
HNSC,external,elastic_net,GSE41613,97,0.5893982808022923,0.638798503871188,0.7541950336264605,0.6043956043956045,0.6755146262188516,0.636485280999108
HNSC,cv,rsf,fold1,104,0.5615889212827988,0.5582970794744112,5.883088173095447,0.5609653819316802,0.5383601435136868,0.5755657129778666
HNSC,cv,rsf,fold2,104,0.5915110356536503,0.6281828368597272,10.940716845820448,0.6439799679943048,0.6045991141051283,0.6359694284797484
HNSC,cv,rsf,fold3,104,0.6021625652498136,0.5773113076270395,10.874492177738892,0.569239882856212,0.5652628153409589,0.5974312246839477
HNSC,cv,rsf,fold4,104,0.6369402985074627,0.6773932260950811,8.7748480423275,0.7141001435802539,0.6885193045307977,0.629560230174192
HNSC,cv,rsf,fold5,103,0.6015625,0.597710099378515,18.7646170139848,0.5683329808960487,0.6050792603911126,0.6197180568483841
HNSC,external,rsf,GSE65858,270,0.5963021917472756,0.6348521451366432,16.910171714092844,0.6444783197831978,0.6664032029587673,0.5936749126679646
HNSC,external,rsf,GSE41613,97,0.5352435530085959,0.5600880686882873,3.988468283256791,0.6007326007326008,0.556338028169014,0.523193577163247
HNSC,cv,deepsurv,fold1,104,0.6516034985422741,0.6662611512634005,0.1073772883494662,0.6170762720610001,0.6661137402771662,0.7155934414520351
HNSC,cv,deepsurv,fold2,104,0.5555178268251273,0.5958977622938163,0.0465957104713978,0.6193634941544139,0.5691045134323793,0.5992252792946557
HNSC,cv,deepsurv,fold3,104,0.6472781506338553,0.6395140462175298,0.1078786760549649,0.6134426352949647,0.6107988641977911,0.6943006391598339
HNSC,cv,deepsurv,fold4,104,0.6365671641791045,0.7024511757272301,0.0635172345343927,0.7790802111400772,0.6827834348564638,0.6454898811851497
HNSC,cv,deepsurv,fold5,103,0.5298295454545454,0.5409104387634507,0.0368493446994902,0.5673281759187947,0.5011252889658961,0.5542778514056611
HNSC,cv,cox_nnet,fold1,104,0.6516034985422741,0.658458027116318,0.1267631143072497,0.6138121056911016,0.6429899804635726,0.7185719951942797
HNSC,cv,cox_nnet,fold2,104,0.5684210526315789,0.6079785662871966,0.0667353797844054,0.6461944003162641,0.6064864390999245,0.5712548594454012
HNSC,cv,cox_nnet,fold3,104,0.6554809843400448,0.6467667819080648,0.0992935401298523,0.6075915630541975,0.6483639540470842,0.6843448286229127
HNSC,cv,cox_nnet,fold4,104,0.6533582089552239,0.7082712345780456,0.0619195947490646,0.8143828237172073,0.6897043103591884,0.6207265696577411
HNSC,cv,cox_nnet,fold5,103,0.5280539772727273,0.5215690337294481,0.021343929200378,0.5225443212421846,0.4877250010129947,0.5544377789331648
HNSC,cv,plain_gnn,fold1,104,0.5801749271137027,0.5870318487881829,2.624437092239305,0.6223614192151066,0.6026947086174658,0.5360394185319762
HNSC,cv,plain_gnn,fold2,104,0.5232597623089983,0.5008942624126113,1.4466745240109855,0.3852429529848884,0.5449836904860142,0.5724561437669309
HNSC,cv,plain_gnn,fold3,104,0.5533184190902312,0.519891151439229,3.0795683757048007,0.4963622217660577,0.5572498652613571,0.5060613672902723
HNSC,cv,plain_gnn,fold4,104,0.4440298507462686,0.4237242324659901,-1.4782015843469645,0.4165561161228747,0.4200237355403858,0.43459284573471
HNSC,cv,plain_gnn,fold5,103,0.5205965909090909,0.548864609241242,0.6445656214065509,0.5857367443409012,0.5462616741886689,0.514595409194156
KIRC,cv,path_agnn_cox_static,fold1,107,0.7145979020979021,0.7354028243823847,2.359086739387207,0.6842789053641485,0.7218579193624629,0.8000716484205426
KIRC,cv,path_agnn_cox_static,fold2,107,0.5691331923890064,0.561725394007508,0.5778488356857742,0.5263264903329139,0.5821525979203582,0.5766970937692516
KIRC,cv,path_agnn_cox_static,fold3,107,0.5775100401606426,0.554402129917236,0.7267949119479412,0.5231346210512329,0.5404160798971384,0.5996556888033371
KIRC,cv,path_agnn_cox_static,fold4,106,0.5505263157894736,0.6136612956702566,0.2776972127860035,0.7516939927388678,0.5829168082604044,0.5063730860114974
KIRC,cv,path_agnn_cox_static,fold5,106,0.7051845342706503,0.7649204128656805,0.748363436227971,0.8266327162632391,0.7182528106532741,0.7498757116805282
KIRC,cv,lasso_cox,fold1,107,0.7233391608391608,0.7696896897552091,1.6017748766797273,0.7113537523691587,0.7970485485538027,0.800666768342666
KIRC,cv,lasso_cox,fold2,107,0.6841437632135307,0.7395143657609432,1.1722932551147471,0.8095075732986746,0.7308585203454093,0.6781770036387458
KIRC,cv,lasso_cox,fold3,107,0.6791164658634539,0.6889847279420485,1.1613752827208614,0.7107520481104947,0.6703534879447329,0.6858486477709177
KIRC,cv,lasso_cox,fold4,106,0.6847368421052632,0.7018285039459303,1.6293580629875697,0.741467702099105,0.627904873251577,0.7361129364871092
KIRC,cv,lasso_cox,fold5,106,0.7565905096660809,0.8244912743252993,0.9933485756113536,0.8539468100957489,0.8096350931847193,0.8098919196954297
KIRC,external,lasso_cox,GSE29609,39,0.3663793103448275,0.2919210030783863,-0.7379843967856232,0.2941176470588235,0.2518518518518519,0.3297935103244838
KIRC,cv,ridge_cox,fold1,107,0.7194055944055944,0.7514565105698869,1.566487002214309,0.6830287960954311,0.7861305814295242,0.7852101541847056
KIRC,cv,ridge_cox,fold2,107,0.6651162790697674,0.7158369061445632,0.7985345024943042,0.7706759109982447,0.7098908084971083,0.6669439989383362
KIRC,cv,ridge_cox,fold3,107,0.6887550200803213,0.6820255066464352,1.018038693527444,0.6754006676562442,0.6741149347096772,0.6965609175733843
KIRC,cv,ridge_cox,fold4,106,0.6973684210526315,0.7108716425347547,1.3386236950634482,0.7644295043828507,0.6407918841786049,0.7273935390428083
KIRC,cv,ridge_cox,fold5,106,0.7715289982425307,0.8407648502341328,1.0955367321470366,0.9141689734970816,0.7997325823561331,0.8083929948491834
KIRC,external,ridge_cox,GSE29609,39,0.3081896551724138,0.271135018412478,-1.2406975269711236,0.2823529411764706,0.2444444444444444,0.2866076696165192
KIRC,cv,elastic_net,fold1,107,0.7316433566433567,0.7774404963099121,1.6889033143968617,0.7214007134965463,0.8039348859402647,0.8069858894929253
KIRC,cv,elastic_net,fold2,107,0.6849894291754757,0.7402589892474533,1.1639225577465246,0.8022548000149547,0.7388363668367846,0.6796858008906205
KIRC,cv,elastic_net,fold3,107,0.6759036144578313,0.6868979450920806,1.150560041540046,0.7082846016722756,0.6711227645912649,0.681286469012701
KIRC,cv,elastic_net,fold4,106,0.6994736842105264,0.7074222455271522,1.1659562490278348,0.7495374060947494,0.6229466193676001,0.7497827111191069
KIRC,cv,elastic_net,fold5,106,0.7623022847100176,0.833680282014424,1.013007018547857,0.8720543902165604,0.8114909300027012,0.8174955258240104
KIRC,external,elastic_net,GSE29609,39,0.3383620689655172,0.2768468068971279,-0.924164401891316,0.2823529411764706,0.237037037037037,0.311150442477876
KIRC,cv,rsf,fold1,107,0.7097902097902098,0.7370839426630783,4.97076712768256,0.662848961702974,0.764668290852119,0.7837345754341418
KIRC,cv,rsf,fold2,107,0.6511627906976745,0.6832436490986527,1.9797676898624696,0.6998555418904003,0.6892850701401106,0.6605903352654471
KIRC,cv,rsf,fold3,107,0.6714859437751004,0.655361074197318,4.066915324630735,0.6356047607259198,0.6404777026157119,0.6900007592503223
KIRC,cv,rsf,fold4,106,0.6584210526315789,0.6896358104004351,3.784254733935565,0.7640444855542674,0.6303192618533725,0.6745436837936649
KIRC,cv,rsf,fold5,106,0.7596660808435852,0.8218008348190766,4.921322250168249,0.8911899041102141,0.7903616935226455,0.7838509068243703
KIRC,external,rsf,GSE29609,39,0.2672413793103448,0.2426394431912391,-7.501043214010744,0.2823529411764706,0.211111111111111,0.2344542772861356
KIRC,cv,deepsurv,fold1,107,0.7067307692307693,0.7195535085452387,0.1191092553698242,0.6732288010547905,0.7694996059088951,0.7159321186720304
KIRC,cv,deepsurv,fold2,107,0.6317124735729387,0.6535673021357927,0.0522231493918456,0.724536865653646,0.6122011736870734,0.6239638670666587
KIRC,cv,deepsurv,fold3,107,0.7144578313253012,0.7240667279644368,0.1096939713985739,0.7404227341645655,0.7035012121587877,0.7282762375699573
KIRC,cv,deepsurv,fold4,106,0.781578947368421,0.8021024120157282,0.2307274197228792,0.8244328184484514,0.7539498034922304,0.8279246141065028
KIRC,cv,deepsurv,fold5,106,0.7697715289982425,0.8268100639695329,0.1381129155903001,0.882569885835836,0.8026632135568478,0.7951970925159154
KIRC,cv,cox_nnet,fold1,107,0.6761363636363636,0.6824683729268255,0.0814210446066748,0.6288062145283686,0.7434587899551619,0.675140114296946
KIRC,cv,cox_nnet,fold2,107,0.6131078224101479,0.6347511391349868,0.0571773330202221,0.7002143211694365,0.5886639402198867,0.6153751560156376
KIRC,cv,cox_nnet,fold3,107,0.7008032128514057,0.7088428358274693,0.0679758298925038,0.7233343558860211,0.6998687808838516,0.7033253707125354
KIRC,cv,cox_nnet,fold4,106,0.7468421052631579,0.7642611124593474,0.1825918242386629,0.7986003885671825,0.7380950979242983,0.756087850886561
KIRC,cv,cox_nnet,fold5,106,0.7359402460456942,0.7987905954487834,0.1077545598071263,0.8533590295651724,0.7554506639250865,0.7875620928560909
KIRC,cv,plain_gnn,fold1,107,0.7233391608391608,0.754960769735913,1.6808633063103502,0.7068034147444765,0.7451231709705163,0.8129557234927461
KIRC,cv,plain_gnn,fold2,107,0.5797040169133192,0.5768081612670518,0.7420119652207955,0.5524749112069651,0.5937080837970157,0.5842414887971746
KIRC,cv,plain_gnn,fold3,107,0.5791164658634538,0.5416022235356498,0.8790142099933573,0.4947480142660313,0.5307432714880068,0.5993153848529114
KIRC,cv,plain_gnn,fold4,106,0.5394736842105263,0.6035582010068757,0.1736183897350745,0.7302566846212432,0.5709804361785468,0.5094374822208372
KIRC,cv,plain_gnn,fold5,106,0.7192442882249561,0.7785122949412209,2.233363516322299,0.8352629096595638,0.7322183394568963,0.7680556357072024
LIHC,cv,path_agnn_cox_static,fold1,73,0.6547406082289803,0.7010212822101307,5.6320485539023695,0.7166181914331042,0.7331888159213228,0.6532568392759652
LIHC,cv,path_agnn_cox_static,fold2,73,0.5922939068100358,0.6257284107859938,1.3781651271907112,0.7188307515777396,0.5501914436657054,0.6081630371145366
LIHC,cv,path_agnn_cox_static,fold3,73,0.6198770491803278,0.6463803007637027,1.0415535765621684,0.7880184331797235,0.5550701200807071,0.5960523490306773
LIHC,cv,path_agnn_cox_static,fold4,73,0.635004397537379,0.6558371237576001,1.135940839655296,0.659816733825261,0.7208644202175976,0.5868302172299418
LIHC,cv,path_agnn_cox_static,fold5,73,0.6051282051282051,0.6156074998949422,0.5148408812471241,0.6315637807377048,0.6574595072285375,0.5577992117185847
LIHC,cv,lasso_cox,fold1,73,0.721824686940966,0.7693456823353794,1.7860055447275869,0.8014939185616077,0.8402419001868066,0.666301228257724
LIHC,cv,lasso_cox,fold2,73,0.6021505376344086,0.6178265461678764,0.3721492886759128,0.5569340218014917,0.6002750069130125,0.696270609789125
LIHC,cv,lasso_cox,fold3,73,0.639344262295082,0.6838893789615704,1.0600997909511678,0.8294930875576036,0.6126204423323958,0.6095546069947121
LIHC,cv,lasso_cox,fold4,73,0.6921723834652594,0.7254248559138735,2.2994194200857043,0.6798436460169226,0.7619168074362677,0.7345141142884304
LIHC,cv,lasso_cox,fold5,73,0.5632478632478632,0.5679387425094958,0.4412886489225046,0.5652535860655737,0.6080788799627882,0.5304837615001253
LIHC,external,lasso_cox,GSE14520,221,0.6330586874819312,0.6602301533946416,1.0930789046395517,0.6131709629731967,0.674372481331582,0.6931470158791464
LIHC,external,lasso_cox,GSE116174,64,0.6355799373040752,0.6675602150704719,0.9341265419357844,0.6674107142857142,0.7023530723764915,0.6329168585492101
LIHC,cv,ridge_cox,fold1,73,0.7772808586762076,0.8208793850465789,3.5054859245319623,0.7952802749867796,0.8502348334425545,0.8171230467104028
LIHC,cv,ridge_cox,fold2,73,0.6245519713261649,0.6311759073225887,0.4589265984788419,0.5689621342512908,0.6190926801073647,0.7054729076091104
LIHC,cv,ridge_cox,fold3,73,0.6864754098360656,0.7192853833751642,1.1211940782351986,0.8940092165898618,0.6357772527384287,0.628069680797202
LIHC,cv,ridge_cox,fold4,73,0.7071240105540897,0.7210443139019697,1.3240167383610617,0.6716932010150576,0.7540702657084528,0.7373694749823984
LIHC,cv,ridge_cox,fold5,73,0.5982905982905983,0.5983525616656138,0.7065788744950677,0.5965676229508197,0.6160304588633178,0.5824596031827038
LIHC,external,ridge_cox,GSE14520,221,0.6397080080948251,0.6848200722429981,1.1478493857610217,0.6454320998097645,0.7198097632499307,0.6892183536692995
LIHC,external,ridge_cox,GSE116174,64,0.6293103448275862,0.6594952408677474,1.0809985431610638,0.625,0.6895003903200624,0.6639853322831799
LIHC,cv,elastic_net,fold1,73,0.7271914132379249,0.7703729444499791,2.039070645066174,0.8018244315177154,0.8419225602168322,0.6673718416153895
LIHC,cv,elastic_net,fold2,73,0.6048387096774194,0.6182747765508545,0.4002898883654478,0.563855421686747,0.5935849198610328,0.6973839881047839
LIHC,cv,elastic_net,fold3,73,0.639344262295082,0.6837729961697133,1.1731954988384463,0.8271889400921659,0.6120022837478281,0.6121277646691462
LIHC,cv,elastic_net,fold4,73,0.7203166226912929,0.739557439876362,1.5499694423733883,0.6726804689156873,0.7879226626626128,0.7580691880507859
LIHC,cv,elastic_net,fold5,73,0.5666666666666667,0.5772439200502436,0.4882199128315689,0.5763960040983607,0.620023371189279,0.5353123848630912
LIHC,external,elastic_net,GSE14520,221,0.6374674761491761,0.6643645348750069,1.1869982276670106,0.6163963771432921,0.6816895861818151,0.6950076412999135
LIHC,external,elastic_net,GSE116174,64,0.6387147335423198,0.6702904842107736,1.014854476749965,0.6696428571428572,0.7023809523809523,0.6388476431085115
LIHC,cv,rsf,fold1,73,0.6583184257602862,0.6976767487357151,4.784688552713267,0.6906398730830249,0.702450399012561,0.6999399741115588
LIHC,cv,rsf,fold2,73,0.6120071684587813,0.6262960419784217,4.243532887285432,0.5699529546758462,0.6026713418728963,0.7062638293865228
LIHC,cv,rsf,fold3,73,0.6331967213114754,0.6649138189106214,5.409987240481844,0.7834101382488479,0.6285498951514201,0.5827814233315963
LIHC,cv,rsf,fold4,73,0.7000879507475813,0.7014709868312646,10.096802137429917,0.6295734271359725,0.734458494292688,0.7403810390651332
LIHC,cv,rsf,fold5,73,0.5521367521367522,0.5500287914901478,4.176190702131961,0.4621221823770491,0.57479766872775,0.6131665233656444
LIHC,external,rsf,GSE14520,221,0.598800231280717,0.6093708368614985,6.846213238320522,0.5861038211226055,0.6075218284599363,0.6344868610019537
LIHC,external,rsf,GSE116174,64,0.5783699059561128,0.5679986371597556,8.17949791586917,0.5691964285714286,0.5752202520352403,0.559579230872598
LIHC,cv,deepsurv,fold1,73,0.7370304114490162,0.7844924822906637,0.2230725684196589,0.7256081438392386,0.7714143990850082,0.8564549039477445
LIHC,cv,deepsurv,fold2,73,0.6146953405017921,0.6387659969533163,0.0651894902315891,0.5812943201376936,0.6425456227636664,0.6924580479585889
LIHC,cv,deepsurv,fold3,73,0.6547131147540983,0.6742907112808134,0.0764813537164497,0.7511520737327189,0.5826430176596549,0.6890770424500665
LIHC,cv,deepsurv,fold4,73,0.7176781002638523,0.7216123818618612,0.1593483440110717,0.6242092715425512,0.7146931916457413,0.825934682397291
LIHC,cv,deepsurv,fold5,73,0.6401709401709401,0.649491492892368,0.1258682816642493,0.6683209528688525,0.6400719141376551,0.6400816116705962
LIHC,cv,cox_nnet,fold1,73,0.7719141323792487,0.8360799321301572,0.1132876752466745,0.7943548387096774,0.8367277726084905,0.8771571850723034
LIHC,cv,cox_nnet,fold2,73,0.5869175627240143,0.6011546329327199,0.0417429272755704,0.5026746987951807,0.6328908700416028,0.6678983299613762
LIHC,cv,cox_nnet,fold3,73,0.6506147540983607,0.6624169302994519,0.082239207047311,0.7211981566820276,0.5824988153634792,0.6835538188528488
LIHC,cv,cox_nnet,fold4,73,0.7264731750219877,0.7295009768609461,0.105012604138048,0.6536883597457968,0.7259606864027425,0.8088538844342987
LIHC,cv,cox_nnet,fold5,73,0.6059829059829059,0.6328608992989483,0.0808063353892635,0.666015625,0.6366992088617008,0.5958678640351439
LIHC,cv,plain_gnn,fold1,73,0.648479427549195,0.6913380843642951,2.19223255978641,0.7027366472765733,0.7348664889196198,0.6364111168966922
LIHC,cv,plain_gnn,fold2,73,0.5976702508960573,0.6316100885257624,1.32927501737923,0.7115352839931153,0.5613509627279475,0.6219440188562242
LIHC,cv,plain_gnn,fold3,73,0.6301229508196722,0.6621523155553654,1.5130938098490758,0.8087557603686635,0.5686669817167638,0.6090342045806688
LIHC,cv,plain_gnn,fold4,73,0.6473175021987687,0.6770300113303319,1.2299343989372489,0.6762748553835354,0.7409189908028684,0.6138961878045918
LIHC,cv,plain_gnn,fold5,73,0.6111111111111112,0.6137111031727361,0.4388568745930553,0.6181160348360656,0.6588264592182578,0.5641908154638852
LUSC,cv,path_agnn_cox_static,fold1,99,0.4512601046124584,0.4805191717251165,-8.612956297782107,0.5475069208084589,0.4203703889106011,0.4736802054562894
LUSC,cv,path_agnn_cox_static,fold2,99,0.5519728468392023,0.602490950349023,3.198196734817049,0.670464896410463,0.5516356833280092,0.585372271308597
LUSC,cv,path_agnn_cox_static,fold3,99,0.5094258783204798,0.5048086297634576,4.226540467601772,0.4462207999593353,0.5076309931145742,0.5605740962164634
LUSC,cv,path_agnn_cox_static,fold4,98,0.4760244115082824,0.4538394243962709,-0.2889391777078179,0.4709379491423401,0.4781711448535609,0.4124091791929116
LUSC,cv,path_agnn_cox_static,fold5,98,0.5105651105651106,0.5558003934874322,-17.653718810974716,0.5176059218599497,0.5974659311545651,0.5523293274477816
LUSC,cv,lasso_cox,fold1,99,0.5168806466951973,0.5373236487881692,-0.3117165360178425,0.5536501913853139,0.5212916240120747,0.537029130967119
LUSC,cv,lasso_cox,fold2,99,0.6198557488332627,0.6436357747647562,2.2876121227295227,0.694636352098456,0.6175398229623209,0.6187311492334917
LUSC,cv,lasso_cox,fold3,99,0.5,0.5,,0.5,0.5,0.5
LUSC,cv,lasso_cox,fold4,98,0.5,0.5,,0.5,0.5,0.5
LUSC,cv,lasso_cox,fold5,98,0.5,0.5,,0.5,0.5,0.5
LUSC,external,lasso_cox,GSE37745,196,0.4831993522641837,0.4771343409062048,-0.2136376289277895,0.5102838687744349,0.4463748747076512,0.4747442792365285
LUSC,external,lasso_cox,GSE8894,138,0.5382597289024923,0.5816981842967515,0.0631133980246477,0.6361111111111111,0.5705963938973648,0.5383870478817786
LUSC,cv,ridge_cox,fold1,99,0.5,0.5,,0.5,0.5,0.5
LUSC,cv,ridge_cox,fold2,99,0.5820958845990666,0.5915486729218812,2.9381452273280617,0.561752994634892,0.582102383150764,0.6307906409799877
LUSC,cv,ridge_cox,fold3,99,0.4541559554413025,0.4150284434546128,-0.7688178515171211,0.2840922019641553,0.4276266591785215,0.5333664692211618
LUSC,cv,ridge_cox,fold4,98,0.4969485614646905,0.5213135279307549,0.7240578671113109,0.5053148883050198,0.4775946040277651,0.5810310914594798
LUSC,cv,ridge_cox,fold5,98,0.5,0.5,,0.5,0.5,0.5
LUSC,external,ridge_cox,GSE37745,196,0.5001445838875715,0.5262592788506674,-0.4925858805745924,0.5826959034506205,0.5076289119055575,0.4884530211958241
LUSC,external,ridge_cox,GSE8894,138,0.5204780644220959,0.5455572676944314,0.792833680469822,0.5671296296296297,0.5561719833564494,0.5133701900972152
LUSC,cv,elastic_net,fold1,99,0.5116500237755587,0.5279930720290656,-0.3811695673356817,0.5414201966553932,0.5105897510498942,0.5319692683819095
LUSC,cv,elastic_net,fold2,99,0.6190072125583369,0.6441460086964655,2.9623087538206923,0.6904146418756463,0.6227212637869233,0.619302120426827
LUSC,cv,elastic_net,fold3,99,0.5,0.5,,0.5,0.5,0.5
LUSC,cv,elastic_net,fold4,98,0.5,0.5,,0.5,0.5,0.5
LUSC,cv,elastic_net,fold5,98,0.5,0.5,,0.5,0.5,0.5
LUSC,external,elastic_net,GSE37745,196,0.4836620207044127,0.4800664912683076,-0.2255375804982592,0.5140234574196838,0.44826818131195,0.477907835073289
LUSC,external,elastic_net,GSE8894,138,0.5403002477772919,0.5852512580641148,0.1506056964708224,0.6379629629629628,0.5764216366158114,0.5413691746135705
LUSC,cv,rsf,fold1,99,0.5121255349500713,0.5288914979287819,-1.966003488152148,0.5930642527640476,0.5239638710450711,0.4696463699772265
LUSC,cv,rsf,fold2,99,0.5447602885023335,0.5149273077567713,1.6070873777786046,0.4273577425346663,0.5625690482317866,0.5548551325038611
LUSC,cv,rsf,fold3,99,0.4378748928877463,0.3884633217564446,-3.24666735989499,0.2883859436186519,0.3987093259873273,0.4782946956633548
LUSC,cv,rsf,fold4,98,0.5248474280732345,0.5157993659626506,1.7911799881830066,0.5481546668060988,0.4966814663558961,0.5025619647259569
LUSC,cv,rsf,fold5,98,0.6093366093366094,0.6517615185434633,5.901081919771956,0.6138146823773647,0.7380324280290499,0.6034374452239754
LUSC,external,rsf,GSE37745,196,0.5170319819559308,0.5602175557495729,-0.0805269150545736,0.6353901070882203,0.538144559527787,0.5071180006327112
LUSC,external,rsf,GSE8894,138,0.4833114706311033,0.5093981542785228,-4.017187584258574,0.5462962962962963,0.5273231622746185,0.4545750042646532
LUSC,cv,deepsurv,fold1,99,0.5007132667617689,0.5148123582284904,0.0011598327785195,0.5059297085094517,0.5262189502589567,0.5122884159170624
LUSC,cv,deepsurv,fold2,99,0.5371234620280017,0.5390491040796531,0.0072450297782989,0.4595359621462085,0.5361484438343159,0.6214629062584346
LUSC,cv,deepsurv,fold3,99,0.4940017137960583,0.4849939455345157,-0.0040548066487418,0.4383123152982323,0.4907839247709789,0.525885596534336
LUSC,cv,deepsurv,fold4,98,0.5021795989537925,0.5019752121422635,-0.0091252778949325,0.4630750863204488,0.5086873533933116,0.5341631967130298
LUSC,cv,deepsurv,fold5,98,0.4525798525798525,0.452120487885463,-0.0371808495259209,0.525607294126961,0.4562053268380337,0.3745488426913944
LUSC,cv,cox_nnet,fold1,99,0.4964336661911555,0.4941363793733694,-0.0034444835442414,0.4980815236639698,0.5122562227728642,0.4720713916832744
LUSC,cv,cox_nnet,fold2,99,0.5621552821383115,0.5615586024265388,0.0121407526462011,0.5041486745170523,0.5545633126866374,0.6259638200759268
LUSC,cv,cox_nnet,fold3,99,0.5119965724078834,0.5253689198477813,-0.0005245506200552,0.4490180065004715,0.5560100010225133,0.5710787520203594
LUSC,cv,cox_nnet,fold4,98,0.5117698343504795,0.5285014856051361,-0.0089392675312133,0.5477921331399087,0.5389253301918293,0.4987869934836701
LUSC,cv,cox_nnet,fold5,98,0.4594594594594595,0.4801997639313094,-0.0298634362760349,0.5398523053645964,0.5164729608317182,0.3842740255976138
LUSC,cv,plain_gnn,fold1,99,0.4465049928673323,0.4732409329400806,-1.7705683407428698,0.5459592262577064,0.4160593371851504,0.457704235377385
LUSC,cv,plain_gnn,fold2,99,0.5515485787017395,0.6067133327123245,1.612364442769163,0.6828495893758127,0.546903594381209,0.590386814379952
LUSC,cv,plain_gnn,fold3,99,0.4927163667523564,0.4855590616101655,0.4787970716129829,0.4794413246577534,0.4891869610809565,0.4880488990917868
LUSC,cv,plain_gnn,fold4,98,0.4912816041848299,0.4523167401300427,-0.3883027506277205,0.4612837830553297,0.4465689740445044,0.449097463290294
LUSC,cv,plain_gnn,fold5,98,0.5110565110565111,0.5486479859296266,-4.069641142623164,0.4892441535707531,0.6084953455731951,0.5482044586449315
OV,cv,path_agnn_cox_static,fold1,85,0.5434595524956971,0.5779528037177563,4.696779122666374,0.5438160710517059,0.5846019316427096,0.6054404084588532
OV,cv,path_agnn_cox_static,fold2,84,0.5876951331496786,0.5924527709748384,7.62990561640849,0.5852907194457511,0.6095664669848639,0.5825011264939002
OV,cv,path_agnn_cox_static,fold3,84,0.5216357584403234,0.5447416699438813,1.308432645091349,0.541074534716967,0.5546349764668334,0.5385154986478432
OV,cv,path_agnn_cox_static,fold4,84,0.5317796610169492,0.5455463043968263,4.313410704860343,0.4383534972044012,0.5818553917701957,0.6164300242158819
OV,cv,path_agnn_cox_static,fold5,84,0.5905359729599228,0.6320484875046193,3.44278637245735,0.640769504917573,0.646012546807904,0.609363410788381
OV,cv,lasso_cox,fold1,85,0.5774526678141136,0.6079446811841841,16.784608423348857,0.6264617219769316,0.6179918729327071,0.5793804486429136
OV,cv,lasso_cox,fold2,84,0.5,0.5,,0.5,0.5,0.5
OV,cv,lasso_cox,fold3,84,0.4945316214931051,0.4654917656019559,2.839609826165892,0.4244894573737836,0.4929348663577539,0.4790509730743302
OV,cv,lasso_cox,fold4,84,0.5127118644067796,0.5124595225570826,-0.1102606515049037,0.565741501063779,0.5127128826951574,0.4589241839123115
OV,cv,lasso_cox,fold5,84,0.5234186383389667,0.516830767286176,0.483214575667139,0.6026074018614941,0.4496253898485033,0.4982595101485308
OV,external,lasso_cox,GSE26712,185,0.5767854480393618,0.604427901945065,10.7938463560873,0.5841270589449985,0.6248102262762926,0.6043464206139038
OV,external,lasso_cox,GSE17260,110,0.5308686288585787,0.5396310157615604,0.7179469481796115,0.5149813418645448,0.5798710225622385,0.5240406828578977
OV,external,lasso_cox,GSE32062,260,0.5429631889363433,0.557319341446921,10.180217975633855,0.5999607568642493,0.5483331568691203,0.5236641106073934
OV,cv,ridge_cox,fold1,85,0.6045611015490534,0.6524042312149362,1.9966477354278496,0.6021607846998532,0.6667411445202854,0.6883107644246699
OV,cv,ridge_cox,fold2,84,0.5289256198347108,0.5424559009175215,0.4542834418939684,0.5479958445765408,0.5703146887953936,0.5090571693806301
OV,cv,ridge_cox,fold3,84,0.6005706134094151,0.6229240361857459,2.4205012753720694,0.6450662418566839,0.6029487027789965,0.6207571639215572
OV,cv,ridge_cox,fold4,84,0.5953389830508474,0.5865435015508877,0.7325579768700556,0.6780751681351019,0.5868418249116668,0.4947135116058945
OV,cv,ridge_cox,fold5,84,0.5625301786576533,0.5498040624264862,1.4104976813393926,0.5872659919653491,0.47680750588802,0.5853386894260892
OV,external,ridge_cox,GSE26712,185,0.632100790219174,0.6842011669307101,3.006409455953164,0.6888292589313071,0.7094592559036741,0.6543149859571491
OV,external,ridge_cox,GSE17260,110,0.6435750179468772,0.6626282062186243,2.333758753236637,0.6534181511323774,0.6408367432927894,0.6936297242307061
OV,external,ridge_cox,GSE32062,260,0.6126703274354282,0.6512323930093153,1.838278189409537,0.669245275425148,0.623323864936534,0.6611280386662639
OV,cv,elastic_net,fold1,85,0.5774526678141136,0.6079446811841841,10.542445336248148,0.6264617219769316,0.6179918729327071,0.5793804486429136
OV,cv,elastic_net,fold2,84,0.5,0.5,,0.5,0.5,0.5
OV,cv,elastic_net,fold3,84,0.4983357108892059,0.47239010139784,3.795357916799164,0.4284194816372823,0.4976535209679898,0.491097301588248
OV,cv,elastic_net,fold4,84,0.5116525423728814,0.5058060941229406,-0.1413918732780321,0.568311571599466,0.5066170983637692,0.4424896124055868
OV,cv,elastic_net,fold5,84,0.5248672139063254,0.517938007170229,0.4952866732828953,0.6067049986833413,0.4460374324233854,0.5010715904039602
OV,external,elastic_net,GSE26712,185,0.5813329357387804,0.6152810502134431,2.824600923599664,0.5871908566400801,0.6406288864883826,0.6180234075118669
OV,external,elastic_net,GSE17260,110,0.4788226848528356,0.4701930596074999,-1.5499883388220748,0.4173274953146325,0.5069714061352503,0.4862802773726171
OV,external,elastic_net,GSE32062,260,0.525422005287777,0.5471877629044326,0.6327673072309118,0.5897173397277702,0.5291623091499681,0.5226836398355594
OV,cv,rsf,fold1,85,0.5512048192771084,0.5717147805265268,7.706893708637312,0.4581913404125141,0.6225659611667868,0.6343870400002796
OV,cv,rsf,fold2,84,0.5817263544536272,0.6130373551713432,10.168837344962158,0.6081382532598029,0.6386933244112909,0.5922804878429357
OV,cv,rsf,fold3,84,0.5901093675701379,0.6016546170045932,12.165275801105636,0.6936898266505508,0.5512663745082655,0.5600076498549632
OV,cv,rsf,fold4,84,0.538135593220339,0.5162214422135446,0.2039093723428977,0.620897015191103,0.5193022402626899,0.408465071186841
OV,cv,rsf,fold5,84,0.5432158377595364,0.5808403657397885,6.036509340186582,0.587967080421845,0.5448743842391702,0.6096796325583503
OV,external,rsf,GSE26712,185,0.5592664380497987,0.5678101299640627,6.295352627256005,0.5739009327187782,0.5923042375149543,0.5372252196584555
OV,external,rsf,GSE17260,110,0.5236898779612348,0.499886705235108,3.938640312462639,0.4977211959422807,0.4749633380996738,0.5269755816633694
OV,external,rsf,GSE32062,260,0.5888244864754932,0.6110327194310775,10.729515983972728,0.6173543930374081,0.6056019695674046,0.6101417956884196
OV,cv,deepsurv,fold1,85,0.5576592082616179,0.6099314522625828,0.0339302955467967,0.5957203766190463,0.6006105397423084,0.6334634404263939
OV,cv,deepsurv,fold2,84,0.5757575757575758,0.6088039078136034,0.0403930055695692,0.6283898788231207,0.6314275257217511,0.5665943188959384
OV,cv,deepsurv,fold3,84,0.6157869709938184,0.6504056930377767,0.0558256627861384,0.7079940107582612,0.6462000935058287,0.5970229748492404
OV,cv,deepsurv,fold4,84,0.6377118644067796,0.6637031392887072,0.0607578994031053,0.636439715381501,0.6684816356967772,0.6861880667878433
OV,cv,deepsurv,fold5,84,0.5977788507967166,0.6334206675612104,0.0754474844406125,0.5668180354871531,0.649780631040687,0.6836633361557912
OV,cv,cox_nnet,fold1,85,0.5903614457831325,0.6457400917772071,0.051403308436647,0.6110085476317899,0.6447919045038512,0.6814198231959802
OV,cv,cox_nnet,fold2,84,0.5771349862258953,0.6131785500732176,0.0328213091461001,0.5942198634542818,0.6480604192433704,0.5972553675220006
OV,cv,cox_nnet,fold3,84,0.6338563956252972,0.6660260574080898,0.0399194135075376,0.7210885075545959,0.6414947789095045,0.6354948857601692
OV,cv,cox_nnet,fold4,84,0.6133474576271186,0.6511614479576715,0.0387474943648474,0.6442806734208538,0.6539815360781616,0.6552221343739992
OV,cv,cox_nnet,fold5,84,0.5639787542250121,0.5954628641625631,0.0463226347724113,0.5410924066940112,0.6024833599453053,0.6428128258483726
OV,cv,plain_gnn,fold1,85,0.5021514629948365,0.5280390865390411,0.6843776955274692,0.4857792417950943,0.5356770403261876,0.5626609774958413
OV,cv,plain_gnn,fold2,84,0.5918273645546372,0.5960160375199826,4.415090553418105,0.6165806584347729,0.598898961703013,0.5725684924221617
OV,cv,plain_gnn,fold3,84,0.5049928673323824,0.5231808696581944,0.3064737230749194,0.5334789820536627,0.5208840906971404,0.5151795362237802
OV,cv,plain_gnn,fold4,84,0.4676906779661017,0.4495762770922794,-2.783602791727961,0.5636505466130368,0.3899742077886716,0.3951040768751296
OV,cv,plain_gnn,fold5,84,0.5577015934331241,0.5965241420713067,76.05457914764399,0.4820306956100414,0.7264443175302796,0.581097413073599
STAD,cv,path_agnn_cox_static,fold1,77,0.5450704225352113,0.5488471913993102,10.87980091468593,0.6171875,0.5055834647128282,0.5237706094851023
STAD,cv,path_agnn_cox_static,fold2,77,0.4665766374071573,0.468995560342013,-0.5803432637045719,0.571541172037046,0.4378909437500841,0.3975545652389089
STAD,cv,path_agnn_cox_static,fold3,77,0.4650864830237027,0.429069148165518,-1.912677506266568,0.3780275875372083,0.4343973972492113,0.4747824597101346
STAD,cv,path_agnn_cox_static,fold4,77,0.4406207827260459,0.3915523674038557,-1.089456551826825,0.3056906856348214,0.4233518376380283,0.4456145789387173
STAD,cv,path_agnn_cox_static,fold5,77,0.6028571428571429,0.6120108920508792,7.745023653812165,0.6020033988647788,0.6405242196154401,0.5935050576724189
STAD,cv,lasso_cox,fold1,77,0.5253521126760563,0.5044351117064555,1.0602453264408922,0.4595306513409962,0.489694990867152,0.5640796929112183
STAD,cv,lasso_cox,fold2,77,0.6198514517218096,0.7041924040050817,1.5469839349630552,0.7926986903569783,0.6656150638839716,0.6542634577742951
STAD,cv,lasso_cox,fold3,77,0.5,0.5,,0.5,0.5,0.5
STAD,cv,lasso_cox,fold4,77,0.5,0.5,,0.5,0.5,0.5
STAD,cv,lasso_cox,fold5,77,0.5,0.5,,0.5,0.5,0.5
STAD,external,lasso_cox,GSE15459,191,0.5311141841169498,0.5064138356372693,1.0755427109768845,0.4918971246158564,0.5237793411718712,0.5035650411240804
STAD,external,lasso_cox,GSE84437,431,0.5392391219435981,0.5270099836728878,0.8615799505232912,0.4935559163791352,0.5204498977505112,0.5670241368890168
STAD,cv,ridge_cox,fold1,77,0.55,0.5346055707412041,0.8960773812685886,0.50628591954023,0.5418349338384659,0.5556958588449162
STAD,cv,ridge_cox,fold2,77,0.612424037812289,0.6682088673527158,3.0761946236452435,0.7168883408150246,0.6248110506438607,0.6629272105992622
STAD,cv,ridge_cox,fold3,77,0.6021780909673287,0.6226127897070975,2.234638247472829,0.5748534122771711,0.6491608151394654,0.643824141704656
STAD,cv,ridge_cox,fold4,77,0.5587044534412956,0.5681564419359653,1.4555225172925237,0.5765166337387957,0.573329217994507,0.5546234740745932
STAD,cv,ridge_cox,fold5,77,0.4635714285714286,0.4540966159900947,-0.4059687236419893,0.3514529575252929,0.5655909299601564,0.445245960484835
STAD,external,ridge_cox,GSE15459,191,0.5759581193204267,0.5645188460878465,1.6514746805387024,0.5763475200623157,0.5760807933786511,0.5411282248225726
STAD,external,ridge_cox,GSE84437,431,0.5719553159909382,0.5787729925092061,1.887286505267252,0.5600263852242744,0.5678644463920537,0.6084281459112904
STAD,cv,elastic_net,fold1,77,0.5373239436619718,0.5191681454644744,1.1487663892041935,0.4789870689655173,0.5021986101969266,0.5763187572309796
STAD,cv,elastic_net,fold2,77,0.62525320729237,0.711333180502852,1.8867274882329417,0.8025993751072659,0.675597611158256,0.6558025552430343
STAD,cv,elastic_net,fold3,77,0.6015374759769379,0.6321218430640952,15.087111420187526,0.6139515996135664,0.7069320494551967,0.5754818801235229
STAD,cv,elastic_net,fold4,77,0.5897435897435898,0.576512429083278,3.7654616067302937,0.5547809354917491,0.5534651478019726,0.6212912039561124
STAD,cv,elastic_net,fold5,77,0.5485714285714286,0.5426658780370311,10.2239492166292,0.4560291950537793,0.5718325303998619,0.6001359086574521
STAD,external,elastic_net,GSE15459,191,0.5335835638087713,0.5087768591283744,1.1592947102737308,0.4930148877141086,0.5251914751011213,0.5081242145698933
STAD,external,elastic_net,GSE84437,431,0.533052105304273,0.5198156255583125,0.8716791417213161,0.4848284960422163,0.5134677183756938,0.5611506622570273
STAD,cv,rsf,fold1,77,0.5183098591549296,0.5075462139749551,0.2090055842502347,0.4943726053639847,0.5303488931212773,0.4979171434396033
STAD,cv,rsf,fold2,77,0.5584064821066846,0.6060820825484626,4.5274721679476135,0.7002463797246472,0.5353301148172773,0.5826697531034633
STAD,cv,rsf,fold3,77,0.5803971812940423,0.5909966203009954,3.309958916812705,0.548666628148886,0.6039082978770134,0.6204149348770868
STAD,cv,rsf,fold4,77,0.5310391363022942,0.5301238789183507,2.859194768335895,0.5446283334912898,0.5253666533423587,0.5203766499214036
STAD,cv,rsf,fold5,77,0.4335714285714285,0.4054254572114483,-3.355357677769278,0.284672620165488,0.5111452321389354,0.4204585193299215
STAD,external,rsf,GSE15459,191,0.5576847096009483,0.5498061336405943,2.7217347048062703,0.5952317879345944,0.553511619386863,0.5006749936003254
STAD,external,rsf,GSE84437,431,0.5808139989063354,0.5989807269834163,5.153580008840087,0.6075197889182058,0.5877300613496932,0.6016923306823501
STAD,cv,deepsurv,fold1,77,0.5485915492957747,0.5367319413034611,0.026209483021264,0.493025622605364,0.5588149621405832,0.5583552391644361
STAD,cv,deepsurv,fold2,77,0.5611073598919649,0.6085315287550295,0.0101567531707249,0.6926334727863419,0.5451438442112716,0.587817269267475
STAD,cv,deepsurv,fold3,77,0.5810377962844331,0.5682690027617677,0.0383449607178787,0.5638549241957824,0.5348499230529649,0.6061021610365558
STAD,cv,deepsurv,fold4,77,0.5546558704453441,0.5747915571109768,0.0367236157165068,0.6217119022406747,0.5557988098067917,0.5468639592854639
STAD,cv,deepsurv,fold5,77,0.4564285714285714,0.4391123403589163,-0.0173413250584961,0.3635644058264589,0.4750689626380848,0.4787036526122054
STAD,cv,cox_nnet,fold1,77,0.5556338028169014,0.5555135498413296,0.0190015643473824,0.5247545498084292,0.5852867445126481,0.5564993552029116
STAD,cv,cox_nnet,fold2,77,0.574611748818366,0.6002912656733178,0.033663917671209,0.6119659413540846,0.5709612627396151,0.6179465929262538
STAD,cv,cox_nnet,fold3,77,0.5618193465727098,0.5393556115338379,0.0327367812129954,0.5368561615124823,0.5330808381188116,0.5481298349702197
STAD,cv,cox_nnet,fold4,77,0.5344129554655871,0.5326219555028583,0.0182300394664961,0.5797092171307552,0.5185272596885704,0.4996293896892494
STAD,cv,cox_nnet,fold5,77,0.45,0.4420297203113945,-0.0065380599732876,0.36654969474695,0.4530633183230068,0.5064761478642266
STAD,cv,plain_gnn,fold1,77,0.5767605633802817,0.5864240442223387,4.014025618819967,0.6452646072796935,0.5572780367225711,0.5567294886647515
STAD,cv,plain_gnn,fold2,77,0.4611748818365969,0.4599347696821017,-0.7501067901961467,0.5476317836967342,0.4347144242499415,0.3974581010996296
STAD,cv,plain_gnn,fold3,77,0.4721332479180012,0.4355895307379935,-0.7024109636276219,0.3761256821399407,0.4466424161948885,0.4840004938791512
STAD,cv,plain_gnn,fold4,77,0.4615384615384615,0.4286711471489871,-1.1108000770106168,0.367806349945505,0.4512995890178712,0.466907502483585
STAD,cv,plain_gnn,fold5,77,0.5707142857142857,0.5629513164334198,2.831668507570116,0.5048069479194983,0.6258665788038915,0.5581804225768694
BLCA,cv,path_agnn_cox_static,fold1,81,0.5706521739130435,0.5396694322252039,11.735858757005904,0.4954843976983037,0.5365099372556361,0.5870139617216719
BLCA,cv,path_agnn_cox_static,fold2,81,0.5298204979733642,0.4969635102099455,1.7313719351415455,0.5323657200860993,0.46182675164441,0.4966980588993273
BLCA,cv,path_agnn_cox_static,fold3,81,0.5259381898454746,0.5050369339470565,0.7330016232552867,0.4644807982041335,0.4846618345200785,0.5659681691169576
BLCA,cv,path_agnn_cox_static,fold4,81,0.5577449370552818,0.5875944455009064,0.7627654196298245,0.667995300830746,0.5786810827412548,0.5161069529307184
BLCA,cv,path_agnn_cox_static,fold5,80,0.4582245430809399,0.4173205276694998,-1.969363764038512,0.3988773291971517,0.459372797458969,0.3937114563523786
BLCA,cv,lasso_cox,fold1,81,0.5875603864734299,0.6396990604667859,0.7542820971936727,0.7768148044519058,0.5839098073595471,0.5583725695889047
BLCA,cv,lasso_cox,fold2,81,0.5929357266936884,0.5950533730662836,1.3686621451315717,0.5293191432853376,0.6141546353718652,0.641686340541648
BLCA,cv,lasso_cox,fold3,81,0.6330022075055187,0.6535964471273249,1.8174559729286297,0.6178743380992509,0.6554475867812993,0.6874674165014248
BLCA,cv,lasso_cox,fold4,81,0.7268746579091406,0.7482592161638206,4.818868026230371,0.737203155156499,0.7644135031936719,0.7431609901412909
BLCA,cv,lasso_cox,fold5,80,0.5091383812010444,0.5519695138237933,-0.020986687815945,0.6967609961238126,0.4884674799615504,0.4706800653860167
BLCA,external,lasso_cox,GSE32894,224,0.7536404869897351,0.7730487907635087,3.4636232132064952,0.7558382937965995,0.774296841139572,0.789011237354355
BLCA,external,lasso_cox,GSE13507,165,0.6136720796228392,0.6894114741135317,1.094263114146594,0.7128633609212354,0.687319710131129,0.6680513512882302
BLCA,cv,ridge_cox,fold1,81,0.6099033816425121,0.6640803096947385,0.681190452103149,0.834478917603568,0.6026763851765587,0.555085626304089
BLCA,cv,ridge_cox,fold2,81,0.6132020845396642,0.6440167716070603,1.552515267325947,0.6254063225060397,0.6245054018640875,0.6821385904510537
BLCA,cv,ridge_cox,fold3,81,0.6412803532008831,0.6765946702855564,1.5939994904630232,0.678999029637832,0.6490953281406654,0.7016896530781717
BLCA,cv,ridge_cox,fold4,81,0.7542419266557198,0.775016254037976,1.9144897326839256,0.7613912897541328,0.7824460348020899,0.7812114375577057
BLCA,cv,ridge_cox,fold5,80,0.5528720626631853,0.5642560326481764,0.521941772348241,0.5955745624831326,0.5790350033593634,0.5181585321020331
BLCA,external,ridge_cox,GSE32894,224,0.7906421580329435,0.827652906570132,4.061580466772354,0.8435684617989724,0.8123768803678244,0.8270133775435993
BLCA,external,ridge_cox,GSE13507,165,0.6224463069669984,0.681105930549192,1.0077120080994624,0.6775636954759281,0.6599585128965183,0.7057955832751299
BLCA,cv,elastic_net,fold1,81,0.5821256038647343,0.6291620457547055,0.7755530304447456,0.77025877479326,0.5715927036539178,0.5456346588169385
BLCA,cv,elastic_net,fold2,81,0.5969889982628837,0.6002537769445696,1.5832199652069483,0.5407411256525285,0.60949791582993,0.6505222893512506
BLCA,cv,elastic_net,fold3,81,0.6285871964679912,0.6472025503808405,1.9978881710294552,0.6146968662873434,0.6488423478874943,0.6780684369676838
BLCA,cv,elastic_net,fold4,81,0.7230432402846196,0.7418747703858483,5.398089165501512,0.7290005873961567,0.7538644470868013,0.7427592766745866
BLCA,cv,elastic_net,fold5,80,0.5097911227154047,0.5533232261795652,0.0642026590142218,0.7001352365304712,0.4942740291097763,0.4655604128984482
BLCA,external,elastic_net,GSE32894,224,0.7550728097397947,0.7768331656387627,3.825542196771752,0.7606904102647454,0.775364885250921,0.7944442014006221
BLCA,external,elastic_net,GSE13507,165,0.606993190151912,0.6846645565962598,1.0760598490015532,0.718255538306207,0.6748265632317211,0.6609115682508515
BLCA,cv,rsf,fold1,81,0.5905797101449275,0.6395242112201985,4.38084261940516,0.7966781341676417,0.5845231233427384,0.5373713761502157
BLCA,cv,rsf,fold2,81,0.5923566878980892,0.5819009692032919,7.123185226746879,0.5163874818988358,0.5876647844576274,0.6416506412534128
BLCA,cv,rsf,fold3,81,0.6015452538631346,0.6279454484588713,4.037923159802059,0.6629192811891347,0.6036021367391833,0.617314927448296
BLCA,cv,rsf,fold4,81,0.722495894909688,0.7585517322295933,9.520200008557111,0.7794747000083914,0.7534991894725436,0.7426813072078452
BLCA,cv,rsf,fold5,80,0.5496083550913838,0.550619053957443,0.7997115115925103,0.5353008864517316,0.5680039508863208,0.5485523245342769
BLCA,external,rsf,GSE32894,224,0.7736930054905705,0.7954254064833473,20.25055372295504,0.7872256975414067,0.799457413939755,0.7995931079688803
BLCA,external,rsf,GSE13507,165,0.607124148768989,0.6563636000292004,3.261171822956167,0.6502960628468157,0.6467974718284106,0.6719972654123746
BLCA,cv,deepsurv,fold1,81,0.5954106280193237,0.6359910973663051,0.0449590438384513,0.7410195265469468,0.5924540811625847,0.5744996843893839
BLCA,cv,deepsurv,fold2,81,0.6097278517660684,0.6445246980680084,0.0655888060121189,0.6062731823434365,0.6374230841851904,0.689877827675398
BLCA,cv,deepsurv,fold3,81,0.6109271523178808,0.6721524258299594,0.0661465076804406,0.6842315567348475,0.6488958177602417,0.683329902994789
BLCA,cv,deepsurv,fold4,81,0.6606458675424193,0.7017493491270913,0.0946947385077975,0.6941134513719897,0.71534555594864,0.6957890400606443
BLCA,cv,deepsurv,fold5,80,0.5698433420365535,0.6210300668053887,0.0168464922601287,0.7165000430028442,0.5653111155247263,0.5812790418885958
BLCA,cv,cox_nnet,fold1,81,0.5851449275362319,0.6215896500549349,0.0455818288920262,0.7176768383329659,0.5812311001417624,0.5658610116900764
BLCA,cv,cox_nnet,fold2,81,0.6004632310364795,0.6338505221038084,0.063393345415187,0.5773663070765757,0.6692228769468779,0.6549623822879717
BLCA,cv,cox_nnet,fold3,81,0.619757174392936,0.676024143001808,0.0485695938102359,0.6922193436358867,0.6517816176283187,0.6840714677412186
BLCA,cv,cox_nnet,fold4,81,0.6376573617952929,0.7048184409586599,0.0543115104795376,0.736699672736427,0.7111877904928251,0.6665678596467276
BLCA,cv,cox_nnet,fold5,80,0.5907310704960835,0.6662976834564845,0.0288176902120988,0.7072336715235167,0.6390090686889728,0.6526503101569642
BLCA,cv,plain_gnn,fold1,81,0.5996376811594203,0.5974718191110269,13.075359354317689,0.6093006343513478,0.5661738567839493,0.6169409661977834
BLCA,cv,plain_gnn,fold2,81,0.5332947307469601,0.4996782036651955,1.7688447701980723,0.5319912559039283,0.466561307224398,0.5004820478672601
BLCA,cv,plain_gnn,fold3,81,0.5286975717439294,0.5107340062214281,1.1451212424600936,0.4710078186119179,0.4903138035444715,0.5708803965078948
BLCA,cv,plain_gnn,fold4,81,0.5747126436781609,0.6093937160225162,1.8614663310750057,0.7203574725182512,0.5947452417840359,0.5130784337652617
BLCA,cv,plain_gnn,fold5,80,0.5998694516971279,0.6104167724937083,0.0805518755522559,0.6675494606850204,0.6222996854943574,0.5414011713017469
LUAD,cv,path_agnn_cox,fold1,106,0.4602453430258973,0.4879501996611468,-0.115291759395758,0.4290822823012757,0.5184839192822392,0.5162843973999256
LUAD,cv,path_agnn_cox,fold2,106,0.4811994288434079,0.5009536444374221,-0.6290092480232484,0.4536995298837316,0.5557945657564323,0.4933668376721022
LUAD,cv,path_agnn_cox,fold3,105,0.5086124401913875,0.522832948131709,-1.1438392922145872,0.5964877434129419,0.4563272038776323,0.515683897104553
LUAD,cv,path_agnn_cox,fold4,105,0.4939543215405284,0.5364693633519125,-4.735174098014175,0.6054014336703925,0.493060355517149,0.510946300868196
LUAD,cv,path_agnn_cox,fold5,105,0.5050651230101303,0.5061780156233696,-0.072526802924656,0.3841486425768743,0.5168479635192343,0.6175374407740002
LUAD,external,path_agnn_cox,GSE31210,226,0.7566655958882107,0.7647757818475401,0.0902231261469064,0.7839506172839505,0.7599793805179933,0.7503973477406765
LUAD,external,path_agnn_cox,GSE50081,181,0.5745989892331356,0.6034226137374006,4.477952370846835,0.6149632389486377,0.604885548276738,0.5904190539868258
LUAD,external,path_agnn_cox,GSE68465,442,0.5151764545989943,0.5463130559152455,0.0113864379797909,0.6112154337410491,0.5311974316473258,0.4965263023573616
LUAD,cv,path_agnn_cox_noreg,fold1,106,0.6301681054066334,0.6964547153668138,14.9020255634853,0.6364949952169471,0.6789932857054602,0.773875865178034
LUAD,cv,path_agnn_cox_noreg,fold2,106,0.484531175630652,0.4851837094526822,-0.2856179970752063,0.4569442420380105,0.5198609492496754,0.4787459370703606
LUAD,cv,path_agnn_cox_noreg,fold3,105,0.5153110047846889,0.5399823094355501,-0.6676277370484917,0.6278875610280172,0.4756139779861817,0.5164453892924514
LUAD,cv,path_agnn_cox_noreg,fold4,105,0.5530676220331393,0.6133702544987983,-1.3179372597133077,0.6754116695286249,0.5687367028384049,0.5959623911293652
LUAD,cv,path_agnn_cox_noreg,fold5,105,0.4857694163048722,0.4790034938094507,-0.2548183223325247,0.3456027636168174,0.4877585309901905,0.6036491868213443
LUAD,external,path_agnn_cox_noreg,GSE31210,226,0.286540314808866,0.2963337526012559,-0.0046469524563331,0.2962962962962963,0.2782089007194868,0.3144960607879845
LUAD,external,path_agnn_cox_noreg,GSE50081,181,0.4692375302131399,0.4328527091443067,-0.2285923062553615,0.3653683203809517,0.4781367633954574,0.455053043656511
LUAD,external,path_agnn_cox_noreg,GSE68465,442,0.5249392186768548,0.5116200048997405,0.0002401752788205,0.4894162696477643,0.5307654726534246,0.5146782723980323
LUAD,external,path_agnn_cox_static,GSE31210,226,0.2410857693543205,0.2360911030262945,-0.0074785852310389,0.2196502057613168,0.2413556000122,0.2472675033053666
LUAD,external,path_agnn_cox_static,GSE50081,181,0.476049219951659,0.4497765943236382,-0.5999320410193906,0.4290821544131552,0.4458347550390832,0.4744128735186762
LUAD,external,path_agnn_cox_static,GSE68465,442,0.4938916657857779,0.464862719553067,-0.0004454618479748,0.4028548478735864,0.478726916937197,0.5130063938484175
LUAD,external,deepsurv,GSE31210,226,0.6143591390941214,0.6071417882591105,0.0001169876352611,0.588991769547325,0.6409882915882913,0.5914453036417149
LUAD,external,deepsurv,GSE50081,181,0.52856515051637,0.5026055972289812,0.0132423441227722,0.4877561482545645,0.4756402086935392,0.54442043473884
LUAD,external,deepsurv,GSE68465,442,0.5902961296265535,0.6309635123246222,5.282887030089992e-05,0.658635922045796,0.6160405292625533,0.6182140856655174
LUAD,external,cox_nnet,GSE31210,226,0.666077738515901,0.6473292504166689,0.0001028597612402,0.6332304526748971,0.6654065400804271,0.6433507584946824
LUAD,external,cox_nnet,GSE50081,181,0.4850582289606679,0.4605086764161698,-0.0084163656230872,0.4243681356126895,0.4666999195853081,0.4904579740505118
LUAD,external,cox_nnet,GSE68465,442,0.598042916899473,0.6382369351987882,4.58744422623021e-05,0.6713674157546301,0.6267277255748529,0.6166156642668815
LUSC,cv,path_agnn_cox,fold1,99,0.454113171659534,0.4843013124175284,-4.439170989803624,0.5624478144507419,0.4174262046324002,0.473029918169443
LUSC,cv,path_agnn_cox,fold2,99,0.5570640644887569,0.6114147288100894,3.7742349508252016,0.6847609177053889,0.556491268514944,0.5929920002099353
LUSC,cv,path_agnn_cox,fold3,99,0.5372750642673522,0.557039854228183,1.2656824022181334,0.5406559244846058,0.5762467134995756,0.5542169247003678
LUSC,cv,path_agnn_cox,fold4,98,0.513949433304272,0.49080320067503,0.0653227804389095,0.4762678828043238,0.4235960674169972,0.5725456518037689
LUSC,cv,path_agnn_cox,fold5,98,0.5366093366093366,0.5676367121572883,-2.429804358923417,0.5190420520669772,0.6239146609809642,0.5599534234239234
LUSC,external,path_agnn_cox,GSE37745,196,0.51179804522584,0.4769485015335906,0.6981622988057397,0.3661397246302907,0.50417641162713,0.5605293683433512
LUSC,external,path_agnn_cox,GSE8894,138,0.5472963124908905,0.5358384103539525,1.3504452748765472,0.6106481481481482,0.4593619972260749,0.5375050856876346
LUSC,cv,path_agnn_cox_noreg,fold1,99,0.4698050404184498,0.5032904758379263,-4.502747633179118,0.5532687295741281,0.4550755567529163,0.5015271411867346
LUSC,cv,path_agnn_cox_noreg,fold2,99,0.5697921086126432,0.5728828139246748,7.931320471791293,0.5342960609264666,0.6046120668277611,0.5797403140197963
LUSC,cv,path_agnn_cox_noreg,fold3,99,0.4948586118251928,0.492102028780302,-4.958651644653647,0.5359083057544781,0.485491987558894,0.454905793027534
LUSC,cv,path_agnn_cox_noreg,fold4,98,0.5344376634699215,0.5724819338665692,4.54186059215487,0.6467283983255299,0.5389156937453365,0.5318017095288413
LUSC,cv,path_agnn_cox_noreg,fold5,98,0.5626535626535627,0.6300028447954702,-0.7242301710452396,0.6048877336042682,0.6757796195289366,0.6093411812532058
LUSC,external,path_agnn_cox_noreg,GSE37745,196,0.542941414608756,0.5757326734878512,0.4771953455538122,0.5947645758966514,0.5870364183093886,0.5453970262575134
LUSC,external,path_agnn_cox_noreg,GSE8894,138,0.4926395569159015,0.5048895551220167,-0.5792302317853042,0.5694444444444444,0.4604715672676838,0.4847526536539218
LUSC,external,path_agnn_cox_static,GSE37745,196,0.4995662483372853,0.5174394880654606,-0.9325616141813886,0.5442801291857896,0.5064038311615993,0.501634503848993
LUSC,external,path_agnn_cox_static,GSE8894,138,0.520186561725696,0.504162120536103,1.8382545923803213,0.4574074074074074,0.5270457697642164,0.5280331844366853
LUSC,external,deepsurv,GSE37745,196,0.5050026025099763,0.5125019255271055,0.0067359702705399,0.5165731769505355,0.5168727029736051,0.504059896657176
LUSC,external,deepsurv,GSE8894,138,0.5741145605596851,0.5925367953072113,0.0216960763525993,0.611574074074074,0.5869625520110957,0.5790737598364641
LUSC,external,cox_nnet,GSE37745,196,0.4789775027470939,0.4658855774584197,-0.0036096279632741,0.4798572157062722,0.4394698741507963,0.4783296425181904
LUSC,external,cox_nnet,GSE8894,138,0.4978866054511004,0.4637418952376538,0.0036746452864225,0.4601851851851851,0.4579750346740637,0.4730654658537127
BRCA,cv,path_agnn_cox,fold1,218,0.6290056161215725,0.6657961659929467,3.9899844983270727,0.6359837702517277,0.647569149299345,0.7138355784277672
BRCA,cv,path_agnn_cox,fold2,217,0.5831495368328187,0.5763330962999653,3.428067420889365,0.6033150013807269,0.604222211828712,0.521462075690457
BRCA,cv,path_agnn_cox,fold3,217,0.6123646209386282,0.5568033045661583,-0.2340706898492874,0.5657078263583535,0.6158031486718841,0.4888989386682373
BRCA,cv,path_agnn_cox,fold4,217,0.5121872995509942,0.4819189922997519,0.9568387594731256,0.3866095439473876,0.5430436650071513,0.5161037679447168
BRCA,cv,path_agnn_cox,fold5,217,0.5561555075593952,0.5666367067254079,-0.6376635789294652,0.7102941416657331,0.5843037371720895,0.4053122413384011
BRCA,external,path_agnn_cox,GSE20685,327,0.5220277896334234,,0.0091486099139345,,,
BRCA,external,path_agnn_cox,GSE21653,248,0.4490151515151515,0.3721365390809577,-0.0820614450835062,0.2932963336807219,0.367031881661241,0.45608140190091
BRCA,external,path_agnn_cox,GSE7390,198,0.5957291031116535,0.6019019805330023,0.0643386374553783,0.5752340510694589,0.6105359289076813,0.6199359616218666
BRCA,cv,path_agnn_cox_noreg,fold1,218,0.6197555335315494,0.648427430285358,16.987686476573977,0.6627358736532294,0.6185925128773876,0.6639539043254569
BRCA,cv,path_agnn_cox_noreg,fold2,217,0.5968239964711072,0.535580309326393,4.556835245249783,0.6526244974540125,0.5038131648376087,0.4503032656875579
BRCA,cv,path_agnn_cox_noreg,fold3,217,0.6421480144404332,0.6380507495279978,15.547747898603811,0.6697621090065382,0.6594965664434054,0.5848935731340497
BRCA,cv,path_agnn_cox_noreg,fold4,217,0.4554201411161001,0.4408230781276591,-14.114800987325696,0.4643033819629077,0.4730892328354997,0.3850766195845699
BRCA,cv,path_agnn_cox_noreg,fold5,217,0.564434845212383,0.5510696810030417,-0.33993882712786,0.6687722145573733,0.6096292039178228,0.3748076245339288
BRCA,external,path_agnn_cox_noreg,GSE20685,327,0.5209844928154788,,0.0114613222357514,,,
BRCA,external,path_agnn_cox_noreg,GSE21653,248,0.4500757575757576,0.3739154195555798,-0.1004129859116754,0.2949284371679919,0.3691794290679151,0.4576383924308322
BRCA,external,path_agnn_cox_noreg,GSE7390,198,0.5952410006101281,0.6024455721566503,0.081505177167244,0.5748337980105415,0.6114714231861629,0.6210314952732465
BRCA,external,path_agnn_cox_static,GSE20685,327,0.4852752880921895,,-0.1317746560822528,,,
BRCA,external,path_agnn_cox_static,GSE21653,248,0.5433333333333333,0.625180277453393,0.4876961666829892,0.7303554359358879,0.591366943128416,0.5538184532958752
BRCA,external,path_agnn_cox_static,GSE7390,198,0.4821232458816351,0.5052466547198232,-0.3239410715822964,0.5589505711239959,0.4672425265499635,0.4895468664855102
BRCA,external,deepsurv,GSE20685,327,0.466116564708114,,-0.0066230775318573,,,
BRCA,external,deepsurv,GSE21653,248,0.4543939393939394,0.3939155195515298,-0.0200095087837541,0.3260181152111815,0.3962503122496636,0.4594781311937442
BRCA,external,deepsurv,GSE7390,198,0.512751677852349,0.5460500379788594,0.0015814270405987,0.5762402717213566,0.536572842513801,0.5253369997014208
BRCA,external,cox_nnet,GSE20685,327,0.4489021672120263,,-0.0191101545265516,,,
BRCA,external,cox_nnet,GSE21653,248,0.4564393939393939,0.4015794132263966,-0.0310680635509053,0.348997313948736,0.4069982796525862,0.4487426460778677
BRCA,external,cox_nnet,GSE7390,198,0.4951799877974374,0.520835807955261,-0.0027629295433861,0.5544723753107845,0.5231360443791581,0.4848990041758403
COAD,cv,path_agnn_cox,fold1,90,0.7035175879396985,0.7395804565982426,17.540640444358708,0.7576702350733915,0.7616768348399164,0.6993942998814198
COAD,cv,path_agnn_cox,fold2,90,0.6124604012671595,0.6078021948532751,0.2136294224456938,0.5724287783679382,0.6250815029485122,0.6258963032433748
COAD,cv,path_agnn_cox,fold3,89,0.4112820512820513,0.3962948421804167,-1.5939802871271838,0.401689003120984,0.3966933092031034,0.3905022142171628
COAD,cv,path_agnn_cox,fold4,89,0.6601941747572816,0.6432700650550331,0.8810177662674032,0.637753319357093,0.7283319063404641,0.5637249694675425
COAD,cv,path_agnn_cox,fold5,89,0.6088971269694161,0.6132215592197096,0.9946349232741436,0.5365583580542238,0.6382100924271595,0.6648962271777455
COAD,external,path_agnn_cox,GSE14333,226,0.4987822698490015,0.5189895491514998,-0.1726730897063151,0.4915224590550161,0.532564631013278,0.5328815573862052
COAD,external,path_agnn_cox,GSE17536,177,0.4510493477027794,0.446182901904291,-5.711899175268479,0.4171686503177839,0.4436061721075631,0.477773883287526
COAD,external,path_agnn_cox,GSE39582,573,0.4931799799854689,0.4751448666474405,0.1898031366622205,0.4556812637316405,0.4828055515320724,0.4869477846786085
COAD,cv,path_agnn_cox_noreg,fold1,90,0.5251256281407035,0.5276531690190379,-4.287955932746512,0.5805926498179009,0.5225630567317842,0.4798038005074285
COAD,cv,path_agnn_cox_noreg,fold2,90,0.5586061246040127,0.5174945852946444,11.934625508126532,0.4295026557218735,0.5396264154657663,0.5833546846962936
COAD,cv,path_agnn_cox_noreg,fold3,89,0.598974358974359,0.5981133505091435,0.4741371601739566,0.6204026681353649,0.6805797560205299,0.4933576273715357
COAD,cv,path_agnn_cox_noreg,fold4,89,0.6601941747572816,0.6148189298436832,15.593731770094344,0.5757046354530632,0.673923672581428,0.5948284814965585
COAD,cv,path_agnn_cox_noreg,fold5,89,0.5968489341983317,0.602529030479857,0.7725078938559177,0.5588268184212671,0.6165178691033504,0.6322424039149533
COAD,external,path_agnn_cox_noreg,GSE14333,226,0.5102289332683877,0.5263581023658449,-0.1120525828653668,0.4734262123514683,0.5402407289492437,0.5654073657968226
COAD,external,path_agnn_cox_noreg,GSE17536,177,0.4310833806012478,0.4182685051705491,-1.762007311268741,0.3911086086461206,0.4102867720412177,0.4534101348243089
COAD,external,path_agnn_cox_noreg,GSE39582,573,0.4805817922601341,0.4575463148072657,-0.1555331722345196,0.4349216585885109,0.459687864502631,0.4780294213306553
COAD,external,path_agnn_cox_static,GSE14333,226,0.4560399415489528,0.4263945631181736,-1.5230491142360305,0.3686231687036316,0.4057934536180602,0.5047670670328288
COAD,external,path_agnn_cox_static,GSE17536,177,0.4830402722631877,0.4607462075557962,0.4397301351572423,0.4509164393212614,0.4588215571198487,0.4725006262262784
COAD,external,path_agnn_cox_static,GSE39582,573,0.4504777441155908,0.4403241103620829,-1.5713165525649664,0.432475929266425,0.4308489512050125,0.4576474506148114
COAD,external,deepsurv,GSE14333,226,0.51668290306868,0.5164282460674597,0.0039535276645569,0.5249231462377623,0.5428214326704708,0.4815401592941463
COAD,external,deepsurv,GSE17536,177,0.5292115711854793,0.5338992042069863,0.0261483476340819,0.6169333852979973,0.5001852255844162,0.4845790017385454
COAD,external,deepsurv,GSE39582,573,0.487847341220338,0.5018607087594582,-0.0128134469661309,0.5359553334719735,0.4833360662994056,0.4862907265069955
COAD,external,cox_nnet,GSE14333,226,0.5261811982464686,0.5207312612750706,0.0116526702317844,0.4793759243897829,0.5487630707561546,0.5340547886792746
COAD,external,cox_nnet,GSE17536,177,0.4899602949517867,0.4872159918635776,-0.0271053621273474,0.525800942858856,0.4590252711306382,0.4768217616012387
COAD,external,cox_nnet,GSE39582,573,0.5332364593471973,0.5564579021851689,0.0081114815947339,0.5952657861144113,0.5483610695616183,0.525746850879477
STAD,cv,path_agnn_cox,fold1,77,0.523943661971831,0.5154246611190773,2.1197059786455954,0.5574113984674329,0.4828829246989479,0.505979660190851
STAD,cv,path_agnn_cox,fold2,77,0.5313977042538826,0.5335764233219976,1.1434512916049469,0.6470352322563602,0.4470725850166441,0.5066214526929887
STAD,cv,path_agnn_cox,fold3,77,0.484304932735426,0.5162595867058534,-3.97668780617432,0.636020827245533,0.5191426974284364,0.3936152354435905
STAD,cv,path_agnn_cox,fold4,77,0.5161943319838057,0.5057621659868264,-0.4081688646203,0.5033027353218851,0.5254443697499707,0.4885393928886238
STAD,cv,path_agnn_cox,fold5,77,0.5914285714285714,0.607522984667109,3.4897441821288893,0.5265279994430572,0.7046871589632181,0.5913537955950516
STAD,external,path_agnn_cox,GSE15459,191,0.5472145397076255,0.5533278180924065,0.0001364496341152,0.5038808556325076,0.547733853675995,0.6083687449687167
STAD,external,path_agnn_cox,GSE84437,431,0.4776501835794078,0.4647131935966122,-0.0001450212691258,0.4202861782017454,0.4969325153374233,0.4769208872506676
STAD,cv,path_agnn_cox_noreg,fold1,77,0.5802816901408451,0.5779673584700132,16.55335195203572,0.5660320881226054,0.5819840908121358,0.5858858964752983
STAD,cv,path_agnn_cox_noreg,fold2,77,0.4692775151924375,0.4658833133744177,-1.0883652291774737,0.5675621155409725,0.4402253326172702,0.3898624919650104
STAD,cv,path_agnn_cox_noreg,fold3,77,0.5778347213324792,0.5595758430604586,0.5095375636942104,0.4665378388569209,0.5818105059562098,0.6303791843682451
STAD,cv,path_agnn_cox_noreg,fold4,77,0.4966261808367072,0.4915259198129144,0.1695674853507172,0.4907828350714632,0.5134694443986297,0.4703254799686502
STAD,cv,path_agnn_cox_noreg,fold5,77,0.565,0.5800663166250529,1.9986017447058784,0.4984059101971858,0.6907621174807913,0.5510309221971817
STAD,external,path_agnn_cox_noreg,GSE15459,191,0.49377716317661,0.4943305194594726,3.718077479526716e-05,0.4385625984130432,0.4923640829016202,0.5520648770637546
STAD,external,path_agnn_cox_noreg,GSE84437,431,0.4707600968674322,0.4678982409573066,-0.000240234039803,0.4564136391313173,0.4928717499269647,0.4544093338136379
STAD,external,path_agnn_cox_static,GSE15459,191,0.5067167127617542,0.501391479085029,3.0973782963382667e-06,0.5323886605063393,0.4855935047188254,0.4861922720299224
STAD,external,path_agnn_cox_static,GSE84437,431,0.5161471760018749,0.498179407308823,8.174015782778509e-05,0.4332758270752993,0.5350861817119485,0.5261762131392211
STAD,external,deepsurv,GSE15459,191,0.5305215329909126,0.5219658734094305,6.64043795560302e-06,0.5464237342591965,0.5477968781858141,0.4716770077832808
STAD,external,deepsurv,GSE84437,431,0.4824310600734318,0.4779835427122222,-7.241172119810121e-05,0.4561091942358433,0.4827928717499269,0.4950485621508964
STAD,external,cox_nnet,GSE15459,191,0.5273607269853813,0.5155290810817977,6.094943514012883e-06,0.5266493204748395,0.5324692175475702,0.4874687052229838
STAD,external,cox_nnet,GSE84437,431,0.5227247871260058,0.5234351309128908,1.997895841875951e-05,0.5041100060888979,0.538533450189892,0.5276619364598827
LIHC,cv,path_agnn_cox,fold1,73,0.6261180679785331,0.6658375683023218,1.8545196209422048,0.6751057641459546,0.7076367782879923,0.6147701624730184
LIHC,cv,path_agnn_cox,fold2,73,0.5887096774193549,0.6252991326371037,0.5384023952599093,0.7162248995983935,0.5516479041617375,0.6080245941511799
LIHC,cv,path_agnn_cox,fold3,73,0.6260245901639344,0.6520144357912516,1.058448687110799,0.8110599078341014,0.5495328821146395,0.595450517425014
LIHC,cv,path_agnn_cox,fold4,73,0.6015831134564644,0.637015743422062,1.2799897992249925,0.6506278292538448,0.7034761535242935,0.5569432474880477
LIHC,cv,path_agnn_cox,fold5,73,0.6264957264957265,0.6440142965664413,0.6723389250996793,0.6472528176229508,0.6806621841274079,0.6041278879489651
LIHC,external,path_agnn_cox,GSE14520,221,0.4163052905464007,0.3692233995082452,-7.2326579274930305,0.3235589713958602,0.3778072531609796,0.4063039739678956
LIHC,external,path_agnn_cox,GSE116174,64,0.6003134796238244,0.6152021798879495,6.297953480616169,0.6785714285714286,0.5947641351622617,0.572270975930158
LIHC,cv,path_agnn_cox_noreg,fold1,73,0.6547406082289803,0.7046633456200843,5.293377705151465,0.7258064516129032,0.7330728461487102,0.6551107390986396
LIHC,cv,path_agnn_cox_noreg,fold2,73,0.5940860215053764,0.6287364331087796,3.5848432213842605,0.7212535857716581,0.5517483663459999,0.6132073472086808
LIHC,cv,path_agnn_cox_noreg,fold3,73,0.632172131147541,0.6645825747418824,1.061093203186852,0.815668202764977,0.5694549061104641,0.608624615350206
LIHC,cv,path_agnn_cox_noreg,fold4,73,0.604221635883905,0.6410560779489588,4.16393134284822,0.6552021705267622,0.712813489615393,0.555152573704721
LIHC,cv,path_agnn_cox_noreg,fold5,73,0.6256410256410256,0.6451197495401079,0.5267281213017009,0.6561539446721312,0.6832615951134191,0.5959437088347732
LIHC,external,path_agnn_cox_noreg,GSE14520,221,0.457646718704828,0.4205738096787009,-1.8597366977345664,0.3653642420856126,0.4274025265864379,0.4689546603640522
LIHC,external,path_agnn_cox_noreg,GSE116174,64,0.5783699059561128,0.5824885559001178,2.4227119634203085,0.6316964285714286,0.5655180104828816,0.5502512286460433
LIHC,external,path_agnn_cox_static,GSE14520,221,0.5258745302110437,0.532598551093714,0.978809837811379,0.4906253721834881,0.5736190468409627,0.5335512342566914
LIHC,external,path_agnn_cox_static,GSE116174,64,0.5384012539184952,0.549096081301886,3.370788320210317,0.5290178571428572,0.5712891714062673,0.5469812153565333
LIHC,external,deepsurv,GSE14520,221,0.547557097427002,0.5677926146670953,0.0160458118964177,0.5877430062650293,0.5814474359765491,0.5341874017597074
LIHC,external,deepsurv,GSE116174,64,0.5039184952978056,0.5091504358140589,-0.0088173358595727,0.421875,0.5454165272666444,0.5601597801755325
LIHC,external,cox_nnet,GSE14520,221,0.577623590633131,0.5952090584921081,0.0260186316475938,0.5859144709814905,0.6332913996865108,0.5664213048083231
LIHC,external,cox_nnet,GSE116174,64,0.5384012539184952,0.5153575550492623,0.0178634251062478,0.4040178571428571,0.5739935318389651,0.5680612761659644
KIRC,cv,path_agnn_cox,fold1,107,0.6875,0.7105218379034149,2.950212343990253,0.6674631698673321,0.6983296429339825,0.7657727009089302
KIRC,cv,path_agnn_cox,fold2,107,0.5670190274841438,0.5582746378478078,0.4767974476199574,0.5328889543640526,0.5684366109654732,0.5734983482138978
KIRC,cv,path_agnn_cox,fold3,107,0.585140562248996,0.5445574894339255,1.6708894323479653,0.480128012388238,0.5436544446151776,0.6098900112983606
KIRC,cv,path_agnn_cox,fold4,106,0.578421052631579,0.627040189674013,0.452369514512817,0.7890516406099052,0.6049517789523026,0.4871171494598311
KIRC,cv,path_agnn_cox,fold5,106,0.7245166959578208,0.7777809675860222,2.1372938914949824,0.8222476612006897,0.7281063245823111,0.7829889169750655
KIRC,external,path_agnn_cox,GSE29609,39,0.480603448275862,0.4917213899653601,0.0405800025164654,0.4882352941176471,0.5259259259259259,0.4610029498525073
KIRC,cv,path_agnn_cox_noreg,fold1,107,0.7054195804195804,0.7307049138534735,2.275805334468907,0.6842343212227276,0.7173293364015092,0.7905510839361837
KIRC,cv,path_agnn_cox_noreg,fold2,107,0.5856236786469344,0.5846242612994742,0.8938133663399778,0.5707953084116347,0.5918794301111473,0.5911980453756406
KIRC,cv,path_agnn_cox_noreg,fold3,107,0.5847389558232932,0.5664918197572728,0.736491594477553,0.5515830398875143,0.5469274740133249,0.6009649453709791
KIRC,cv,path_agnn_cox_noreg,fold4,106,0.5673684210526316,0.6233156077216283,0.4483865727647349,0.7491411585079922,0.5914429926762136,0.5293626719806792
KIRC,cv,path_agnn_cox_noreg,fold5,106,0.7227592267135325,0.7804253741692296,1.827417325328948,0.820817651674804,0.7323646975265162,0.7880937733063689
KIRC,external,path_agnn_cox_noreg,GSE29609,39,0.5387931034482759,0.5821807057795257,0.0561036029593113,0.6,0.6185185185185185,0.528023598820059
KIRC,external,path_agnn_cox_static,GSE29609,39,0.5732758620689655,0.6162115924704854,0.2938432123614305,0.6705882352941177,0.6185185185185186,0.5595280235988201
KIRC,external,deepsurv,GSE29609,39,0.4547413793103448,0.4311437587162037,-0.0224607116682149,0.3823529411764707,0.4037037037037037,0.5073746312684366
KIRC,external,cox_nnet,GSE29609,39,0.4310344827586206,0.4111246071683343,-0.0406696349135045,0.3529411764705882,0.3777777777777777,0.5026548672566371
HNSC,cv,path_agnn_cox,fold1,104,0.6319241982507289,0.649657576374325,11.099178782394995,0.632036284502536,0.7089023892212367,0.608034055399202
HNSC,cv,path_agnn_cox,fold2,104,0.5154499151103565,0.4967713206372602,0.9956848224940008,0.3912234762891871,0.5459340073798227,0.5531564782427709
HNSC,cv,path_agnn_cox,fold3,104,0.5674869500372856,0.5312096829039167,3.4500385872687778,0.4996776216964551,0.5752130227486782,0.5187384042666168
HNSC,cv,path_agnn_cox,fold4,104,0.467910447761194,0.4327853169230893,-2.953593067717968,0.4731561190403254,0.412866891067145,0.4123329406617975
HNSC,cv,path_agnn_cox,fold5,103,0.5202414772727273,0.5481043824010254,-0.6320480641929833,0.5924709298030635,0.5454088577347069,0.5064333596653059
HNSC,external,path_agnn_cox,GSE65858,270,0.4870821599118403,0.4688427595689663,-0.312498184967875,0.4126016260162601,0.487978402197134,0.505948250493505
HNSC,external,path_agnn_cox,GSE41613,97,0.4593123209169054,0.4274148324763344,-1.1761701110635496,0.4294871794871794,0.3911159263271939,0.4616413916146298
HNSC,cv,path_agnn_cox_noreg,fold1,104,0.5204081632653061,0.5206031349657076,1.6434623763112373,0.6155157699955477,0.4768522310698082,0.4694414038317672
HNSC,cv,path_agnn_cox_noreg,fold2,104,0.5208828522920204,0.4991569859933671,1.159332371658932,0.3882580625710852,0.5483897557251154,0.5608231396839007
HNSC,cv,path_agnn_cox_noreg,fold3,104,0.5906040268456376,0.5889298207515398,22.716842422928003,0.5691804662041888,0.6419892882914435,0.5556197077589868
HNSC,cv,path_agnn_cox_noreg,fold4,104,0.4671641791044776,0.4515965426782402,-3.957062386439218,0.3906987502891402,0.4743589752780964,0.4897319024674837
HNSC,cv,path_agnn_cox_noreg,fold5,103,0.4996448863636363,0.5145162164675169,-0.4633072019209861,0.5499573937931492,0.5069798092383715,0.4866114463710301
HNSC,external,path_agnn_cox_noreg,GSE65858,270,0.4843883923105179,0.4695197378401266,-0.4806548953970395,0.4137872628726287,0.4849237349995932,0.5098482156481579
HNSC,external,path_agnn_cox_noreg,GSE41613,97,0.4593123209169054,0.4271435815423201,-1.1414657120701464,0.4313186813186813,0.386240520043337,0.4638715432649419
HNSC,external,path_agnn_cox_static,GSE65858,270,0.4946736867882944,0.4795816923583019,-0.5431699451113535,0.4334349593495935,0.5042487996463693,0.5010613180789429
HNSC,external,path_agnn_cox_static,GSE41613,97,0.4401146131805157,0.4025236415864753,-2.912502777893353,0.3928571428571428,0.3726977248104008,0.4420160570918822
HNSC,external,deepsurv,GSE65858,270,0.4538386188318844,0.4255621819514744,-0.003024756524239,0.3650067750677507,0.4386558353883302,0.4730239353983422
HNSC,external,deepsurv,GSE41613,97,0.5060171919770774,0.4947036573382517,0.0189068873229397,0.4917582417582418,0.4945828819068256,0.4977698483496878
HNSC,external,cox_nnet,GSE65858,270,0.4505326313211705,0.4152138165120069,-0.0038470162387423,0.3445121951219512,0.4273738558376895,0.4737553985763802
HNSC,external,cox_nnet,GSE41613,97,0.5349570200573066,0.5344847702683387,0.0268009194110697,0.532051282051282,0.533044420368364,0.5383586083853702
BLCA,cv,path_agnn_cox,fold1,81,0.586352657004831,0.5644850565769478,18.559104603065336,0.5427211574333147,0.5590603426994138,0.5916736695981148
BLCA,cv,path_agnn_cox,fold2,81,0.5390851187029531,0.5033531755557012,1.683360649607753,0.5206723749084803,0.4762377571414609,0.5131493946171627
BLCA,cv,path_agnn_cox,fold3,81,0.5529801324503312,0.553799924024757,1.0068165193540548,0.5344995090153145,0.521333776503274,0.6055664865556822
BLCA,cv,path_agnn_cox,fold4,81,0.6305418719211823,0.6532129682765784,-0.0011972984766186,0.6630024334983637,0.6413618727023394,0.655274598629032
BLCA,cv,path_agnn_cox,fold5,80,0.4960835509138381,0.4706711139451605,0.0086160504688871,0.4527332014579446,0.5027142121177091,0.4565659282598279
BLCA,external,path_agnn_cox,GSE32894,224,0.4000954881833373,0.3293081613437611,-0.4746773730986554,0.2475753485125738,0.2928466000404756,0.4475025354782337
BLCA,external,path_agnn_cox,GSE13507,165,0.4969879518072289,0.4893874270170296,0.1425004371111096,0.4561533444738154,0.4905366409198624,0.5214722956574109
BLCA,cv,path_agnn_cox_noreg,fold1,81,0.5585748792270532,0.5633031802204861,4.660116931706274,0.5664256937025544,0.5003001242063574,0.6231837227525469
BLCA,cv,path_agnn_cox_noreg,fold2,81,0.5437174290677476,0.5065201425722989,1.8353034422812264,0.5189809625379104,0.4805049735938277,0.5200744915851587
BLCA,cv,path_agnn_cox_noreg,fold3,81,0.5607064017660044,0.5641096859594906,1.5500416279615945,0.5507759995542835,0.529832360726347,0.6117206975978415
BLCA,cv,path_agnn_cox_noreg,fold4,81,0.6163108921729611,0.6333913657391719,0.0925736925607376,0.6466392548460184,0.6183011287106118,0.6352337136608854
BLCA,cv,path_agnn_cox_noreg,fold5,80,0.4804177545691906,0.4546482266203211,0.3605045100973333,0.436768024864541,0.4985032466622582,0.4286734083341644
BLCA,external,path_agnn_cox_noreg,GSE32894,224,0.5371210312723801,0.4858577074152184,0.342890786031131,0.4277916075466446,0.4507286470229017,0.5790528676761089
BLCA,external,path_agnn_cox_noreg,GSE13507,165,0.5106076479832373,0.5160165410728311,-0.1124557028237054,0.5430780411924157,0.5164181980248964,0.4885533840011816
BLCA,external,path_agnn_cox_static,GSE32894,224,0.5810455956075435,0.6046178946422035,4.024382260094892,0.6421771040859494,0.5562232521540477,0.6154533276866136
BLCA,external,path_agnn_cox_static,GSE13507,165,0.5242273441592457,0.5510491710336034,1.3847322113742546,0.5677575725431627,0.5374481993338746,0.547941741223773
BLCA,external,deepsurv,GSE32894,224,0.352112676056338,0.3124954320572763,-0.0983150771901559,0.2915796251965287,0.2989241527054458,0.3469825182698546
BLCA,external,deepsurv,GSE13507,165,0.5124410686223153,0.5304781704585474,0.0190822500222797,0.573040948272511,0.5364914581846287,0.4819021049185024
BLCA,external,cox_nnet,GSE32894,224,0.2315588445929816,0.2208057055663923,-0.1699668455223122,0.2305460729336226,0.223330931562572,0.2085401122029824
BLCA,external,cox_nnet,GSE13507,165,0.5205605028810896,0.5509906720701573,0.0103998918439624,0.6092340009216723,0.5590732493550468,0.4846647659337528
OV,cv,path_agnn_cox,fold1,85,0.5081755593803786,0.5476142657754107,-0.1252102183219257,0.5489505198903258,0.5528337510212462,0.5410585264146601
OV,cv,path_agnn_cox,fold2,84,0.5982552800734618,0.600861689332409,4.425924869629032,0.581646419947332,0.6328657443913234,0.5880729036585716
OV,cv,path_agnn_cox,fold3,84,0.553019495958155,0.5681551111271552,12.56219213703202,0.6208755078250198,0.5449334668451367,0.5386563587113093
OV,cv,path_agnn_cox,fold4,84,0.4761652542372881,0.453657302289606,-2.154662322611176,0.5623518219894246,0.4088596834924372,0.3897604013869563
OV,cv,path_agnn_cox,fold5,84,0.5538387252535008,0.5792733107031077,3.521596433646588,0.5512011286963512,0.5911556287937844,0.5954631746191875
OV,external,path_agnn_cox,GSE26712,185,0.5029819591471597,0.4907816332899625,0.121567362416191,0.4925374641855516,0.511909848939518,0.4678975867448178
OV,external,path_agnn_cox,GSE17260,110,0.5556353194544149,0.5397995713789686,0.066234428769417,0.5439790592138858,0.5993100009718421,0.476109653951178
OV,external,path_agnn_cox,GSE32062,260,0.4865263371974781,0.4679100163723471,-0.000548928635877,0.3928062487203473,0.4943257624878428,0.5165980379088512
OV,cv,path_agnn_cox_noreg,fold1,85,0.5086058519793459,0.5387001268878472,-0.5113543153522253,0.5175566359777843,0.549367178495573,0.5491765661901842
OV,cv,path_agnn_cox_noreg,fold2,84,0.5858585858585859,0.599528611426487,13.116188266293191,0.5686591373504608,0.6057518541406327,0.6241748427883672
OV,cv,path_agnn_cox_noreg,fold3,84,0.5140275796481217,0.5060737635316068,1.1082503699470965,0.5600092820795465,0.4754555095620884,0.4827564989531856
OV,cv,path_agnn_cox_noreg,fold4,84,0.4692796610169492,0.4530914102469665,-2.3712625975686974,0.5567986429430943,0.4092501758356747,0.3932254119621304
OV,cv,path_agnn_cox_noreg,fold5,84,0.5292129406084017,0.5397054548404204,1.432470616418885,0.5651952785213065,0.5246939153704057,0.529227170629549
OV,external,path_agnn_cox_noreg,GSE26712,185,0.5008200387654689,0.4875323257888901,-0.1690220562649226,0.4963464493053709,0.5067872564536318,0.4594632716076678
OV,external,path_agnn_cox_noreg,GSE17260,110,0.5455850681981336,0.5300347688465343,0.1253166553723416,0.5259795626014767,0.5962630217499797,0.4678617221881465
OV,external,path_agnn_cox_noreg,GSE32062,260,0.4794081757169005,0.4617871654668543,-0.0031186726036309,0.3887178863961495,0.4887526028408224,0.5078910071635909
OV,external,path_agnn_cox_static,GSE26712,185,0.4915759654092739,0.4949734832088364,3.2381802987648403,0.4661214677947727,0.4990879953459478,0.5197109864857885
OV,external,path_agnn_cox_static,GSE17260,110,0.529791816223977,0.4890859232988035,0.8561611893700145,0.4634513191682716,0.5338520199800227,0.4699544307481164
OV,external,path_agnn_cox_static,GSE32062,260,0.512888956680903,0.4782654001593407,0.3696903560978578,0.3899498666965526,0.4979481357558205,0.546898198025649
OV,external,deepsurv,GSE26712,185,0.5693305501714626,0.5827531790066888,0.0167924125872162,0.5582935207973505,0.6232006084685224,0.5667654077541934
OV,external,deepsurv,GSE17260,110,0.4971284996410625,0.5103647432261565,0.0008539290784793,0.559022638616578,0.4312790950046545,0.540792496057237
OV,external,deepsurv,GSE32062,260,0.516880211511084,0.522839047504126,0.0003654694414157,0.5517958725252762,0.4974134315566751,0.5193078384304266
OV,external,cox_nnet,GSE26712,185,0.5683614134486358,0.5862209179581721,0.0204715024927485,0.5764114511963963,0.6236011856670227,0.5586501170110973
OV,external,cox_nnet,GSE17260,110,0.4960516870064608,0.5128950451567552,0.0002775483907477,0.5703837915686202,0.4326345742893785,0.535666769612267
OV,external,cox_nnet,GSE32062,260,0.5143380109823062,0.5166226251071958,0.0001564006773698,0.5403300039139235,0.4901359524564179,0.5194019189512459
GBM,cv,path_agnn_cox,fold1,32,0.6421052631578947,0.6177264196403662,14.634106595762937,0.72,0.6602564102564102,0.4729228486646883
GBM,cv,path_agnn_cox,fold2,31,0.6379310344827587,0.7355435941641706,76.76900395051685,0.6125140291806959,0.8374233128834356,0.7566934404283802
GBM,cv,path_agnn_cox,fold3,31,0.444743935309973,0.3935313598598631,0.098679855469529,0.2422360248447205,0.4491420958262775,0.4892159589085913
GBM,cv,path_agnn_cox,fold4,31,0.6528189910979229,0.6840552495635177,0.8181468949799913,0.8677533039647577,0.7022309477065858,0.4821814970192095
GBM,cv,path_agnn_cox,fold5,31,0.5210918114143921,0.5624391746791145,0.1933142112931688,0.6547619047619048,0.4466562290315365,0.5858993902439025
GBM,external,path_agnn_cox,GSE7696,70,0.5104620749782041,0.5215906998158379,-3.8072601120544207,0.5066666666666666,0.5566666666666666,0.5014387661141805
GBM,external,path_agnn_cox,GSE108474,119,0.4948313845110998,0.4979819195703138,0.296426746911527,0.4343439609410449,0.4863368314210933,0.5732649663488033
GBM,cv,path_agnn_cox_noreg,fold1,32,0.5921052631578947,0.6169492360590283,-1.082864034635618,0.5542857142857143,0.6776556776556776,0.6189063162356931
GBM,cv,path_agnn_cox_noreg,fold2,31,0.6609195402298851,0.7506500978610274,16.818752217832927,0.7533670033670034,0.6993865030674846,0.7991967871485943
GBM,cv,path_agnn_cox_noreg,fold3,31,0.5013477088948787,0.4772078595488881,14.625294171697776,0.3043478260869565,0.5543229618772502,0.5729527906824577
GBM,cv,path_agnn_cox_noreg,fold4,31,0.6172106824925816,0.6409658850663397,3.872577985344641,0.8297356828193833,0.6482955559521684,0.4448664164274674
GBM,cv,path_agnn_cox_noreg,fold5,31,0.5235732009925558,0.5612625824851564,0.2396251106425391,0.6547619047619048,0.4511295012301498,0.5778963414634146
GBM,external,path_agnn_cox_noreg,GSE7696,70,0.5636442894507411,0.5793799179641721,31.255641889275125,0.5709090909090909,0.5291666666666667,0.6380639963167587
GBM,external,path_agnn_cox_noreg,GSE108474,119,0.5015251652262328,0.5123962350774036,3.014743497859011,0.5062801559247103,0.4785033010333774,0.552405248274123
GBM,external,path_agnn_cox_static,GSE7696,70,0.471229293809939,0.4476065558903956,0.7765324655422814,0.4763636363636363,0.4358333333333333,0.4306226979742172
GBM,external,path_agnn_cox_static,GSE108474,119,0.4426368412133536,0.3941622513994525,-9.000625597416786,0.4692493948706946,0.3516978952699418,0.3615394640577212
GBM,external,deepsurv,GSE7696,70,0.4603312990409764,0.4419587100284614,-0.0424277364945879,0.4557575757575757,0.4716666666666666,0.3984518876611418
GBM,external,deepsurv,GSE108474,119,0.4839857651245551,0.4890574919204095,-0.0035714580408592,0.5079405559075636,0.4885341147894238,0.4706978050642412
GBM,external,cox_nnet,GSE7696,70,0.4742807323452485,0.4716890242201015,-0.0208151868635444,0.4969696969696969,0.5266666666666666,0.391430709023941
GBM,external,cox_nnet,GSE108474,119,0.4914421284528046,0.4985799454868201,7.920320348164059e-05,0.4950921967073021,0.4745416052750807,0.5261060344780777
LUAD,external,plain_gnn,GSE31210,226,0.2407645358175393,0.2352838853666978,-0.0017969059283972,0.220679012345679,0.2387702207803279,0.2464024229740865
LUAD,external,plain_gnn,GSE50081,181,0.4873104812129202,0.4688738628344248,-0.076148879339094,0.4542653491461028,0.4632109637740368,0.4891452755831348
LUAD,external,plain_gnn,GSE68465,442,0.4964437263103849,0.4672338719162143,-7.715056276156171e-05,0.4059743973482767,0.4809743957463656,0.5147528226540006
LUSC,external,plain_gnn,GSE37745,196,0.5091087849170088,0.52998272645776,-0.4160024540196766,0.5719870814210437,0.5145339124624123,0.5034271854898239
LUSC,external,plain_gnn,GSE8894,138,0.5156682699314968,0.5134091502428867,0.9995084173160202,0.4662037037037037,0.5439667128987518,0.5300570341262044
BRCA,external,plain_gnn,GSE20685,327,0.4746052069995732,,-7.657915307320469,,,
BRCA,external,plain_gnn,GSE21653,248,0.540530303030303,0.619115923128377,13.209149054503444,0.7228936936835266,0.5853524464237772,0.5491016292778272
BRCA,external,plain_gnn,GSE7390,198,0.4693105552165955,0.485822822092208,-15.608483621727196,0.5348346538787646,0.4504754157557143,0.4721583966421451
COAD,external,plain_gnn,GSE14333,226,0.5015830491962981,0.4771593548926498,-0.7135223620645678,0.3868714975774218,0.483505845247805,0.5611007218527226
COAD,external,plain_gnn,GSE17536,177,0.4870674985819626,0.4606591095677921,0.0409841602761785,0.4422751154215134,0.4482009496632351,0.4915012636186281
COAD,external,plain_gnn,GSE39582,573,0.4636379837416206,0.4634902771792124,-4.494094851968245,0.4594171260470978,0.4662778598393905,0.4647758456511487
STAD,external,plain_gnn,GSE15459,191,0.5181746345318056,0.5171750572986727,6.53561863819397e-05,0.5548300732806659,0.4991865714173271,0.4975085271980251
STAD,external,plain_gnn,GSE84437,431,0.5208030622607609,0.4992547314576845,0.0001591300442325,0.4351532372640552,0.5391177329827637,0.5234932241262347
LIHC,external,plain_gnn,GSE14520,221,0.5547846198323215,0.5789987839927558,0.9423623536845804,0.5636625881535303,0.628483443511886,0.5448503203128512
LIHC,external,plain_gnn,GSE116174,64,0.4545454545454545,0.4879560230670816,-0.6921387227951477,0.40625,0.5521356083416973,0.5054824608595476
KIRC,external,plain_gnn,GSE29609,39,0.5883620689655172,0.624247530542863,0.109699596240975,0.6647058823529413,0.6296296296296298,0.5784070796460179
HNSC,external,plain_gnn,GSE65858,270,0.5460389371862373,0.5567860970316237,1.7798956893103777,0.5587737127371274,0.5812377984561836,0.5303467799015601
HNSC,external,plain_gnn,GSE41613,97,0.4793696275071633,0.4747459113656296,-1.7749911602999808,0.467032967032967,0.457204767063922,0.5
BLCA,external,plain_gnn,GSE32894,224,0.5547863451897828,0.6032534567983917,0.5006612989772267,0.6750395604577845,0.5614286870445517,0.5732921228928387
BLCA,external,plain_gnn,GSE13507,165,0.5282870612886328,0.5553034653154264,0.1570693371231322,0.5708314768716218,0.541094506388186,0.5539844126864714
OV,external,plain_gnn,GSE26712,185,0.4985090204264201,0.5048595607039169,2.5750027969347244,0.4715846792158922,0.5034297111734696,0.5395642917223888
OV,external,plain_gnn,GSE17260,110,0.5355348169418521,0.4904152150437083,0.8579558600588028,0.4731142222401014,0.5361456882529769,0.4619857346380465
OV,external,plain_gnn,GSE32062,260,0.510728086231442,0.4788917612173449,0.243084363712783,0.3932228300785403,0.4988884706568041,0.5445639829166906
GBM,external,plain_gnn,GSE7696,70,0.5023975588491717,0.5123319172386852,-0.9186364471581816,0.5587878787878787,0.49625,0.4819578729281768
GBM,external,plain_gnn,GSE108474,119,0.5161836976783596,0.5189731665037346,1.0687864865388557,0.4655080889000776,0.5012013416027657,0.5902100690083605
