pathway,rep,mean_diff
Cell cycle,0,-0.17278596456494744
Cell cycle,1,0.31162125907144456
Cell cycle,2,-0.04146145464799367
Cell cycle,3,0.10573237782406644
Cell cycle,4,-0.2715066843081185
Cell cycle,5,0.379641016277109
Cell cycle,6,0.32488780081947116
Cell cycle,7,0.24259187733274906
Cell cycle,8,-0.2302648386095875
Cell cycle,9,-0.06161618385316633
Cell cycle,10,0.16939264786939545
Cell cycle,11,-0.03835755935375778
Cell cycle,12,-0.09558596381432924
Cell cycle,13,0.03567328386681306
Cell cycle,14,0.22716538844011325
Cell cycle,15,-0.022450971929256124
Cell cycle,16,-0.17918297599287336
Cell cycle,17,0.12126787366235632
Cell cycle,18,0.03984336836973767
Cell cycle,19,-0.015610332129881487
Cell cycle,20,-0.14364127195852758
Cell cycle,21,0.018856659384497685
Cell cycle,22,-0.1285879785156308
Cell cycle,23,-0.06477736157649203
Cell cycle,24,-0.18268136418897082
Cell cycle,25,0.056407905671498185
Cell cycle,26,-0.025034891520894643
Cell cycle,27,0.02308723117372539
Cell cycle,28,0.16872740912106782
Cell cycle,29,-0.08406478186784967
Cell cycle,30,0.15231116730993177
Cell cycle,31,-0.0019897024035521135
Cell cycle,32,-0.008627292212966535
Cell cycle,33,0.13701056561173533
Cell cycle,34,-0.16504685429070814
Cell cycle,35,0.08599374944886877
Cell cycle,36,0.22092123114322185
Cell cycle,37,-0.06758775466071926
Cell cycle,38,-0.21602238212459424
Cell cycle,39,-0.0037411982076870744
Cell cycle,40,0.046659108329759766
Cell cycle,41,-0.12841970640572442
Cell cycle,42,0.05922777688035196
Cell cycle,43,-0.0008851485620123344
Cell cycle,44,0.05566451343319238
Cell cycle,45,0.0685811468238618
Cell cycle,46,0.20859327280557288
Cell cycle,47,-0.03409040574928491
Cell cycle,48,0.008219636983790472
Cell cycle,49,-0.05016629227570957
p53 signaling pathway,0,0.05218106981022671
p53 signaling pathway,1,0.10876002778194888
p53 signaling pathway,2,0.02602479021560089
p53 signaling pathway,3,-0.34122631895993377
p53 signaling pathway,4,0.3744463588590941
p53 signaling pathway,5,0.11705338500704664
p53 signaling pathway,6,-0.10485940010734242
p53 signaling pathway,7,0.15203258329771702
p53 signaling pathway,8,-0.08103363637970251
p53 signaling pathway,9,0.01877243062211727
p53 signaling pathway,10,-0.08181047644321203
p53 signaling pathway,11,0.16434173318827125
p53 signaling pathway,12,0.13085084951783157
p53 signaling pathway,13,-0.20795720255238814
p53 signaling pathway,14,-0.32178739125174405
p53 signaling pathway,15,0.24136069039997612
p53 signaling pathway,16,-0.022804753665252975
p53 signaling pathway,17,0.2828056934277157
p53 signaling pathway,18,-0.6296467740439842
p53 signaling pathway,19,-0.5156592684150103
p53 signaling pathway,20,0.05827628921399812
p53 signaling pathway,21,-0.09627873245272292
p53 signaling pathway,22,0.1900628745184998
p53 signaling pathway,23,-0.10430129207691576
p53 signaling pathway,24,0.05540591541148094
p53 signaling pathway,25,-0.04979239419173135
p53 signaling pathway,26,-0.13963122974609984
p53 signaling pathway,27,-0.4769705836351912
p53 signaling pathway,28,0.004342804454799286
p53 signaling pathway,29,0.11930471999763856
p53 signaling pathway,30,0.10549177783326195
p53 signaling pathway,31,0.07977388689038728
p53 signaling pathway,32,0.016397850106598156
p53 signaling pathway,33,0.22480427062884714
p53 signaling pathway,34,-0.14595171027346476
p53 signaling pathway,35,-0.4644803884724718
p53 signaling pathway,36,-0.003077271731883487
p53 signaling pathway,37,0.020556976745825337
p53 signaling pathway,38,0.050651117796254794
p53 signaling pathway,39,0.038862141544722346
p53 signaling pathway,40,-0.17309809054514402
p53 signaling pathway,41,0.19393340770697132
p53 signaling pathway,42,0.14212240791230804
p53 signaling pathway,43,0.22166450501189547
p53 signaling pathway,44,0.08139199372569864
p53 signaling pathway,45,-0.11364216549826647
p53 signaling pathway,46,0.053940129436616815
p53 signaling pathway,47,0.11466375372854545
p53 signaling pathway,48,0.19050711737104292
p53 signaling pathway,49,-0.06035825134162026
Cellular senescence,0,-0.12417876630622478
Cellular senescence,1,-0.17240101583648518
Cellular senescence,2,-0.03273673175686025
Cellular senescence,3,0.16348646143115414
Cellular senescence,4,0.12598783760182622
Cellular senescence,5,-0.10759244273450193
Cellular senescence,6,-0.09193588226003878
Cellular senescence,7,0.07619215243069909
Cellular senescence,8,0.15364328242059377
Cellular senescence,9,0.3420235350978885
Cellular senescence,10,-0.1843010706426961
Cellular senescence,11,0.1093582759702561
Cellular senescence,12,0.25177041523709803
Cellular senescence,13,0.15282137884057762
Cellular senescence,14,0.13854304876782986
Cellular senescence,15,-0.35236601713055776
Cellular senescence,16,-0.5895030605731043
Cellular senescence,17,0.11775329333654312
Cellular senescence,18,0.049586222120854076
Cellular senescence,19,0.15973193101500976
Cellular senescence,20,-0.20687322806252173
Cellular senescence,21,-0.019913072694537855
Cellular senescence,22,-0.0671209649640183
Cellular senescence,23,-0.0046288440868699505
Cellular senescence,24,-0.034607210349252855
Cellular senescence,25,-0.2045553096735396
Cellular senescence,26,0.35559464007831443
Cellular senescence,27,-0.03162537962026822
Cellular senescence,28,0.07237182901413555
Cellular senescence,29,0.08160401395799757
Cellular senescence,30,-0.1670635594268871
Cellular senescence,31,0.11568526647635416
Cellular senescence,32,0.19450498390552384
Cellular senescence,33,0.08892062126017936
Cellular senescence,34,0.15052777048111182
Cellular senescence,35,-0.21835726793453428
Cellular senescence,36,-0.17001591463600824
Cellular senescence,37,0.012889307146108161
Cellular senescence,38,0.025642116291022202
Cellular senescence,39,-0.2831539583833404
Cellular senescence,40,0.1164390296125212
Cellular senescence,41,0.022870921257030344
Cellular senescence,42,-0.08102091750158961
Cellular senescence,43,0.0796344899179313
Cellular senescence,44,-0.0536312070159437
Cellular senescence,45,0.03265656672664165
Cellular senescence,46,-0.36591969878795055
Cellular senescence,47,0.10568854017038329
Cellular senescence,48,0.08105505495702758
Cellular senescence,49,-0.0055987725225967785
Apoptosis,0,0.20719036244123973
Apoptosis,1,-0.30155022282943966
Apoptosis,2,-0.05375134589463887
Apoptosis,3,0.23907716533917164
Apoptosis,4,-0.20227759160143807
Apoptosis,5,-0.24133929809216031
Apoptosis,6,0.008770145330674065
Apoptosis,7,0.3817380225996143
Apoptosis,8,0.14037017047519695
Apoptosis,9,0.1462547596982106
Apoptosis,10,-0.0346798891416969
Apoptosis,11,0.022300488159289956
Apoptosis,12,-0.03807905722563205
Apoptosis,13,-0.03892998661465039
Apoptosis,14,0.1799120533224934
Apoptosis,15,0.25677064279179646
Apoptosis,16,0.05074465250357182
Apoptosis,17,-0.1875029624573785
Apoptosis,18,-0.0651068155229556
Apoptosis,19,-0.09654732399010124
Apoptosis,20,0.11031883531445633
Apoptosis,21,0.005059139985803471
Apoptosis,22,-0.024776280487845134
Apoptosis,23,-0.10780708682180726
Apoptosis,24,0.08126354912155903
Apoptosis,25,0.049867187008058055
Apoptosis,26,0.20322276816278953
Apoptosis,27,0.03475748494856649
Apoptosis,28,-0.0312303410243375
Apoptosis,29,-0.39368430188906406
Apoptosis,30,-0.1533955426057862
Apoptosis,31,-0.05367970638389547
Apoptosis,32,-0.18174359434554083
Apoptosis,33,-0.09484081736362397
Apoptosis,34,-0.4195102783887606
Apoptosis,35,0.3934194953978683
Apoptosis,36,0.27300858076741014
Apoptosis,37,-0.07205589668550869
Apoptosis,38,-0.20318999019505135
Apoptosis,39,0.13356364961717135
Apoptosis,40,0.29093018270892146
Apoptosis,41,0.3763347161186269
Apoptosis,42,-0.11066777969737604
Apoptosis,43,-0.02379612813944922
Apoptosis,44,-0.13528266046478257
Apoptosis,45,-0.04090567512224369
Apoptosis,46,-0.14897032575039768
Apoptosis,47,-0.13832052384637117
Apoptosis,48,0.05991270092851604
Apoptosis,49,0.07042681658106044
Necroptosis,0,-0.0051682360837288195
Necroptosis,1,-0.060246709090644786
Necroptosis,2,0.13251279398889565
Necroptosis,3,0.05008693830535769
Necroptosis,4,0.13601811175169765
Necroptosis,5,-0.3941755777526213
Necroptosis,6,0.1822809683165345
Necroptosis,7,0.06700580701783143
Necroptosis,8,0.08107032987846798
Necroptosis,9,0.13272597964481186
Necroptosis,10,0.17926938313138793
Necroptosis,11,-0.5458514864029246
Necroptosis,12,-0.26016931035382906
Necroptosis,13,-0.19067313458639196
Necroptosis,14,0.026234504067327222
Necroptosis,15,0.0700493405971579
Necroptosis,16,-0.08341486754267491
Necroptosis,17,0.17161177755317936
Necroptosis,18,0.31861081505674704
Necroptosis,19,-0.12832134221247735
Necroptosis,20,-0.06194449726223396
Necroptosis,21,-0.11231139854131975
Necroptosis,22,0.0441598762876004
Necroptosis,23,-0.0832300853331894
Necroptosis,24,-0.187793500183364
Necroptosis,25,0.007114312220212552
Necroptosis,26,0.12339227032092397
Necroptosis,27,0.06808718018440532
Necroptosis,28,-0.02799990527955118
Necroptosis,29,-0.21865668710730093
Necroptosis,30,-0.2075806719177696
Necroptosis,31,-0.375876393530585
Necroptosis,32,-0.009373385691022406
Necroptosis,33,0.11587565689286808
Necroptosis,34,-0.034321669041252764
Necroptosis,35,-0.4227561009745863
Necroptosis,36,-0.2938762649911522
Necroptosis,37,-0.03026502156085005
Necroptosis,38,-0.14575607957035566
Necroptosis,39,0.4676517962120442
Necroptosis,40,-0.2781177005108207
Necroptosis,41,-0.026795051837292132
Necroptosis,42,0.10525789875334249
Necroptosis,43,-0.05893630979754606
Necroptosis,44,-0.12954645259584152
Necroptosis,45,0.08784155526358252
Necroptosis,46,0.1400500642685842
Necroptosis,47,0.0603451574079044
Necroptosis,48,0.15811122404246103
Necroptosis,49,-0.019330427542925358
Ferroptosis,0,-0.315666759431043
Ferroptosis,1,-0.013677374550196082
Ferroptosis,2,-0.29047054793415594
Ferroptosis,3,0.3163711896172998
Ferroptosis,4,-0.05754551615367054
Ferroptosis,5,0.47265860913565394
Ferroptosis,6,0.09758421298293675
Ferroptosis,7,0.007436007522768016
Ferroptosis,8,0.03340996823540853
Ferroptosis,9,-0.1281824102461102
Ferroptosis,10,-0.3614202843560801
Ferroptosis,11,0.4251084983330419
Ferroptosis,12,-0.14874833890008748
Ferroptosis,13,-0.19008824041878802
Ferroptosis,14,0.18432384671685548
Ferroptosis,15,0.2856951428137097
Ferroptosis,16,0.14842438474175124
Ferroptosis,17,0.06524045898277085
Ferroptosis,18,0.03373024412614398
Ferroptosis,19,0.0824796125275079
Ferroptosis,20,0.12894121644886736
Ferroptosis,21,-0.06366690702946246
Ferroptosis,22,0.12313663857623589
Ferroptosis,23,0.3600329264151102
Ferroptosis,24,0.34506625186801143
Ferroptosis,25,-0.0028990062705154447
Ferroptosis,26,0.0710119819075774
Ferroptosis,27,-0.3875799438003801
Ferroptosis,28,0.5090761710745209
Ferroptosis,29,0.014477679603682837
Ferroptosis,30,-0.23255256422315984
Ferroptosis,31,-0.09967946192503409
Ferroptosis,32,-0.19104001881010324
Ferroptosis,33,0.23105129595303012
Ferroptosis,34,-0.1003029792119821
Ferroptosis,35,-0.6217295219834522
Ferroptosis,36,-0.06875149457703386
Ferroptosis,37,0.038047235069993746
Ferroptosis,38,-0.23658119935521954
Ferroptosis,39,-0.20588897788634697
Ferroptosis,40,0.3914343568126847
Ferroptosis,41,-0.018723406538290677
Ferroptosis,42,0.0037643720054168113
Ferroptosis,43,0.17915192504473532
Ferroptosis,44,0.3735896739329555
Ferroptosis,45,0.43057983039510705
Ferroptosis,46,0.10450047834681718
Ferroptosis,47,-0.18125948505260592
Ferroptosis,48,-0.20067081416245208
Ferroptosis,49,0.037541177629455
Autophagy,0,-0.07777982992705917
Autophagy,1,-0.008104414051952865
Autophagy,2,-0.04912703766997055
Autophagy,3,-0.1878729404894295
Autophagy,4,-0.09697867493172309
Autophagy,5,-0.2719446358925303
Autophagy,6,-0.06734199613098152
Autophagy,7,-0.17418507148341988
Autophagy,8,0.025465016346395395
Autophagy,9,-0.01916439571154786
Autophagy,10,0.24764572811263585
Autophagy,11,-0.24472347933303734
Autophagy,12,0.02234059377889941
Autophagy,13,0.2742535380450313
Autophagy,14,0.13138684408730275
Autophagy,15,-0.06933538518432376
Autophagy,16,0.09063886466400367
Autophagy,17,0.4213749867308879
Autophagy,18,0.34807026998563273
Autophagy,19,-0.09203691264685557
Autophagy,20,0.1387891990728385
Autophagy,21,0.3537655125520733
Autophagy,22,0.048378706886647554
Autophagy,23,0.01514029869312255
Autophagy,24,-0.0941465098467618
Autophagy,25,-0.14868643861686334
Autophagy,26,-0.011972435122329277
Autophagy,27,-0.28146494541769534
Autophagy,28,0.0761733831283905
Autophagy,29,0.01660440642182026
Autophagy,30,-0.24223148471353714
Autophagy,31,0.10347094203446085
Autophagy,32,-0.12468302672084115
Autophagy,33,0.03337725753372417
Autophagy,34,-0.07415975562432021
Autophagy,35,0.11389805631896179
Autophagy,36,0.1006903997377913
Autophagy,37,-0.18005976190444534
Autophagy,38,0.15355470079724598
Autophagy,39,-0.25544086548745165
Autophagy,40,-0.19616026975859455
Autophagy,41,-0.08880532091362761
Autophagy,42,-0.04305653056556723
Autophagy,43,-0.07151462734655435
Autophagy,44,-0.20714714455353822
Autophagy,45,0.01723518810060263
Autophagy,46,0.24491698493675848
Autophagy,47,-0.20165144981297506
Autophagy,48,-0.1854124359067467
Autophagy,49,-0.3063551291859342
Mitophagy,0,0.10750240051388735
Mitophagy,1,0.17588108464579455
Mitophagy,2,0.29840499055704506
Mitophagy,3,-0.18365320650713868
Mitophagy,4,0.1920700899130774
Mitophagy,5,-0.07254550460589558
Mitophagy,6,0.26656205873891986
Mitophagy,7,-0.16544656506211886
Mitophagy,8,-0.07591675459408317
Mitophagy,9,0.10053303331135845
Mitophagy,10,-0.06212525457980775
Mitophagy,11,0.245821213842785
Mitophagy,12,-0.09008707074650224
Mitophagy,13,0.20534106760160992
Mitophagy,14,0.20110244146481515
Mitophagy,15,-0.4228010793771441
Mitophagy,16,-0.07374407274944958
Mitophagy,17,-0.15036954194854596
Mitophagy,18,0.01145182340869982
Mitophagy,19,-0.2892400807929753
Mitophagy,20,0.22137662574480885
Mitophagy,21,0.4420032749154689
Mitophagy,22,-0.021314113210393795
Mitophagy,23,-0.48022576159710534
Mitophagy,24,0.3337399780948319
Mitophagy,25,-0.001390802918925071
Mitophagy,26,-0.19160855670517676
Mitophagy,27,0.106628308996148
Mitophagy,28,-0.48113258904912426
Mitophagy,29,0.1355894266986701
Mitophagy,30,0.04726664846554007
Mitophagy,31,0.13583040983165806
Mitophagy,32,-0.044339308667711956
Mitophagy,33,-0.3873522158916097
Mitophagy,34,0.11906724233246158
Mitophagy,35,0.16173377200781866
Mitophagy,36,0.12283104714320901
Mitophagy,37,0.12406953646296129
Mitophagy,38,-0.009482332769263876
Mitophagy,39,0.2033885180709295
Mitophagy,40,-0.27654338970811587
Mitophagy,41,-0.10012515721219706
Mitophagy,42,-0.6813980374197408
Mitophagy,43,0.18465727637908136
Mitophagy,44,0.18214579435488326
Mitophagy,45,0.20842549873745028
Mitophagy,46,0.11971076288206728
Mitophagy,47,-0.1599789681938217
Mitophagy,48,0.004233295690945618
Mitophagy,49,0.08328222011579131
MAPK signaling pathway,0,0.0014945832167731347
MAPK signaling pathway,1,-0.15572220598117364
MAPK signaling pathway,2,0.013743513841662698
MAPK signaling pathway,3,-0.0881578999058451
MAPK signaling pathway,4,0.02505561090770829
MAPK signaling pathway,5,-0.21013094917340375
MAPK signaling pathway,6,-0.13799490803286113
MAPK signaling pathway,7,-0.10841181777863755
MAPK signaling pathway,8,-0.07932137104526203
MAPK signaling pathway,9,-0.02349817352704166
MAPK signaling pathway,10,0.04444176045935465
MAPK signaling pathway,11,-0.3043184535678697
MAPK signaling pathway,12,0.06461862911263842
MAPK signaling pathway,13,-0.009829392972694377
MAPK signaling pathway,14,-0.0635001576209349
MAPK signaling pathway,15,0.23901735960690323
MAPK signaling pathway,16,-0.008156417713161467
MAPK signaling pathway,17,-0.005096837765008005
MAPK signaling pathway,18,-0.12920818478054155
MAPK signaling pathway,19,0.017118310436329172
MAPK signaling pathway,20,-0.05745435582728304
MAPK signaling pathway,21,0.0836931595882944
MAPK signaling pathway,22,0.1391036454680034
MAPK signaling pathway,23,0.06057913612189948
MAPK signaling pathway,24,-0.07112611218475345
MAPK signaling pathway,25,-0.01827317467681224
MAPK signaling pathway,26,-0.11110899680168651
MAPK signaling pathway,27,-0.1218359555511356
MAPK signaling pathway,28,0.09878312391748811
MAPK signaling pathway,29,-0.5599661321575864
MAPK signaling pathway,30,-0.16426691016949263
MAPK signaling pathway,31,0.02384126382182178
MAPK signaling pathway,32,0.07264923337704622
MAPK signaling pathway,33,-0.011099555975076067
MAPK signaling pathway,34,0.05581745476815399
MAPK signaling pathway,35,-0.10904648023886435
MAPK signaling pathway,36,-0.11704694066465765
MAPK signaling pathway,37,-0.06532868071544502
MAPK signaling pathway,38,-0.1604042960733424
MAPK signaling pathway,39,-0.0695386897296705
MAPK signaling pathway,40,0.01731284779182272
MAPK signaling pathway,41,-0.0768680004175355
MAPK signaling pathway,42,0.0008864446109096025
MAPK signaling pathway,43,0.1871800263457945
MAPK signaling pathway,44,-0.01670732055810621
MAPK signaling pathway,45,0.039363067252185656
MAPK signaling pathway,46,-0.037502998931985825
MAPK signaling pathway,47,0.1445881378229011
MAPK signaling pathway,48,-0.019637538737734734
MAPK signaling pathway,49,0.15729522200023086
PI3K-Akt signaling pathway,0,-0.0995417574390261
PI3K-Akt signaling pathway,1,-0.12182519710424328
PI3K-Akt signaling pathway,2,0.03327018746938372
PI3K-Akt signaling pathway,3,0.15856607461883787
PI3K-Akt signaling pathway,4,-0.041576248905782584
PI3K-Akt signaling pathway,5,0.0490522999097637
PI3K-Akt signaling pathway,6,0.20266222899653846
PI3K-Akt signaling pathway,7,0.2026537647117432
PI3K-Akt signaling pathway,8,0.16931661815924232
PI3K-Akt signaling pathway,9,-0.20986210588603038
PI3K-Akt signaling pathway,10,-0.07601178514597734
PI3K-Akt signaling pathway,11,-0.07255689358124617
PI3K-Akt signaling pathway,12,0.07380951469678387
PI3K-Akt signaling pathway,13,0.11864562442311621
PI3K-Akt signaling pathway,14,0.07198798764759554
PI3K-Akt signaling pathway,15,-0.08905701201645835
PI3K-Akt signaling pathway,16,0.02425020987625605
PI3K-Akt signaling pathway,17,0.04804328059770636
PI3K-Akt signaling pathway,18,0.08290723040977266
PI3K-Akt signaling pathway,19,-0.06296951386657439
PI3K-Akt signaling pathway,20,-0.07090636131218098
PI3K-Akt signaling pathway,21,-0.21455462352057122
PI3K-Akt signaling pathway,22,0.20056580516601605
PI3K-Akt signaling pathway,23,-0.13373767253025245
PI3K-Akt signaling pathway,24,-0.061497751666104265
PI3K-Akt signaling pathway,25,-0.09025292929422454
PI3K-Akt signaling pathway,26,0.022749029784596038
PI3K-Akt signaling pathway,27,0.03381206779224367
PI3K-Akt signaling pathway,28,0.017289791915929983
PI3K-Akt signaling pathway,29,-0.2448648089976034
PI3K-Akt signaling pathway,30,0.14815679404962995
PI3K-Akt signaling pathway,31,-0.028244526024910413
PI3K-Akt signaling pathway,32,-0.08092682215274678
PI3K-Akt signaling pathway,33,0.19432230141153256
PI3K-Akt signaling pathway,34,-0.11198576430856173
PI3K-Akt signaling pathway,35,-0.17690266315355294
PI3K-Akt signaling pathway,36,-0.02653050563761588
PI3K-Akt signaling pathway,37,-0.04989051542913703
PI3K-Akt signaling pathway,38,-0.17375921645966813
PI3K-Akt signaling pathway,39,-0.05487258227856978
PI3K-Akt signaling pathway,40,-0.1672065915151204
PI3K-Akt signaling pathway,41,0.10029493750971506
PI3K-Akt signaling pathway,42,-0.14175885031927124
PI3K-Akt signaling pathway,43,0.18420028626436813
PI3K-Akt signaling pathway,44,-0.2898353244239307
PI3K-Akt signaling pathway,45,0.06117266159272791
PI3K-Akt signaling pathway,46,0.08211479659031051
PI3K-Akt signaling pathway,47,-0.06302461680368665
PI3K-Akt signaling pathway,48,-0.012478057535251538
PI3K-Akt signaling pathway,49,0.010663479642084188
Ras signaling pathway,0,-0.11728444496597824
Ras signaling pathway,1,0.15348668357034612
Ras signaling pathway,2,-0.23992358628745486
Ras signaling pathway,3,-0.04540003634842864
Ras signaling pathway,4,0.015803229008408765
Ras signaling pathway,5,-0.044224214387578085
Ras signaling pathway,6,0.02614732729634532
Ras signaling pathway,7,-0.13201186179735983
Ras signaling pathway,8,-0.019430520480012987
Ras signaling pathway,9,0.03651338030543634
Ras signaling pathway,10,-0.06376443770089853
Ras signaling pathway,11,0.07972294661976378
Ras signaling pathway,12,-0.15537907438422113
Ras signaling pathway,13,-0.18284983362706422
Ras signaling pathway,14,0.028742783277656007
Ras signaling pathway,15,-0.1681584636862381
Ras signaling pathway,16,-0.1431865128587075
Ras signaling pathway,17,-0.040621453211081376
Ras signaling pathway,18,0.026492312676261925
Ras signaling pathway,19,-0.1185306703103759
Ras signaling pathway,20,-0.04584948056176368
Ras signaling pathway,21,0.03959726148608108
Ras signaling pathway,22,0.07099171333236647
Ras signaling pathway,23,-0.333118657448475
Ras signaling pathway,24,-0.03809511049219921
Ras signaling pathway,25,0.19060184982275266
Ras signaling pathway,26,0.05238446504120313
Ras signaling pathway,27,0.36762726085206343
Ras signaling pathway,28,0.24655437849525308
Ras signaling pathway,29,-0.0204002268977351
Ras signaling pathway,30,-0.14332290591890917
Ras signaling pathway,31,-0.09768231736890844
Ras signaling pathway,32,0.019520132749639273
Ras signaling pathway,33,0.2098491557532614
Ras signaling pathway,34,0.05594876855266548
Ras signaling pathway,35,0.05417596789321734
Ras signaling pathway,36,0.11919692099118251
Ras signaling pathway,37,-0.04134186657973428
Ras signaling pathway,38,0.15270839828993862
Ras signaling pathway,39,-0.04018179703687451
Ras signaling pathway,40,-0.02213785698752342
Ras signaling pathway,41,-0.11637669275401966
Ras signaling pathway,42,-0.10454703901762766
Ras signaling pathway,43,0.11009918891642884
Ras signaling pathway,44,-0.06437570567982637
Ras signaling pathway,45,0.4916732540472031
Ras signaling pathway,46,0.26791959015870387
Ras signaling pathway,47,-0.016082004931662307
Ras signaling pathway,48,0.10346145173554107
Ras signaling pathway,49,-0.045244214542214604
Rap1 signaling pathway,0,-0.16806230584657314
Rap1 signaling pathway,1,0.27816916609726017
Rap1 signaling pathway,2,0.11985865698629115
Rap1 signaling pathway,3,0.005369146368256903
Rap1 signaling pathway,4,0.05626781160931872
Rap1 signaling pathway,5,-0.17197916639966038
Rap1 signaling pathway,6,-0.1762336235469109
Rap1 signaling pathway,7,0.08946740268942277
Rap1 signaling pathway,8,-0.025131538031844605
Rap1 signaling pathway,9,-0.13976136879147938
Rap1 signaling pathway,10,0.0748452718147104
Rap1 signaling pathway,11,0.01710774286819338
Rap1 signaling pathway,12,0.05686898909710311
Rap1 signaling pathway,13,-0.18670166174755115
Rap1 signaling pathway,14,-0.11315932167567586
Rap1 signaling pathway,15,-0.03769808904678116
Rap1 signaling pathway,16,0.0016750364136115345
Rap1 signaling pathway,17,-0.09132150080522838
Rap1 signaling pathway,18,0.013095825500961892
Rap1 signaling pathway,19,0.11883932788488383
Rap1 signaling pathway,20,0.08376043489103494
Rap1 signaling pathway,21,0.09612220141794593
Rap1 signaling pathway,22,-0.140910140622373
Rap1 signaling pathway,23,-0.36089309175953405
Rap1 signaling pathway,24,0.1773610501713858
Rap1 signaling pathway,25,-0.15472930687440611
Rap1 signaling pathway,26,-0.0552205077144204
Rap1 signaling pathway,27,-0.1260436090180122
Rap1 signaling pathway,28,0.08981533259705672
Rap1 signaling pathway,29,-0.04874005377901241
Rap1 signaling pathway,30,-0.23502557666588691
Rap1 signaling pathway,31,0.17841254518129884
Rap1 signaling pathway,32,-0.04645462862569411
Rap1 signaling pathway,33,0.3515342175255053
Rap1 signaling pathway,34,-0.18320617624400196
Rap1 signaling pathway,35,0.1318745688959825
Rap1 signaling pathway,36,-0.017795229051989873
Rap1 signaling pathway,37,0.11528338283591713
Rap1 signaling pathway,38,-0.07622854820117145
Rap1 signaling pathway,39,-0.06303623093552066
Rap1 signaling pathway,40,-0.13679064651369285
Rap1 signaling pathway,41,-0.04032076339822476
Rap1 signaling pathway,42,-0.022277555603392268
Rap1 signaling pathway,43,-0.002821379526908966
Rap1 signaling pathway,44,0.09490107386096483
Rap1 signaling pathway,45,0.020058695452970805
Rap1 signaling pathway,46,-0.052186754983639116
Rap1 signaling pathway,47,0.08073425547255833
Rap1 signaling pathway,48,0.16298543483406808
Rap1 signaling pathway,49,-0.07957849339457773
ErbB signaling pathway,0,0.15638461334703307
ErbB signaling pathway,1,-0.13400787294259636
ErbB signaling pathway,2,-0.023107129996145472
ErbB signaling pathway,3,-0.0008941752797715614
ErbB signaling pathway,4,0.14994838062386845
ErbB signaling pathway,5,-0.183283812090493
ErbB signaling pathway,6,0.27414976046765954
ErbB signaling pathway,7,-0.08598425395547296
ErbB signaling pathway,8,-0.3069468330406161
ErbB signaling pathway,9,-0.11779692770746672
ErbB signaling pathway,10,-0.128479382906637
ErbB signaling pathway,11,0.013090576026492119
ErbB signaling pathway,12,0.15281678670258717
ErbB signaling pathway,13,0.27164432438548863
ErbB signaling pathway,14,0.11112714903391788
ErbB signaling pathway,15,0.2515436152279498
ErbB signaling pathway,16,0.07446588743160386
ErbB signaling pathway,17,-0.07669893624622408
ErbB signaling pathway,18,0.20623654285946486
ErbB signaling pathway,19,0.05160494957566906
ErbB signaling pathway,20,0.0018174601807560329
ErbB signaling pathway,21,0.01494024823572234
ErbB signaling pathway,22,-0.32208692134246164
ErbB signaling pathway,23,0.0424515108982416
ErbB signaling pathway,24,-0.02213275424655077
ErbB signaling pathway,25,-0.31085511547323874
ErbB signaling pathway,26,0.32935854841179635
ErbB signaling pathway,27,-0.22433436191939407
ErbB signaling pathway,28,0.31639281919961004
ErbB signaling pathway,29,0.11838718110795216
ErbB signaling pathway,30,0.3636265454106626
ErbB signaling pathway,31,0.0999445325002554
ErbB signaling pathway,32,-0.22821599808762777
ErbB signaling pathway,33,-0.25631524389963245
ErbB signaling pathway,34,0.30649661899272007
ErbB signaling pathway,35,-0.1432697972131426
ErbB signaling pathway,36,-0.0033930283965570712
ErbB signaling pathway,37,0.04171821759153225
ErbB signaling pathway,38,0.07128377185017097
ErbB signaling pathway,39,-0.13398700397212393
ErbB signaling pathway,40,-0.27098724456554096
ErbB signaling pathway,41,-0.11740015138348095
ErbB signaling pathway,42,-0.13495917092402798
ErbB signaling pathway,43,-0.028584939646162055
ErbB signaling pathway,44,0.16417198455462842
ErbB signaling pathway,45,-0.7047477593501253
ErbB signaling pathway,46,-0.3555286404916137
ErbB signaling pathway,47,0.042676324447441405
ErbB signaling pathway,48,0.11369214868884907
ErbB signaling pathway,49,0.08511129622164401
mTOR signaling pathway,0,-0.11270533222575588
mTOR signaling pathway,1,-0.2172873329828696
mTOR signaling pathway,2,-0.02694515519823249
mTOR signaling pathway,3,-0.19488316462399669
mTOR signaling pathway,4,-0.040875206504712144
mTOR signaling pathway,5,0.00018771485242064504
mTOR signaling pathway,6,0.2595288273009457
mTOR signaling pathway,7,0.35188437957928514
mTOR signaling pathway,8,0.03206104405664647
mTOR signaling pathway,9,-0.08036200929069072
mTOR signaling pathway,10,-0.025103837745809158
mTOR signaling pathway,11,0.09604714827682301
mTOR signaling pathway,12,-0.02026180192022548
mTOR signaling pathway,13,0.17577202601154954
mTOR signaling pathway,14,-0.41090878444294904
mTOR signaling pathway,15,-0.2803638050907917
mTOR signaling pathway,16,-0.030356224732210845
mTOR signaling pathway,17,-0.030965060512306325
mTOR signaling pathway,18,0.05378838418751642
mTOR signaling pathway,19,-0.2942819638839423
mTOR signaling pathway,20,-0.12938339636400667
mTOR signaling pathway,21,0.27970644412607454
mTOR signaling pathway,22,-0.23036512084107053
mTOR signaling pathway,23,-0.13095428844461418
mTOR signaling pathway,24,-0.1864479064786646
mTOR signaling pathway,25,0.04354845998070679
mTOR signaling pathway,26,-0.05484655183821886
mTOR signaling pathway,27,0.24052857124904448
mTOR signaling pathway,28,-0.031460019440561884
mTOR signaling pathway,29,0.5262929262541588
mTOR signaling pathway,30,-0.17218319282710376
mTOR signaling pathway,31,-0.09405577289721191
mTOR signaling pathway,32,0.07956731495633836
mTOR signaling pathway,33,0.24106923184765783
mTOR signaling pathway,34,-0.6021215201478705
mTOR signaling pathway,35,0.08177710456073536
mTOR signaling pathway,36,-0.6180336076852433
mTOR signaling pathway,37,-0.10866424910177448
mTOR signaling pathway,38,0.16413429768222954
mTOR signaling pathway,39,-0.21005770889380249
mTOR signaling pathway,40,-0.10069247021177614
mTOR signaling pathway,41,-0.15782155723037636
mTOR signaling pathway,42,0.1467224682775397
mTOR signaling pathway,43,0.03527692577618058
mTOR signaling pathway,44,-0.1157388929825699
mTOR signaling pathway,45,-0.20620925553790548
mTOR signaling pathway,46,0.057267552368312706
mTOR signaling pathway,47,0.07273397354638582
mTOR signaling pathway,48,0.15206749471041248
mTOR signaling pathway,49,-0.439844154129862
AMPK signaling pathway,0,-0.2577316426496218
AMPK signaling pathway,1,-0.1322523165511168
AMPK signaling pathway,2,-0.4080305223764037
AMPK signaling pathway,3,0.1894467308969012
AMPK signaling pathway,4,-0.16456034903857905
AMPK signaling pathway,5,0.01952929494644797
AMPK signaling pathway,6,0.22576872632681355
AMPK signaling pathway,7,0.09288769854552008
AMPK signaling pathway,8,-0.3790525832533036
AMPK signaling pathway,9,-0.16100059193257224
AMPK signaling pathway,10,-0.10885935424845515
AMPK signaling pathway,11,-0.0606777051867906
AMPK signaling pathway,12,-0.46874597496371917
AMPK signaling pathway,13,-0.11627058721198594
AMPK signaling pathway,14,-0.3121904841097341
AMPK signaling pathway,15,0.06407205392236551
AMPK signaling pathway,16,0.19879689327857475
AMPK signaling pathway,17,-0.025517209795824645
AMPK signaling pathway,18,0.3361855715003006
AMPK signaling pathway,19,0.08836332551804604
AMPK signaling pathway,20,0.13121935374639435
AMPK signaling pathway,21,-0.09395537844074403
AMPK signaling pathway,22,0.1604287806882923
AMPK signaling pathway,23,-0.25940881091500567
AMPK signaling pathway,24,0.03029934608736594
AMPK signaling pathway,25,-0.03438676342415934
AMPK signaling pathway,26,0.1856158056541079
AMPK signaling pathway,27,-0.30920947867515564
AMPK signaling pathway,28,-0.33961209045864865
AMPK signaling pathway,29,0.2699311255347595
AMPK signaling pathway,30,0.01704750784079786
AMPK signaling pathway,31,-0.09424642978950745
AMPK signaling pathway,32,-0.12989286286370164
AMPK signaling pathway,33,-0.11181937842514407
AMPK signaling pathway,34,0.314913457388585
AMPK signaling pathway,35,-0.04174683123841502
AMPK signaling pathway,36,-0.15107849764261114
AMPK signaling pathway,37,0.17242453869250296
AMPK signaling pathway,38,-0.17568678771540516
AMPK signaling pathway,39,-0.21798034528849028
AMPK signaling pathway,40,0.05816566153015136
AMPK signaling pathway,41,-0.15995027377892765
AMPK signaling pathway,42,-0.6197108890603186
AMPK signaling pathway,43,-0.17774180222450497
AMPK signaling pathway,44,-0.4022253169216655
AMPK signaling pathway,45,-0.1623733299585988
AMPK signaling pathway,46,-0.1071964890022161
AMPK signaling pathway,47,-0.10178895565993822
AMPK signaling pathway,48,-0.043773661284430124
AMPK signaling pathway,49,-0.17006573522416163
FoxO signaling pathway,0,-0.05607686358783877
FoxO signaling pathway,1,-0.11860092478439152
FoxO signaling pathway,2,0.027228394097084118
FoxO signaling pathway,3,-0.0056707086016647475
FoxO signaling pathway,4,0.026878675189510988
FoxO signaling pathway,5,-0.08835628506676331
FoxO signaling pathway,6,-0.06305767578532873
FoxO signaling pathway,7,0.1191442463766683
FoxO signaling pathway,8,0.20555331829687204
FoxO signaling pathway,9,-0.24881724104746192
FoxO signaling pathway,10,0.4517582778602728
FoxO signaling pathway,11,-0.043040409693777114
FoxO signaling pathway,12,-0.08965614745863157
FoxO signaling pathway,13,-0.04145921299135124
FoxO signaling pathway,14,-0.05106911643260913
FoxO signaling pathway,15,-0.357670276320464
FoxO signaling pathway,16,0.09221647215498659
FoxO signaling pathway,17,-0.2004387616597691
FoxO signaling pathway,18,-0.19901220462458152
FoxO signaling pathway,19,-0.07974234831483974
FoxO signaling pathway,20,0.11937880865541464
FoxO signaling pathway,21,0.05355851911501271
FoxO signaling pathway,22,-0.16333212786469647
FoxO signaling pathway,23,0.1287727030201583
FoxO signaling pathway,24,-0.17815756946721714
FoxO signaling pathway,25,-0.1894279275709812
FoxO signaling pathway,26,0.027982413682392945
FoxO signaling pathway,27,-0.13171187255039515
FoxO signaling pathway,28,0.06951363090132077
FoxO signaling pathway,29,0.08668887897859004
FoxO signaling pathway,30,0.1836780738924544
FoxO signaling pathway,31,0.08546413509545625
FoxO signaling pathway,32,0.14254068456404442
FoxO signaling pathway,33,0.13708688910168365
FoxO signaling pathway,34,0.3268446263267542
FoxO signaling pathway,35,-0.2444793463904015
FoxO signaling pathway,36,0.1563583796735865
FoxO signaling pathway,37,-0.025377577264501763
FoxO signaling pathway,38,0.2304791980096139
FoxO signaling pathway,39,0.26399280630101984
FoxO signaling pathway,40,-0.35121794060916
FoxO signaling pathway,41,0.007222785472540532
FoxO signaling pathway,42,0.1138597450785521
FoxO signaling pathway,43,0.06523092426641329
FoxO signaling pathway,44,0.05621434807027566
FoxO signaling pathway,45,-0.03636622736618507
FoxO signaling pathway,46,-0.06730925940599787
FoxO signaling pathway,47,-0.28607620129981237
FoxO signaling pathway,48,0.18520771905932765
FoxO signaling pathway,49,0.16258213917868097
Hippo signaling pathway,0,0.09401727103468514
Hippo signaling pathway,1,0.014088221737423866
Hippo signaling pathway,2,0.08153667027101301
Hippo signaling pathway,3,-0.037114520219176605
Hippo signaling pathway,4,0.18605666311290042
Hippo signaling pathway,5,0.03023728924444183
Hippo signaling pathway,6,-0.11682830722204829
Hippo signaling pathway,7,0.2042248004201328
Hippo signaling pathway,8,0.02327677781078051
Hippo signaling pathway,9,0.27183079411757416
Hippo signaling pathway,10,-0.0006493654969532035
Hippo signaling pathway,11,0.045862876804250295
Hippo signaling pathway,12,-0.15734722565925394
Hippo signaling pathway,13,0.2921522184974087
Hippo signaling pathway,14,-0.2045724334334076
Hippo signaling pathway,15,-0.21632080783657753
Hippo signaling pathway,16,0.0421756300193609
Hippo signaling pathway,17,-0.027734635595507047
Hippo signaling pathway,18,-0.24386808322888176
Hippo signaling pathway,19,-0.05660519005959151
Hippo signaling pathway,20,0.025685811648392082
Hippo signaling pathway,21,-0.12064392560972638
Hippo signaling pathway,22,-0.14547403912462717
Hippo signaling pathway,23,-0.17271665366114086
Hippo signaling pathway,24,0.11600117181273313
Hippo signaling pathway,25,-0.18626177897702206
Hippo signaling pathway,26,0.12808603298262905
Hippo signaling pathway,27,0.10854863767781213
Hippo signaling pathway,28,-0.16268536685740614
Hippo signaling pathway,29,-0.015502841853163736
Hippo signaling pathway,30,-0.11588173659894445
Hippo signaling pathway,31,0.02176523627688447
Hippo signaling pathway,32,0.03957752869717418
Hippo signaling pathway,33,0.1909924163857413
Hippo signaling pathway,34,-0.3090641719110552
Hippo signaling pathway,35,-0.0014963699722252868
Hippo signaling pathway,36,0.16116306637276553
Hippo signaling pathway,37,-0.18119367074495663
Hippo signaling pathway,38,0.053420426335184956
Hippo signaling pathway,39,0.3118253023251657
Hippo signaling pathway,40,0.1720929950883138
Hippo signaling pathway,41,-0.16794252856927833
Hippo signaling pathway,42,0.037160330574544057
Hippo signaling pathway,43,-0.15560396703475327
Hippo signaling pathway,44,0.10323638755869519
Hippo signaling pathway,45,-0.009802578910864869
Hippo signaling pathway,46,-0.20039022439834075
Hippo signaling pathway,47,-0.4289510382564494
Hippo signaling pathway,48,-0.19699250478277325
Hippo signaling pathway,49,-0.05282966013986861
Wnt signaling pathway,0,0.014068535533123474
Wnt signaling pathway,1,-0.056486447916453894
Wnt signaling pathway,2,0.10054103295618808
Wnt signaling pathway,3,0.13436221187896533
Wnt signaling pathway,4,-0.06881767671372316
Wnt signaling pathway,5,0.08775050442263072
Wnt signaling pathway,6,-0.17819092971834524
Wnt signaling pathway,7,-0.15976974725507934
Wnt signaling pathway,8,0.13103770630598519
Wnt signaling pathway,9,0.1448416207689935
Wnt signaling pathway,10,-0.04893564560214446
Wnt signaling pathway,11,-0.10308359509554844
Wnt signaling pathway,12,-0.10501411663070728
Wnt signaling pathway,13,0.3410421262239517
Wnt signaling pathway,14,0.1336208222075774
Wnt signaling pathway,15,-0.10585757372244013
Wnt signaling pathway,16,-0.16255931563664283
Wnt signaling pathway,17,-0.014779915924675943
Wnt signaling pathway,18,0.004729430695049507
Wnt signaling pathway,19,0.07056250939138597
Wnt signaling pathway,20,0.06371606619616602
Wnt signaling pathway,21,0.010539884306806755
Wnt signaling pathway,22,-0.34321365378048324
Wnt signaling pathway,23,0.13858643686181474
Wnt signaling pathway,24,-0.08468328930132156
Wnt signaling pathway,25,-0.09051027226664321
Wnt signaling pathway,26,-0.20330493774434344
Wnt signaling pathway,27,0.14734060414801964
Wnt signaling pathway,28,-0.25440396586029185
Wnt signaling pathway,29,0.0297251064420795
Wnt signaling pathway,30,-0.006490160057649855
Wnt signaling pathway,31,0.40385294451114684
Wnt signaling pathway,32,0.006428787608763713
Wnt signaling pathway,33,-0.018505768068775547
Wnt signaling pathway,34,0.10239865487179643
Wnt signaling pathway,35,-0.09170383664872847
Wnt signaling pathway,36,0.05871446427544233
Wnt signaling pathway,37,0.13548815540874104
Wnt signaling pathway,38,0.01427149440100049
Wnt signaling pathway,39,0.26113121153728175
Wnt signaling pathway,40,0.15033459394879162
Wnt signaling pathway,41,-0.09334838048279173
Wnt signaling pathway,42,0.014966240743882957
Wnt signaling pathway,43,-0.1500506112404388
Wnt signaling pathway,44,-0.2779143254395645
Wnt signaling pathway,45,-0.028721863145130692
Wnt signaling pathway,46,0.07253378395485409
Wnt signaling pathway,47,0.14801305132892043
Wnt signaling pathway,48,0.07754999058133387
Wnt signaling pathway,49,0.07053871577833301
Notch signaling pathway,0,0.012023291603213524
Notch signaling pathway,1,0.2503036073271238
Notch signaling pathway,2,0.1329532940987889
Notch signaling pathway,3,0.07587699182345489
Notch signaling pathway,4,0.15176549167162903
Notch signaling pathway,5,0.2422305410151839
Notch signaling pathway,6,-0.3309055670245137
Notch signaling pathway,7,-0.0023085755853367563
Notch signaling pathway,8,-0.18371144527333136
Notch signaling pathway,9,-0.23403768910939152
Notch signaling pathway,10,-0.025188183938289206
Notch signaling pathway,11,0.00960737365779448
Notch signaling pathway,12,-0.29072773584371536
Notch signaling pathway,13,-0.39852143676952423
Notch signaling pathway,14,-0.3557464895937481
Notch signaling pathway,15,-0.09313890767407615
Notch signaling pathway,16,0.5544938440103662
Notch signaling pathway,17,-0.08211984614375262
Notch signaling pathway,18,0.13169387841085733
Notch signaling pathway,19,-0.2699468848942934
Notch signaling pathway,20,-0.0492251375320183
Notch signaling pathway,21,0.15785553075739445
Notch signaling pathway,22,0.19573390811248564
Notch signaling pathway,23,-0.10287899196857295
Notch signaling pathway,24,0.21676660952343457
Notch signaling pathway,25,0.22655010234235776
Notch signaling pathway,26,0.3424943530928673
Notch signaling pathway,27,0.6597325910980361
Notch signaling pathway,28,0.1414307791653125
Notch signaling pathway,29,0.3019662131386577
Notch signaling pathway,30,0.08029079133199998
Notch signaling pathway,31,-0.3913185899632438
Notch signaling pathway,32,-0.13408654275102488
Notch signaling pathway,33,-0.38323810504446676
Notch signaling pathway,34,-0.035889333588910166
Notch signaling pathway,35,-0.02629168168924254
Notch signaling pathway,36,0.2923693962087618
Notch signaling pathway,37,-0.40405428582994196
Notch signaling pathway,38,0.08378875303525035
Notch signaling pathway,39,-0.15009208927472806
Notch signaling pathway,40,0.00841785649452721
Notch signaling pathway,41,-0.07858124388263328
Notch signaling pathway,42,-0.2198782996225353
Notch signaling pathway,43,-0.05910408976345502
Notch signaling pathway,44,-0.008210550058007133
Notch signaling pathway,45,-0.10586499109266949
Notch signaling pathway,46,0.13051568787430648
Notch signaling pathway,47,-0.1774793790644738
Notch signaling pathway,48,-0.2593954168662838
Notch signaling pathway,49,-0.18854249989964578
Hedgehog signaling pathway,0,-0.05757756461618903
Hedgehog signaling pathway,1,-0.0018309798830911058
Hedgehog signaling pathway,2,0.15431356650231606
Hedgehog signaling pathway,3,0.35416866595486585
Hedgehog signaling pathway,4,-0.4927282829741095
Hedgehog signaling pathway,5,-0.15116426214994125
Hedgehog signaling pathway,6,0.22618979628550392
Hedgehog signaling pathway,7,0.22673013405269227
Hedgehog signaling pathway,8,-0.5432426409729881
Hedgehog signaling pathway,9,0.22307295553382092
Hedgehog signaling pathway,10,-0.217457541830987
Hedgehog signaling pathway,11,-0.37338878500927
Hedgehog signaling pathway,12,-0.05360818139347639
Hedgehog signaling pathway,13,-0.2864859793402557
Hedgehog signaling pathway,14,-0.09133322108256871
Hedgehog signaling pathway,15,-0.1400625763404101
Hedgehog signaling pathway,16,0.16872265280332877
Hedgehog signaling pathway,17,0.19613249347946093
Hedgehog signaling pathway,18,-0.322479995497861
Hedgehog signaling pathway,19,0.15077736128884672
Hedgehog signaling pathway,20,-0.0793967367281006
Hedgehog signaling pathway,21,0.0988681236599808
Hedgehog signaling pathway,22,0.010688973258501775
Hedgehog signaling pathway,23,-0.037216176934294395
Hedgehog signaling pathway,24,-0.19328313038169503
Hedgehog signaling pathway,25,-0.17160257892927105
Hedgehog signaling pathway,26,0.18618253373361
Hedgehog signaling pathway,27,-0.014854983361770852
Hedgehog signaling pathway,28,-0.2193649164990123
Hedgehog signaling pathway,29,-0.15663592916860478
Hedgehog signaling pathway,30,0.1779386412677815
Hedgehog signaling pathway,31,0.1127836621582159
Hedgehog signaling pathway,32,0.015765447408467827
Hedgehog signaling pathway,33,-0.14290067728429173
Hedgehog signaling pathway,34,-0.4958779744805123
Hedgehog signaling pathway,35,-0.030566028314791067
Hedgehog signaling pathway,36,0.1528897908537432
Hedgehog signaling pathway,37,-0.10923717930974547
Hedgehog signaling pathway,38,0.2857619020906515
Hedgehog signaling pathway,39,-0.07978144131964787
Hedgehog signaling pathway,40,-0.22160443641614752
Hedgehog signaling pathway,41,0.10443520955467997
Hedgehog signaling pathway,42,0.14390526495466968
Hedgehog signaling pathway,43,-0.1376087432233342
Hedgehog signaling pathway,44,-0.09308513060430602
Hedgehog signaling pathway,45,-0.45357220474444715
Hedgehog signaling pathway,46,0.21291743912180827
Hedgehog signaling pathway,47,-0.02879873994211278
Hedgehog signaling pathway,48,0.07424072070227414
Hedgehog signaling pathway,49,0.06758623098816256
JAK-STAT signaling pathway,0,-0.005060219827572368
JAK-STAT signaling pathway,1,0.03863260805753178
JAK-STAT signaling pathway,2,0.1215675949769146
JAK-STAT signaling pathway,3,0.11050940604627367
JAK-STAT signaling pathway,4,-0.0465156245157992
JAK-STAT signaling pathway,5,0.13965880593684868
JAK-STAT signaling pathway,6,-0.2280394919049264
JAK-STAT signaling pathway,7,0.1756072995789855
JAK-STAT signaling pathway,8,-0.048779891385370464
JAK-STAT signaling pathway,9,-0.042353654608649656
JAK-STAT signaling pathway,10,-0.13613370686554493
JAK-STAT signaling pathway,11,-0.028857205592803078
JAK-STAT signaling pathway,12,-0.10708410101676824
JAK-STAT signaling pathway,13,0.19681010761263815
JAK-STAT signaling pathway,14,-0.16800255062316752
JAK-STAT signaling pathway,15,-0.06773590008589943
JAK-STAT signaling pathway,16,0.014346205271047331
JAK-STAT signaling pathway,17,0.21130822485145975
JAK-STAT signaling pathway,18,-0.2943413107336804
JAK-STAT signaling pathway,19,0.21552573833545033
JAK-STAT signaling pathway,20,0.21568920986009613
JAK-STAT signaling pathway,21,0.12101256024205279
JAK-STAT signaling pathway,22,-0.47320961351903956
JAK-STAT signaling pathway,23,0.1324315914959207
JAK-STAT signaling pathway,24,-0.038592905093915664
JAK-STAT signaling pathway,25,-0.48118026412693965
JAK-STAT signaling pathway,26,-0.200955882752213
JAK-STAT signaling pathway,27,-0.14576778091710907
JAK-STAT signaling pathway,28,0.2706647949748875
JAK-STAT signaling pathway,29,0.1182952286204072
JAK-STAT signaling pathway,30,0.08868342887702568
JAK-STAT signaling pathway,31,-0.1949974898925528
JAK-STAT signaling pathway,32,0.09900023671971771
JAK-STAT signaling pathway,33,0.3254064474565257
JAK-STAT signaling pathway,34,-0.011338448641452045
JAK-STAT signaling pathway,35,0.005665472834080634
JAK-STAT signaling pathway,36,-0.011162698585680714
JAK-STAT signaling pathway,37,0.0692958640885786
JAK-STAT signaling pathway,38,0.027567237919488907
JAK-STAT signaling pathway,39,-0.06503135173693557
JAK-STAT signaling pathway,40,-0.3791962556020503
JAK-STAT signaling pathway,41,-0.13842646265963401
JAK-STAT signaling pathway,42,0.07005509980541096
JAK-STAT signaling pathway,43,0.053581106218088606
JAK-STAT signaling pathway,44,-0.2517610343696141
JAK-STAT signaling pathway,45,-0.06008362646102758
JAK-STAT signaling pathway,46,0.03686036604012734
JAK-STAT signaling pathway,47,-0.07062231024967344
JAK-STAT signaling pathway,48,-0.13062885041276054
JAK-STAT signaling pathway,49,0.2984490667072162
TGF-beta signaling pathway,0,-0.16033021355265487
TGF-beta signaling pathway,1,-0.018705274781453392
TGF-beta signaling pathway,2,0.051134303713664564
TGF-beta signaling pathway,3,0.5069390116181688
TGF-beta signaling pathway,4,-0.004011146663424227
TGF-beta signaling pathway,5,-0.07026291433132127
TGF-beta signaling pathway,6,-0.2277622871419971
TGF-beta signaling pathway,7,-0.1127805630498432
TGF-beta signaling pathway,8,-0.06889545516523882
TGF-beta signaling pathway,9,-0.12670012062226998
TGF-beta signaling pathway,10,0.08310496548384852
TGF-beta signaling pathway,11,0.36590081322127566
TGF-beta signaling pathway,12,-0.13159313329138894
TGF-beta signaling pathway,13,-0.19573997048727979
TGF-beta signaling pathway,14,-0.05720162800203841
TGF-beta signaling pathway,15,0.327744612813703
TGF-beta signaling pathway,16,-0.32696346199571535
TGF-beta signaling pathway,17,-0.108505916159991
TGF-beta signaling pathway,18,-0.1159005261389054
TGF-beta signaling pathway,19,-0.007073899715280321
TGF-beta signaling pathway,20,0.35193672726249814
TGF-beta signaling pathway,21,-0.35578738008334915
TGF-beta signaling pathway,22,0.4547273312253181
TGF-beta signaling pathway,23,0.39493322605788567
TGF-beta signaling pathway,24,0.07071543821639968
TGF-beta signaling pathway,25,-0.17642650512510255
TGF-beta signaling pathway,26,-0.3759835720099578
TGF-beta signaling pathway,27,-0.0330196540944736
TGF-beta signaling pathway,28,0.16255276092041915
TGF-beta signaling pathway,29,-0.6070060463106621
TGF-beta signaling pathway,30,-0.052493399351959916
TGF-beta signaling pathway,31,-0.5133246048154604
TGF-beta signaling pathway,32,-0.21546653606152857
TGF-beta signaling pathway,33,-0.11378084207386385
TGF-beta signaling pathway,34,0.051467330815685754
TGF-beta signaling pathway,35,-0.20950926545812046
TGF-beta signaling pathway,36,0.19254778493571634
TGF-beta signaling pathway,37,-0.12637618026660843
TGF-beta signaling pathway,38,0.07301105069468343
TGF-beta signaling pathway,39,-0.05521466988591163
TGF-beta signaling pathway,40,0.24767279590158037
TGF-beta signaling pathway,41,0.07539280838716465
TGF-beta signaling pathway,42,0.1073483704111518
TGF-beta signaling pathway,43,0.24282140959919996
TGF-beta signaling pathway,44,-0.16771532063090375
TGF-beta signaling pathway,45,-0.05377344309927912
TGF-beta signaling pathway,46,-0.06687436142642114
TGF-beta signaling pathway,47,0.04340102411476868
TGF-beta signaling pathway,48,-0.10805798093466124
TGF-beta signaling pathway,49,0.08144597676714951
NF-kappa B signaling pathway,0,-0.0019695991420362892
NF-kappa B signaling pathway,1,0.22086371178338055
NF-kappa B signaling pathway,2,0.04363716033133784
NF-kappa B signaling pathway,3,0.13688502313491777
NF-kappa B signaling pathway,4,0.1565608520217031
NF-kappa B signaling pathway,5,0.16056572211939674
NF-kappa B signaling pathway,6,-0.33127719919692267
NF-kappa B signaling pathway,7,0.04450683631826378
NF-kappa B signaling pathway,8,0.07611074644735241
NF-kappa B signaling pathway,9,0.09890570609424415
NF-kappa B signaling pathway,10,0.10776112899198295
NF-kappa B signaling pathway,11,0.48892120831607144
NF-kappa B signaling pathway,12,-0.22987585127146734
NF-kappa B signaling pathway,13,0.1412010734960611
NF-kappa B signaling pathway,14,-0.1903254483156964
NF-kappa B signaling pathway,15,0.09603671722464155
NF-kappa B signaling pathway,16,-0.17633197850758978
NF-kappa B signaling pathway,17,-0.06861830150577564
NF-kappa B signaling pathway,18,-0.1836549822962239
NF-kappa B signaling pathway,19,-0.0010358313405430467
NF-kappa B signaling pathway,20,0.031133628691197072
NF-kappa B signaling pathway,21,-0.3442777678671913
NF-kappa B signaling pathway,22,0.07636693836953694
NF-kappa B signaling pathway,23,0.04360359505079059
NF-kappa B signaling pathway,24,0.15469593741462337
NF-kappa B signaling pathway,25,-0.30236093352454946
NF-kappa B signaling pathway,26,0.04722038849221232
NF-kappa B signaling pathway,27,-0.12864074303462802
NF-kappa B signaling pathway,28,-0.1887053346582022
NF-kappa B signaling pathway,29,-0.1752807948781593
NF-kappa B signaling pathway,30,0.07063433574367878
NF-kappa B signaling pathway,31,-0.2767470476536557
NF-kappa B signaling pathway,32,-0.09444425047769321
NF-kappa B signaling pathway,33,-0.0066785767578430326
NF-kappa B signaling pathway,34,0.0239635282770124
NF-kappa B signaling pathway,35,0.14888853806097754
NF-kappa B signaling pathway,36,-0.2445662732073127
NF-kappa B signaling pathway,37,0.5450128169512881
NF-kappa B signaling pathway,38,-0.2149511931378164
NF-kappa B signaling pathway,39,0.07207012312899981
NF-kappa B signaling pathway,40,0.009931225487557965
NF-kappa B signaling pathway,41,0.12248532132402518
NF-kappa B signaling pathway,42,-0.1984347502816654
NF-kappa B signaling pathway,43,0.259362403996059
NF-kappa B signaling pathway,44,-0.12018144133785953
NF-kappa B signaling pathway,45,0.04305507341907844
NF-kappa B signaling pathway,46,-0.03783085231886422
NF-kappa B signaling pathway,47,0.17862647975661652
NF-kappa B signaling pathway,48,-0.19148249888740862
NF-kappa B signaling pathway,49,-0.11657426680881748
TNF signaling pathway,0,0.06939283558973441
TNF signaling pathway,1,-0.046597624652798535
TNF signaling pathway,2,-0.13204709739541426
TNF signaling pathway,3,0.1948439896539658
TNF signaling pathway,4,0.01747767709029351
TNF signaling pathway,5,0.21692859449194898
TNF signaling pathway,6,-0.22617156298722013
TNF signaling pathway,7,-0.18395862715162875
TNF signaling pathway,8,-0.08657845129821608
TNF signaling pathway,9,-0.11774625084442869
TNF signaling pathway,10,0.62406020963997
TNF signaling pathway,11,0.06691683963796423
TNF signaling pathway,12,0.05071002585429504
TNF signaling pathway,13,-0.002788650873277355
TNF signaling pathway,14,-0.08182322619242068
TNF signaling pathway,15,-0.20300356621478188
TNF signaling pathway,16,0.07857476677489096
TNF signaling pathway,17,-0.48805526911561137
TNF signaling pathway,18,0.13200183524506434
TNF signaling pathway,19,-0.054680889437545115
TNF signaling pathway,20,0.08849017439953084
TNF signaling pathway,21,-0.3371991649845279
TNF signaling pathway,22,0.09815348170421519
TNF signaling pathway,23,0.18376813429912736
TNF signaling pathway,24,-0.5082304946649724
TNF signaling pathway,25,-0.34668155467714956
TNF signaling pathway,26,-0.13089480697853634
TNF signaling pathway,27,-0.040191979184833596
TNF signaling pathway,28,0.2248681642927967
TNF signaling pathway,29,-0.039521015363024256
TNF signaling pathway,30,0.01866118295482818
TNF signaling pathway,31,0.07668083204080348
TNF signaling pathway,32,0.5006514249066399
TNF signaling pathway,33,0.19972119727444004
TNF signaling pathway,34,-0.10534534475824704
TNF signaling pathway,35,-0.10457739553561018
TNF signaling pathway,36,-0.1294833763125213
TNF signaling pathway,37,0.2036928597011645
TNF signaling pathway,38,-0.3631974287852755
TNF signaling pathway,39,-0.19425649996337754
TNF signaling pathway,40,-0.2844207166262753
TNF signaling pathway,41,0.2580871474989522
TNF signaling pathway,42,-0.27412820964192885
TNF signaling pathway,43,0.40481169972726094
TNF signaling pathway,44,0.07781932091670123
TNF signaling pathway,45,-0.0019953842094017553
TNF signaling pathway,46,0.09557418181039429
TNF signaling pathway,47,0.18780909636129411
TNF signaling pathway,48,0.025784563076615453
TNF signaling pathway,49,0.06425100670459771
VEGF signaling pathway,0,0.2053424067202085
VEGF signaling pathway,1,0.005190331006641921
VEGF signaling pathway,2,-0.14698213058395734
VEGF signaling pathway,3,0.02856906899014505
VEGF signaling pathway,4,0.14396279734301243
VEGF signaling pathway,5,-0.11936127080803233
VEGF signaling pathway,6,0.05960289378916031
VEGF signaling pathway,7,-0.16729465784487935
VEGF signaling pathway,8,0.06685730184516
VEGF signaling pathway,9,-0.9226803426535242
VEGF signaling pathway,10,-0.16161562440567784
VEGF signaling pathway,11,0.012716843210743333
VEGF signaling pathway,12,0.016188603767965666
VEGF signaling pathway,13,-0.38826159748348243
VEGF signaling pathway,14,0.06791289936325882
VEGF signaling pathway,15,-0.18012847523795028
VEGF signaling pathway,16,0.22645408741567208
VEGF signaling pathway,17,-0.1987602323941858
VEGF signaling pathway,18,-0.15364377129338902
VEGF signaling pathway,19,-0.11005480012233655
VEGF signaling pathway,20,0.17134119445748577
VEGF signaling pathway,21,0.022695423388046577
VEGF signaling pathway,22,-0.25063674079567994
VEGF signaling pathway,23,0.22311650144874878
VEGF signaling pathway,24,0.2698845580139269
VEGF signaling pathway,25,-0.11550653233040747
VEGF signaling pathway,26,-0.3200603593490527
VEGF signaling pathway,27,0.164612879986789
VEGF signaling pathway,28,0.08465520580698972
VEGF signaling pathway,29,-0.09959459745789097
VEGF signaling pathway,30,-0.1318075258196856
VEGF signaling pathway,31,-0.1351025031699343
VEGF signaling pathway,32,-0.1379231193847607
VEGF signaling pathway,33,0.2557841743353385
VEGF signaling pathway,34,-0.31616787326510865
VEGF signaling pathway,35,-0.18816217546422984
VEGF signaling pathway,36,0.1891751039786417
VEGF signaling pathway,37,0.052948118264918874
VEGF signaling pathway,38,-0.055518704463538085
VEGF signaling pathway,39,0.2231618949749265
VEGF signaling pathway,40,-0.18799953970337188
VEGF signaling pathway,41,-0.0035822697719437606
VEGF signaling pathway,42,0.17960757319950177
VEGF signaling pathway,43,0.15434469760845904
VEGF signaling pathway,44,0.16684832970248636
VEGF signaling pathway,45,0.03348929388511203
VEGF signaling pathway,46,-0.10677348211755404
VEGF signaling pathway,47,0.16995103681622636
VEGF signaling pathway,48,-0.020600230041220077
VEGF signaling pathway,49,0.04987774572457125
HIF-1 signaling pathway,0,0.08680629114784431
HIF-1 signaling pathway,1,-0.07495858206928228
HIF-1 signaling pathway,2,-0.1327649708777643
HIF-1 signaling pathway,3,0.22223310156223616
HIF-1 signaling pathway,4,0.09690714665684538
HIF-1 signaling pathway,5,-0.014108675881654808
HIF-1 signaling pathway,6,0.030354604320543373
HIF-1 signaling pathway,7,0.034040302019334855
HIF-1 signaling pathway,8,0.10997226796880452
HIF-1 signaling pathway,9,0.17292370361556708
HIF-1 signaling pathway,10,-0.18270696338707865
HIF-1 signaling pathway,11,0.1976599623998152
HIF-1 signaling pathway,12,-0.1104717588319602
HIF-1 signaling pathway,13,0.18921900128742541
HIF-1 signaling pathway,14,-0.13826672607956614
HIF-1 signaling pathway,15,0.09527300359901873
HIF-1 signaling pathway,16,-0.0743878598651542
HIF-1 signaling pathway,17,0.201107280387128
HIF-1 signaling pathway,18,0.16865589672078088
HIF-1 signaling pathway,19,-0.39588768082776205
HIF-1 signaling pathway,20,0.0639593624916538
HIF-1 signaling pathway,21,-0.5987002683330059
HIF-1 signaling pathway,22,-0.09235685370086452
HIF-1 signaling pathway,23,-0.21375375361479684
HIF-1 signaling pathway,24,0.21161156118881733
HIF-1 signaling pathway,25,0.05335392284407093
HIF-1 signaling pathway,26,-0.01043296914836863
HIF-1 signaling pathway,27,0.03069530804715749
HIF-1 signaling pathway,28,-0.10772171565734873
HIF-1 signaling pathway,29,-0.12875798489988666
HIF-1 signaling pathway,30,0.2556973299139958
HIF-1 signaling pathway,31,0.12953576020863383
HIF-1 signaling pathway,32,0.08978519365350655
HIF-1 signaling pathway,33,0.22826875562789722
HIF-1 signaling pathway,34,0.02360984909449774
HIF-1 signaling pathway,35,0.028644615723926757
HIF-1 signaling pathway,36,-0.1239142089647716
HIF-1 signaling pathway,37,0.29476567246918545
HIF-1 signaling pathway,38,-0.09850105034817462
HIF-1 signaling pathway,39,-0.17281810500409625
HIF-1 signaling pathway,40,0.02413606555483897
HIF-1 signaling pathway,41,0.08638914508652784
HIF-1 signaling pathway,42,-0.061000455556944166
HIF-1 signaling pathway,43,0.04054389654635148
HIF-1 signaling pathway,44,0.018159803266824242
HIF-1 signaling pathway,45,-0.11789336306219587
HIF-1 signaling pathway,46,0.5273172733648769
HIF-1 signaling pathway,47,-0.226550885162927
HIF-1 signaling pathway,48,-0.18780026148790158
HIF-1 signaling pathway,49,0.24006686522555015
PD-L1 expression and PD-1 checkpoint pathway in cancer,0,-0.05021504844639814
PD-L1 expression and PD-1 checkpoint pathway in cancer,1,-0.2759299089320046
PD-L1 expression and PD-1 checkpoint pathway in cancer,2,-0.5383969845302052
PD-L1 expression and PD-1 checkpoint pathway in cancer,3,-0.008267755545052009
PD-L1 expression and PD-1 checkpoint pathway in cancer,4,0.038593654190072726
PD-L1 expression and PD-1 checkpoint pathway in cancer,5,-0.1959613242372402
PD-L1 expression and PD-1 checkpoint pathway in cancer,6,0.03207431253794517
PD-L1 expression and PD-1 checkpoint pathway in cancer,7,-0.12828793856371204
PD-L1 expression and PD-1 checkpoint pathway in cancer,8,-0.08666623408409702
PD-L1 expression and PD-1 checkpoint pathway in cancer,9,-0.08305284175128573
PD-L1 expression and PD-1 checkpoint pathway in cancer,10,0.0887432529628568
PD-L1 expression and PD-1 checkpoint pathway in cancer,11,0.04020022796469361
PD-L1 expression and PD-1 checkpoint pathway in cancer,12,-0.006433489393162505
PD-L1 expression and PD-1 checkpoint pathway in cancer,13,0.16580406364785266
PD-L1 expression and PD-1 checkpoint pathway in cancer,14,-0.48103448207892646
PD-L1 expression and PD-1 checkpoint pathway in cancer,15,0.14099908779615397
PD-L1 expression and PD-1 checkpoint pathway in cancer,16,-0.061185006391159105
PD-L1 expression and PD-1 checkpoint pathway in cancer,17,-0.13039188323409856
PD-L1 expression and PD-1 checkpoint pathway in cancer,18,0.3524115328604246
PD-L1 expression and PD-1 checkpoint pathway in cancer,19,-0.20663172448692735
PD-L1 expression and PD-1 checkpoint pathway in cancer,20,-0.08845394437767173
PD-L1 expression and PD-1 checkpoint pathway in cancer,21,0.17724301319617253
PD-L1 expression and PD-1 checkpoint pathway in cancer,22,-0.243916670003863
PD-L1 expression and PD-1 checkpoint pathway in cancer,23,-0.572367890339117
PD-L1 expression and PD-1 checkpoint pathway in cancer,24,0.17664836903427278
PD-L1 expression and PD-1 checkpoint pathway in cancer,25,0.1792846071451452
PD-L1 expression and PD-1 checkpoint pathway in cancer,26,-0.12050691547689439
PD-L1 expression and PD-1 checkpoint pathway in cancer,27,0.013490342532638975
PD-L1 expression and PD-1 checkpoint pathway in cancer,28,0.037016309340165324
PD-L1 expression and PD-1 checkpoint pathway in cancer,29,0.1061313818634464
PD-L1 expression and PD-1 checkpoint pathway in cancer,30,-0.06154290715868309
PD-L1 expression and PD-1 checkpoint pathway in cancer,31,0.21481696150157054
PD-L1 expression and PD-1 checkpoint pathway in cancer,32,-0.09792895834036301
PD-L1 expression and PD-1 checkpoint pathway in cancer,33,0.20094067021266024
PD-L1 expression and PD-1 checkpoint pathway in cancer,34,-0.0034994350092782426
PD-L1 expression and PD-1 checkpoint pathway in cancer,35,0.2272133345128935
PD-L1 expression and PD-1 checkpoint pathway in cancer,36,-0.015356203819810371
PD-L1 expression and PD-1 checkpoint pathway in cancer,37,0.19994252287720113
PD-L1 expression and PD-1 checkpoint pathway in cancer,38,-0.09356055758961308
PD-L1 expression and PD-1 checkpoint pathway in cancer,39,0.10456363496104722
PD-L1 expression and PD-1 checkpoint pathway in cancer,40,0.22212552808838804
PD-L1 expression and PD-1 checkpoint pathway in cancer,41,0.05064297907969034
PD-L1 expression and PD-1 checkpoint pathway in cancer,42,-0.13409141270502337
PD-L1 expression and PD-1 checkpoint pathway in cancer,43,-0.2650172140535742
PD-L1 expression and PD-1 checkpoint pathway in cancer,44,0.4463029443353689
PD-L1 expression and PD-1 checkpoint pathway in cancer,45,-0.3879817006724983
PD-L1 expression and PD-1 checkpoint pathway in cancer,46,0.041161480211089556
PD-L1 expression and PD-1 checkpoint pathway in cancer,47,0.10454495040108913
PD-L1 expression and PD-1 checkpoint pathway in cancer,48,0.4912941982125489
PD-L1 expression and PD-1 checkpoint pathway in cancer,49,-0.42263071050879414
Pathways in cancer,0,-0.056485211631873145
Pathways in cancer,1,-0.07162874076565771
Pathways in cancer,2,-0.07920262711149345
Pathways in cancer,3,0.0963398856413589
Pathways in cancer,4,-0.029848645267585967
Pathways in cancer,5,0.09428444352840439
Pathways in cancer,6,0.060452187878751416
Pathways in cancer,7,0.29427584096014625
Pathways in cancer,8,0.05143956635183398
Pathways in cancer,9,-0.23786224161974337
Pathways in cancer,10,-0.040924947640713576
Pathways in cancer,11,-0.036160306235281346
Pathways in cancer,12,0.03667196256914989
Pathways in cancer,13,0.05654046982374286
Pathways in cancer,14,0.1438101300288569
Pathways in cancer,15,-0.020870518053663425
Pathways in cancer,16,-0.0075141192850640155
Pathways in cancer,17,-0.3023120355537381
Pathways in cancer,18,-0.046032642955762704
Pathways in cancer,19,-0.029504514954007792
Pathways in cancer,20,0.06925943076334803
Pathways in cancer,21,0.028401334213809405
Pathways in cancer,22,0.1485397594489965
Pathways in cancer,23,0.026643759671938813
Pathways in cancer,24,-0.07018157580865877
Pathways in cancer,25,-0.15858278304325213
Pathways in cancer,26,-0.04593137710547917
Pathways in cancer,27,0.15192896091901723
Pathways in cancer,28,0.05053596366599057
Pathways in cancer,29,0.022560395987324885
Pathways in cancer,30,0.11120439298538087
Pathways in cancer,31,0.08314412894136858
Pathways in cancer,32,-0.05873134803380216
Pathways in cancer,33,0.10801763135175887
Pathways in cancer,34,-0.022141638559340687
Pathways in cancer,35,-0.09736273643453666
Pathways in cancer,36,-0.001031921733887313
Pathways in cancer,37,-0.13630240002472496
Pathways in cancer,38,0.1680733195357009
Pathways in cancer,39,-0.06938193534529763
Pathways in cancer,40,-0.013221593628967309
Pathways in cancer,41,-0.0239404893285195
Pathways in cancer,42,-0.056381512460511714
Pathways in cancer,43,0.17777758766187096
Pathways in cancer,44,0.06179580758319432
Pathways in cancer,45,0.04777600636719109
Pathways in cancer,46,0.08127797843236934
Pathways in cancer,47,0.08732930698758315
Pathways in cancer,48,-0.0218585134245683
Pathways in cancer,49,-0.096312127208152
Proteoglycans in cancer,0,-0.18512691859843114
Proteoglycans in cancer,1,-0.04348549444811128
Proteoglycans in cancer,2,-0.22936063603785833
Proteoglycans in cancer,3,0.10806897408994265
Proteoglycans in cancer,4,0.13951017880073896
Proteoglycans in cancer,5,0.06854421867349408
Proteoglycans in cancer,6,-0.3363995587075613
Proteoglycans in cancer,7,-0.10668695167048267
Proteoglycans in cancer,8,-0.08618835116338192
Proteoglycans in cancer,9,0.032797648837334284
Proteoglycans in cancer,10,0.06421539478818629
Proteoglycans in cancer,11,0.08248404998307475
Proteoglycans in cancer,12,-0.09594083840458126
Proteoglycans in cancer,13,0.07023219199381237
Proteoglycans in cancer,14,0.28789292495794744
Proteoglycans in cancer,15,-0.30895556255286943
Proteoglycans in cancer,16,0.0007245416960480146
Proteoglycans in cancer,17,-0.04772799060471622
Proteoglycans in cancer,18,-0.3415571031077878
Proteoglycans in cancer,19,-0.03220472815747694
Proteoglycans in cancer,20,-0.10883212185796703
Proteoglycans in cancer,21,-0.1076451145312208
Proteoglycans in cancer,22,0.06503624224437562
Proteoglycans in cancer,23,0.030244661936740445
Proteoglycans in cancer,24,0.0012466122760835894
Proteoglycans in cancer,25,-0.033482574525059094
Proteoglycans in cancer,26,-0.21089396464476198
Proteoglycans in cancer,27,0.11414373273538643
Proteoglycans in cancer,28,0.27954546221226084
Proteoglycans in cancer,29,0.037364694182004735
Proteoglycans in cancer,30,0.10570554231488843
Proteoglycans in cancer,31,-0.018706831418123942
Proteoglycans in cancer,32,-0.10919724589155808
Proteoglycans in cancer,33,0.1562042407887866
Proteoglycans in cancer,34,-0.0012172092466568307
Proteoglycans in cancer,35,0.08262498371159739
Proteoglycans in cancer,36,0.2541419645851546
Proteoglycans in cancer,37,-0.048462265598281484
Proteoglycans in cancer,38,-0.0012646277859379323
Proteoglycans in cancer,39,-0.1054678738553449
Proteoglycans in cancer,40,0.0945671667475434
Proteoglycans in cancer,41,-0.1511797173438545
Proteoglycans in cancer,42,-0.2585188274635136
Proteoglycans in cancer,43,0.013755632091861002
Proteoglycans in cancer,44,-0.06087270671544675
Proteoglycans in cancer,45,0.07251048827677314
Proteoglycans in cancer,46,-0.0447128698496122
Proteoglycans in cancer,47,0.08514784982747506
Proteoglycans in cancer,48,0.006838622856520836
Proteoglycans in cancer,49,0.19140915666783723
MicroRNAs in cancer,0,0.1209426651138442
MicroRNAs in cancer,1,-0.06811477547728595
MicroRNAs in cancer,2,0.13633969583643274
MicroRNAs in cancer,3,-0.11331948582826856
MicroRNAs in cancer,4,0.16120727606343033
MicroRNAs in cancer,5,-0.17871524092491903
MicroRNAs in cancer,6,-0.24969523607231864
MicroRNAs in cancer,7,-0.024699571945957628
MicroRNAs in cancer,8,0.12066544008084884
MicroRNAs in cancer,9,-0.1448623777662213
MicroRNAs in cancer,10,0.14229032905694886
MicroRNAs in cancer,11,0.016136532146948736
MicroRNAs in cancer,12,-0.014280680340274307
MicroRNAs in cancer,13,0.04566030511638777
MicroRNAs in cancer,14,0.06031007344228229
MicroRNAs in cancer,15,0.03355278936087619
MicroRNAs in cancer,16,0.03393996409298481
MicroRNAs in cancer,17,-0.023799496666099623
MicroRNAs in cancer,18,0.01121363687173417
MicroRNAs in cancer,19,0.03020905159402487
MicroRNAs in cancer,20,-0.1580374910607342
MicroRNAs in cancer,21,0.006990661620938877
MicroRNAs in cancer,22,0.20557971108580558
MicroRNAs in cancer,23,-0.019238334874614165
MicroRNAs in cancer,24,-0.16955032662389316
MicroRNAs in cancer,25,0.0684004017611419
MicroRNAs in cancer,26,0.20585877551621823
MicroRNAs in cancer,27,0.019503605303964014
MicroRNAs in cancer,28,-0.12395281673011428
MicroRNAs in cancer,29,-0.04375199150797124
MicroRNAs in cancer,30,0.10584355388602648
MicroRNAs in cancer,31,0.12115744774041745
MicroRNAs in cancer,32,-0.1456374269206442
MicroRNAs in cancer,33,-0.08420398713458027
MicroRNAs in cancer,34,0.040748518988823854
MicroRNAs in cancer,35,-0.1263597589061835
MicroRNAs in cancer,36,-0.12954123447357482
MicroRNAs in cancer,37,-0.2890655142787155
MicroRNAs in cancer,38,-0.24673900053622272
MicroRNAs in cancer,39,0.23442167790740687
MicroRNAs in cancer,40,0.18368268185181358
MicroRNAs in cancer,41,-0.30579790053196715
MicroRNAs in cancer,42,0.017609086144495363
MicroRNAs in cancer,43,0.005266591153837291
MicroRNAs in cancer,44,0.031156318269698283
MicroRNAs in cancer,45,-0.09251243888789035
MicroRNAs in cancer,46,0.04292904788809793
MicroRNAs in cancer,47,-0.07758542120301509
MicroRNAs in cancer,48,-0.1830442088133094
MicroRNAs in cancer,49,0.01189855635821817
Central carbon metabolism in cancer,0,0.2102613232953725
Central carbon metabolism in cancer,1,0.11080356006864835
Central carbon metabolism in cancer,2,-0.29207873630499454
Central carbon metabolism in cancer,3,0.18299737034436173
Central carbon metabolism in cancer,4,-0.06320952312484372
Central carbon metabolism in cancer,5,-0.19003844876743184
Central carbon metabolism in cancer,6,0.034392565430040274
Central carbon metabolism in cancer,7,0.22476564523742995
Central carbon metabolism in cancer,8,0.07779357322371398
Central carbon metabolism in cancer,9,0.22976139729146544
Central carbon metabolism in cancer,10,0.182482862285147
Central carbon metabolism in cancer,11,0.26219099865700496
Central carbon metabolism in cancer,12,-0.20801607380959136
Central carbon metabolism in cancer,13,-0.4213180547949467
Central carbon metabolism in cancer,14,0.15184234427373955
Central carbon metabolism in cancer,15,-0.02150355995119034
Central carbon metabolism in cancer,16,0.19894138639014983
Central carbon metabolism in cancer,17,0.16027837094278627
Central carbon metabolism in cancer,18,-0.18714527682336637
Central carbon metabolism in cancer,19,0.108996589454359
Central carbon metabolism in cancer,20,-0.1272841242577688
Central carbon metabolism in cancer,21,0.01985970446342917
Central carbon metabolism in cancer,22,0.09288873468511002
Central carbon metabolism in cancer,23,0.12624824361553025
Central carbon metabolism in cancer,24,0.031896951463213336
Central carbon metabolism in cancer,25,0.30632151927877793
Central carbon metabolism in cancer,26,0.31391436019576635
Central carbon metabolism in cancer,27,-0.13449376803717492
Central carbon metabolism in cancer,28,0.14691316428935897
Central carbon metabolism in cancer,29,-0.5120410520466641
Central carbon metabolism in cancer,30,-0.12722116180001145
Central carbon metabolism in cancer,31,-0.1870385498236226
Central carbon metabolism in cancer,32,-0.31873108500362984
Central carbon metabolism in cancer,33,-0.036219458664819085
Central carbon metabolism in cancer,34,0.035741934779386794
Central carbon metabolism in cancer,35,0.12899656164319978
Central carbon metabolism in cancer,36,0.06800533148918547
Central carbon metabolism in cancer,37,0.1144519424580205
Central carbon metabolism in cancer,38,-0.003936240705774655
Central carbon metabolism in cancer,39,-0.06999945529583676
Central carbon metabolism in cancer,40,-0.19822846574219405
Central carbon metabolism in cancer,41,-0.2617652894996169
Central carbon metabolism in cancer,42,-0.19383954060962436
Central carbon metabolism in cancer,43,0.0689548988730613
Central carbon metabolism in cancer,44,-0.3564560553162184
Central carbon metabolism in cancer,45,0.05825024174240552
Central carbon metabolism in cancer,46,0.37148831650887343
Central carbon metabolism in cancer,47,-0.12035329459347038
Central carbon metabolism in cancer,48,0.08250915964457431
Central carbon metabolism in cancer,49,-0.2624365954651714
Transcriptional misregulation in cancer,0,-0.11499204192170116
Transcriptional misregulation in cancer,1,-0.15002563640632888
Transcriptional misregulation in cancer,2,0.01698602041793162
Transcriptional misregulation in cancer,3,-0.05498458021406561
Transcriptional misregulation in cancer,4,0.1304476005447559
Transcriptional misregulation in cancer,5,-0.3353384497644079
Transcriptional misregulation in cancer,6,-0.15017699775157087
Transcriptional misregulation in cancer,7,-0.06891495821575716
Transcriptional misregulation in cancer,8,-0.3117514618582476
Transcriptional misregulation in cancer,9,0.027847422468917745
Transcriptional misregulation in cancer,10,-0.20379822990804763
Transcriptional misregulation in cancer,11,-0.1886455476690581
Transcriptional misregulation in cancer,12,0.06760362830057474
Transcriptional misregulation in cancer,13,0.09667756478942717
Transcriptional misregulation in cancer,14,0.14350066350536686
Transcriptional misregulation in cancer,15,0.1580325164493922
Transcriptional misregulation in cancer,16,-0.032876709301185233
Transcriptional misregulation in cancer,17,-0.06026711362063991
Transcriptional misregulation in cancer,18,-0.20689443958097484
Transcriptional misregulation in cancer,19,-0.13532030259282551
Transcriptional misregulation in cancer,20,0.31584598672847125
Transcriptional misregulation in cancer,21,-0.06242794240288649
Transcriptional misregulation in cancer,22,-0.1699548699637231
Transcriptional misregulation in cancer,23,-0.01251215453253994
Transcriptional misregulation in cancer,24,-0.09491241606448145
Transcriptional misregulation in cancer,25,0.09289975789100949
Transcriptional misregulation in cancer,26,-0.13095163067172882
Transcriptional misregulation in cancer,27,0.020941569153484784
Transcriptional misregulation in cancer,28,0.3886083984579508
Transcriptional misregulation in cancer,29,-0.01328201355730281
Transcriptional misregulation in cancer,30,0.17985209159736104
Transcriptional misregulation in cancer,31,0.004915801493193109
Transcriptional misregulation in cancer,32,-0.020123988901747665
Transcriptional misregulation in cancer,33,-0.36794098596290326
Transcriptional misregulation in cancer,34,-0.3391082290788265
Transcriptional misregulation in cancer,35,-0.17327821958628248
Transcriptional misregulation in cancer,36,-0.00259091230759728
Transcriptional misregulation in cancer,37,0.11904413876604819
Transcriptional misregulation in cancer,38,-0.02294678261515996
Transcriptional misregulation in cancer,39,-0.3216325294014939
Transcriptional misregulation in cancer,40,-0.12343712299193763
Transcriptional misregulation in cancer,41,0.00347708286947207
Transcriptional misregulation in cancer,42,0.07641877219345591
Transcriptional misregulation in cancer,43,0.07906517960734924
Transcriptional misregulation in cancer,44,0.3624675542789877
Transcriptional misregulation in cancer,45,-0.15753030884275893
Transcriptional misregulation in cancer,46,0.40431282353969816
Transcriptional misregulation in cancer,47,0.07093231230685634
Transcriptional misregulation in cancer,48,0.09981415183231906
Transcriptional misregulation in cancer,49,-0.30551999756661063
Chemical carcinogenesis,0,-0.015001271283583577
Chemical carcinogenesis,1,0.14945940296684984
Chemical carcinogenesis,2,-0.22204977614878962
Chemical carcinogenesis,3,-0.004927996139581586
Chemical carcinogenesis,4,0.10242963916809308
Chemical carcinogenesis,5,0.06430051526219858
Chemical carcinogenesis,6,0.08292337401113142
Chemical carcinogenesis,7,0.0894551406431397
Chemical carcinogenesis,8,0.010592319207569317
Chemical carcinogenesis,9,-0.2802246836859251
Chemical carcinogenesis,10,-0.1002725519039902
Chemical carcinogenesis,11,-0.14458094095607246
Chemical carcinogenesis,12,-0.06221957959339403
Chemical carcinogenesis,13,0.15810689092513508
Chemical carcinogenesis,14,0.3908222820491318
Chemical carcinogenesis,15,-0.08247241337947366
Chemical carcinogenesis,16,0.10397091137227324
Chemical carcinogenesis,17,0.24004292179519104
Chemical carcinogenesis,18,-0.2102716627244316
Chemical carcinogenesis,19,-0.31904918505860325
Chemical carcinogenesis,20,0.051146935397012656
Chemical carcinogenesis,21,0.21835768581558435
Chemical carcinogenesis,22,0.006872562687030236
Chemical carcinogenesis,23,0.09281205632895745
Chemical carcinogenesis,24,-0.0024980561309603457
Chemical carcinogenesis,25,0.1451402349638257
Chemical carcinogenesis,26,0.1600887172420106
Chemical carcinogenesis,27,0.07218477024800514
Chemical carcinogenesis,28,-0.07623568009497303
Chemical carcinogenesis,29,-0.1621900758075792
Chemical carcinogenesis,30,-0.11111480563047996
Chemical carcinogenesis,31,0.2302529335374003
Chemical carcinogenesis,32,0.047160770198473985
Chemical carcinogenesis,33,0.016096834526206163
Chemical carcinogenesis,34,-0.0020585275522588204
Chemical carcinogenesis,35,-0.003644268072530931
Chemical carcinogenesis,36,-0.28433204531752054
Chemical carcinogenesis,37,0.07255346814461955
Chemical carcinogenesis,38,0.029698140743279276
Chemical carcinogenesis,39,0.08064642846085304
Chemical carcinogenesis,40,0.3383851762968616
Chemical carcinogenesis,41,0.2011313959386474
Chemical carcinogenesis,42,0.045447571812341596
Chemical carcinogenesis,43,0.1584178490384206
Chemical carcinogenesis,44,0.09439790737542592
Chemical carcinogenesis,45,0.2893141974363322
Chemical carcinogenesis,46,-0.10173697705191947
Chemical carcinogenesis,47,-0.019243213512433625
Chemical carcinogenesis,48,0.012963187572342386
Chemical carcinogenesis,49,0.12309424226245112
Viral carcinogenesis,0,0.2441407945498331
Viral carcinogenesis,1,-0.07146492344627586
Viral carcinogenesis,2,-0.2837124117717909
Viral carcinogenesis,3,-0.3345787720259464
Viral carcinogenesis,4,-0.24436961795441361
Viral carcinogenesis,5,0.12961097396687593
Viral carcinogenesis,6,0.013723878942394352
Viral carcinogenesis,7,-0.43309256063717816
Viral carcinogenesis,8,-0.1001075603299909
Viral carcinogenesis,9,-0.1590862212754082
Viral carcinogenesis,10,0.012470688760925447
Viral carcinogenesis,11,0.5499193713042994
Viral carcinogenesis,12,0.3113476174593303
Viral carcinogenesis,13,-0.30575495578060713
Viral carcinogenesis,14,0.1916955855241551
Viral carcinogenesis,15,0.26205979620210323
Viral carcinogenesis,16,-0.35473548330199733
Viral carcinogenesis,17,-0.30602679165174423
Viral carcinogenesis,18,-0.14433840220068916
Viral carcinogenesis,19,-0.09736495636698908
Viral carcinogenesis,20,0.3647167774126128
Viral carcinogenesis,21,-0.1291164922494795
Viral carcinogenesis,22,-0.24811085793660134
Viral carcinogenesis,23,0.09459851500279177
Viral carcinogenesis,24,0.26341516250815616
Viral carcinogenesis,25,-0.35348903409954135
Viral carcinogenesis,26,-0.18858763893578012
Viral carcinogenesis,27,0.006900985485175008
Viral carcinogenesis,28,-0.042437854381005426
Viral carcinogenesis,29,0.06534366732284562
Viral carcinogenesis,30,0.17596073117721805
Viral carcinogenesis,31,-0.05768181274422713
Viral carcinogenesis,32,0.06302823484815717
Viral carcinogenesis,33,-0.22081938967357662
Viral carcinogenesis,34,-0.03208138545771491
Viral carcinogenesis,35,-0.122378313858409
Viral carcinogenesis,36,0.1976323031190521
Viral carcinogenesis,37,-0.011239123327028519
Viral carcinogenesis,38,0.17242374427042528
Viral carcinogenesis,39,0.21172122467247417
Viral carcinogenesis,40,-0.039285656780503914
Viral carcinogenesis,41,-0.07494946481680508
Viral carcinogenesis,42,-0.10765962406399356
Viral carcinogenesis,43,0.29880342128374754
Viral carcinogenesis,44,0.15023429421421652
Viral carcinogenesis,45,0.04471162332608403
Viral carcinogenesis,46,-0.15112788316568532
Viral carcinogenesis,47,-0.017908105472900872
Viral carcinogenesis,48,-0.09764850371347804
Viral carcinogenesis,49,0.17159724704486157
Non-small cell lung cancer,0,0.3097938147636685
Non-small cell lung cancer,1,-0.2307628138972129
Non-small cell lung cancer,2,0.17031402423278583
Non-small cell lung cancer,3,0.09174802284452116
Non-small cell lung cancer,4,0.1680054012988902
Non-small cell lung cancer,5,-0.22518600597604987
Non-small cell lung cancer,6,-0.42523152315975515
Non-small cell lung cancer,7,0.18607856115285365
Non-small cell lung cancer,8,-0.14609518799608662
Non-small cell lung cancer,9,-0.06370373234629456
Non-small cell lung cancer,10,-0.35566369856628394
Non-small cell lung cancer,11,0.11626836986431052
Non-small cell lung cancer,12,0.265818475211142
Non-small cell lung cancer,13,0.1169561913670074
Non-small cell lung cancer,14,0.371651199554744
Non-small cell lung cancer,15,-0.1310894397785475
Non-small cell lung cancer,16,0.15725388948076147
Non-small cell lung cancer,17,-0.030859999014429894
Non-small cell lung cancer,18,-0.2910577901312664
Non-small cell lung cancer,19,0.1981797292470423
Non-small cell lung cancer,20,0.01860456167189347
Non-small cell lung cancer,21,0.6876656838232555
Non-small cell lung cancer,22,0.044462724559711994
Non-small cell lung cancer,23,0.22134634887968932
Non-small cell lung cancer,24,0.06259563937617134
Non-small cell lung cancer,25,0.1725197323229233
Non-small cell lung cancer,26,0.2755646461189193
Non-small cell lung cancer,27,0.051854191859979096
Non-small cell lung cancer,28,-0.22344112588970022
Non-small cell lung cancer,29,0.07824624178832291
Non-small cell lung cancer,30,-0.11136791418194603
Non-small cell lung cancer,31,0.304635006959798
Non-small cell lung cancer,32,0.04363188696249882
Non-small cell lung cancer,33,0.1485031057447276
Non-small cell lung cancer,34,0.35916946417742374
Non-small cell lung cancer,35,-0.04556886453431411
Non-small cell lung cancer,36,0.150151525235663
Non-small cell lung cancer,37,-0.08380686179377204
Non-small cell lung cancer,38,0.09922051361430793
Non-small cell lung cancer,39,-0.39120273051395527
Non-small cell lung cancer,40,0.2455003447093908
Non-small cell lung cancer,41,0.1472342051085588
Non-small cell lung cancer,42,-0.034672711378413004
Non-small cell lung cancer,43,0.20675309540957346
Non-small cell lung cancer,44,-0.07944114389538755
Non-small cell lung cancer,45,0.19957777354532097
Non-small cell lung cancer,46,0.2695763316167149
Non-small cell lung cancer,47,0.12173203720156431
Non-small cell lung cancer,48,-0.09043363550615718
Non-small cell lung cancer,49,0.15612421333921278
Small cell lung cancer,0,0.46632441834667065
Small cell lung cancer,1,-0.0028448568008107487
Small cell lung cancer,2,-0.18579936860198412
Small cell lung cancer,3,0.16138704036393775
Small cell lung cancer,4,0.0340234456513538
Small cell lung cancer,5,0.11487094534966136
Small cell lung cancer,6,0.2505233608921685
Small cell lung cancer,7,-0.27801449562139563
Small cell lung cancer,8,0.2233215627742744
Small cell lung cancer,9,0.38701001881587543
Small cell lung cancer,10,0.16135055600106507
Small cell lung cancer,11,-0.16643907602585736
Small cell lung cancer,12,-0.08306813729963668
Small cell lung cancer,13,0.031620266457226445
Small cell lung cancer,14,-0.20983875298500143
Small cell lung cancer,15,-0.011174631128058653
Small cell lung cancer,16,0.1480490619587978
Small cell lung cancer,17,0.0435553461838661
Small cell lung cancer,18,-0.13890095091579904
Small cell lung cancer,19,-0.033461292226606966
Small cell lung cancer,20,-0.012264949061493058
Small cell lung cancer,21,0.0547465530252948
Small cell lung cancer,22,-0.09104333045913264
Small cell lung cancer,23,-0.2275730466594692
Small cell lung cancer,24,-0.06252443672323987
Small cell lung cancer,25,-0.016194672825625922
Small cell lung cancer,26,-0.16806866125774816
Small cell lung cancer,27,-0.07616117570730374
Small cell lung cancer,28,-0.186034143053855
Small cell lung cancer,29,0.23703488617023888
Small cell lung cancer,30,-0.10240721989150192
Small cell lung cancer,31,0.15323653138412643
Small cell lung cancer,32,0.16774301560599847
Small cell lung cancer,33,-0.27114246034499956
Small cell lung cancer,34,-0.2719371366436226
Small cell lung cancer,35,-0.13943859252359572
Small cell lung cancer,36,-0.19107244770720255
Small cell lung cancer,37,0.28548765266180504
Small cell lung cancer,38,-0.07207773473708691
Small cell lung cancer,39,-0.05459412826912913
Small cell lung cancer,40,0.04182062750795099
Small cell lung cancer,41,0.21489308728541773
Small cell lung cancer,42,0.4196761634025889
Small cell lung cancer,43,-0.5329529397197175
Small cell lung cancer,44,-0.6745128679527147
Small cell lung cancer,45,-0.3828498277977349
Small cell lung cancer,46,-0.24060110521755762
Small cell lung cancer,47,-0.03379025909558204
Small cell lung cancer,48,0.20102832692301809
Small cell lung cancer,49,0.2933361908796927
Breast cancer,0,-0.13041237952651355
Breast cancer,1,-0.015834970408536368
Breast cancer,2,-0.07931292553398354
Breast cancer,3,-0.019297938615722914
Breast cancer,4,0.12722476160854496
Breast cancer,5,0.15874027996286383
Breast cancer,6,-0.18958016951346982
Breast cancer,7,0.0462719659806179
Breast cancer,8,-0.13301503420431926
Breast cancer,9,-0.026643631037208463
Breast cancer,10,0.0987572445630812
Breast cancer,11,-0.01695010309840614
Breast cancer,12,0.2934578455330503
Breast cancer,13,-0.34719023186990744
Breast cancer,14,0.26483166743986275
Breast cancer,15,-0.10308836968390653
Breast cancer,16,0.12520070624250698
Breast cancer,17,-0.2324678499341782
Breast cancer,18,0.02903927907718587
Breast cancer,19,-0.010037093099569426
Breast cancer,20,0.053636110331110744
Breast cancer,21,0.12834493265661284
Breast cancer,22,0.2841712594294242
Breast cancer,23,0.29956505332349126
Breast cancer,24,-0.1560951643848908
Breast cancer,25,0.3119714412513735
Breast cancer,26,0.012797123917788337
Breast cancer,27,-0.14414493520104402
Breast cancer,28,0.18397145209721397
Breast cancer,29,0.14721395932533646
Breast cancer,30,-0.022079333436272046
Breast cancer,31,0.010422469544877817
Breast cancer,32,-0.03676077323282228
Breast cancer,33,-0.02488069184216087
Breast cancer,34,0.03537081576430682
Breast cancer,35,-0.19874266735140153
Breast cancer,36,-0.13212350873055984
Breast cancer,37,-0.01607116453307452
Breast cancer,38,-0.10042988694302762
Breast cancer,39,0.039050123909554604
Breast cancer,40,0.2032910761097362
Breast cancer,41,-0.41483620916327113
Breast cancer,42,-0.13264631722584588
Breast cancer,43,0.14882686036322967
Breast cancer,44,-0.04068282102524992
Breast cancer,45,-0.06908901313152237
Breast cancer,46,0.15073935104749214
Breast cancer,47,0.0009560634803331229
Breast cancer,48,-0.09550988311424582
Breast cancer,49,0.15277786796931697
Colorectal cancer,0,-0.1561538704396654
Colorectal cancer,1,-0.05830621808403551
Colorectal cancer,2,-0.25282025850054196
Colorectal cancer,3,0.13442540642660336
Colorectal cancer,4,-0.15095844411485299
Colorectal cancer,5,0.25317066324921955
Colorectal cancer,6,0.006413936816385965
Colorectal cancer,7,-0.20852709306399797
Colorectal cancer,8,0.24800112926589046
Colorectal cancer,9,-0.0027532042473244196
Colorectal cancer,10,-0.24870487708178285
Colorectal cancer,11,-0.22807422530963786
Colorectal cancer,12,-0.29792741687788726
Colorectal cancer,13,0.12046016537215903
Colorectal cancer,14,0.28656901255044953
Colorectal cancer,15,0.08874552116779968
Colorectal cancer,16,-0.170907788735312
Colorectal cancer,17,0.11060538595868442
Colorectal cancer,18,0.02259945551348716
Colorectal cancer,19,-0.50914782967031
Colorectal cancer,20,0.16971329315258588
Colorectal cancer,21,-0.0052395530336968865
Colorectal cancer,22,0.08405764022800298
Colorectal cancer,23,0.19058284697866212
Colorectal cancer,24,-0.012193219257478231
Colorectal cancer,25,0.14626034627120732
Colorectal cancer,26,-0.125237910374942
Colorectal cancer,27,0.4400043863757279
Colorectal cancer,28,0.5004826912285967
Colorectal cancer,29,-0.028361498452509307
Colorectal cancer,30,0.050113739920641324
Colorectal cancer,31,0.14815080069738532
Colorectal cancer,32,0.30663395111733455
Colorectal cancer,33,0.18666652936741368
Colorectal cancer,34,-0.24518752714165165
Colorectal cancer,35,0.13554600109465717
Colorectal cancer,36,-0.3094657781197151
Colorectal cancer,37,-0.1438937434253912
Colorectal cancer,38,0.04992554416366626
Colorectal cancer,39,-0.15254418338107167
Colorectal cancer,40,0.28551418292320574
Colorectal cancer,41,-0.13392499932117174
Colorectal cancer,42,0.04575974455049664
Colorectal cancer,43,-0.06980452316720329
Colorectal cancer,44,-0.0585800660222987
Colorectal cancer,45,0.11390207738732636
Colorectal cancer,46,-0.18789083611661106
Colorectal cancer,47,0.24417164642135547
Colorectal cancer,48,0.331052085819609
Colorectal cancer,49,-0.1091791046399899
Gastric cancer,0,0.012764108903496954
Gastric cancer,1,0.4082699189894033
Gastric cancer,2,-0.008975144779458873
Gastric cancer,3,-0.0790302038872935
Gastric cancer,4,0.0032599004542188262
Gastric cancer,5,0.10276749706741717
Gastric cancer,6,-0.08349269791479408
Gastric cancer,7,-0.11193830906077154
Gastric cancer,8,0.05291428216047532
Gastric cancer,9,0.27059353387133234
Gastric cancer,10,-0.07340038776265567
Gastric cancer,11,0.009575688142084954
Gastric cancer,12,-0.23105404756336287
Gastric cancer,13,-0.201093590552554
Gastric cancer,14,-0.11306355955218009
Gastric cancer,15,-0.03973441779438588
Gastric cancer,16,0.35594870171176585
Gastric cancer,17,-0.025859537754744456
Gastric cancer,18,-0.0021760804690531916
Gastric cancer,19,0.043999115755128215
Gastric cancer,20,0.07953197305518975
Gastric cancer,21,0.09665055387666832
Gastric cancer,22,-0.17101098467732218
Gastric cancer,23,-0.1283129688824771
Gastric cancer,24,0.07733091430488455
Gastric cancer,25,-0.13590908980650326
Gastric cancer,26,0.013901823408416645
Gastric cancer,27,-0.010218393193760342
Gastric cancer,28,0.02836653598825112
Gastric cancer,29,0.06605991705318243
Gastric cancer,30,-0.03440337381283446
Gastric cancer,31,0.2312272020481103
Gastric cancer,32,0.16500973915863174
Gastric cancer,33,-0.2211846765183774
Gastric cancer,34,0.2559411917008362
Gastric cancer,35,-0.025522603825956308
Gastric cancer,36,-0.3254362813724424
Gastric cancer,37,0.1480367923494439
Gastric cancer,38,-0.16987349931331044
Gastric cancer,39,0.037195710812652584
Gastric cancer,40,-0.08452928465747428
Gastric cancer,41,0.08092222017627994
Gastric cancer,42,0.26910911168704127
Gastric cancer,43,0.011159923638411007
Gastric cancer,44,-0.05076796828212754
Gastric cancer,45,-0.3202946325560286
Gastric cancer,46,-0.2295826514004632
Gastric cancer,47,-0.13824450443927902
Gastric cancer,48,0.17787956150894724
Gastric cancer,49,0.05076827341469325
Hepatocellular carcinoma,0,-0.12926960269169452
Hepatocellular carcinoma,1,-0.20822315215248496
Hepatocellular carcinoma,2,-0.13070715299781993
Hepatocellular carcinoma,3,0.028008146562712635
Hepatocellular carcinoma,4,-0.22992555778950557
Hepatocellular carcinoma,5,-0.11393918962124955
Hepatocellular carcinoma,6,-0.06343880485473492
Hepatocellular carcinoma,7,-0.22115230511930056
Hepatocellular carcinoma,8,0.10497670064519934
Hepatocellular carcinoma,9,-0.22527924953968406
Hepatocellular carcinoma,10,0.27942619610309005
Hepatocellular carcinoma,11,0.05685095708532338
Hepatocellular carcinoma,12,0.023099777557647673
Hepatocellular carcinoma,13,0.1408329182898454
Hepatocellular carcinoma,14,0.1324639146538752
Hepatocellular carcinoma,15,-0.16651834605817903
Hepatocellular carcinoma,16,-0.015049578980438608
Hepatocellular carcinoma,17,-0.020559394771845714
Hepatocellular carcinoma,18,-0.3024221702737012
Hepatocellular carcinoma,19,0.38675991381966646
Hepatocellular carcinoma,20,0.3472768950372658
Hepatocellular carcinoma,21,0.17126073024636218
Hepatocellular carcinoma,22,0.001966687771806308
Hepatocellular carcinoma,23,0.07930491873466089
Hepatocellular carcinoma,24,-0.12371510845254312
Hepatocellular carcinoma,25,0.17360426431484402
Hepatocellular carcinoma,26,0.368777519782106
Hepatocellular carcinoma,27,-0.1571446414098142
Hepatocellular carcinoma,28,0.0589014425957196
Hepatocellular carcinoma,29,-0.22348486011366883
Hepatocellular carcinoma,30,-0.15217653005957338
Hepatocellular carcinoma,31,0.001881578567891805
Hepatocellular carcinoma,32,0.0648421285228408
Hepatocellular carcinoma,33,-0.09405885203631438
Hepatocellular carcinoma,34,-0.06628744605714672
Hepatocellular carcinoma,35,-0.05481502903317979
Hepatocellular carcinoma,36,-0.05407236532179567
Hepatocellular carcinoma,37,-0.3329614423504572
Hepatocellular carcinoma,38,0.0021367342820476547
Hepatocellular carcinoma,39,-0.10134322623498947
Hepatocellular carcinoma,40,0.02948033137833619
Hepatocellular carcinoma,41,-0.01776329614409068
Hepatocellular carcinoma,42,0.10582514622155213
Hepatocellular carcinoma,43,-0.19175514573918007
Hepatocellular carcinoma,44,0.11339145339961995
Hepatocellular carcinoma,45,0.08956638077596149
Hepatocellular carcinoma,46,0.18275481644503944
Hepatocellular carcinoma,47,-0.14755572132837316
Hepatocellular carcinoma,48,-0.11853718735264354
Hepatocellular carcinoma,49,0.037732051510365475
Pancreatic cancer,0,0.29255658534716145
Pancreatic cancer,1,-0.2667783212807657
Pancreatic cancer,2,0.26665790011612767
Pancreatic cancer,3,-0.2078040838569833
Pancreatic cancer,4,0.5366113813264226
Pancreatic cancer,5,-0.07592820197415964
Pancreatic cancer,6,-0.1284424528766099
Pancreatic cancer,7,-0.12559923284556876
Pancreatic cancer,8,-0.2291335230861393
Pancreatic cancer,9,0.1141255703521601
Pancreatic cancer,10,0.6085766381578053
Pancreatic cancer,11,0.035343978828756936
Pancreatic cancer,12,-0.055371857916809805
Pancreatic cancer,13,-0.1919954496540208
Pancreatic cancer,14,-0.054729147465885135
Pancreatic cancer,15,0.06488402898787143
Pancreatic cancer,16,0.27803075303236685
Pancreatic cancer,17,-0.08438791919273533
Pancreatic cancer,18,0.010821768140267772
Pancreatic cancer,19,-0.3103733726949304
Pancreatic cancer,20,0.06949279159299014
Pancreatic cancer,21,-0.06262948923848707
Pancreatic cancer,22,-0.03240600395879302
Pancreatic cancer,23,-0.13423125392431914
Pancreatic cancer,24,-0.08712867283188436
Pancreatic cancer,25,-0.21046426440823435
Pancreatic cancer,26,-0.10951528230485387
Pancreatic cancer,27,0.09811003571461531
Pancreatic cancer,28,-0.05658591981893274
Pancreatic cancer,29,-0.110137130276101
Pancreatic cancer,30,-0.031069015398005318
Pancreatic cancer,31,-0.13034706794579223
Pancreatic cancer,32,-0.0870990794692197
Pancreatic cancer,33,-0.09804985666201158
Pancreatic cancer,34,-0.1734927804886966
Pancreatic cancer,35,0.12188679610973759
Pancreatic cancer,36,-0.1283606757905735
Pancreatic cancer,37,-0.25291562862150635
Pancreatic cancer,38,-0.29836010591559736
Pancreatic cancer,39,0.04891637421725027
Pancreatic cancer,40,-0.035985568517375846
Pancreatic cancer,41,-0.2828377769651268
Pancreatic cancer,42,0.10818777887692232
Pancreatic cancer,43,0.11950372452807057
Pancreatic cancer,44,0.0472522508050462
Pancreatic cancer,45,0.3601430852751792
Pancreatic cancer,46,0.18077986904559287
Pancreatic cancer,47,0.14227712116798283
Pancreatic cancer,48,-0.11494226637854588
Pancreatic cancer,49,0.3414387306239315
T cell receptor signaling pathway,0,-0.005456374969441749
T cell receptor signaling pathway,1,-0.05407830593081536
T cell receptor signaling pathway,2,0.18672365538240454
T cell receptor signaling pathway,3,-0.4176231047129164
T cell receptor signaling pathway,4,0.1390939771860106
T cell receptor signaling pathway,5,-0.3476072159881048
T cell receptor signaling pathway,6,-0.058610334642459155
T cell receptor signaling pathway,7,-0.13590934700947038
T cell receptor signaling pathway,8,-0.023072887575579588
T cell receptor signaling pathway,9,0.053870296703415844
T cell receptor signaling pathway,10,-0.12212601758757126
T cell receptor signaling pathway,11,-0.3476756326507147
T cell receptor signaling pathway,12,0.23840342452038374
T cell receptor signaling pathway,13,-0.2880795406101189
T cell receptor signaling pathway,14,-0.13850620075370995
T cell receptor signaling pathway,15,0.27608954571510014
T cell receptor signaling pathway,16,-0.3163353041258943
T cell receptor signaling pathway,17,0.11961390559706236
T cell receptor signaling pathway,18,0.11906401156560575
T cell receptor signaling pathway,19,0.040482147982276236
T cell receptor signaling pathway,20,0.03584537871678901
T cell receptor signaling pathway,21,-0.040539256062130845
T cell receptor signaling pathway,22,0.05767449304057681
T cell receptor signaling pathway,23,0.05880552112056354
T cell receptor signaling pathway,24,0.03794259397831494
T cell receptor signaling pathway,25,-0.19980919873989256
T cell receptor signaling pathway,26,-0.13379954287651033
T cell receptor signaling pathway,27,-0.039042149222169226
T cell receptor signaling pathway,28,-0.08290780946623225
T cell receptor signaling pathway,29,0.2684126364040094
T cell receptor signaling pathway,30,-0.3146420900479557
T cell receptor signaling pathway,31,0.07064644583848259
T cell receptor signaling pathway,32,0.1808735703441407
T cell receptor signaling pathway,33,0.0346996491356261
T cell receptor signaling pathway,34,0.3370019810239659
T cell receptor signaling pathway,35,0.129168949281066
T cell receptor signaling pathway,36,-0.05752848566286296
T cell receptor signaling pathway,37,0.0063841343107051245
T cell receptor signaling pathway,38,-0.0017074784424206343
T cell receptor signaling pathway,39,0.27672255658990175
T cell receptor signaling pathway,40,-0.2239755589880698
T cell receptor signaling pathway,41,-0.02951886381069928
T cell receptor signaling pathway,42,0.012634474739122797
T cell receptor signaling pathway,43,-0.10491596136690379
T cell receptor signaling pathway,44,0.12248885486069903
T cell receptor signaling pathway,45,-0.40533396238293606
T cell receptor signaling pathway,46,0.14052212688683646
T cell receptor signaling pathway,47,0.14939367348869345
T cell receptor signaling pathway,48,0.20532948056603645
T cell receptor signaling pathway,49,0.10653563179037871
B cell receptor signaling pathway,0,-0.2550107207675204
B cell receptor signaling pathway,1,0.0400424470770277
B cell receptor signaling pathway,2,-0.013669730256157283
B cell receptor signaling pathway,3,-0.16073723143299426
B cell receptor signaling pathway,4,-0.12493352295144573
B cell receptor signaling pathway,5,-0.19592695386720332
B cell receptor signaling pathway,6,0.6317598578211128
B cell receptor signaling pathway,7,-0.4928760482418242
B cell receptor signaling pathway,8,0.09503784605648381
B cell receptor signaling pathway,9,0.11264616022773473
B cell receptor signaling pathway,10,-0.10219309167394118
B cell receptor signaling pathway,11,-0.02111031304144142
B cell receptor signaling pathway,12,-0.23428872852705704
B cell receptor signaling pathway,13,-0.03989320479958979
B cell receptor signaling pathway,14,-0.13532870741733996
B cell receptor signaling pathway,15,-0.08629634672645503
B cell receptor signaling pathway,16,0.3455014861147285
B cell receptor signaling pathway,17,0.17200284578235384
B cell receptor signaling pathway,18,0.18306075896370574
B cell receptor signaling pathway,19,0.21249036191711057
B cell receptor signaling pathway,20,-0.12732131581861492
B cell receptor signaling pathway,21,-0.16871919714965009
B cell receptor signaling pathway,22,0.04640699902756331
B cell receptor signaling pathway,23,0.22631232195374984
B cell receptor signaling pathway,24,-0.0697764014328406
B cell receptor signaling pathway,25,-0.08434798689396321
B cell receptor signaling pathway,26,-0.08734448979231949
B cell receptor signaling pathway,27,0.0904169071278505
B cell receptor signaling pathway,28,-0.20148884139161236
B cell receptor signaling pathway,29,0.41331678836515445
B cell receptor signaling pathway,30,-0.01104296258012124
B cell receptor signaling pathway,31,-0.27660493694107446
B cell receptor signaling pathway,32,0.005311870524852984
B cell receptor signaling pathway,33,0.001860892014948177
B cell receptor signaling pathway,34,-0.014716790778531285
B cell receptor signaling pathway,35,0.04668863860697127
B cell receptor signaling pathway,36,-0.3877058252804523
B cell receptor signaling pathway,37,-0.08363817793819149
B cell receptor signaling pathway,38,0.088773502554129
B cell receptor signaling pathway,39,-0.18967598834784333
B cell receptor signaling pathway,40,0.31257604766002567
B cell receptor signaling pathway,41,-0.34132930695743535
B cell receptor signaling pathway,42,0.278107619572178
B cell receptor signaling pathway,43,-0.0767707324440645
B cell receptor signaling pathway,44,0.22187983356040325
B cell receptor signaling pathway,45,-0.4880048855056558
B cell receptor signaling pathway,46,0.21184191757365975
B cell receptor signaling pathway,47,0.10415331810838113
B cell receptor signaling pathway,48,0.05089448058434343
B cell receptor signaling pathway,49,0.02711448688311707
Natural killer cell mediated cytotoxicity,0,-0.016914651733960624
Natural killer cell mediated cytotoxicity,1,-0.014128390604153569
Natural killer cell mediated cytotoxicity,2,0.12908980514099366
Natural killer cell mediated cytotoxicity,3,0.21386537399528552
Natural killer cell mediated cytotoxicity,4,-0.12259834948467782
Natural killer cell mediated cytotoxicity,5,-0.44209977971894
Natural killer cell mediated cytotoxicity,6,0.03528994563736208
Natural killer cell mediated cytotoxicity,7,0.32221416557346316
Natural killer cell mediated cytotoxicity,8,-0.3192169838257951
Natural killer cell mediated cytotoxicity,9,0.1704755259543771
Natural killer cell mediated cytotoxicity,10,0.25078657105924457
Natural killer cell mediated cytotoxicity,11,-0.246437276775884
Natural killer cell mediated cytotoxicity,12,0.1279980006597562
Natural killer cell mediated cytotoxicity,13,-0.16638379594587394
Natural killer cell mediated cytotoxicity,14,-0.22794231483959748
Natural killer cell mediated cytotoxicity,15,0.24101279468611397
Natural killer cell mediated cytotoxicity,16,-0.07991917610846283
Natural killer cell mediated cytotoxicity,17,-0.19544245751965017
Natural killer cell mediated cytotoxicity,18,0.028478479730038465
Natural killer cell mediated cytotoxicity,19,-0.08755155846099276
Natural killer cell mediated cytotoxicity,20,-0.07662066206934516
Natural killer cell mediated cytotoxicity,21,0.05417062666187124
Natural killer cell mediated cytotoxicity,22,-0.20106707190305034
Natural killer cell mediated cytotoxicity,23,0.25079093106609185
Natural killer cell mediated cytotoxicity,24,-0.18647800940543185
Natural killer cell mediated cytotoxicity,25,0.04463513680054786
Natural killer cell mediated cytotoxicity,26,0.13262927083915924
Natural killer cell mediated cytotoxicity,27,-0.3921545161607507
Natural killer cell mediated cytotoxicity,28,0.006758918994937387
Natural killer cell mediated cytotoxicity,29,0.10091031578414808
Natural killer cell mediated cytotoxicity,30,0.014828172496587484
Natural killer cell mediated cytotoxicity,31,0.09748209529895488
Natural killer cell mediated cytotoxicity,32,0.18890447552476647
Natural killer cell mediated cytotoxicity,33,0.18073129462424647
Natural killer cell mediated cytotoxicity,34,0.010436790764877586
Natural killer cell mediated cytotoxicity,35,0.038052945507769984
Natural killer cell mediated cytotoxicity,36,0.08036611053898801
Natural killer cell mediated cytotoxicity,37,0.04890943239805211
Natural killer cell mediated cytotoxicity,38,-0.12992442795649137
Natural killer cell mediated cytotoxicity,39,-0.09897021677993757
Natural killer cell mediated cytotoxicity,40,0.019825362240356515
Natural killer cell mediated cytotoxicity,41,0.021688499000830218
Natural killer cell mediated cytotoxicity,42,0.2919676658406518
Natural killer cell mediated cytotoxicity,43,-0.22810259437090113
Natural killer cell mediated cytotoxicity,44,-0.2520186433593855
Natural killer cell mediated cytotoxicity,45,0.19219611564190064
Natural killer cell mediated cytotoxicity,46,0.09065963192731764
Natural killer cell mediated cytotoxicity,47,-0.022865851221159555
Natural killer cell mediated cytotoxicity,48,0.25878024223307006
Natural killer cell mediated cytotoxicity,49,-0.11090059657355794
Antigen processing and presentation,0,-0.17168737862837463
Antigen processing and presentation,1,-0.10038436418359892
Antigen processing and presentation,2,0.26798115247789067
Antigen processing and presentation,3,0.029266579550886518
Antigen processing and presentation,4,0.36042388499828537
Antigen processing and presentation,5,0.045368181012347554
Antigen processing and presentation,6,0.05903814920084968
Antigen processing and presentation,7,-0.3754874678128031
Antigen processing and presentation,8,0.1481377563862418
Antigen processing and presentation,9,-0.31111582460880627
Antigen processing and presentation,10,0.38657364984065806
Antigen processing and presentation,11,-0.06532719841233581
Antigen processing and presentation,12,-0.116855429478388
Antigen processing and presentation,13,-0.5434870467334754
Antigen processing and presentation,14,-0.04379827069307438
Antigen processing and presentation,15,-0.25015898175174567
Antigen processing and presentation,16,0.13835692472139977
Antigen processing and presentation,17,0.04111913676132767
Antigen processing and presentation,18,0.05655384013423962
Antigen processing and presentation,19,-0.06728915610925106
Antigen processing and presentation,20,-0.2111582270497463
Antigen processing and presentation,21,0.23248839013794914
Antigen processing and presentation,22,-0.2817499061227508
Antigen processing and presentation,23,-0.12169638662861386
Antigen processing and presentation,24,-0.15106239925557494
Antigen processing and presentation,25,0.402525034317605
Antigen processing and presentation,26,-0.14482249738463107
Antigen processing and presentation,27,0.11533358989697125
Antigen processing and presentation,28,-0.013531906985172464
Antigen processing and presentation,29,-0.5389041622408046
Antigen processing and presentation,30,-0.045721230975976544
Antigen processing and presentation,31,-0.011380426839880907
Antigen processing and presentation,32,-0.1759556383496515
Antigen processing and presentation,33,0.25533525304546384
Antigen processing and presentation,34,0.5027581813757973
Antigen processing and presentation,35,-0.2814424801873714
Antigen processing and presentation,36,-0.02599973001010518
Antigen processing and presentation,37,-0.5606842285519873
Antigen processing and presentation,38,0.21331178285323857
Antigen processing and presentation,39,-0.3915105931982121
Antigen processing and presentation,40,-0.15600091163715019
Antigen processing and presentation,41,0.3712942314876404
Antigen processing and presentation,42,-0.15811642383019953
Antigen processing and presentation,43,-0.19179813956332073
Antigen processing and presentation,44,0.2823918717697052
Antigen processing and presentation,45,-0.07212154510020934
Antigen processing and presentation,46,-0.04095578818467345
Antigen processing and presentation,47,0.1073146087873651
Antigen processing and presentation,48,0.2415985550228782
Antigen processing and presentation,49,0.04920910758280725
Cytokine-cytokine receptor interaction,0,0.16405434738574273
Cytokine-cytokine receptor interaction,1,0.05507067425660506
Cytokine-cytokine receptor interaction,2,0.04518727837628547
Cytokine-cytokine receptor interaction,3,-0.3304440355666739
Cytokine-cytokine receptor interaction,4,-0.06643350334387643
Cytokine-cytokine receptor interaction,5,0.043668878138278494
Cytokine-cytokine receptor interaction,6,-0.09705012021795444
Cytokine-cytokine receptor interaction,7,0.07358192855910747
Cytokine-cytokine receptor interaction,8,0.04962017450814878
Cytokine-cytokine receptor interaction,9,0.22976644430454984
Cytokine-cytokine receptor interaction,10,0.30970777906655
Cytokine-cytokine receptor interaction,11,-0.10825029789481061
Cytokine-cytokine receptor interaction,12,0.2204902116175175
Cytokine-cytokine receptor interaction,13,-0.12247989160666763
Cytokine-cytokine receptor interaction,14,0.020712474145024765
Cytokine-cytokine receptor interaction,15,0.1166146792576078
Cytokine-cytokine receptor interaction,16,0.004334178962214587
Cytokine-cytokine receptor interaction,17,-0.2011589525784495
Cytokine-cytokine receptor interaction,18,-0.0654620387978582
Cytokine-cytokine receptor interaction,19,-0.4535670031462591
Cytokine-cytokine receptor interaction,20,0.11855857050978359
Cytokine-cytokine receptor interaction,21,-0.2735293789898062
Cytokine-cytokine receptor interaction,22,-0.370339497942075
Cytokine-cytokine receptor interaction,23,-0.2865994702026849
Cytokine-cytokine receptor interaction,24,-0.1240817074219816
Cytokine-cytokine receptor interaction,25,0.22835815159155226
Cytokine-cytokine receptor interaction,26,-0.07962183997199372
Cytokine-cytokine receptor interaction,27,-0.16149694179313176
Cytokine-cytokine receptor interaction,28,-0.2609854668654498
Cytokine-cytokine receptor interaction,29,0.10464207353438415
Cytokine-cytokine receptor interaction,30,-0.41731547586444173
Cytokine-cytokine receptor interaction,31,0.07108498251178673
Cytokine-cytokine receptor interaction,32,0.09380446415173614
Cytokine-cytokine receptor interaction,33,-0.005392589746818604
Cytokine-cytokine receptor interaction,34,-0.1899812251544712
Cytokine-cytokine receptor interaction,35,-0.11085169544040524
Cytokine-cytokine receptor interaction,36,0.08653331589027277
Cytokine-cytokine receptor interaction,37,-0.19685435924724795
Cytokine-cytokine receptor interaction,38,-0.2512442981572013
Cytokine-cytokine receptor interaction,39,-0.4466928839915707
Cytokine-cytokine receptor interaction,40,0.13796044051275175
Cytokine-cytokine receptor interaction,41,-0.01610592306349608
Cytokine-cytokine receptor interaction,42,-0.039771327916887415
Cytokine-cytokine receptor interaction,43,0.10440834501999308
Cytokine-cytokine receptor interaction,44,-0.10042897058406407
Cytokine-cytokine receptor interaction,45,-0.06203443050897313
Cytokine-cytokine receptor interaction,46,0.1338719742948105
Cytokine-cytokine receptor interaction,47,0.16595661863015834
Cytokine-cytokine receptor interaction,48,0.2097352604320071
Cytokine-cytokine receptor interaction,49,-0.011304709202113437
Chemokine signaling pathway,0,0.08909868513623047
Chemokine signaling pathway,1,-0.055126242374974425
Chemokine signaling pathway,2,-0.08446004648897244
Chemokine signaling pathway,3,0.03126494987904373
Chemokine signaling pathway,4,-0.11618620913757308
Chemokine signaling pathway,5,0.016197390849257632
Chemokine signaling pathway,6,-0.26794883926562896
Chemokine signaling pathway,7,0.04261396816600523
Chemokine signaling pathway,8,-0.25037497522231156
Chemokine signaling pathway,9,0.27391191857428004
Chemokine signaling pathway,10,-0.04980865699312443
Chemokine signaling pathway,11,0.19077932242382445
Chemokine signaling pathway,12,0.20359183540839115
Chemokine signaling pathway,13,0.08738308718219681
Chemokine signaling pathway,14,0.1952784909647538
Chemokine signaling pathway,15,0.11588775099791426
Chemokine signaling pathway,16,0.13116976941264943
Chemokine signaling pathway,17,0.1441331969086633
Chemokine signaling pathway,18,0.011054371159897415
Chemokine signaling pathway,19,0.41041559416463175
Chemokine signaling pathway,20,0.17551358419486415
Chemokine signaling pathway,21,-0.020884707822634095
Chemokine signaling pathway,22,-0.10627773137637744
Chemokine signaling pathway,23,-0.13218648343515757
Chemokine signaling pathway,24,0.0076329497655736635
Chemokine signaling pathway,25,-0.1483722709773344
Chemokine signaling pathway,26,-0.09067324785231881
Chemokine signaling pathway,27,-0.10800589776136926
Chemokine signaling pathway,28,-0.2749095635908249
Chemokine signaling pathway,29,-0.22572616161286044
Chemokine signaling pathway,30,0.017983801879031654
Chemokine signaling pathway,31,0.16554830897248976
Chemokine signaling pathway,32,-0.016388767379027776
Chemokine signaling pathway,33,-0.38323051833626887
Chemokine signaling pathway,34,0.09802849410974489
Chemokine signaling pathway,35,-0.18406695737976658
Chemokine signaling pathway,36,0.06642906608123254
Chemokine signaling pathway,37,0.022470762953850684
Chemokine signaling pathway,38,0.012674620944539727
Chemokine signaling pathway,39,0.16208520658722717
Chemokine signaling pathway,40,0.013731732892446993
Chemokine signaling pathway,41,-0.13148519353800842
Chemokine signaling pathway,42,-0.10262650059979889
Chemokine signaling pathway,43,0.05389599088058163
Chemokine signaling pathway,44,0.34548713907302997
Chemokine signaling pathway,45,-0.23324157027745712
Chemokine signaling pathway,46,-0.15414089438467343
Chemokine signaling pathway,47,0.12902069967218108
Chemokine signaling pathway,48,0.05385934039892867
Chemokine signaling pathway,49,0.13381696559733117
ECM-receptor interaction,0,-0.04042217612319491
ECM-receptor interaction,1,0.06813636820931955
ECM-receptor interaction,2,0.0618805179483183
ECM-receptor interaction,3,-0.28137803204278555
ECM-receptor interaction,4,-0.19489871310907553
ECM-receptor interaction,5,0.07387213221396453
ECM-receptor interaction,6,0.13082779196215183
ECM-receptor interaction,7,-0.10854607859552023
ECM-receptor interaction,8,0.5992959518380628
ECM-receptor interaction,9,0.053487793275286216
ECM-receptor interaction,10,-0.09015274186943875
ECM-receptor interaction,11,0.23672472183303864
ECM-receptor interaction,12,-0.074039112902301
ECM-receptor interaction,13,0.17135610547273447
ECM-receptor interaction,14,0.1531316932012281
ECM-receptor interaction,15,0.0950010059873912
ECM-receptor interaction,16,0.017790387395721266
ECM-receptor interaction,17,-0.07975852913482012
ECM-receptor interaction,18,-0.14318114642938248
ECM-receptor interaction,19,-0.09588287278669896
ECM-receptor interaction,20,-0.18013874394181595
ECM-receptor interaction,21,-0.10722969767016446
ECM-receptor interaction,22,-0.16802184995995825
ECM-receptor interaction,23,-0.05985678723272214
ECM-receptor interaction,24,0.3816850554028707
ECM-receptor interaction,25,-0.20531343470360444
ECM-receptor interaction,26,0.006675816481353529
ECM-receptor interaction,27,-0.5881609983694168
ECM-receptor interaction,28,-0.15109192950166872
ECM-receptor interaction,29,-0.09673687303134235
ECM-receptor interaction,30,0.23887393975382304
ECM-receptor interaction,31,-0.21070093050777344
ECM-receptor interaction,32,-0.25657864394649077
ECM-receptor interaction,33,-0.108792147863956
ECM-receptor interaction,34,-0.029370752839153264
ECM-receptor interaction,35,-0.3472002803888673
ECM-receptor interaction,36,0.017963023523318643
ECM-receptor interaction,37,0.04668885047618414
ECM-receptor interaction,38,0.18460619655476057
ECM-receptor interaction,39,-0.11299037177566863
ECM-receptor interaction,40,-0.4200948066609388
ECM-receptor interaction,41,-0.009149966124083838
ECM-receptor interaction,42,0.037134386158910106
ECM-receptor interaction,43,-0.0918451750443521
ECM-receptor interaction,44,0.1207717698572508
ECM-receptor interaction,45,-0.09127254613808741
ECM-receptor interaction,46,0.13924234037366717
ECM-receptor interaction,47,-0.14288207479142614
ECM-receptor interaction,48,0.3284504670963769
ECM-receptor interaction,49,-0.32758697853521707
Focal adhesion,0,-0.18359656334813607
Focal adhesion,1,0.08667155444143403
Focal adhesion,2,0.09971940918123212
Focal adhesion,3,-0.2342189621739245
Focal adhesion,4,0.2594604946861617
Focal adhesion,5,-0.20015538885422723
Focal adhesion,6,0.09177782005368534
Focal adhesion,7,0.13440470074939098
Focal adhesion,8,-0.07325821270389522
Focal adhesion,9,0.06496398729389095
Focal adhesion,10,0.23919073297140087
Focal adhesion,11,-0.14530554533280982
Focal adhesion,12,0.2600842385847834
Focal adhesion,13,-0.04189351330321073
Focal adhesion,14,0.10369052932559508
Focal adhesion,15,0.08008484138435663
Focal adhesion,16,-0.05927163569729437
Focal adhesion,17,0.09462476246986622
Focal adhesion,18,0.13356649452357872
Focal adhesion,19,-0.18011401354614906
Focal adhesion,20,0.12094221066632023
Focal adhesion,21,-0.17478930154283065
Focal adhesion,22,-0.00641116018153502
Focal adhesion,23,0.018237048858244644
Focal adhesion,24,-0.04485656856999213
Focal adhesion,25,0.0366646153838288
Focal adhesion,26,0.12787669255309703
Focal adhesion,27,-0.09868128157050249
Focal adhesion,28,-0.04328098731449589
Focal adhesion,29,-0.31408874490129335
Focal adhesion,30,0.1287572005510011
Focal adhesion,31,-0.3128594493152663
Focal adhesion,32,-0.0997141729006782
Focal adhesion,33,-0.12397932724221106
Focal adhesion,34,-0.16036102713389816
Focal adhesion,35,-0.14704383142651092
Focal adhesion,36,0.18786785362231906
Focal adhesion,37,0.15203989598113915
Focal adhesion,38,0.05154609033076136
Focal adhesion,39,-0.1432841627514411
Focal adhesion,40,-0.0671597443967276
Focal adhesion,41,0.061850533154591686
Focal adhesion,42,0.0059315397966272785
Focal adhesion,43,0.08822742255934815
Focal adhesion,44,-0.04620020067208305
Focal adhesion,45,0.08295887631139656
Focal adhesion,46,-0.16769645766664618
Focal adhesion,47,0.035301009377858614
Focal adhesion,48,0.048380732399787005
Focal adhesion,49,-0.3373158179709705
Cell adhesion molecules,0,0.2776011779266255
Cell adhesion molecules,1,-0.2274640373562818
Cell adhesion molecules,2,-0.06963330699884497
Cell adhesion molecules,3,-0.3925340457596847
Cell adhesion molecules,4,-0.0008394064294882974
Cell adhesion molecules,5,0.09401190207794431
Cell adhesion molecules,6,0.10805736635118623
Cell adhesion molecules,7,0.18885171771304085
Cell adhesion molecules,8,-0.08759081112739617
Cell adhesion molecules,9,0.21690771819883933
Cell adhesion molecules,10,-0.11334231909220367
Cell adhesion molecules,11,-0.06645510760591147
Cell adhesion molecules,12,0.21326234551264983
Cell adhesion molecules,13,0.031930187242917345
Cell adhesion molecules,14,0.1157898871109617
Cell adhesion molecules,15,-0.1632700228821425
Cell adhesion molecules,16,-0.10655636155582257
Cell adhesion molecules,17,-0.0965524670983755
Cell adhesion molecules,18,-0.42183053580134944
Cell adhesion molecules,19,0.21533394479002482
Cell adhesion molecules,20,-0.26142466318679836
Cell adhesion molecules,21,0.06599054843928555
Cell adhesion molecules,22,0.03044522089050069
Cell adhesion molecules,23,-0.24320109768634215
Cell adhesion molecules,24,-0.34496195534861784
Cell adhesion molecules,25,-0.06829781249013736
Cell adhesion molecules,26,-0.10551366131116358
Cell adhesion molecules,27,-0.34200011656701523
Cell adhesion molecules,28,-0.09336043751510582
Cell adhesion molecules,29,-0.253047667024053
Cell adhesion molecules,30,0.14413452053577214
Cell adhesion molecules,31,-0.052204397791054735
Cell adhesion molecules,32,0.137493830506775
Cell adhesion molecules,33,-0.2867126416592987
Cell adhesion molecules,34,0.29888961837418715
Cell adhesion molecules,35,0.09391875913575698
Cell adhesion molecules,36,0.053155658858446066
Cell adhesion molecules,37,-0.1652154896686512
Cell adhesion molecules,38,-0.2632574832130151
Cell adhesion molecules,39,0.20252268581516814
Cell adhesion molecules,40,0.2619273086263759
Cell adhesion molecules,41,0.1069327621157564
Cell adhesion molecules,42,-0.14281254965087178
Cell adhesion molecules,43,0.07774462855079826
Cell adhesion molecules,44,0.029825588684154206
Cell adhesion molecules,45,0.09647382847582046
Cell adhesion molecules,46,0.011423249022432372
Cell adhesion molecules,47,-0.3838184016436135
Cell adhesion molecules,48,0.3479081689416347
Cell adhesion molecules,49,-0.14765943596877976
Regulation of actin cytoskeleton,0,-0.08304974965925696
Regulation of actin cytoskeleton,1,0.17046080396780686
Regulation of actin cytoskeleton,2,-0.1542148289429393
Regulation of actin cytoskeleton,3,-0.003344722903460432
Regulation of actin cytoskeleton,4,-0.12893685603721655
Regulation of actin cytoskeleton,5,0.14943197364283387
Regulation of actin cytoskeleton,6,-0.00366242369394172
Regulation of actin cytoskeleton,7,0.1696265333070356
Regulation of actin cytoskeleton,8,-0.12120041391824644
Regulation of actin cytoskeleton,9,0.10627727533578732
Regulation of actin cytoskeleton,10,0.12980636636043477
Regulation of actin cytoskeleton,11,0.03797656805776096
Regulation of actin cytoskeleton,12,-0.40976504421015264
Regulation of actin cytoskeleton,13,0.03074682975668261
Regulation of actin cytoskeleton,14,0.038792668572398895
Regulation of actin cytoskeleton,15,-0.12567864797068262
Regulation of actin cytoskeleton,16,0.12857900405849293
Regulation of actin cytoskeleton,17,0.021723618833525624
Regulation of actin cytoskeleton,18,-0.2566248499075
Regulation of actin cytoskeleton,19,0.15040300105024737
Regulation of actin cytoskeleton,20,-0.1796636836413943
Regulation of actin cytoskeleton,21,0.16159798489657595
Regulation of actin cytoskeleton,22,-0.05459232671171682
Regulation of actin cytoskeleton,23,0.038396393551743686
Regulation of actin cytoskeleton,24,-0.1083730603773865
Regulation of actin cytoskeleton,25,0.0818976330412944
Regulation of actin cytoskeleton,26,0.0637717642657646
Regulation of actin cytoskeleton,27,0.07916990761086568
Regulation of actin cytoskeleton,28,-0.026455661680628247
Regulation of actin cytoskeleton,29,-0.14844337414897418
Regulation of actin cytoskeleton,30,-0.09872225624807604
Regulation of actin cytoskeleton,31,-0.36518042242272564
Regulation of actin cytoskeleton,32,-0.042269994474074216
Regulation of actin cytoskeleton,33,-0.15335385163786722
Regulation of actin cytoskeleton,34,-0.14669986677500688
Regulation of actin cytoskeleton,35,0.09271975599531596
Regulation of actin cytoskeleton,36,-0.03802149294379489
Regulation of actin cytoskeleton,37,-0.27687886539002926
Regulation of actin cytoskeleton,38,0.06215773654549796
Regulation of actin cytoskeleton,39,0.09438311226724089
Regulation of actin cytoskeleton,40,-0.03159186329683854
Regulation of actin cytoskeleton,41,-0.07103773344014716
Regulation of actin cytoskeleton,42,-0.035075337015161606
Regulation of actin cytoskeleton,43,-0.1447395712652962
Regulation of actin cytoskeleton,44,0.14401957331101614
Regulation of actin cytoskeleton,45,-0.05395804456960228
Regulation of actin cytoskeleton,46,-0.15744574903669908
Regulation of actin cytoskeleton,47,-0.3509444627802134
Regulation of actin cytoskeleton,48,0.056829818262707076
Regulation of actin cytoskeleton,49,-0.09602504084689982
Glycolysis / Gluconeogenesis,0,0.09189033057186
Glycolysis / Gluconeogenesis,1,0.14691367826165444
Glycolysis / Gluconeogenesis,2,0.13615863067323367
Glycolysis / Gluconeogenesis,3,-0.21680552958633856
Glycolysis / Gluconeogenesis,4,-0.08086013342098618
Glycolysis / Gluconeogenesis,5,0.21188233431776857
Glycolysis / Gluconeogenesis,6,-0.09292416858918817
Glycolysis / Gluconeogenesis,7,-0.20313580924622576
Glycolysis / Gluconeogenesis,8,-0.09216339878836477
Glycolysis / Gluconeogenesis,9,-0.12556971724956026
Glycolysis / Gluconeogenesis,10,-0.06973922575900192
Glycolysis / Gluconeogenesis,11,-0.30116973026391947
Glycolysis / Gluconeogenesis,12,-0.016329905967617315
Glycolysis / Gluconeogenesis,13,0.22235041339694173
Glycolysis / Gluconeogenesis,14,0.08668855721941147
Glycolysis / Gluconeogenesis,15,0.06715437162660426
Glycolysis / Gluconeogenesis,16,-0.2713627875558953
Glycolysis / Gluconeogenesis,17,-0.3725248283799316
Glycolysis / Gluconeogenesis,18,0.07496374872316007
Glycolysis / Gluconeogenesis,19,-0.14329776338641914
Glycolysis / Gluconeogenesis,20,-0.19172868994628775
Glycolysis / Gluconeogenesis,21,0.0674353420235854
Glycolysis / Gluconeogenesis,22,-0.3993469404117791
Glycolysis / Gluconeogenesis,23,-0.019618570494387977
Glycolysis / Gluconeogenesis,24,0.37356252851173266
Glycolysis / Gluconeogenesis,25,0.12364405281954324
Glycolysis / Gluconeogenesis,26,0.12290799206672555
Glycolysis / Gluconeogenesis,27,0.2279196204178386
Glycolysis / Gluconeogenesis,28,0.089042909044057
Glycolysis / Gluconeogenesis,29,0.08686981159137473
Glycolysis / Gluconeogenesis,30,-0.10648736631258388
Glycolysis / Gluconeogenesis,31,-0.002522859427995704
Glycolysis / Gluconeogenesis,32,0.26578333894971307
Glycolysis / Gluconeogenesis,33,0.0033648803682592224
Glycolysis / Gluconeogenesis,34,0.09172159514523538
Glycolysis / Gluconeogenesis,35,-0.05068404469853467
Glycolysis / Gluconeogenesis,36,-0.35431401447746325
Glycolysis / Gluconeogenesis,37,-0.09457338592519726
Glycolysis / Gluconeogenesis,38,-0.6470289021406118
Glycolysis / Gluconeogenesis,39,-0.07667132361724312
Glycolysis / Gluconeogenesis,40,-0.007408676932691843
Glycolysis / Gluconeogenesis,41,0.04412178812449132
Glycolysis / Gluconeogenesis,42,-0.5084153395061052
Glycolysis / Gluconeogenesis,43,0.010680098808952598
Glycolysis / Gluconeogenesis,44,-0.7048079889605908
Glycolysis / Gluconeogenesis,45,-0.16752818619397203
Glycolysis / Gluconeogenesis,46,0.039928992813914904
Glycolysis / Gluconeogenesis,47,0.19035189611760317
Glycolysis / Gluconeogenesis,48,-0.014857301692472506
Glycolysis / Gluconeogenesis,49,0.1792039755214287
Oxidative phosphorylation,0,-0.190192440480201
Oxidative phosphorylation,1,0.022698400880973153
Oxidative phosphorylation,2,0.1492674555310065
Oxidative phosphorylation,3,0.0016369556262963883
Oxidative phosphorylation,4,-0.05224858278054348
Oxidative phosphorylation,5,-0.3044477119698365
Oxidative phosphorylation,6,-0.13195731203997155
Oxidative phosphorylation,7,0.15314762631417217
Oxidative phosphorylation,8,-0.1466167739451511
Oxidative phosphorylation,9,0.22076684180705
Oxidative phosphorylation,10,0.2773741672751126
Oxidative phosphorylation,11,-0.2597681352426636
Oxidative phosphorylation,12,0.33684693808872823
Oxidative phosphorylation,13,0.14217433449544736
Oxidative phosphorylation,14,-0.18590299894652787
Oxidative phosphorylation,15,-0.0845136321794639
Oxidative phosphorylation,16,0.2246403076858145
Oxidative phosphorylation,17,-0.1786357959915879
Oxidative phosphorylation,18,-0.21431857170821847
Oxidative phosphorylation,19,-0.16990384952742105
Oxidative phosphorylation,20,-0.1150424464232795
Oxidative phosphorylation,21,-0.3309728403456401
Oxidative phosphorylation,22,0.06375942018195714
Oxidative phosphorylation,23,0.19297530446133226
Oxidative phosphorylation,24,0.0864960096671599
Oxidative phosphorylation,25,0.1534987422642783
Oxidative phosphorylation,26,0.10139038936202673
Oxidative phosphorylation,27,0.030874773372355283
Oxidative phosphorylation,28,0.05033455672124346
Oxidative phosphorylation,29,-0.28695906764808726
Oxidative phosphorylation,30,0.14003398602935338
Oxidative phosphorylation,31,-0.12254162428111756
Oxidative phosphorylation,32,0.14121979044009908
Oxidative phosphorylation,33,0.031731796211933574
Oxidative phosphorylation,34,-0.08705109971070595
Oxidative phosphorylation,35,0.060980372148018325
Oxidative phosphorylation,36,0.03135150233029069
Oxidative phosphorylation,37,0.2303435414292106
Oxidative phosphorylation,38,-0.1190418452085058
Oxidative phosphorylation,39,-0.19681774004527236
Oxidative phosphorylation,40,0.204484851661342
Oxidative phosphorylation,41,-0.20784290278595494
Oxidative phosphorylation,42,0.1451362777512857
Oxidative phosphorylation,43,0.004304043752655799
Oxidative phosphorylation,44,0.04805127655841388
Oxidative phosphorylation,45,-0.27776928988301386
Oxidative phosphorylation,46,0.05237786168140629
Oxidative phosphorylation,47,-0.08578501006457268
Oxidative phosphorylation,48,0.17415599995800252
Oxidative phosphorylation,49,-0.07963504188390347
DNA replication,0,0.05829860084484599
DNA replication,1,-0.07495707030317082
DNA replication,2,0.07525312727364782
DNA replication,3,-0.029066421021896535
DNA replication,4,0.10461265384370408
DNA replication,5,0.23523638041849304
DNA replication,6,0.03314008239240612
DNA replication,7,0.15442746059901935
DNA replication,8,0.2390608967256382
DNA replication,9,0.09306084246703038
DNA replication,10,0.013773732623260457
DNA replication,11,0.17116752010322658
DNA replication,12,0.0017743353965878265
DNA replication,13,-0.39264643237597796
DNA replication,14,-0.18155465258713552
DNA replication,15,-0.32925028326465705
DNA replication,16,0.2439292612637007
DNA replication,17,0.03271807823373647
DNA replication,18,0.13575426067683533
DNA replication,19,-0.07446961026585225
DNA replication,20,-0.39941499433223354
DNA replication,21,0.22248192289962443
DNA replication,22,0.07399753436604743
DNA replication,23,-0.22883512940066877
DNA replication,24,-0.05159276776347711
DNA replication,25,-0.09212143978706606
DNA replication,26,0.20148435892324038
DNA replication,27,-0.1335207390136867
DNA replication,28,0.2741727512364924
DNA replication,29,-0.1237201681397952
DNA replication,30,-0.09955974850607378
DNA replication,31,0.1379821394021085
DNA replication,32,-0.1518254177430859
DNA replication,33,-0.13753733132337337
DNA replication,34,-0.2302848921402354
DNA replication,35,0.2346475626347329
DNA replication,36,0.24804854117500266
DNA replication,37,-0.12191414704314196
DNA replication,38,-0.07950117160345228
DNA replication,39,0.008643330168333425
DNA replication,40,-0.034135094311081055
DNA replication,41,-0.1319168229280811
DNA replication,42,-0.04426227726843433
DNA replication,43,0.13729754956570372
DNA replication,44,0.3791818486856955
DNA replication,45,-0.600431963557567
DNA replication,46,0.3035053674757627
DNA replication,47,0.14080662959802706
DNA replication,48,0.17804372141237668
DNA replication,49,0.18016610600545166
Mismatch repair,0,-0.024426449064410882
Mismatch repair,1,-0.007465828338372499
Mismatch repair,2,0.24513987743643373
Mismatch repair,3,-0.12458779282146556
Mismatch repair,4,-0.0743836514982633
Mismatch repair,5,-0.028860537901493385
Mismatch repair,6,0.1996309503462182
Mismatch repair,7,0.5294540088704659
Mismatch repair,8,-0.38676590334487887
Mismatch repair,9,0.48696630100465577
Mismatch repair,10,0.2273324962327441
Mismatch repair,11,0.11454501214275886
Mismatch repair,12,-0.1899937204641934
Mismatch repair,13,-0.18785404554921856
Mismatch repair,14,-0.22741787798761892
Mismatch repair,15,0.1341365868636113
Mismatch repair,16,0.3193124592092843
Mismatch repair,17,-0.23959253898503907
Mismatch repair,18,0.006341300398496608
Mismatch repair,19,-0.12441978333580422
Mismatch repair,20,-0.314904377107638
Mismatch repair,21,-0.2856612649545861
Mismatch repair,22,-0.14881984655993963
Mismatch repair,23,0.3545994146550148
Mismatch repair,24,0.21851099688874945
Mismatch repair,25,-0.04467845458336803
Mismatch repair,26,-0.19046424163437936
Mismatch repair,27,0.2656982584442716
Mismatch repair,28,-0.3511196349289516
Mismatch repair,29,0.18364224855144243
Mismatch repair,30,-0.03423234737011523
Mismatch repair,31,0.076610346470322
Mismatch repair,32,0.05580000357435651
Mismatch repair,33,0.49364761309935884
Mismatch repair,34,-0.22750059149944774
Mismatch repair,35,0.16062505845758407
Mismatch repair,36,0.029258686644875263
Mismatch repair,37,0.17757973110699135
Mismatch repair,38,-0.15002714148403795
Mismatch repair,39,-0.03906607645494594
Mismatch repair,40,0.23320022077407548
Mismatch repair,41,0.21727399512554998
Mismatch repair,42,0.13126320666408034
Mismatch repair,43,-0.1289662061691733
Mismatch repair,44,0.37840622981225214
Mismatch repair,45,0.055885308376617794
Mismatch repair,46,0.17765209336235516
Mismatch repair,47,-0.16758709835642355
Mismatch repair,48,0.45438355134589187
Mismatch repair,49,-0.380363481778742
Base excision repair,0,-0.10859548004986931
Base excision repair,1,0.24335144282302032
Base excision repair,2,-0.28172638205208844
Base excision repair,3,-0.20316800663473536
Base excision repair,4,-0.012563949281944953
Base excision repair,5,0.22193759515467026
Base excision repair,6,0.3568807424993147
Base excision repair,7,0.024573760636616915
Base excision repair,8,-0.11596501723304285
Base excision repair,9,-0.3476579853266389
Base excision repair,10,0.13171960414258616
Base excision repair,11,-0.465126207193436
Base excision repair,12,-0.39729223402890695
Base excision repair,13,-0.39089332771418417
Base excision repair,14,0.32603863201418515
Base excision repair,15,0.012683271429295397
Base excision repair,16,0.23110973276212676
Base excision repair,17,0.09836430741431348
Base excision repair,18,0.016928233624314667
Base excision repair,19,-0.43189608787351147
Base excision repair,20,-0.8612172628597528
Base excision repair,21,0.21553459126706137
Base excision repair,22,0.3143214460808317
Base excision repair,23,0.484927030041726
Base excision repair,24,-0.1368968536737839
Base excision repair,25,-0.18315713913676995
Base excision repair,26,0.17925370326645684
Base excision repair,27,0.2126434229652247
Base excision repair,28,0.014836765165315636
Base excision repair,29,0.2622662862194981
Base excision repair,30,-0.07434089474854752
Base excision repair,31,-0.05333785651676957
Base excision repair,32,-0.5351720107075155
Base excision repair,33,-0.12197423684941833
Base excision repair,34,0.3001922768932077
Base excision repair,35,-0.054924989952669145
Base excision repair,36,-0.28689861727343485
Base excision repair,37,0.5120991684630073
Base excision repair,38,-0.2367608681819211
Base excision repair,39,-0.7038307881182947
Base excision repair,40,-0.257859843484356
Base excision repair,41,-0.3160823787430665
Base excision repair,42,0.44915214061293807
Base excision repair,43,0.029595788300181163
Base excision repair,44,0.06839388490520898
Base excision repair,45,-0.1448111021431851
Base excision repair,46,-0.007917452440356026
Base excision repair,47,-0.2942426683971726
Base excision repair,48,0.14340191686692666
Base excision repair,49,-0.0012896361460284023
Homologous recombination,0,-0.021186260432700388
Homologous recombination,1,0.02505896746483874
Homologous recombination,2,0.37980461349414774
Homologous recombination,3,-0.09082622328901141
Homologous recombination,4,0.012985329743757441
Homologous recombination,5,-0.010068751166036824
Homologous recombination,6,-0.4126663879237971
Homologous recombination,7,-0.42270033821472186
Homologous recombination,8,-0.19724276527658954
Homologous recombination,9,-0.5071822408246591
Homologous recombination,10,0.07215601229483419
Homologous recombination,11,-0.15518648055260753
Homologous recombination,12,-0.10997655335717356
Homologous recombination,13,-0.5245071602460022
Homologous recombination,14,0.11814468885243154
Homologous recombination,15,-0.20379949049563084
Homologous recombination,16,0.03101275973639885
Homologous recombination,17,-0.20988207225594777
Homologous recombination,18,-0.06788945191826727
Homologous recombination,19,-0.3898480496255313
Homologous recombination,20,0.3377430231441243
Homologous recombination,21,0.1338407204911738
Homologous recombination,22,-0.08147545527676497
Homologous recombination,23,-0.19869199645799918
Homologous recombination,24,0.16539081371738357
Homologous recombination,25,0.2828721857674337
Homologous recombination,26,-0.10815503582803347
Homologous recombination,27,-0.1252985559227802
Homologous recombination,28,-0.43541068236401004
Homologous recombination,29,-0.07787964716250965
Homologous recombination,30,-0.210899093469328
Homologous recombination,31,0.16722767434386626
Homologous recombination,32,-0.1220925473858882
Homologous recombination,33,0.2735948453979516
Homologous recombination,34,0.4874326172965317
Homologous recombination,35,0.29692022310685856
Homologous recombination,36,-0.08160246978079423
Homologous recombination,37,-0.3076741657685245
Homologous recombination,38,-0.31303655393584995
Homologous recombination,39,-0.5266859130647008
Homologous recombination,40,-0.3377804029316668
Homologous recombination,41,0.11142548611584335
Homologous recombination,42,0.14991724326430877
Homologous recombination,43,0.17160602966110397
Homologous recombination,44,-0.10566335416745222
Homologous recombination,45,0.28271421091139276
Homologous recombination,46,0.10941511438798245
Homologous recombination,47,0.07626944580729617
Homologous recombination,48,-0.16714694031200933
Homologous recombination,49,0.36156164087963955
