pathway,rep,mean_diff
Cell cycle,0,-0.5932405888296357
Cell cycle,1,-0.06207589152249558
Cell cycle,2,-0.671150888508641
Cell cycle,3,0.16032075371866936
Cell cycle,4,-0.25968613141516883
Cell cycle,5,-0.23335998008975756
Cell cycle,6,-0.05239569777167238
Cell cycle,7,-0.37685548585241013
Cell cycle,8,-0.21133997051127718
Cell cycle,9,-0.9207960592814145
Cell cycle,10,0.47057649760951153
Cell cycle,11,-0.7286296410635502
Cell cycle,12,0.0855973964356652
Cell cycle,13,-0.19080414426104764
Cell cycle,14,-0.0058787494732564435
Cell cycle,15,-0.40881956945785713
Cell cycle,16,-0.4829585809614517
Cell cycle,17,-0.05321958584147793
Cell cycle,18,-0.5265170544602323
Cell cycle,19,-0.14376397977775895
Cell cycle,20,-0.6726839787217351
Cell cycle,21,-0.5633688988088756
Cell cycle,22,-0.7149121756934023
Cell cycle,23,-0.5503784279991621
Cell cycle,24,-0.5273619897656792
Cell cycle,25,0.14328210622452237
Cell cycle,26,-0.3596843651081595
Cell cycle,27,-0.5731149622702892
Cell cycle,28,0.8385268718168728
Cell cycle,29,-0.3361892837458674
Cell cycle,30,-0.6238423069049883
Cell cycle,31,-0.9623107597235783
Cell cycle,32,-0.1306431544391145
Cell cycle,33,-0.2327566554839458
Cell cycle,34,0.21578644339103492
Cell cycle,35,-0.2284261062011238
Cell cycle,36,-0.4373185001981957
Cell cycle,37,-0.40766343950113604
Cell cycle,38,-0.2138281159813003
Cell cycle,39,-0.5819203354555764
Cell cycle,40,0.14163842081726546
Cell cycle,41,-0.21764218037677593
Cell cycle,42,-0.8007951272798208
Cell cycle,43,-0.10789164863066984
Cell cycle,44,-0.4364611810043941
Cell cycle,45,-0.4710290669034102
Cell cycle,46,-0.5678731379606612
Cell cycle,47,-0.47797173450072944
Cell cycle,48,-0.0692924829741181
Cell cycle,49,-0.2055531909132167
p53 signaling pathway,0,0.3131465953299267
p53 signaling pathway,1,0.3266744937710833
p53 signaling pathway,2,-0.8264141117781996
p53 signaling pathway,3,-0.6180886820898297
p53 signaling pathway,4,0.2586643372911953
p53 signaling pathway,5,-0.31897751514194905
p53 signaling pathway,6,-0.20743282325990045
p53 signaling pathway,7,-0.350779492374095
p53 signaling pathway,8,-0.12432165846525
p53 signaling pathway,9,-0.3378365877776487
p53 signaling pathway,10,-0.2182919328095533
p53 signaling pathway,11,0.1608279992586892
p53 signaling pathway,12,-0.7421079226274685
p53 signaling pathway,13,-0.23356866848300495
p53 signaling pathway,14,0.2515726262031041
p53 signaling pathway,15,-0.681427178024608
p53 signaling pathway,16,-0.1429338885791941
p53 signaling pathway,17,-0.8551850485414639
p53 signaling pathway,18,-0.4072615087940271
p53 signaling pathway,19,-0.6264928750875518
p53 signaling pathway,20,0.08659971934232603
p53 signaling pathway,21,-0.4764718132011072
p53 signaling pathway,22,-0.2829081878864034
p53 signaling pathway,23,0.17347653752686282
p53 signaling pathway,24,0.4398137995690807
p53 signaling pathway,25,-0.3043507335946797
p53 signaling pathway,26,-0.11291928455749425
p53 signaling pathway,27,-0.4157860726694368
p53 signaling pathway,28,0.16181330581392264
p53 signaling pathway,29,-0.26276619475065743
p53 signaling pathway,30,-0.7002044444849077
p53 signaling pathway,31,-0.594340611381283
p53 signaling pathway,32,0.015993335743816568
p53 signaling pathway,33,-0.4315542180501802
p53 signaling pathway,34,-0.21297027894443896
p53 signaling pathway,35,-0.08283800861207047
p53 signaling pathway,36,-0.4391075113940486
p53 signaling pathway,37,-0.8853538837471462
p53 signaling pathway,38,-0.15284899904739535
p53 signaling pathway,39,-0.5543084008633272
p53 signaling pathway,40,-0.6957392691192716
p53 signaling pathway,41,-0.05415723852365997
p53 signaling pathway,42,-0.32189097098578334
p53 signaling pathway,43,-0.35714848034835
p53 signaling pathway,44,-0.6554438382934251
p53 signaling pathway,45,-0.7238302412974389
p53 signaling pathway,46,-0.13935869328407158
p53 signaling pathway,47,-0.811217768714448
p53 signaling pathway,48,0.19939981400867135
p53 signaling pathway,49,-0.5065378988917142
Cellular senescence,0,-0.007207620466768194
Cellular senescence,1,-0.3115369344396652
Cellular senescence,2,-0.25126574669436846
Cellular senescence,3,-0.39876067669996373
Cellular senescence,4,-0.6947750649754671
Cellular senescence,5,-0.560090177605816
Cellular senescence,6,-0.4593889003717949
Cellular senescence,7,-0.04673514804921771
Cellular senescence,8,0.0445772273624994
Cellular senescence,9,-0.4182174373698126
Cellular senescence,10,-0.48071189034471445
Cellular senescence,11,-0.3718133091549295
Cellular senescence,12,-0.3766592551463491
Cellular senescence,13,-0.07705288864669416
Cellular senescence,14,-0.5596078154871079
Cellular senescence,15,-0.31215093043701087
Cellular senescence,16,-0.36004380992538854
Cellular senescence,17,-0.14965657027196216
Cellular senescence,18,-0.4498716138143364
Cellular senescence,19,-0.0922261517467545
Cellular senescence,20,-0.44823424375692467
Cellular senescence,21,-0.24304223178570694
Cellular senescence,22,-0.3850268331704602
Cellular senescence,23,-0.29464948064328955
Cellular senescence,24,-0.46530525950708246
Cellular senescence,25,-0.3503783306326189
Cellular senescence,26,0.2554379100389826
Cellular senescence,27,-0.5299306766267671
Cellular senescence,28,-0.2879343695576853
Cellular senescence,29,-0.21902627702005373
Cellular senescence,30,-0.2202705223453035
Cellular senescence,31,-0.041993099395828015
Cellular senescence,32,-0.49812913756679045
Cellular senescence,33,-0.48154849277232714
Cellular senescence,34,-0.40701789555826934
Cellular senescence,35,-0.5776193455859634
Cellular senescence,36,-0.14920211088509672
Cellular senescence,37,-0.0473795421878809
Cellular senescence,38,-0.5718090213010715
Cellular senescence,39,-0.30184055880680477
Cellular senescence,40,-0.48007863904174597
Cellular senescence,41,0.2310581756127964
Cellular senescence,42,-0.5887091401497913
Cellular senescence,43,-0.3970091854513462
Cellular senescence,44,-0.31900050644210864
Cellular senescence,45,-0.7255562408623759
Cellular senescence,46,-0.4571658182549345
Cellular senescence,47,-0.7343524363341054
Cellular senescence,48,-0.0545977617035018
Cellular senescence,49,-0.7651690006658585
Apoptosis,0,-0.4099950574404524
Apoptosis,1,-0.24801854207433288
Apoptosis,2,0.3537744726326205
Apoptosis,3,-0.4725536699206585
Apoptosis,4,-0.20794929466105566
Apoptosis,5,-0.4745676399272454
Apoptosis,6,-0.1534808298056966
Apoptosis,7,-0.23327899505893318
Apoptosis,8,-0.292158088045822
Apoptosis,9,-0.005892127699934687
Apoptosis,10,-0.980798871065911
Apoptosis,11,-0.4211913945544305
Apoptosis,12,0.06893746219491786
Apoptosis,13,-0.508407105414268
Apoptosis,14,0.25916249413872827
Apoptosis,15,-0.3521756955777474
Apoptosis,16,-0.4349271671834754
Apoptosis,17,-0.20305729482441034
Apoptosis,18,-0.2563572625226789
Apoptosis,19,-0.04026298898985996
Apoptosis,20,0.5144088668195457
Apoptosis,21,0.2601573837676132
Apoptosis,22,-0.4885383462838203
Apoptosis,23,-0.4878287655599577
Apoptosis,24,-0.1403375484883258
Apoptosis,25,0.06365588223571839
Apoptosis,26,-0.09613133180757558
Apoptosis,27,-0.37950017290988497
Apoptosis,28,-0.2299558519640652
Apoptosis,29,-0.18957970329994406
Apoptosis,30,-0.3740109162450317
Apoptosis,31,-0.6303075393771007
Apoptosis,32,-0.45674689296386306
Apoptosis,33,-0.24389138674242627
Apoptosis,34,-0.3680695422386673
Apoptosis,35,0.6727776952119688
Apoptosis,36,0.00582195855688044
Apoptosis,37,-0.435672141584706
Apoptosis,38,0.03902489211088468
Apoptosis,39,-0.4741181606880061
Apoptosis,40,-0.5353207975854206
Apoptosis,41,-0.7385966371924177
Apoptosis,42,0.5454505700622847
Apoptosis,43,-0.7446977853934624
Apoptosis,44,-0.2748534385367191
Apoptosis,45,-0.06928278793281747
Apoptosis,46,0.02602183354284767
Apoptosis,47,-0.7157587192789197
Apoptosis,48,-0.31437193108342854
Apoptosis,49,0.04374887694952645
Necroptosis,0,-0.5394921757651931
Necroptosis,1,-0.7063887537903478
Necroptosis,2,-0.45182803020029894
Necroptosis,3,-0.9069644339567884
Necroptosis,4,-0.5172208354858301
Necroptosis,5,-0.6897014055009802
Necroptosis,6,0.6231820229368401
Necroptosis,7,-0.5127322667383429
Necroptosis,8,-0.10110420092249398
Necroptosis,9,-0.25104110891405834
Necroptosis,10,-0.004557679158655384
Necroptosis,11,0.02775339849872209
Necroptosis,12,-0.4964303475221922
Necroptosis,13,-0.5203801664768206
Necroptosis,14,-0.486897097605147
Necroptosis,15,-0.5355010128463166
Necroptosis,16,-0.6231116299432078
Necroptosis,17,-0.4191322959070003
Necroptosis,18,-0.30885421143071423
Necroptosis,19,0.41543852943278414
Necroptosis,20,-0.4136309533140049
Necroptosis,21,-0.14688429963454683
Necroptosis,22,0.08034452557511806
Necroptosis,23,0.0005375129628011566
Necroptosis,24,-0.33466619757347243
Necroptosis,25,-0.009302683083759415
Necroptosis,26,-0.4367729221534722
Necroptosis,27,-0.3994879183328882
Necroptosis,28,0.3256128582709462
Necroptosis,29,-0.501571600110024
Necroptosis,30,0.5373387920520558
Necroptosis,31,-0.3231859246312099
Necroptosis,32,-0.7903352857315977
Necroptosis,33,-0.07237909551013509
Necroptosis,34,-0.6480924366586525
Necroptosis,35,-0.14920838238390688
Necroptosis,36,0.3081630124126533
Necroptosis,37,0.1839061670078854
Necroptosis,38,-0.20130958772350327
Necroptosis,39,-0.27128906152118976
Necroptosis,40,-0.871830708981839
Necroptosis,41,-0.6021127211387535
Necroptosis,42,0.0032742099534417545
Necroptosis,43,0.16431892666385498
Necroptosis,44,-0.7087764116056763
Necroptosis,45,-1.0345568581812834
Necroptosis,46,-0.7207713371183884
Necroptosis,47,0.40820207303443745
Necroptosis,48,0.3216846722731661
Necroptosis,49,-0.6070488138859806
Ferroptosis,0,-0.776456607347469
Ferroptosis,1,-0.38442538044360053
Ferroptosis,2,-0.02479566226147413
Ferroptosis,3,-0.5270126697564989
Ferroptosis,4,-0.5896837323718422
Ferroptosis,5,-0.42592292875135085
Ferroptosis,6,-0.4997846703905842
Ferroptosis,7,0.4174625233136543
Ferroptosis,8,-0.7143187989248939
Ferroptosis,9,0.38390679999169397
Ferroptosis,10,-0.5938921104869768
Ferroptosis,11,-0.08957830452124191
Ferroptosis,12,0.18953977283220114
Ferroptosis,13,0.05927983439562496
Ferroptosis,14,-0.39235717255318947
Ferroptosis,15,-0.33172775623515616
Ferroptosis,16,-0.41953362034487707
Ferroptosis,17,-0.13619712824101787
Ferroptosis,18,0.42853682081353883
Ferroptosis,19,-0.12421573361329304
Ferroptosis,20,-0.11583114287745203
Ferroptosis,21,-0.14781389594784786
Ferroptosis,22,0.08414101046218453
Ferroptosis,23,0.5611261844012192
Ferroptosis,24,-0.29190794109488477
Ferroptosis,25,-0.09910315343334343
Ferroptosis,26,-0.8502796739244299
Ferroptosis,27,0.3212081711631685
Ferroptosis,28,-0.1583005138668893
Ferroptosis,29,0.2854754502119967
Ferroptosis,30,-0.453161556298393
Ferroptosis,31,-0.11468171030943064
Ferroptosis,32,0.12012413714604372
Ferroptosis,33,0.11183875903409954
Ferroptosis,34,-0.17446426414023813
Ferroptosis,35,-0.6855254465841036
Ferroptosis,36,0.310276615473595
Ferroptosis,37,-0.5007214736329111
Ferroptosis,38,-0.48704815173946103
Ferroptosis,39,0.16234273604534985
Ferroptosis,40,0.07970661743662037
Ferroptosis,41,0.263658956997087
Ferroptosis,42,-0.3509036220197794
Ferroptosis,43,-0.5813032637654314
Ferroptosis,44,0.14027430235068802
Ferroptosis,45,-0.3802105093038257
Ferroptosis,46,0.25453092900771956
Ferroptosis,47,-0.4264778438661194
Ferroptosis,48,-0.13890826302504727
Ferroptosis,49,0.035278573521266954
Autophagy,0,-0.5516392073491235
Autophagy,1,-0.41057517906597996
Autophagy,2,0.006882775826958428
Autophagy,3,0.25841560253234325
Autophagy,4,-0.2392179545964504
Autophagy,5,-0.165655123657165
Autophagy,6,0.13039335661726695
Autophagy,7,-0.54192440498601
Autophagy,8,-0.014566156342685006
Autophagy,9,-0.16886674417426473
Autophagy,10,0.13232549776177127
Autophagy,11,-0.6078286538007138
Autophagy,12,-0.29325841186021784
Autophagy,13,0.25246917185188283
Autophagy,14,-0.5364792833495438
Autophagy,15,-0.2669034354982706
Autophagy,16,-0.4607608696881638
Autophagy,17,-0.6003504717470026
Autophagy,18,-0.540015052719032
Autophagy,19,0.32694804999459226
Autophagy,20,-0.36159280111616066
Autophagy,21,-0.28127351725241967
Autophagy,22,-0.4503031361713325
Autophagy,23,-0.16350910085221076
Autophagy,24,-0.34203435965033024
Autophagy,25,-0.5922469138206636
Autophagy,26,-0.6282321380380217
Autophagy,27,-0.036110891733083184
Autophagy,28,-0.5139227470381029
Autophagy,29,-0.6281182515791194
Autophagy,30,-0.606583478634751
Autophagy,31,-0.17415967238032207
Autophagy,32,-0.516734218849943
Autophagy,33,-0.10227181934567467
Autophagy,34,-0.4014938435354991
Autophagy,35,-0.756405045288436
Autophagy,36,0.19039234290248674
Autophagy,37,-0.01432876888843159
Autophagy,38,0.42659303944852917
Autophagy,39,-0.15045550514064612
Autophagy,40,-0.16246461068109208
Autophagy,41,-0.23378784954314186
Autophagy,42,-0.31660779051035126
Autophagy,43,-0.08577118119571125
Autophagy,44,-0.37228809404932406
Autophagy,45,0.16181048017263605
Autophagy,46,-0.4185242045608283
Autophagy,47,-0.40182167447396766
Autophagy,48,-0.11723209461913509
Autophagy,49,0.0131259474202836
Mitophagy,0,-0.13060295072075606
Mitophagy,1,-0.2762691583458551
Mitophagy,2,-0.6774432350136286
Mitophagy,3,-0.14650855623489062
Mitophagy,4,-0.4245080455119551
Mitophagy,5,-0.04521707839793664
Mitophagy,6,0.28836628446092927
Mitophagy,7,-0.21720375627607136
Mitophagy,8,0.027501159631102917
Mitophagy,9,-0.13888650305582953
Mitophagy,10,-0.1489469316680151
Mitophagy,11,-0.5798663155144412
Mitophagy,12,-0.9561714225303773
Mitophagy,13,0.0058456078384845275
Mitophagy,14,-0.18008726558096694
Mitophagy,15,-0.04398442861796494
Mitophagy,16,0.08510868427542337
Mitophagy,17,-0.7565086459715397
Mitophagy,18,-0.6966327169997881
Mitophagy,19,-0.19938939041821357
Mitophagy,20,-0.22305511440636822
Mitophagy,21,-0.4009896816940476
Mitophagy,22,-0.359189397568608
Mitophagy,23,0.3845816940964336
Mitophagy,24,-0.4410482120127923
Mitophagy,25,-0.6262478695051799
Mitophagy,26,-0.5069789456762965
Mitophagy,27,0.1177905842070116
Mitophagy,28,0.23334389892215443
Mitophagy,29,-0.3534626455835398
Mitophagy,30,-0.9183050799783639
Mitophagy,31,0.01545112353009793
Mitophagy,32,-0.3407679556241396
Mitophagy,33,0.5709706645694295
Mitophagy,34,-0.8724398693314048
Mitophagy,35,-0.017860079397450032
Mitophagy,36,-0.6170821426969926
Mitophagy,37,-0.5089073454922415
Mitophagy,38,-0.40930973691817996
Mitophagy,39,0.2272959823679543
Mitophagy,40,0.2311044749926623
Mitophagy,41,0.6192620851629806
Mitophagy,42,-0.2014923379094687
Mitophagy,43,-0.4802179840172405
Mitophagy,44,0.17371159404249106
Mitophagy,45,-0.7497610554773472
Mitophagy,46,-0.024742890692044738
Mitophagy,47,-0.03667824969713873
Mitophagy,48,-0.09322474757130336
Mitophagy,49,0.1248174277872445
MAPK signaling pathway,0,-0.4495657340454331
MAPK signaling pathway,1,-0.13434079556392148
MAPK signaling pathway,2,-0.13659012877858173
MAPK signaling pathway,3,-0.8699794783080987
MAPK signaling pathway,4,-0.8368857189105354
MAPK signaling pathway,5,-0.6875405301287588
MAPK signaling pathway,6,-0.21250974242147413
MAPK signaling pathway,7,-0.29101365768459925
MAPK signaling pathway,8,-0.6087847568743205
MAPK signaling pathway,9,-0.6594026848105532
MAPK signaling pathway,10,-0.7638522543991181
MAPK signaling pathway,11,-0.42692097495722625
MAPK signaling pathway,12,0.08797241508734116
MAPK signaling pathway,13,0.0226916936929515
MAPK signaling pathway,14,-0.6026564023383554
MAPK signaling pathway,15,-0.12730562636466147
MAPK signaling pathway,16,-0.3099755842079774
MAPK signaling pathway,17,-0.7804642285439132
MAPK signaling pathway,18,0.4744411011865678
MAPK signaling pathway,19,-0.3583097736183023
MAPK signaling pathway,20,0.043889353026294445
MAPK signaling pathway,21,0.03791378427575619
MAPK signaling pathway,22,-0.5925445564761086
MAPK signaling pathway,23,-0.16356075622231314
MAPK signaling pathway,24,0.6908918405803495
MAPK signaling pathway,25,-0.4650278456658822
MAPK signaling pathway,26,0.12137490686278439
MAPK signaling pathway,27,-0.5466060053875785
MAPK signaling pathway,28,-0.4799345056291693
MAPK signaling pathway,29,-0.41128596606051343
MAPK signaling pathway,30,-0.8995234034961215
MAPK signaling pathway,31,-0.6036177596317005
MAPK signaling pathway,32,-0.6611212198221592
MAPK signaling pathway,33,-0.4335831704146731
MAPK signaling pathway,34,-0.2714267230602262
MAPK signaling pathway,35,-0.7346069479486512
MAPK signaling pathway,36,-0.3548278756734126
MAPK signaling pathway,37,0.6206661459565733
MAPK signaling pathway,38,-0.4059117097865702
MAPK signaling pathway,39,-0.666786975728483
MAPK signaling pathway,40,-0.44301245866509353
MAPK signaling pathway,41,-0.27465491242300477
MAPK signaling pathway,42,-0.6055487841299403
MAPK signaling pathway,43,-0.8108555047580528
MAPK signaling pathway,44,-0.9091948535763725
MAPK signaling pathway,45,-0.14918376450336818
MAPK signaling pathway,46,-0.5021609638660074
MAPK signaling pathway,47,-0.5661900315666857
MAPK signaling pathway,48,-0.44616423147592243
MAPK signaling pathway,49,-0.737083524801466
PI3K-Akt signaling pathway,0,-0.3095342499384452
PI3K-Akt signaling pathway,1,-0.6261264821506647
PI3K-Akt signaling pathway,2,-0.7969842405906052
PI3K-Akt signaling pathway,3,-0.540380370270052
PI3K-Akt signaling pathway,4,-0.6180565590837583
PI3K-Akt signaling pathway,5,-0.9104171591395571
PI3K-Akt signaling pathway,6,-0.23547083348314893
PI3K-Akt signaling pathway,7,-0.42937805120713873
PI3K-Akt signaling pathway,8,-0.5700044715069887
PI3K-Akt signaling pathway,9,0.017159968557418005
PI3K-Akt signaling pathway,10,-0.33666431216896003
PI3K-Akt signaling pathway,11,-0.41322033494036414
PI3K-Akt signaling pathway,12,-0.45288251661367934
PI3K-Akt signaling pathway,13,-0.20719171925472393
PI3K-Akt signaling pathway,14,-0.7521922069372255
PI3K-Akt signaling pathway,15,-0.7795900323102906
PI3K-Akt signaling pathway,16,-0.5177126637232673
PI3K-Akt signaling pathway,17,-0.20578721548714513
PI3K-Akt signaling pathway,18,-0.3210696410323799
PI3K-Akt signaling pathway,19,-0.19687511212984715
PI3K-Akt signaling pathway,20,0.05018794593272914
PI3K-Akt signaling pathway,21,-0.4181534199683607
PI3K-Akt signaling pathway,22,0.05185294837609683
PI3K-Akt signaling pathway,23,-0.93151623188103
PI3K-Akt signaling pathway,24,-0.2739789493464869
PI3K-Akt signaling pathway,25,-0.27686695344272066
PI3K-Akt signaling pathway,26,0.3342907343875813
PI3K-Akt signaling pathway,27,-0.17425768132126943
PI3K-Akt signaling pathway,28,-0.4940427092349549
PI3K-Akt signaling pathway,29,-0.60310420146875
PI3K-Akt signaling pathway,30,-0.684391166820982
PI3K-Akt signaling pathway,31,-0.35136442548885827
PI3K-Akt signaling pathway,32,-0.4843498471373309
PI3K-Akt signaling pathway,33,-0.9100630346505477
PI3K-Akt signaling pathway,34,-0.3090173191218418
PI3K-Akt signaling pathway,35,-0.1600995733490893
PI3K-Akt signaling pathway,36,-0.9657147083534647
PI3K-Akt signaling pathway,37,-1.0633195082339002
PI3K-Akt signaling pathway,38,-0.8588316868168555
PI3K-Akt signaling pathway,39,-0.058265574197996335
PI3K-Akt signaling pathway,40,-0.6279006264467388
PI3K-Akt signaling pathway,41,-0.6979849647844063
PI3K-Akt signaling pathway,42,-0.44144358362846525
PI3K-Akt signaling pathway,43,-0.5422899372837016
PI3K-Akt signaling pathway,44,-0.8250862785176113
PI3K-Akt signaling pathway,45,-0.6950777907435012
PI3K-Akt signaling pathway,46,-0.4257075980051791
PI3K-Akt signaling pathway,47,-0.7665233482673504
PI3K-Akt signaling pathway,48,-0.5419132637441455
PI3K-Akt signaling pathway,49,-0.11405225157891134
Ras signaling pathway,0,-0.1577978364727635
Ras signaling pathway,1,-0.6421953268160008
Ras signaling pathway,2,-0.3265004238997996
Ras signaling pathway,3,0.23531434405324098
Ras signaling pathway,4,-0.0939738826918455
Ras signaling pathway,5,0.6471762846041473
Ras signaling pathway,6,-0.006787192902206455
Ras signaling pathway,7,-0.4031307591989431
Ras signaling pathway,8,-0.5364671579119409
Ras signaling pathway,9,-0.8391938870080862
Ras signaling pathway,10,-0.6209800831821846
Ras signaling pathway,11,-0.6374758201459283
Ras signaling pathway,12,-0.1248519571398643
Ras signaling pathway,13,-0.028492001852133603
Ras signaling pathway,14,-0.3687959452490758
Ras signaling pathway,15,-0.5648397555580982
Ras signaling pathway,16,-0.022705704791047426
Ras signaling pathway,17,-0.45389375393838194
Ras signaling pathway,18,-0.30928739142564404
Ras signaling pathway,19,-0.6310314972531799
Ras signaling pathway,20,-0.05579269732557159
Ras signaling pathway,21,0.2559483422621918
Ras signaling pathway,22,0.23487207535743826
Ras signaling pathway,23,-0.6091648700234386
Ras signaling pathway,24,-0.44020982991782787
Ras signaling pathway,25,-0.69308237844141
Ras signaling pathway,26,-0.7436707367502088
Ras signaling pathway,27,-0.5829595461253556
Ras signaling pathway,28,-0.05569152871988402
Ras signaling pathway,29,-0.4777651333407773
Ras signaling pathway,30,-0.45297369244750446
Ras signaling pathway,31,0.27681736177596045
Ras signaling pathway,32,-0.4350537549948544
Ras signaling pathway,33,-0.47934294437464575
Ras signaling pathway,34,-0.6911974582122633
Ras signaling pathway,35,-0.44054685920636316
Ras signaling pathway,36,0.07101009614343345
Ras signaling pathway,37,-0.5139070734843632
Ras signaling pathway,38,0.2946940977044338
Ras signaling pathway,39,0.22177081383001157
Ras signaling pathway,40,-0.2591383875944661
Ras signaling pathway,41,-0.27434087876669844
Ras signaling pathway,42,-0.7395490245923542
Ras signaling pathway,43,-0.6112112002369402
Ras signaling pathway,44,-0.5520507805539084
Ras signaling pathway,45,-0.31673027369037077
Ras signaling pathway,46,-0.5832249194112966
Ras signaling pathway,47,-0.5863418943306965
Ras signaling pathway,48,-0.6467324494792264
Ras signaling pathway,49,-0.06310852846330472
Rap1 signaling pathway,0,-0.8506853328280322
Rap1 signaling pathway,1,-0.31591824786130646
Rap1 signaling pathway,2,-0.3101182891309044
Rap1 signaling pathway,3,0.18051834726413593
Rap1 signaling pathway,4,0.6994228236018345
Rap1 signaling pathway,5,-0.48165549699027993
Rap1 signaling pathway,6,-0.47181544999873876
Rap1 signaling pathway,7,-0.31446183772250885
Rap1 signaling pathway,8,-1.0059814216369563
Rap1 signaling pathway,9,-0.03802615822182541
Rap1 signaling pathway,10,-0.35337922618384626
Rap1 signaling pathway,11,-0.18580929165353915
Rap1 signaling pathway,12,-0.25846188642904416
Rap1 signaling pathway,13,-0.37147613942146307
Rap1 signaling pathway,14,-0.4013996266057882
Rap1 signaling pathway,15,-0.7142426812917798
Rap1 signaling pathway,16,-0.4009676808003555
Rap1 signaling pathway,17,-0.19726743725043466
Rap1 signaling pathway,18,-0.5151446000532587
Rap1 signaling pathway,19,-0.09287947717646047
Rap1 signaling pathway,20,-0.791561586260252
Rap1 signaling pathway,21,-0.2926674852542655
Rap1 signaling pathway,22,-0.6196846529524462
Rap1 signaling pathway,23,-0.7055105285328249
Rap1 signaling pathway,24,0.014992316216700075
Rap1 signaling pathway,25,-0.5241219191633754
Rap1 signaling pathway,26,-0.43825846767635906
Rap1 signaling pathway,27,-0.05345013124645623
Rap1 signaling pathway,28,-0.006006303571821814
Rap1 signaling pathway,29,-0.7347121853680378
Rap1 signaling pathway,30,0.519539124783372
Rap1 signaling pathway,31,-0.149099107565631
Rap1 signaling pathway,32,-0.9729354594636559
Rap1 signaling pathway,33,0.3265492738217295
Rap1 signaling pathway,34,-0.5656610924809602
Rap1 signaling pathway,35,-0.4066344437365307
Rap1 signaling pathway,36,-0.16296802245751812
Rap1 signaling pathway,37,-0.34162649094825326
Rap1 signaling pathway,38,-0.19237056194762908
Rap1 signaling pathway,39,-0.7052651019938854
Rap1 signaling pathway,40,-0.16489236891777226
Rap1 signaling pathway,41,-0.48477484891281764
Rap1 signaling pathway,42,-0.7142223088129542
Rap1 signaling pathway,43,0.3888264249869751
Rap1 signaling pathway,44,-0.22037419192908836
Rap1 signaling pathway,45,-0.020701067957473132
Rap1 signaling pathway,46,0.08549609647590548
Rap1 signaling pathway,47,-0.1285896345637003
Rap1 signaling pathway,48,-0.5962310005762895
Rap1 signaling pathway,49,-0.4981104328861178
ErbB signaling pathway,0,-0.6926615643602063
ErbB signaling pathway,1,-0.5816094932266924
ErbB signaling pathway,2,-0.43035405443588576
ErbB signaling pathway,3,-0.7570223630160584
ErbB signaling pathway,4,-0.15984594730420054
ErbB signaling pathway,5,-0.06962611978802713
ErbB signaling pathway,6,-0.4763270993559121
ErbB signaling pathway,7,0.07245984979235182
ErbB signaling pathway,8,-0.14738053232994502
ErbB signaling pathway,9,0.31423091681292104
ErbB signaling pathway,10,-0.5677388982993115
ErbB signaling pathway,11,-0.541458298162653
ErbB signaling pathway,12,-0.8755084837257204
ErbB signaling pathway,13,-0.3517911450744613
ErbB signaling pathway,14,-0.46752301560520404
ErbB signaling pathway,15,-0.20271824024999166
ErbB signaling pathway,16,-0.7548889055925817
ErbB signaling pathway,17,-0.3480777608281782
ErbB signaling pathway,18,-0.6555194506977471
ErbB signaling pathway,19,-0.2286420265397494
ErbB signaling pathway,20,-0.38647287395398977
ErbB signaling pathway,21,-0.06973785587951203
ErbB signaling pathway,22,-0.47169256829093154
ErbB signaling pathway,23,-0.3875576907740125
ErbB signaling pathway,24,-0.9979715193291407
ErbB signaling pathway,25,-0.7985203869518871
ErbB signaling pathway,26,0.5528451970870003
ErbB signaling pathway,27,0.9591963381191688
ErbB signaling pathway,28,-0.02769076572885961
ErbB signaling pathway,29,-0.7376832328070739
ErbB signaling pathway,30,-0.49415430849311714
ErbB signaling pathway,31,-0.5558822566720613
ErbB signaling pathway,32,0.7529545828661397
ErbB signaling pathway,33,-0.07356604627412087
ErbB signaling pathway,34,-0.4438729456658532
ErbB signaling pathway,35,0.16961512779363733
ErbB signaling pathway,36,0.36584442271147016
ErbB signaling pathway,37,-0.009818728890855177
ErbB signaling pathway,38,-0.05896878410002124
ErbB signaling pathway,39,0.11137146036009395
ErbB signaling pathway,40,-0.4715746955118203
ErbB signaling pathway,41,-0.8592091206467058
ErbB signaling pathway,42,0.11557068594906947
ErbB signaling pathway,43,-0.5276015143154351
ErbB signaling pathway,44,-0.4545361079280338
ErbB signaling pathway,45,-0.3234146920207656
ErbB signaling pathway,46,0.04580895745158449
ErbB signaling pathway,47,-0.597096753789436
ErbB signaling pathway,48,0.26912796533517125
ErbB signaling pathway,49,0.2763056667619892
mTOR signaling pathway,0,0.5877762023144939
mTOR signaling pathway,1,-0.6215636957994977
mTOR signaling pathway,2,-0.21918190504384383
mTOR signaling pathway,3,-0.3915033710731447
mTOR signaling pathway,4,-0.3979764322241751
mTOR signaling pathway,5,-0.7590588739504573
mTOR signaling pathway,6,-0.1556991902107464
mTOR signaling pathway,7,-0.5399012211531541
mTOR signaling pathway,8,0.14810079834526657
mTOR signaling pathway,9,-0.09718667385015983
mTOR signaling pathway,10,0.2439560091744355
mTOR signaling pathway,11,-0.6589200176612691
mTOR signaling pathway,12,-0.27023286744933606
mTOR signaling pathway,13,-0.3308005649627995
mTOR signaling pathway,14,-0.36811853600451316
mTOR signaling pathway,15,-0.4561790194517673
mTOR signaling pathway,16,0.45978952060767486
mTOR signaling pathway,17,-0.5906894304883281
mTOR signaling pathway,18,-0.5002953018572509
mTOR signaling pathway,19,-0.3689886009259652
mTOR signaling pathway,20,-0.5169745278997366
mTOR signaling pathway,21,-0.030535034439109588
mTOR signaling pathway,22,-0.8305895295480848
mTOR signaling pathway,23,-0.5150024133995394
mTOR signaling pathway,24,0.3165111420761062
mTOR signaling pathway,25,-0.44267125325689205
mTOR signaling pathway,26,-0.6485108772486449
mTOR signaling pathway,27,-0.5150933264431548
mTOR signaling pathway,28,-0.6251502300496012
mTOR signaling pathway,29,-0.666974207352692
mTOR signaling pathway,30,0.33566014594314575
mTOR signaling pathway,31,-0.3773183416828725
mTOR signaling pathway,32,-0.024965899498132584
mTOR signaling pathway,33,-0.18992828260943026
mTOR signaling pathway,34,-0.1382728562519171
mTOR signaling pathway,35,-0.37495908734830746
mTOR signaling pathway,36,0.297867225523781
mTOR signaling pathway,37,-0.20863053943148763
mTOR signaling pathway,38,0.6974959779258623
mTOR signaling pathway,39,-0.12869488430240203
mTOR signaling pathway,40,-0.06856839629202262
mTOR signaling pathway,41,-0.10422167172432013
mTOR signaling pathway,42,-0.9161807859410911
mTOR signaling pathway,43,0.28360645237622184
mTOR signaling pathway,44,0.09477785775780251
mTOR signaling pathway,45,-0.34593637419557477
mTOR signaling pathway,46,0.28771429505622015
mTOR signaling pathway,47,-0.6342800536753073
mTOR signaling pathway,48,-0.4791867232999608
mTOR signaling pathway,49,0.10382763489787473
AMPK signaling pathway,0,0.12014051309656512
AMPK signaling pathway,1,-0.7396777095765366
AMPK signaling pathway,2,0.1061555649964093
AMPK signaling pathway,3,-0.5005334757251376
AMPK signaling pathway,4,0.11482381732849724
AMPK signaling pathway,5,-0.20370380911257552
AMPK signaling pathway,6,-0.3974992397746847
AMPK signaling pathway,7,-0.3971816643994226
AMPK signaling pathway,8,-0.4041031756617295
AMPK signaling pathway,9,-0.7442251231308842
AMPK signaling pathway,10,0.11480361379281973
AMPK signaling pathway,11,-0.5673246018111405
AMPK signaling pathway,12,-0.863664406232466
AMPK signaling pathway,13,-0.46057796660118844
AMPK signaling pathway,14,0.6041457266403432
AMPK signaling pathway,15,-0.5054050948352304
AMPK signaling pathway,16,-0.40992706093224407
AMPK signaling pathway,17,-0.7969863467681861
AMPK signaling pathway,18,-0.48350168605603494
AMPK signaling pathway,19,-0.0030508383910304486
AMPK signaling pathway,20,-0.10135489791918104
AMPK signaling pathway,21,-0.5448391150505001
AMPK signaling pathway,22,-0.32796360567083105
AMPK signaling pathway,23,-0.8328522568479417
AMPK signaling pathway,24,-0.7623222618244846
AMPK signaling pathway,25,-0.38648556234438264
AMPK signaling pathway,26,0.26027971489602103
AMPK signaling pathway,27,-0.24771254989472485
AMPK signaling pathway,28,-0.500138751562557
AMPK signaling pathway,29,-0.47167797182373217
AMPK signaling pathway,30,-0.18214564568609715
AMPK signaling pathway,31,-0.6127273356656523
AMPK signaling pathway,32,-0.6316879746089956
AMPK signaling pathway,33,-0.6789561731775453
AMPK signaling pathway,34,-0.012442345406511165
AMPK signaling pathway,35,0.7086063608806411
AMPK signaling pathway,36,-0.9680005506287527
AMPK signaling pathway,37,0.4894234722104095
AMPK signaling pathway,38,-0.318608340809804
AMPK signaling pathway,39,-0.25530464998464547
AMPK signaling pathway,40,-0.49074449151950983
AMPK signaling pathway,41,0.040720130980574996
AMPK signaling pathway,42,-0.1420920190378802
AMPK signaling pathway,43,-0.2695794705358313
AMPK signaling pathway,44,-0.04077913360480291
AMPK signaling pathway,45,-0.5954822759237743
AMPK signaling pathway,46,0.0017527247997739064
AMPK signaling pathway,47,0.45476010778534226
AMPK signaling pathway,48,-0.4627046110959572
AMPK signaling pathway,49,-0.5663776628475636
FoxO signaling pathway,0,-0.0033185770849481896
FoxO signaling pathway,1,-0.5894167498109992
FoxO signaling pathway,2,-0.12817441538238192
FoxO signaling pathway,3,-0.40907444792308056
FoxO signaling pathway,4,-0.18942901926670935
FoxO signaling pathway,5,-0.20470313182482286
FoxO signaling pathway,6,-0.6769969040066859
FoxO signaling pathway,7,-0.009560085567764956
FoxO signaling pathway,8,0.8239683774567221
FoxO signaling pathway,9,-0.5737914441456619
FoxO signaling pathway,10,-0.5549273337519801
FoxO signaling pathway,11,-0.12864465659073684
FoxO signaling pathway,12,-0.7067124520337467
FoxO signaling pathway,13,-0.3128602411676368
FoxO signaling pathway,14,0.31588503995135936
FoxO signaling pathway,15,-0.6049979266878098
FoxO signaling pathway,16,-0.5956197637342746
FoxO signaling pathway,17,0.4194734194406674
FoxO signaling pathway,18,0.34186038029714116
FoxO signaling pathway,19,0.06525505089313602
FoxO signaling pathway,20,-0.23287906405040448
FoxO signaling pathway,21,-0.4716343695904937
FoxO signaling pathway,22,0.4333436578542181
FoxO signaling pathway,23,-0.5054432599416099
FoxO signaling pathway,24,-0.38465804336309617
FoxO signaling pathway,25,0.7110328695872405
FoxO signaling pathway,26,0.20759745812770683
FoxO signaling pathway,27,-0.4714583008863653
FoxO signaling pathway,28,-0.580382767045354
FoxO signaling pathway,29,0.4236528219263408
FoxO signaling pathway,30,0.03967155428284941
FoxO signaling pathway,31,0.18795939881133314
FoxO signaling pathway,32,-0.5492949231864129
FoxO signaling pathway,33,-0.22307442497020302
FoxO signaling pathway,34,-0.3837486387531073
FoxO signaling pathway,35,-0.5659236760821023
FoxO signaling pathway,36,-0.4555867320236789
FoxO signaling pathway,37,-1.0932582200164407
FoxO signaling pathway,38,-0.25803323484587815
FoxO signaling pathway,39,-0.26667333613452215
FoxO signaling pathway,40,-0.11709332595409636
FoxO signaling pathway,41,-0.6507432703201128
FoxO signaling pathway,42,-1.0423898106928664
FoxO signaling pathway,43,-0.4693927172600015
FoxO signaling pathway,44,-0.7579636939034508
FoxO signaling pathway,45,-0.5511557883067995
FoxO signaling pathway,46,-0.41439586226773983
FoxO signaling pathway,47,-0.18320622241946147
FoxO signaling pathway,48,-0.20600001716214877
FoxO signaling pathway,49,-0.15662341270575753
Hippo signaling pathway,0,0.17806044571108479
Hippo signaling pathway,1,-0.4827749371923192
Hippo signaling pathway,2,-0.6349163107527429
Hippo signaling pathway,3,-0.7608365990175463
Hippo signaling pathway,4,0.06517440163985742
Hippo signaling pathway,5,-0.05371095995968947
Hippo signaling pathway,6,-0.45596309451133654
Hippo signaling pathway,7,0.011360274702425906
Hippo signaling pathway,8,0.06138474126229327
Hippo signaling pathway,9,-0.1533891368368756
Hippo signaling pathway,10,-0.6330704352626938
Hippo signaling pathway,11,-0.22165559245562905
Hippo signaling pathway,12,-0.5022855786032026
Hippo signaling pathway,13,-0.5140299158786252
Hippo signaling pathway,14,-0.06956874727143626
Hippo signaling pathway,15,-0.4511249305365761
Hippo signaling pathway,16,-0.16685987442447786
Hippo signaling pathway,17,-0.27198173714127816
Hippo signaling pathway,18,-0.8330172477310622
Hippo signaling pathway,19,0.18443098575820638
Hippo signaling pathway,20,-0.7452865296379869
Hippo signaling pathway,21,-0.958177263801024
Hippo signaling pathway,22,-0.13475511224187617
Hippo signaling pathway,23,0.023459081597065973
Hippo signaling pathway,24,-0.5910436215872122
Hippo signaling pathway,25,-0.35370808734449083
Hippo signaling pathway,26,0.3539952631704404
Hippo signaling pathway,27,-0.39926406129814107
Hippo signaling pathway,28,0.020942539779179516
Hippo signaling pathway,29,0.1397550359354725
Hippo signaling pathway,30,-0.9797626472004626
Hippo signaling pathway,31,-0.2821681542843952
Hippo signaling pathway,32,-0.44750311655759967
Hippo signaling pathway,33,-0.6530266267489733
Hippo signaling pathway,34,-0.6400980434383589
Hippo signaling pathway,35,-0.14720486140548544
Hippo signaling pathway,36,-0.17110917244501098
Hippo signaling pathway,37,-0.3273638511495268
Hippo signaling pathway,38,-0.2221400202186378
Hippo signaling pathway,39,0.5166067967845915
Hippo signaling pathway,40,-0.6132600974456326
Hippo signaling pathway,41,-0.09127818927633621
Hippo signaling pathway,42,-0.5377674065774658
Hippo signaling pathway,43,0.43625746655466546
Hippo signaling pathway,44,-0.4546142808432849
Hippo signaling pathway,45,-0.6595271784967167
Hippo signaling pathway,46,0.29152463086270464
Hippo signaling pathway,47,-0.4527649405733474
Hippo signaling pathway,48,-0.7912647939420717
Hippo signaling pathway,49,-0.4276946430164384
Wnt signaling pathway,0,-0.17098299588230711
Wnt signaling pathway,1,-0.20102678715082184
Wnt signaling pathway,2,0.0326685045624604
Wnt signaling pathway,3,-0.5417433250566018
Wnt signaling pathway,4,-0.37298660925819005
Wnt signaling pathway,5,-0.3695557259469243
Wnt signaling pathway,6,-0.6690152072446585
Wnt signaling pathway,7,-0.7689472765623695
Wnt signaling pathway,8,-0.47047977660663953
Wnt signaling pathway,9,-0.6307971144901916
Wnt signaling pathway,10,-0.009117375827213763
Wnt signaling pathway,11,-0.48594875802394244
Wnt signaling pathway,12,0.13712237229613058
Wnt signaling pathway,13,-0.48517931624394905
Wnt signaling pathway,14,-0.12562915815811238
Wnt signaling pathway,15,-0.8158067107327045
Wnt signaling pathway,16,0.5290956681577696
Wnt signaling pathway,17,-0.4968197638469849
Wnt signaling pathway,18,-0.09606474185201605
Wnt signaling pathway,19,-0.41045375590112465
Wnt signaling pathway,20,-0.2636052347292642
Wnt signaling pathway,21,-0.49255153532699053
Wnt signaling pathway,22,0.1964743396076474
Wnt signaling pathway,23,-0.4327975322775719
Wnt signaling pathway,24,-0.21044912314674075
Wnt signaling pathway,25,-0.9935013507592991
Wnt signaling pathway,26,-0.47710731379425053
Wnt signaling pathway,27,-0.01702317585806637
Wnt signaling pathway,28,-0.4596755434416423
Wnt signaling pathway,29,0.32986341596581714
Wnt signaling pathway,30,-0.35317668507840816
Wnt signaling pathway,31,-0.8738184373467772
Wnt signaling pathway,32,-0.4141659567574468
Wnt signaling pathway,33,-0.26361334649998236
Wnt signaling pathway,34,-0.38431465099339657
Wnt signaling pathway,35,-0.4796667354855576
Wnt signaling pathway,36,-0.8013227185669068
Wnt signaling pathway,37,-0.504436740386859
Wnt signaling pathway,38,-0.11418359619559562
Wnt signaling pathway,39,-0.39555987322320363
Wnt signaling pathway,40,-0.33420142402243813
Wnt signaling pathway,41,-0.36295060747004815
Wnt signaling pathway,42,-0.1320847021065419
Wnt signaling pathway,43,0.6640794366786865
Wnt signaling pathway,44,-0.650134357580217
Wnt signaling pathway,45,-0.38823732135838146
Wnt signaling pathway,46,0.09082862373883266
Wnt signaling pathway,47,-0.3729552068287363
Wnt signaling pathway,48,-0.8298370645253124
Wnt signaling pathway,49,-0.2967907787033861
Notch signaling pathway,0,0.038497179186216306
Notch signaling pathway,1,-0.2532648611396683
Notch signaling pathway,2,-0.1010502614016158
Notch signaling pathway,3,0.2516101911919656
Notch signaling pathway,4,-0.0508917045150319
Notch signaling pathway,5,0.06959800977963301
Notch signaling pathway,6,0.10771133988477899
Notch signaling pathway,7,0.3393666877208241
Notch signaling pathway,8,0.4024119086454274
Notch signaling pathway,9,-0.19465631172254144
Notch signaling pathway,10,0.5391837143135623
Notch signaling pathway,11,-0.5909547788923564
Notch signaling pathway,12,0.2368629570793635
Notch signaling pathway,13,0.9445597926490124
Notch signaling pathway,14,-0.4439399759251278
Notch signaling pathway,15,-0.6118520217235819
Notch signaling pathway,16,0.5236967377388403
Notch signaling pathway,17,-0.3994641708778592
Notch signaling pathway,18,-0.6328645563550519
Notch signaling pathway,19,0.10049905388419889
Notch signaling pathway,20,0.21310042387959394
Notch signaling pathway,21,0.5053006869633361
Notch signaling pathway,22,-0.34338920408027673
Notch signaling pathway,23,-0.9245369713360048
Notch signaling pathway,24,-0.6310200811076335
Notch signaling pathway,25,-0.23521329290241216
Notch signaling pathway,26,-0.18458384598333394
Notch signaling pathway,27,-0.23550016951263544
Notch signaling pathway,28,-0.35988770128110736
Notch signaling pathway,29,0.07876351647590894
Notch signaling pathway,30,0.7698997759890523
Notch signaling pathway,31,-0.5551593149179421
Notch signaling pathway,32,-0.11843656469858999
Notch signaling pathway,33,-0.4798417927473191
Notch signaling pathway,34,0.5767107484934662
Notch signaling pathway,35,0.5078027147892852
Notch signaling pathway,36,-0.12764896502287332
Notch signaling pathway,37,-0.22923242922710824
Notch signaling pathway,38,-0.02723929931515613
Notch signaling pathway,39,-0.5534191527832878
Notch signaling pathway,40,-0.40396647735899144
Notch signaling pathway,41,-0.5421662599397805
Notch signaling pathway,42,-0.3686263712714911
Notch signaling pathway,43,-0.0533076926203906
Notch signaling pathway,44,-0.5836573051922629
Notch signaling pathway,45,-0.20015883180533373
Notch signaling pathway,46,-0.4051665760630138
Notch signaling pathway,47,0.6115447696746599
Notch signaling pathway,48,0.5701281632205738
Notch signaling pathway,49,-0.8107234074402756
Hedgehog signaling pathway,0,0.5403475963451593
Hedgehog signaling pathway,1,-0.3611798184955204
Hedgehog signaling pathway,2,-0.5879048825246111
Hedgehog signaling pathway,3,-0.4306641573671218
Hedgehog signaling pathway,4,-0.08690826798424314
Hedgehog signaling pathway,5,-0.5279771560140452
Hedgehog signaling pathway,6,0.6545259542205899
Hedgehog signaling pathway,7,-0.04967039779910188
Hedgehog signaling pathway,8,0.605491265910082
Hedgehog signaling pathway,9,-0.05420947902133781
Hedgehog signaling pathway,10,0.32567178713447587
Hedgehog signaling pathway,11,0.7445134208199463
Hedgehog signaling pathway,12,0.18954473059571583
Hedgehog signaling pathway,13,-0.2664591620339629
Hedgehog signaling pathway,14,-0.8478233926586067
Hedgehog signaling pathway,15,0.476832893215315
Hedgehog signaling pathway,16,-0.5559760474222789
Hedgehog signaling pathway,17,0.1395112766410056
Hedgehog signaling pathway,18,0.522356240403707
Hedgehog signaling pathway,19,0.1348185589948871
Hedgehog signaling pathway,20,-0.31258067406371615
Hedgehog signaling pathway,21,-0.8222111560370333
Hedgehog signaling pathway,22,-0.058373902142743975
Hedgehog signaling pathway,23,-0.6859722540029106
Hedgehog signaling pathway,24,-0.4426568678211802
Hedgehog signaling pathway,25,-0.5090807158726344
Hedgehog signaling pathway,26,0.05396580091018458
Hedgehog signaling pathway,27,0.31527006299958393
Hedgehog signaling pathway,28,-0.48585840889199583
Hedgehog signaling pathway,29,0.02495930727293892
Hedgehog signaling pathway,30,-0.10910397283743928
Hedgehog signaling pathway,31,-0.23757820111278405
Hedgehog signaling pathway,32,0.05567782742590501
Hedgehog signaling pathway,33,-0.15295688507039693
Hedgehog signaling pathway,34,-0.38953153877012203
Hedgehog signaling pathway,35,0.5343761280619087
Hedgehog signaling pathway,36,-0.49134560453382947
Hedgehog signaling pathway,37,0.32968625609388225
Hedgehog signaling pathway,38,-0.39524986361302616
Hedgehog signaling pathway,39,-0.9078666397728573
Hedgehog signaling pathway,40,-0.30951869753938055
Hedgehog signaling pathway,41,0.16647788535750419
Hedgehog signaling pathway,42,0.31421014759875937
Hedgehog signaling pathway,43,0.45676786540122505
Hedgehog signaling pathway,44,-0.2118769075260003
Hedgehog signaling pathway,45,-0.37078285446093506
Hedgehog signaling pathway,46,0.4261605001015515
Hedgehog signaling pathway,47,-0.42678208663937567
Hedgehog signaling pathway,48,0.17296797473262185
Hedgehog signaling pathway,49,-0.604248488119362
JAK-STAT signaling pathway,0,-0.7940194968998404
JAK-STAT signaling pathway,1,-0.7107341109986915
JAK-STAT signaling pathway,2,0.33307738117950525
JAK-STAT signaling pathway,3,-0.3221167814394815
JAK-STAT signaling pathway,4,-0.4970520090611095
JAK-STAT signaling pathway,5,0.03627140556688285
JAK-STAT signaling pathway,6,-0.4804968864911743
JAK-STAT signaling pathway,7,-0.1224136335517352
JAK-STAT signaling pathway,8,-0.6013805445205713
JAK-STAT signaling pathway,9,-0.17147368425474652
JAK-STAT signaling pathway,10,-0.18242421546696666
JAK-STAT signaling pathway,11,-0.13725971279484228
JAK-STAT signaling pathway,12,-0.8098588254659965
JAK-STAT signaling pathway,13,-0.7097295939198976
JAK-STAT signaling pathway,14,-0.14767532197481267
JAK-STAT signaling pathway,15,-0.7918391143831818
JAK-STAT signaling pathway,16,-0.41333544467667205
JAK-STAT signaling pathway,17,-0.33610702273718507
JAK-STAT signaling pathway,18,0.5377540127191498
JAK-STAT signaling pathway,19,-0.7379682407849171
JAK-STAT signaling pathway,20,-0.41606588002862976
JAK-STAT signaling pathway,21,-0.3943925331477032
JAK-STAT signaling pathway,22,0.09496589648733851
JAK-STAT signaling pathway,23,0.057149708016852555
JAK-STAT signaling pathway,24,-0.6642931078286649
JAK-STAT signaling pathway,25,-0.39561923247748987
JAK-STAT signaling pathway,26,0.62917190368406
JAK-STAT signaling pathway,27,-0.10355254914397091
JAK-STAT signaling pathway,28,-0.44470336484134454
JAK-STAT signaling pathway,29,-0.4844523013045532
JAK-STAT signaling pathway,30,-0.5790201735809577
JAK-STAT signaling pathway,31,-0.4286300700944363
JAK-STAT signaling pathway,32,-0.0781288383558994
JAK-STAT signaling pathway,33,-0.2762660418391677
JAK-STAT signaling pathway,34,-0.20388015669804804
JAK-STAT signaling pathway,35,-0.015350759307375773
JAK-STAT signaling pathway,36,-0.6848595261330621
JAK-STAT signaling pathway,37,-0.2923251135968689
JAK-STAT signaling pathway,38,-0.7299568094969229
JAK-STAT signaling pathway,39,-0.20938139088305865
JAK-STAT signaling pathway,40,-0.15563473824276594
JAK-STAT signaling pathway,41,-0.19726657691110594
JAK-STAT signaling pathway,42,-0.5220671371596205
JAK-STAT signaling pathway,43,-0.20293734876094915
JAK-STAT signaling pathway,44,-0.37178283036333637
JAK-STAT signaling pathway,45,-0.4679919555248152
JAK-STAT signaling pathway,46,-0.5111252615005878
JAK-STAT signaling pathway,47,-0.2823545710580365
JAK-STAT signaling pathway,48,-0.42166854109903334
JAK-STAT signaling pathway,49,-0.1611535987415192
TGF-beta signaling pathway,0,0.41014093362555215
TGF-beta signaling pathway,1,0.10309766299216896
TGF-beta signaling pathway,2,0.03499871335054411
TGF-beta signaling pathway,3,0.43456744267343816
TGF-beta signaling pathway,4,-0.03598405634842032
TGF-beta signaling pathway,5,-0.2662098616497649
TGF-beta signaling pathway,6,-0.08083309237924524
TGF-beta signaling pathway,7,-0.47529830336975754
TGF-beta signaling pathway,8,0.23966966876607765
TGF-beta signaling pathway,9,-0.42028718337227267
TGF-beta signaling pathway,10,-0.1636172741304282
TGF-beta signaling pathway,11,-0.6627906545898742
TGF-beta signaling pathway,12,0.09937360634799652
TGF-beta signaling pathway,13,-0.6672100594719621
TGF-beta signaling pathway,14,-0.2497345045677382
TGF-beta signaling pathway,15,-0.6397648663339619
TGF-beta signaling pathway,16,-0.1338139300495642
TGF-beta signaling pathway,17,-0.031701730367541925
TGF-beta signaling pathway,18,-0.23012903022534065
TGF-beta signaling pathway,19,-0.04554689905816232
TGF-beta signaling pathway,20,-0.06237849469682109
TGF-beta signaling pathway,21,-0.43423035353420325
TGF-beta signaling pathway,22,-0.6481964651570493
TGF-beta signaling pathway,23,0.2618842849634471
TGF-beta signaling pathway,24,-0.6564649383384953
TGF-beta signaling pathway,25,0.03710532935271657
TGF-beta signaling pathway,26,-0.8427256883431038
TGF-beta signaling pathway,27,0.1381162189047937
TGF-beta signaling pathway,28,-0.1985998428690443
TGF-beta signaling pathway,29,-0.33437800457474476
TGF-beta signaling pathway,30,-0.008019890999285602
TGF-beta signaling pathway,31,-0.28365049554116695
TGF-beta signaling pathway,32,-0.05373730980504243
TGF-beta signaling pathway,33,-0.5355184842376769
TGF-beta signaling pathway,34,-0.23663828615764548
TGF-beta signaling pathway,35,-0.5557789136661047
TGF-beta signaling pathway,36,-0.3091057833891454
TGF-beta signaling pathway,37,-0.6296398460025151
TGF-beta signaling pathway,38,-0.35789898950856025
TGF-beta signaling pathway,39,-0.4526867363471022
TGF-beta signaling pathway,40,0.061790084521979455
TGF-beta signaling pathway,41,-0.8282260780852524
TGF-beta signaling pathway,42,0.20683896356166387
TGF-beta signaling pathway,43,-0.004014370891262532
TGF-beta signaling pathway,44,-0.578500773810605
TGF-beta signaling pathway,45,-0.33598048306073236
TGF-beta signaling pathway,46,-0.10268190499256633
TGF-beta signaling pathway,47,0.07982078901472785
TGF-beta signaling pathway,48,0.5436491183056094
TGF-beta signaling pathway,49,-0.24458001259784262
NF-kappa B signaling pathway,0,-0.5286729830834078
NF-kappa B signaling pathway,1,-0.8556871759043838
NF-kappa B signaling pathway,2,-0.58198544749215
NF-kappa B signaling pathway,3,0.22734056247795115
NF-kappa B signaling pathway,4,-0.18103208265488657
NF-kappa B signaling pathway,5,0.10494473187667591
NF-kappa B signaling pathway,6,0.3165435132037647
NF-kappa B signaling pathway,7,0.02011356530943304
NF-kappa B signaling pathway,8,-0.09037111429524095
NF-kappa B signaling pathway,9,-0.5231676690546199
NF-kappa B signaling pathway,10,-0.21604744607386772
NF-kappa B signaling pathway,11,0.10812329295762244
NF-kappa B signaling pathway,12,0.31554533927481637
NF-kappa B signaling pathway,13,-0.3168947560203102
NF-kappa B signaling pathway,14,-0.3977878031736285
NF-kappa B signaling pathway,15,0.5389719359869535
NF-kappa B signaling pathway,16,-0.35886799732325336
NF-kappa B signaling pathway,17,-0.3281248371618031
NF-kappa B signaling pathway,18,-0.6218122740365626
NF-kappa B signaling pathway,19,0.3118245881104162
NF-kappa B signaling pathway,20,-0.6316318730993544
NF-kappa B signaling pathway,21,0.057390232322341514
NF-kappa B signaling pathway,22,-0.7735842732909509
NF-kappa B signaling pathway,23,-0.3260715350216754
NF-kappa B signaling pathway,24,-0.7235777842743818
NF-kappa B signaling pathway,25,-0.7880926417829828
NF-kappa B signaling pathway,26,-0.6861405615167939
NF-kappa B signaling pathway,27,-0.023692872622280352
NF-kappa B signaling pathway,28,0.8475079990952565
NF-kappa B signaling pathway,29,0.47197050535855034
NF-kappa B signaling pathway,30,-0.0841402840099541
NF-kappa B signaling pathway,31,-0.028168106313149182
NF-kappa B signaling pathway,32,-0.4664648604861751
NF-kappa B signaling pathway,33,-0.48103750912478305
NF-kappa B signaling pathway,34,-0.29836676753801616
NF-kappa B signaling pathway,35,-0.35260401674409025
NF-kappa B signaling pathway,36,-0.27422018124515496
NF-kappa B signaling pathway,37,-0.23587864465598082
NF-kappa B signaling pathway,38,-0.3596133660528691
NF-kappa B signaling pathway,39,-0.03443794954065105
NF-kappa B signaling pathway,40,0.5913455073698591
NF-kappa B signaling pathway,41,-0.29987615854901034
NF-kappa B signaling pathway,42,-0.1412264785293764
NF-kappa B signaling pathway,43,-0.5434341928297748
NF-kappa B signaling pathway,44,0.1779051619050352
NF-kappa B signaling pathway,45,-0.10751562339664844
NF-kappa B signaling pathway,46,-0.2989992335594581
NF-kappa B signaling pathway,47,-0.4332081483583895
NF-kappa B signaling pathway,48,-0.5987134353633838
NF-kappa B signaling pathway,49,-0.2246567365753274
TNF signaling pathway,0,-0.40045639038185854
TNF signaling pathway,1,0.08186399383710465
TNF signaling pathway,2,-0.0015266419902304615
TNF signaling pathway,3,-0.30859809175017916
TNF signaling pathway,4,-0.19908943299432075
TNF signaling pathway,5,-0.48962172069071075
TNF signaling pathway,6,0.536463079590565
TNF signaling pathway,7,-0.19319038098860197
TNF signaling pathway,8,0.24302168365268254
TNF signaling pathway,9,-0.5183470041206929
TNF signaling pathway,10,0.03989445128456107
TNF signaling pathway,11,-0.09834578696725668
TNF signaling pathway,12,0.16936295135064888
TNF signaling pathway,13,0.16435748031039465
TNF signaling pathway,14,-0.04949576035705153
TNF signaling pathway,15,-0.20267886223804638
TNF signaling pathway,16,-0.541272734346273
TNF signaling pathway,17,-0.719079142605142
TNF signaling pathway,18,-0.3671553901187853
TNF signaling pathway,19,0.5354687838594347
TNF signaling pathway,20,-0.5614874087760804
TNF signaling pathway,21,-0.32235690349621615
TNF signaling pathway,22,-0.6267526280930609
TNF signaling pathway,23,-0.4050945392224141
TNF signaling pathway,24,-0.696501753061351
TNF signaling pathway,25,-0.33568214234987304
TNF signaling pathway,26,0.3858632408055014
TNF signaling pathway,27,0.18419113210531596
TNF signaling pathway,28,-0.5601977422044646
TNF signaling pathway,29,-0.3690515829864306
TNF signaling pathway,30,0.5404820774095155
TNF signaling pathway,31,-0.8480117422365028
TNF signaling pathway,32,-0.6873963621006858
TNF signaling pathway,33,-0.5817931016064948
TNF signaling pathway,34,-0.5018551475965893
TNF signaling pathway,35,-0.21724011898661058
TNF signaling pathway,36,0.20315924685438755
TNF signaling pathway,37,-0.3899669151991038
TNF signaling pathway,38,-0.29894858858249945
TNF signaling pathway,39,-0.3978974622390681
TNF signaling pathway,40,-0.2610847184637512
TNF signaling pathway,41,-0.545199957721599
TNF signaling pathway,42,-0.4417119780086552
TNF signaling pathway,43,0.06924818660094353
TNF signaling pathway,44,-0.4562414765215226
TNF signaling pathway,45,-0.8122593869321492
TNF signaling pathway,46,-0.16220611250375797
TNF signaling pathway,47,-0.03852523108751868
TNF signaling pathway,48,-0.585320433915843
TNF signaling pathway,49,-0.1833960681738831
VEGF signaling pathway,0,-0.011640511930924233
VEGF signaling pathway,1,0.13407309529744738
VEGF signaling pathway,2,0.08986421545057287
VEGF signaling pathway,3,-0.588186351556335
VEGF signaling pathway,4,-0.0943512587520906
VEGF signaling pathway,5,-0.6464906841175089
VEGF signaling pathway,6,-0.6396991994784822
VEGF signaling pathway,7,-0.01195070223270028
VEGF signaling pathway,8,0.3373173864385329
VEGF signaling pathway,9,-0.6577148507296438
VEGF signaling pathway,10,0.3506894438812074
VEGF signaling pathway,11,-0.13169838512599724
VEGF signaling pathway,12,-0.2390057455865944
VEGF signaling pathway,13,-0.1138575330726941
VEGF signaling pathway,14,0.23775295257431067
VEGF signaling pathway,15,-0.24187616813206292
VEGF signaling pathway,16,-0.536547089908876
VEGF signaling pathway,17,-0.4387991855537883
VEGF signaling pathway,18,0.06354858234174474
VEGF signaling pathway,19,-0.4013294581514406
VEGF signaling pathway,20,0.06519601308525921
VEGF signaling pathway,21,0.8192300449217427
VEGF signaling pathway,22,0.4851785778167036
VEGF signaling pathway,23,-0.03492513944626572
VEGF signaling pathway,24,-0.2881158332671761
VEGF signaling pathway,25,-0.6619704778346405
VEGF signaling pathway,26,0.1233152183309954
VEGF signaling pathway,27,0.04310482345271792
VEGF signaling pathway,28,0.03829426971321047
VEGF signaling pathway,29,-0.5177346098985189
VEGF signaling pathway,30,-0.017799350565715175
VEGF signaling pathway,31,-0.17181055513830362
VEGF signaling pathway,32,-0.14904189459125286
VEGF signaling pathway,33,-0.44736434428396255
VEGF signaling pathway,34,-0.9879119299271311
VEGF signaling pathway,35,-0.8976184617992647
VEGF signaling pathway,36,-0.79118145229531
VEGF signaling pathway,37,-0.6713499349597909
VEGF signaling pathway,38,-0.1573263505268971
VEGF signaling pathway,39,-0.3734906479677573
VEGF signaling pathway,40,0.18310631932101545
VEGF signaling pathway,41,-0.7665522383088008
VEGF signaling pathway,42,0.1778767248801419
VEGF signaling pathway,43,0.16959989860029667
VEGF signaling pathway,44,-0.8426101104834467
VEGF signaling pathway,45,-0.6345352691363229
VEGF signaling pathway,46,0.48866954777276517
VEGF signaling pathway,47,0.05412750439389683
VEGF signaling pathway,48,-0.7329071033879291
VEGF signaling pathway,49,-0.5851217164924069
HIF-1 signaling pathway,0,-0.20787185034321856
HIF-1 signaling pathway,1,-0.40352508012380006
HIF-1 signaling pathway,2,0.1684832737460326
HIF-1 signaling pathway,3,-0.4841433816130506
HIF-1 signaling pathway,4,-0.4348422890634829
HIF-1 signaling pathway,5,0.27917256993639855
HIF-1 signaling pathway,6,-0.5535536610346387
HIF-1 signaling pathway,7,-0.3054994563675712
HIF-1 signaling pathway,8,-0.04270391649463595
HIF-1 signaling pathway,9,-0.4057033211019384
HIF-1 signaling pathway,10,-0.3589928582024722
HIF-1 signaling pathway,11,0.40480736495643843
HIF-1 signaling pathway,12,-0.4228849707606953
HIF-1 signaling pathway,13,0.18302437427712048
HIF-1 signaling pathway,14,-0.40286338724992443
HIF-1 signaling pathway,15,-0.5854176205958158
HIF-1 signaling pathway,16,-0.26233389105809163
HIF-1 signaling pathway,17,-0.09841550392459872
HIF-1 signaling pathway,18,-0.5699551845436014
HIF-1 signaling pathway,19,-0.46206730400253065
HIF-1 signaling pathway,20,-0.7881317142023457
HIF-1 signaling pathway,21,0.35511702140142687
HIF-1 signaling pathway,22,-0.3370179067686436
HIF-1 signaling pathway,23,-0.5681777327908706
HIF-1 signaling pathway,24,-0.36814666340165914
HIF-1 signaling pathway,25,-0.4015095605094259
HIF-1 signaling pathway,26,0.027514446787183136
HIF-1 signaling pathway,27,-0.5236895232623291
HIF-1 signaling pathway,28,-0.6308089904532415
HIF-1 signaling pathway,29,-0.5846110185118858
HIF-1 signaling pathway,30,-0.8304621103538006
HIF-1 signaling pathway,31,-0.6123843021510533
HIF-1 signaling pathway,32,-0.4637341652710173
HIF-1 signaling pathway,33,-0.34647507025133284
HIF-1 signaling pathway,34,-0.7344443545671177
HIF-1 signaling pathway,35,-0.23574181302297798
HIF-1 signaling pathway,36,-0.5921996322790064
HIF-1 signaling pathway,37,0.03283852604283659
HIF-1 signaling pathway,38,0.10055054739244318
HIF-1 signaling pathway,39,-1.149609380008941
HIF-1 signaling pathway,40,-0.5875282039243415
HIF-1 signaling pathway,41,-0.10649510154564257
HIF-1 signaling pathway,42,0.033148735333995
HIF-1 signaling pathway,43,-0.018015086537197415
HIF-1 signaling pathway,44,0.5926790676475714
HIF-1 signaling pathway,45,-0.2664887025324557
HIF-1 signaling pathway,46,-0.00801858249782009
HIF-1 signaling pathway,47,-0.25606855968217923
HIF-1 signaling pathway,48,-0.70038405831106
HIF-1 signaling pathway,49,0.05560387438541925
PD-L1 expression and PD-1 checkpoint pathway in cancer,0,-0.13168898191245143
PD-L1 expression and PD-1 checkpoint pathway in cancer,1,-0.05415898783904689
PD-L1 expression and PD-1 checkpoint pathway in cancer,2,-0.2792614847171179
PD-L1 expression and PD-1 checkpoint pathway in cancer,3,-0.6821824047600389
PD-L1 expression and PD-1 checkpoint pathway in cancer,4,-0.052087962032195984
PD-L1 expression and PD-1 checkpoint pathway in cancer,5,-0.3448302658439072
PD-L1 expression and PD-1 checkpoint pathway in cancer,6,-0.10734512461055237
PD-L1 expression and PD-1 checkpoint pathway in cancer,7,-0.1031600887631136
PD-L1 expression and PD-1 checkpoint pathway in cancer,8,-0.3440081364139405
PD-L1 expression and PD-1 checkpoint pathway in cancer,9,-0.3146366885622627
PD-L1 expression and PD-1 checkpoint pathway in cancer,10,-0.18377461743956908
PD-L1 expression and PD-1 checkpoint pathway in cancer,11,-0.33785686374384594
PD-L1 expression and PD-1 checkpoint pathway in cancer,12,-0.9569994539916965
PD-L1 expression and PD-1 checkpoint pathway in cancer,13,-0.5621678633398175
PD-L1 expression and PD-1 checkpoint pathway in cancer,14,-0.29701668373679546
PD-L1 expression and PD-1 checkpoint pathway in cancer,15,-0.3893539792265258
PD-L1 expression and PD-1 checkpoint pathway in cancer,16,0.28301481498133196
PD-L1 expression and PD-1 checkpoint pathway in cancer,17,0.2088004767714779
PD-L1 expression and PD-1 checkpoint pathway in cancer,18,-0.12883265650124007
PD-L1 expression and PD-1 checkpoint pathway in cancer,19,-0.4609790103062631
PD-L1 expression and PD-1 checkpoint pathway in cancer,20,0.16416318450459683
PD-L1 expression and PD-1 checkpoint pathway in cancer,21,-0.45234188287367344
PD-L1 expression and PD-1 checkpoint pathway in cancer,22,-0.01002431458142954
PD-L1 expression and PD-1 checkpoint pathway in cancer,23,0.07602405076771682
PD-L1 expression and PD-1 checkpoint pathway in cancer,24,-0.3513559192867024
PD-L1 expression and PD-1 checkpoint pathway in cancer,25,-0.2688434732890069
PD-L1 expression and PD-1 checkpoint pathway in cancer,26,-0.29075901176021324
PD-L1 expression and PD-1 checkpoint pathway in cancer,27,-0.26903293546710605
PD-L1 expression and PD-1 checkpoint pathway in cancer,28,0.2554138943431324
PD-L1 expression and PD-1 checkpoint pathway in cancer,29,-0.12735735226625913
PD-L1 expression and PD-1 checkpoint pathway in cancer,30,-0.07646084494155841
PD-L1 expression and PD-1 checkpoint pathway in cancer,31,-0.9187249083421036
PD-L1 expression and PD-1 checkpoint pathway in cancer,32,-0.48505571300743394
PD-L1 expression and PD-1 checkpoint pathway in cancer,33,-0.4158970275920625
PD-L1 expression and PD-1 checkpoint pathway in cancer,34,0.8767452950052848
PD-L1 expression and PD-1 checkpoint pathway in cancer,35,-0.354302202867423
PD-L1 expression and PD-1 checkpoint pathway in cancer,36,-0.5128258189904754
PD-L1 expression and PD-1 checkpoint pathway in cancer,37,-0.4890838470795737
PD-L1 expression and PD-1 checkpoint pathway in cancer,38,0.18057374844940668
PD-L1 expression and PD-1 checkpoint pathway in cancer,39,-0.2699896873773854
PD-L1 expression and PD-1 checkpoint pathway in cancer,40,0.10612485245579169
PD-L1 expression and PD-1 checkpoint pathway in cancer,41,-0.15603744753758822
PD-L1 expression and PD-1 checkpoint pathway in cancer,42,-0.2322829956398603
PD-L1 expression and PD-1 checkpoint pathway in cancer,43,-0.6418183331014338
PD-L1 expression and PD-1 checkpoint pathway in cancer,44,0.23934751961976863
PD-L1 expression and PD-1 checkpoint pathway in cancer,45,-0.6126979909557154
PD-L1 expression and PD-1 checkpoint pathway in cancer,46,-0.05346515136534137
PD-L1 expression and PD-1 checkpoint pathway in cancer,47,-1.0255865883821256
PD-L1 expression and PD-1 checkpoint pathway in cancer,48,-0.9450019709457373
PD-L1 expression and PD-1 checkpoint pathway in cancer,49,-0.41419140863709913
Pathways in cancer,0,-0.8761259639787744
Pathways in cancer,1,-0.27471870128787423
Pathways in cancer,2,-0.3997901838608987
Pathways in cancer,3,-0.6200062222565856
Pathways in cancer,4,-0.42864191243137345
Pathways in cancer,5,-0.7432544428708732
Pathways in cancer,6,-0.1883462924688667
Pathways in cancer,7,-0.6308020084129007
Pathways in cancer,8,-0.19289994476191336
Pathways in cancer,9,-0.4503502731982797
Pathways in cancer,10,-0.011212817177848222
Pathways in cancer,11,-0.7929374893037412
Pathways in cancer,12,-0.4327694347751722
Pathways in cancer,13,-0.4273781409073024
Pathways in cancer,14,-0.5034843379653531
Pathways in cancer,15,-0.6341477905692852
Pathways in cancer,16,-0.3288845473082066
Pathways in cancer,17,-0.47994485383889435
Pathways in cancer,18,-0.5003247794270836
Pathways in cancer,19,-0.6412151976812703
Pathways in cancer,20,-0.5336729490701273
Pathways in cancer,21,-0.18254536276978106
Pathways in cancer,22,-0.6460187833134892
Pathways in cancer,23,-0.42413962697810864
Pathways in cancer,24,-0.3386468061519503
Pathways in cancer,25,-0.5502033710725395
Pathways in cancer,26,-0.7258195295169787
Pathways in cancer,27,-0.3174505979498465
Pathways in cancer,28,-0.10921671831041779
Pathways in cancer,29,-0.7063110345386079
Pathways in cancer,30,-0.5714149319021491
Pathways in cancer,31,0.014963461043951262
Pathways in cancer,32,-0.4365344582290491
Pathways in cancer,33,-0.12197139774509252
Pathways in cancer,34,0.005307916730085764
Pathways in cancer,35,-0.6990179103485012
Pathways in cancer,36,-0.24368522966292527
Pathways in cancer,37,-0.47275061558446463
Pathways in cancer,38,-0.4551347283880144
Pathways in cancer,39,-0.6258801706003138
Pathways in cancer,40,-0.3747703492131999
Pathways in cancer,41,-0.4109267782399819
Pathways in cancer,42,-0.5367798935632054
Pathways in cancer,43,-0.34185193971681127
Pathways in cancer,44,-0.12909229103055908
Pathways in cancer,45,-0.6663679629490968
Pathways in cancer,46,-0.7324353140448339
Pathways in cancer,47,-0.03879172105591989
Pathways in cancer,48,-0.47823734237820686
Pathways in cancer,49,0.08850998925667852
Proteoglycans in cancer,0,-0.8008699310084658
Proteoglycans in cancer,1,-0.7315461062284927
Proteoglycans in cancer,2,-0.1473642835426523
Proteoglycans in cancer,3,0.13922402564888808
Proteoglycans in cancer,4,-0.26902698249739476
Proteoglycans in cancer,5,-0.9221146186428844
Proteoglycans in cancer,6,-0.17252430959187248
Proteoglycans in cancer,7,-0.16783981584258006
Proteoglycans in cancer,8,-0.2323869393821889
Proteoglycans in cancer,9,-0.195829148974689
Proteoglycans in cancer,10,-0.42496579213333574
Proteoglycans in cancer,11,0.5354535629780275
Proteoglycans in cancer,12,-0.31877005913863576
Proteoglycans in cancer,13,-0.19910644911497416
Proteoglycans in cancer,14,-0.41100158767360095
Proteoglycans in cancer,15,-0.5112291864618248
Proteoglycans in cancer,16,-0.5123203238962765
Proteoglycans in cancer,17,-0.7115524703864102
Proteoglycans in cancer,18,-0.7443648384589663
Proteoglycans in cancer,19,-0.41741928507914167
Proteoglycans in cancer,20,-0.4749488997764046
Proteoglycans in cancer,21,-0.5336696463460496
Proteoglycans in cancer,22,-0.41752360587675463
Proteoglycans in cancer,23,0.019158103769414462
Proteoglycans in cancer,24,-0.014830901485947331
Proteoglycans in cancer,25,-0.13368740934946155
Proteoglycans in cancer,26,0.015402596294706111
Proteoglycans in cancer,27,-0.5871626771518087
Proteoglycans in cancer,28,0.10955291629901132
Proteoglycans in cancer,29,-0.22616834795133728
Proteoglycans in cancer,30,0.1814947282904152
Proteoglycans in cancer,31,-0.4513521744467876
Proteoglycans in cancer,32,-0.19080969204160958
Proteoglycans in cancer,33,-0.492812771940405
Proteoglycans in cancer,34,-0.599948806022567
Proteoglycans in cancer,35,-0.25072672924299855
Proteoglycans in cancer,36,-0.0023622388543562615
Proteoglycans in cancer,37,-0.46726257003230726
Proteoglycans in cancer,38,-0.2572500398755344
Proteoglycans in cancer,39,-0.6935891032732542
Proteoglycans in cancer,40,-0.7627131569597907
Proteoglycans in cancer,41,-0.5298681781631733
Proteoglycans in cancer,42,-0.4600274781437182
Proteoglycans in cancer,43,-0.03080353555287272
Proteoglycans in cancer,44,-0.04982173489918511
Proteoglycans in cancer,45,-0.6478293513937587
Proteoglycans in cancer,46,-0.2202822181934194
Proteoglycans in cancer,47,0.09792667261511136
Proteoglycans in cancer,48,0.33174760893394095
Proteoglycans in cancer,49,-0.3735006091351538
MicroRNAs in cancer,0,-0.42279311740581416
MicroRNAs in cancer,1,-0.40441926420913754
MicroRNAs in cancer,2,-0.4021065992462942
MicroRNAs in cancer,3,-0.6528367882648614
MicroRNAs in cancer,4,-0.32246637112797566
MicroRNAs in cancer,5,-0.1033145750635138
MicroRNAs in cancer,6,-0.20772376994376807
MicroRNAs in cancer,7,-0.6663011258655174
MicroRNAs in cancer,8,-0.25570003572432976
MicroRNAs in cancer,9,-0.2555590652995031
MicroRNAs in cancer,10,-0.143889212726452
MicroRNAs in cancer,11,0.3467185149986214
MicroRNAs in cancer,12,-0.8893383728315094
MicroRNAs in cancer,13,0.16947583139636707
MicroRNAs in cancer,14,-0.215904951477077
MicroRNAs in cancer,15,-1.0177040941401434
MicroRNAs in cancer,16,-0.6824804381668397
MicroRNAs in cancer,17,-0.513936361097167
MicroRNAs in cancer,18,-0.611626672065469
MicroRNAs in cancer,19,-0.26089974803921756
MicroRNAs in cancer,20,-0.043727249796568064
MicroRNAs in cancer,21,0.05355163598333994
MicroRNAs in cancer,22,-0.05670266227657738
MicroRNAs in cancer,23,-0.548057630503084
MicroRNAs in cancer,24,-0.41287617652276676
MicroRNAs in cancer,25,-0.39267184252106485
MicroRNAs in cancer,26,-0.7303217079826432
MicroRNAs in cancer,27,-0.422712458062841
MicroRNAs in cancer,28,-0.4638073342448906
MicroRNAs in cancer,29,-0.4319493226917649
MicroRNAs in cancer,30,-0.33538145579452383
MicroRNAs in cancer,31,0.005527090407216799
MicroRNAs in cancer,32,-0.6375582593644153
MicroRNAs in cancer,33,-0.7391848280933572
MicroRNAs in cancer,34,-0.857918946828713
MicroRNAs in cancer,35,-0.14894017311667654
MicroRNAs in cancer,36,-0.4647051627162836
MicroRNAs in cancer,37,-0.5930662124660316
MicroRNAs in cancer,38,-0.5768494709025895
MicroRNAs in cancer,39,0.17241111156880912
MicroRNAs in cancer,40,-0.029171477174828542
MicroRNAs in cancer,41,-0.28238991756596954
MicroRNAs in cancer,42,-0.61555520864251
MicroRNAs in cancer,43,-0.6787157456610284
MicroRNAs in cancer,44,-0.35537687366533577
MicroRNAs in cancer,45,-0.8963558024307059
MicroRNAs in cancer,46,-0.7350550080073481
MicroRNAs in cancer,47,-0.28838450584287073
MicroRNAs in cancer,48,-0.6856902563109125
MicroRNAs in cancer,49,-0.11485575851128985
Central carbon metabolism in cancer,0,-0.1796973929432109
Central carbon metabolism in cancer,1,-0.21944029927231612
Central carbon metabolism in cancer,2,0.1871397559552736
Central carbon metabolism in cancer,3,-0.12783765390244753
Central carbon metabolism in cancer,4,0.20721321445006535
Central carbon metabolism in cancer,5,0.031748743467554436
Central carbon metabolism in cancer,6,0.2624353902614616
Central carbon metabolism in cancer,7,-0.27791799028923897
Central carbon metabolism in cancer,8,-0.02858159096523254
Central carbon metabolism in cancer,9,0.022780184916895846
Central carbon metabolism in cancer,10,0.7127679933195303
Central carbon metabolism in cancer,11,0.08208302138968672
Central carbon metabolism in cancer,12,0.031032278114033477
Central carbon metabolism in cancer,13,-0.4107741216145837
Central carbon metabolism in cancer,14,-0.30647234125076206
Central carbon metabolism in cancer,15,-0.4022660885134992
Central carbon metabolism in cancer,16,-0.7650064691743921
Central carbon metabolism in cancer,17,-0.19859991870854068
Central carbon metabolism in cancer,18,-0.29814275260675466
Central carbon metabolism in cancer,19,0.012692395204156031
Central carbon metabolism in cancer,20,-0.6980019047115147
Central carbon metabolism in cancer,21,-0.9183359138478313
Central carbon metabolism in cancer,22,0.2940779555743085
Central carbon metabolism in cancer,23,0.03368747138324485
Central carbon metabolism in cancer,24,0.03884083538729353
Central carbon metabolism in cancer,25,-0.10932192088160397
Central carbon metabolism in cancer,26,-0.031196722781926648
Central carbon metabolism in cancer,27,0.8346063585004246
Central carbon metabolism in cancer,28,-0.49826774093524556
Central carbon metabolism in cancer,29,-0.49282907275421456
Central carbon metabolism in cancer,30,0.3511425291115975
Central carbon metabolism in cancer,31,-0.40682036522348664
Central carbon metabolism in cancer,32,-0.0783727844487292
Central carbon metabolism in cancer,33,-0.22930145876476904
Central carbon metabolism in cancer,34,-0.28505908034876626
Central carbon metabolism in cancer,35,-0.5226297987751347
Central carbon metabolism in cancer,36,-0.042868809394760746
Central carbon metabolism in cancer,37,-0.4212721660934925
Central carbon metabolism in cancer,38,0.14591005368397492
Central carbon metabolism in cancer,39,0.5109068629982829
Central carbon metabolism in cancer,40,-0.4883081242696834
Central carbon metabolism in cancer,41,0.42399023494494986
Central carbon metabolism in cancer,42,-0.4001701449393986
Central carbon metabolism in cancer,43,0.44422156848212785
Central carbon metabolism in cancer,44,-0.7609479598203923
Central carbon metabolism in cancer,45,0.10976273779158927
Central carbon metabolism in cancer,46,0.4035451397830877
Central carbon metabolism in cancer,47,0.4193907164056082
Central carbon metabolism in cancer,48,-0.21654837588249104
Central carbon metabolism in cancer,49,-0.13843140713876367
Transcriptional misregulation in cancer,0,-0.5597065039985684
Transcriptional misregulation in cancer,1,-0.3314763563968288
Transcriptional misregulation in cancer,2,-0.42936000108101635
Transcriptional misregulation in cancer,3,-0.25369860724171167
Transcriptional misregulation in cancer,4,-0.01659231414788745
Transcriptional misregulation in cancer,5,-0.49267135437612863
Transcriptional misregulation in cancer,6,-0.5252830987419613
Transcriptional misregulation in cancer,7,-0.7222022680292383
Transcriptional misregulation in cancer,8,-0.47210530144281526
Transcriptional misregulation in cancer,9,-0.3124365663375722
Transcriptional misregulation in cancer,10,-0.14315923452632978
Transcriptional misregulation in cancer,11,-0.7067477611999557
Transcriptional misregulation in cancer,12,-0.2316237450776017
Transcriptional misregulation in cancer,13,-0.24577913000077886
Transcriptional misregulation in cancer,14,-0.6794430762138135
Transcriptional misregulation in cancer,15,0.2162400346733586
Transcriptional misregulation in cancer,16,-0.3127755168161177
Transcriptional misregulation in cancer,17,-0.0370560088210856
Transcriptional misregulation in cancer,18,-0.9931957253724557
Transcriptional misregulation in cancer,19,-0.6409410858290215
Transcriptional misregulation in cancer,20,-0.1773624840899364
Transcriptional misregulation in cancer,21,0.025875680410457964
Transcriptional misregulation in cancer,22,-0.8061318319525153
Transcriptional misregulation in cancer,23,-0.4856483043172153
Transcriptional misregulation in cancer,24,0.10330672531130794
Transcriptional misregulation in cancer,25,-0.7823668659535745
Transcriptional misregulation in cancer,26,-0.13175185158906708
Transcriptional misregulation in cancer,27,-0.3051508793270302
Transcriptional misregulation in cancer,28,-0.510040454328774
Transcriptional misregulation in cancer,29,-0.3278798447402165
Transcriptional misregulation in cancer,30,-0.747908160634043
Transcriptional misregulation in cancer,31,-0.12502974522830876
Transcriptional misregulation in cancer,32,0.04826602975199276
Transcriptional misregulation in cancer,33,-0.08270027194302765
Transcriptional misregulation in cancer,34,0.17577138535425957
Transcriptional misregulation in cancer,35,-0.11986452081727268
Transcriptional misregulation in cancer,36,-0.2901968712858246
Transcriptional misregulation in cancer,37,-0.738093858294284
Transcriptional misregulation in cancer,38,-0.6929389285628367
Transcriptional misregulation in cancer,39,-0.38081508299722155
Transcriptional misregulation in cancer,40,-0.053396530686035684
Transcriptional misregulation in cancer,41,-0.17206017920351174
Transcriptional misregulation in cancer,42,-0.03098993717324626
Transcriptional misregulation in cancer,43,-0.17558618651095875
Transcriptional misregulation in cancer,44,-0.6707415456101122
Transcriptional misregulation in cancer,45,-0.12046525307762282
Transcriptional misregulation in cancer,46,-0.6666137755982615
Transcriptional misregulation in cancer,47,0.5575382428901892
Transcriptional misregulation in cancer,48,-0.41096141200837355
Transcriptional misregulation in cancer,49,-0.16646135132283582
Chemical carcinogenesis,0,-0.8768272246935265
Chemical carcinogenesis,1,-0.11323077584585542
Chemical carcinogenesis,2,-0.5590421358189506
Chemical carcinogenesis,3,-0.6240438370787201
Chemical carcinogenesis,4,-0.41118995965705546
Chemical carcinogenesis,5,-0.6764241928012772
Chemical carcinogenesis,6,-0.044499182091747275
Chemical carcinogenesis,7,-0.7410617297348701
Chemical carcinogenesis,8,-0.6378885829555342
Chemical carcinogenesis,9,-0.4171885713313827
Chemical carcinogenesis,10,-1.0210204134205323
Chemical carcinogenesis,11,-0.5207873203491733
Chemical carcinogenesis,12,-0.5015397830599004
Chemical carcinogenesis,13,-0.4824860776050056
Chemical carcinogenesis,14,-0.28953168897165565
Chemical carcinogenesis,15,-0.9435924476954243
Chemical carcinogenesis,16,-0.6102808681118665
Chemical carcinogenesis,17,-0.4155433358881375
Chemical carcinogenesis,18,-0.49189688318340286
Chemical carcinogenesis,19,-0.47455852037816554
Chemical carcinogenesis,20,0.1575828098440368
Chemical carcinogenesis,21,-0.40910953660287397
Chemical carcinogenesis,22,-0.4938287336714191
Chemical carcinogenesis,23,0.006067486191757088
Chemical carcinogenesis,24,-0.22193223859683678
Chemical carcinogenesis,25,-0.8924159294079343
Chemical carcinogenesis,26,-0.3699631844542861
Chemical carcinogenesis,27,-0.7828620292863437
Chemical carcinogenesis,28,-0.7227402785003276
Chemical carcinogenesis,29,-0.5458592393984504
Chemical carcinogenesis,30,-0.5315246302493178
Chemical carcinogenesis,31,-0.48476698244416916
Chemical carcinogenesis,32,-0.3617380278073047
Chemical carcinogenesis,33,-0.8877939429015618
Chemical carcinogenesis,34,-0.49991796792837195
Chemical carcinogenesis,35,-0.29477328136823083
Chemical carcinogenesis,36,0.20961786147713343
Chemical carcinogenesis,37,-0.6634774358780346
Chemical carcinogenesis,38,-0.15838863744430365
Chemical carcinogenesis,39,-0.3909205664601147
Chemical carcinogenesis,40,-0.37099796971550036
Chemical carcinogenesis,41,-0.16745069297729115
Chemical carcinogenesis,42,-0.08062853991353416
Chemical carcinogenesis,43,-0.48323758549718554
Chemical carcinogenesis,44,0.1490853482738238
Chemical carcinogenesis,45,-0.7296845702941566
Chemical carcinogenesis,46,-0.4222508337887941
Chemical carcinogenesis,47,-0.19319401274396586
Chemical carcinogenesis,48,-0.43015859437530735
Chemical carcinogenesis,49,-0.604078757361268
Viral carcinogenesis,0,-0.7784063614628427
Viral carcinogenesis,1,-0.8594247127670829
Viral carcinogenesis,2,-0.08508781686906788
Viral carcinogenesis,3,-0.7410000742015528
Viral carcinogenesis,4,-0.6269158039166253
Viral carcinogenesis,5,-0.35990154482822656
Viral carcinogenesis,6,-0.7780427190577655
Viral carcinogenesis,7,-0.9060625285957644
Viral carcinogenesis,8,-0.5487985181617233
Viral carcinogenesis,9,-0.7267193415778457
Viral carcinogenesis,10,-0.3181804288794231
Viral carcinogenesis,11,-0.9040367571745207
Viral carcinogenesis,12,-0.05174785389944372
Viral carcinogenesis,13,-0.7955931703498096
Viral carcinogenesis,14,-0.43469473137121073
Viral carcinogenesis,15,-0.4411011598881997
Viral carcinogenesis,16,-0.6730073584203936
Viral carcinogenesis,17,-0.5063128866948348
Viral carcinogenesis,18,-0.09684742509727232
Viral carcinogenesis,19,0.3461801419957917
Viral carcinogenesis,20,-0.10924476669644959
Viral carcinogenesis,21,0.42048355538683724
Viral carcinogenesis,22,-0.5636362137901774
Viral carcinogenesis,23,-0.17399049764701807
Viral carcinogenesis,24,-0.25670144110923737
Viral carcinogenesis,25,-0.26108362713495886
Viral carcinogenesis,26,-0.7619425834951358
Viral carcinogenesis,27,0.03448514550077486
Viral carcinogenesis,28,-0.34701574696071147
Viral carcinogenesis,29,-0.2922844268040899
Viral carcinogenesis,30,-0.7527419781091187
Viral carcinogenesis,31,-0.2459686526399633
Viral carcinogenesis,32,-0.45931591121770216
Viral carcinogenesis,33,-0.1739242435578497
Viral carcinogenesis,34,-0.24791839973247032
Viral carcinogenesis,35,0.26172071112882844
Viral carcinogenesis,36,0.3701409100757759
Viral carcinogenesis,37,-0.8077769331296446
Viral carcinogenesis,38,-0.44164878286163123
Viral carcinogenesis,39,0.11329865908421774
Viral carcinogenesis,40,-0.42195927662852106
Viral carcinogenesis,41,-0.7238458453923027
Viral carcinogenesis,42,-0.33785809113596765
Viral carcinogenesis,43,-0.7021199720737037
Viral carcinogenesis,44,-0.15789761627489912
Viral carcinogenesis,45,-0.6753587998124335
Viral carcinogenesis,46,-0.4227786134041994
Viral carcinogenesis,47,-0.5699333468805275
Viral carcinogenesis,48,-0.2619365818967868
Viral carcinogenesis,49,0.2581006206142194
Non-small cell lung cancer,0,-0.5226871727855454
Non-small cell lung cancer,1,0.6023909400114403
Non-small cell lung cancer,2,0.2417227681775389
Non-small cell lung cancer,3,-0.4350455300182625
Non-small cell lung cancer,4,-0.8736518212536359
Non-small cell lung cancer,5,0.8785833527159268
Non-small cell lung cancer,6,-0.18045909664885534
Non-small cell lung cancer,7,-0.18725900424208086
Non-small cell lung cancer,8,-0.16452538776787956
Non-small cell lung cancer,9,-0.6912377884098455
Non-small cell lung cancer,10,0.2809398449634659
Non-small cell lung cancer,11,0.1652208424919559
Non-small cell lung cancer,12,-0.3123822057593164
Non-small cell lung cancer,13,-0.5801038146758908
Non-small cell lung cancer,14,-0.4673605597712628
Non-small cell lung cancer,15,0.5557172037257242
Non-small cell lung cancer,16,-0.1271942391391956
Non-small cell lung cancer,17,0.021977368606062298
Non-small cell lung cancer,18,-0.029553128343752497
Non-small cell lung cancer,19,-0.3162100834778108
Non-small cell lung cancer,20,-0.35647125301002547
Non-small cell lung cancer,21,-0.26144766046526796
Non-small cell lung cancer,22,0.5315497346990611
Non-small cell lung cancer,23,0.44202103956880756
Non-small cell lung cancer,24,-0.8445737103971119
Non-small cell lung cancer,25,-0.24689852239014393
Non-small cell lung cancer,26,0.6568291195389373
Non-small cell lung cancer,27,-0.2156006039243963
Non-small cell lung cancer,28,0.06127565572191088
Non-small cell lung cancer,29,0.665306353964678
Non-small cell lung cancer,30,-0.19411820729355772
Non-small cell lung cancer,31,-0.5088944546980279
Non-small cell lung cancer,32,-0.589263306612599
Non-small cell lung cancer,33,-0.43867001971066016
Non-small cell lung cancer,34,-0.656884050059924
Non-small cell lung cancer,35,0.12107168011893985
Non-small cell lung cancer,36,0.02968806782728011
Non-small cell lung cancer,37,-0.34962992025779344
Non-small cell lung cancer,38,-0.09004080071734238
Non-small cell lung cancer,39,-0.38821525049944927
Non-small cell lung cancer,40,-0.18614593885014985
Non-small cell lung cancer,41,-0.607663833244278
Non-small cell lung cancer,42,-0.6136088713154634
Non-small cell lung cancer,43,0.4750192018231043
Non-small cell lung cancer,44,-0.2838848765417494
Non-small cell lung cancer,45,-0.5758462008109626
Non-small cell lung cancer,46,-0.5275646523643874
Non-small cell lung cancer,47,0.24516130413086412
Non-small cell lung cancer,48,0.05928880965414239
Non-small cell lung cancer,49,0.2233508868918265
Small cell lung cancer,0,0.2703975217528112
Small cell lung cancer,1,0.15053145285784686
Small cell lung cancer,2,-0.9637112030246608
Small cell lung cancer,3,-0.39526308087270945
Small cell lung cancer,4,0.3283554658098533
Small cell lung cancer,5,-0.728000682120679
Small cell lung cancer,6,0.2937867729692044
Small cell lung cancer,7,-0.7880827101525805
Small cell lung cancer,8,-0.5559712582968129
Small cell lung cancer,9,-0.2850499686252763
Small cell lung cancer,10,-0.47341573015023625
Small cell lung cancer,11,-0.2578175870829004
Small cell lung cancer,12,-0.6629569007656215
Small cell lung cancer,13,-0.6074447937884717
Small cell lung cancer,14,-0.18321046093122786
Small cell lung cancer,15,-0.42365228718196163
Small cell lung cancer,16,-0.8028025732960415
Small cell lung cancer,17,-0.6227121651105063
Small cell lung cancer,18,-0.7579242202741485
Small cell lung cancer,19,-0.4178853449296689
Small cell lung cancer,20,-0.9389201747077749
Small cell lung cancer,21,0.29870491694849977
Small cell lung cancer,22,-0.5528907777697566
Small cell lung cancer,23,0.005627914776964671
Small cell lung cancer,24,0.044861788390737914
Small cell lung cancer,25,-0.352353633376687
Small cell lung cancer,26,-0.3524075278803609
Small cell lung cancer,27,-0.6916850563847052
Small cell lung cancer,28,-0.16795021930668602
Small cell lung cancer,29,-0.11022367986646692
Small cell lung cancer,30,-0.5224363155924945
Small cell lung cancer,31,-0.36247561659879696
Small cell lung cancer,32,-0.15058303427494277
Small cell lung cancer,33,0.15533564586621024
Small cell lung cancer,34,0.10866722799718201
Small cell lung cancer,35,0.3674875675210797
Small cell lung cancer,36,-0.05470009321127223
Small cell lung cancer,37,-0.0607419506848541
Small cell lung cancer,38,-0.18319201127218876
Small cell lung cancer,39,-0.4698092286494041
Small cell lung cancer,40,-0.15238989400364217
Small cell lung cancer,41,-0.8622745850908693
Small cell lung cancer,42,-0.399387067820854
Small cell lung cancer,43,-0.5540942011837068
Small cell lung cancer,44,-0.39110690555858174
Small cell lung cancer,45,-0.0007972400276931987
Small cell lung cancer,46,0.36755371196067255
Small cell lung cancer,47,-0.7990507949843981
Small cell lung cancer,48,-0.24404771396342673
Small cell lung cancer,49,-0.6017925688505474
Breast cancer,0,0.024971648762062853
Breast cancer,1,-0.01922250586864126
Breast cancer,2,0.3315884179266066
Breast cancer,3,-0.49721033051032293
Breast cancer,4,0.06679265178091857
Breast cancer,5,-0.15301781603718506
Breast cancer,6,-0.9499509508534579
Breast cancer,7,-0.2092376435054083
Breast cancer,8,0.3106201640759098
Breast cancer,9,-0.3420593484681971
Breast cancer,10,-0.8467434005773717
Breast cancer,11,-0.37176926172003943
Breast cancer,12,-0.27283885626344606
Breast cancer,13,-1.0531965726782189
Breast cancer,14,-0.32879826741628104
Breast cancer,15,-0.5542421890641076
Breast cancer,16,-0.34165439260109176
Breast cancer,17,-0.9749691524122048
Breast cancer,18,-0.5862396448433298
Breast cancer,19,-0.45280347627474604
Breast cancer,20,-0.302732297619671
Breast cancer,21,-0.920289401013982
Breast cancer,22,-0.4417059444066894
Breast cancer,23,-0.8780993970697172
Breast cancer,24,-0.30164961477170504
Breast cancer,25,0.33533031529632296
Breast cancer,26,-0.29350642766592155
Breast cancer,27,0.5346903621995539
Breast cancer,28,0.07634734422720109
Breast cancer,29,0.06981810886609664
Breast cancer,30,-0.7349480614695385
Breast cancer,31,-0.3698190144505884
Breast cancer,32,-0.8698989667961914
Breast cancer,33,-0.7911201503598091
Breast cancer,34,-0.29304103725861946
Breast cancer,35,-0.017189929875521967
Breast cancer,36,-0.9622794663084813
Breast cancer,37,-0.2566269171597079
Breast cancer,38,-0.08102917293335118
Breast cancer,39,-0.273708289676411
Breast cancer,40,-0.48488105957075006
Breast cancer,41,-0.7860619505413672
Breast cancer,42,-0.5253408036790941
Breast cancer,43,-0.3729184980002773
Breast cancer,44,-0.40712105442531543
Breast cancer,45,-0.7738689435783329
Breast cancer,46,0.3681992958915037
Breast cancer,47,0.09217498768469284
Breast cancer,48,-0.32447315598767157
Breast cancer,49,-0.21666187795058306
Colorectal cancer,0,-0.458251452223723
Colorectal cancer,1,0.33351994414386876
Colorectal cancer,2,-0.614382695195229
Colorectal cancer,3,-0.09391540362905448
Colorectal cancer,4,0.48490820324634143
Colorectal cancer,5,-0.20321795614633092
Colorectal cancer,6,0.0973493460346612
Colorectal cancer,7,-0.8289957347017417
Colorectal cancer,8,-0.5734786388976456
Colorectal cancer,9,0.3106946061960076
Colorectal cancer,10,-0.29444602783922136
Colorectal cancer,11,-0.18497211799006685
Colorectal cancer,12,0.2752278945618042
Colorectal cancer,13,-0.6603597583679861
Colorectal cancer,14,-0.2691640451369872
Colorectal cancer,15,-0.3545649997982372
Colorectal cancer,16,-0.4680506130323011
Colorectal cancer,17,-0.4790082397177353
Colorectal cancer,18,-0.5482830402456274
Colorectal cancer,19,-0.6943118131682432
Colorectal cancer,20,-0.23767154895099835
Colorectal cancer,21,0.25628244392435184
Colorectal cancer,22,-0.3125688193650264
Colorectal cancer,23,-0.2644944981663396
Colorectal cancer,24,-0.6798129965632232
Colorectal cancer,25,-0.6756702613523409
Colorectal cancer,26,-0.34411952267260937
Colorectal cancer,27,-0.7809850614386358
Colorectal cancer,28,-0.2716447044388308
Colorectal cancer,29,-0.45677537551922287
Colorectal cancer,30,0.007022128908330928
Colorectal cancer,31,-0.7295396594596086
Colorectal cancer,32,0.031197899106535074
Colorectal cancer,33,-0.037839809796844086
Colorectal cancer,34,-0.3806440045499643
Colorectal cancer,35,-0.31434461932569624
Colorectal cancer,36,-0.7972963337900609
Colorectal cancer,37,-0.11781683537187906
Colorectal cancer,38,-0.555100378984151
Colorectal cancer,39,-0.02914005754738088
Colorectal cancer,40,-0.5705346845151568
Colorectal cancer,41,0.0035555047848656336
Colorectal cancer,42,-0.7515007490260905
Colorectal cancer,43,0.011352904792805832
Colorectal cancer,44,-0.6467253739284216
Colorectal cancer,45,-0.11338416649036495
Colorectal cancer,46,-0.8689373144197438
Colorectal cancer,47,-0.8618257187167979
Colorectal cancer,48,-0.8411306583505509
Colorectal cancer,49,-0.12752626379365428
Gastric cancer,0,-0.7182706512569597
Gastric cancer,1,-0.1234556103129798
Gastric cancer,2,-0.33505072228354804
Gastric cancer,3,-0.0005804674285045867
Gastric cancer,4,0.11628165537733727
Gastric cancer,5,-0.17635553692770206
Gastric cancer,6,-0.005508266130279989
Gastric cancer,7,0.01709105252990878
Gastric cancer,8,-0.7491996017839675
Gastric cancer,9,-0.12977435555521524
Gastric cancer,10,-0.33984820156711426
Gastric cancer,11,-0.43628566135378366
Gastric cancer,12,-0.04485881591772907
Gastric cancer,13,0.0724168885511596
Gastric cancer,14,-0.09093338304258752
Gastric cancer,15,-0.03786801567575865
Gastric cancer,16,-0.5959728096250652
Gastric cancer,17,-0.6124056957180188
Gastric cancer,18,-0.38684043100292564
Gastric cancer,19,0.04772043104937965
Gastric cancer,20,-0.1183204921159973
Gastric cancer,21,-0.9006610355676388
Gastric cancer,22,-0.39667134325193354
Gastric cancer,23,-0.7358998015364189
Gastric cancer,24,-0.6072543242776081
Gastric cancer,25,-0.6865671859057564
Gastric cancer,26,-0.00023849463925484395
Gastric cancer,27,-0.49047657286717816
Gastric cancer,28,-0.38260480953257503
Gastric cancer,29,0.18571550868416214
Gastric cancer,30,-0.948347812934826
Gastric cancer,31,0.02861082777114099
Gastric cancer,32,-0.09468357012853285
Gastric cancer,33,0.5503065540335118
Gastric cancer,34,-0.16640249005796814
Gastric cancer,35,-1.1103163974561012
Gastric cancer,36,-0.6355097025624843
Gastric cancer,37,-0.3493312820987162
Gastric cancer,38,-0.41881154373300666
Gastric cancer,39,-0.16861647840400096
Gastric cancer,40,0.16061732132581172
Gastric cancer,41,-0.22330233237013225
Gastric cancer,42,-0.6323457520240394
Gastric cancer,43,-0.747831180798699
Gastric cancer,44,-0.7531341494720739
Gastric cancer,45,-0.29122853802207943
Gastric cancer,46,-0.12582111985796887
Gastric cancer,47,-0.689252324927225
Gastric cancer,48,-0.6111542085103144
Gastric cancer,49,-0.8334059517596786
Hepatocellular carcinoma,0,-0.18011414870115694
Hepatocellular carcinoma,1,-0.9136631639659338
Hepatocellular carcinoma,2,-0.11326533861099623
Hepatocellular carcinoma,3,-0.3601490475263719
Hepatocellular carcinoma,4,-0.5774950702246373
Hepatocellular carcinoma,5,0.009284923892770209
Hepatocellular carcinoma,6,-0.07413567301876714
Hepatocellular carcinoma,7,-0.7708537613924431
Hepatocellular carcinoma,8,-0.7463279505469071
Hepatocellular carcinoma,9,-0.72602847496488
Hepatocellular carcinoma,10,-0.8313037829677536
Hepatocellular carcinoma,11,-0.4721238755091858
Hepatocellular carcinoma,12,-0.061238248149819166
Hepatocellular carcinoma,13,-0.5934534859018972
Hepatocellular carcinoma,14,-0.5638057042571858
Hepatocellular carcinoma,15,-0.5265342428388589
Hepatocellular carcinoma,16,-0.38204852996421185
Hepatocellular carcinoma,17,-0.5257314440678482
Hepatocellular carcinoma,18,-0.3682510206078182
Hepatocellular carcinoma,19,0.09138435636690467
Hepatocellular carcinoma,20,0.05507565284588974
Hepatocellular carcinoma,21,0.022092485310882926
Hepatocellular carcinoma,22,-0.19053443425679634
Hepatocellular carcinoma,23,-0.19705212461727417
Hepatocellular carcinoma,24,-0.6551817145340799
Hepatocellular carcinoma,25,-0.5009156199462838
Hepatocellular carcinoma,26,-0.4055923327706018
Hepatocellular carcinoma,27,-1.0135281703341592
Hepatocellular carcinoma,28,0.14270533155317744
Hepatocellular carcinoma,29,0.03328832273475377
Hepatocellular carcinoma,30,-0.46483171899805353
Hepatocellular carcinoma,31,-0.33982175995323494
Hepatocellular carcinoma,32,0.044331937930321086
Hepatocellular carcinoma,33,-0.8622151452929807
Hepatocellular carcinoma,34,-0.7238684505402246
Hepatocellular carcinoma,35,-0.3651043083571741
Hepatocellular carcinoma,36,-0.19041778740001675
Hepatocellular carcinoma,37,-0.023296803378991055
Hepatocellular carcinoma,38,0.05800345747969038
Hepatocellular carcinoma,39,-0.143060685663771
Hepatocellular carcinoma,40,-0.19573947599058622
Hepatocellular carcinoma,41,-0.9756186940641552
Hepatocellular carcinoma,42,-0.2636964507462979
Hepatocellular carcinoma,43,-0.4055104360824998
Hepatocellular carcinoma,44,-0.8167625696281337
Hepatocellular carcinoma,45,-0.32244658129644815
Hepatocellular carcinoma,46,-0.73277489007841
Hepatocellular carcinoma,47,-0.27233940525091427
Hepatocellular carcinoma,48,-0.24443677848112214
Hepatocellular carcinoma,49,-0.3381029743714635
Pancreatic cancer,0,-0.769653051060958
Pancreatic cancer,1,-0.5749858489418631
Pancreatic cancer,2,-0.2529587831350153
Pancreatic cancer,3,-0.5552782499222058
Pancreatic cancer,4,-0.4251858754470187
Pancreatic cancer,5,-0.6655665450636253
Pancreatic cancer,6,-0.6179359153450908
Pancreatic cancer,7,-0.3118675575390375
Pancreatic cancer,8,-0.012771576218282187
Pancreatic cancer,9,0.2727353012775662
Pancreatic cancer,10,-0.5997630891078929
Pancreatic cancer,11,-0.6750781252478777
Pancreatic cancer,12,0.45582965931107294
Pancreatic cancer,13,0.6091231060265699
Pancreatic cancer,14,-0.20824789738263516
Pancreatic cancer,15,-0.2967533853908713
Pancreatic cancer,16,-0.6810176079969532
Pancreatic cancer,17,0.11943371469772605
Pancreatic cancer,18,-0.34565317282587416
Pancreatic cancer,19,0.49062816326274894
Pancreatic cancer,20,-0.4825631984565194
Pancreatic cancer,21,-0.587607735201082
Pancreatic cancer,22,-0.011354874857653345
Pancreatic cancer,23,-0.23775183663135324
Pancreatic cancer,24,0.5496235696779295
Pancreatic cancer,25,-0.4973233430559527
Pancreatic cancer,26,-0.23781229991684927
Pancreatic cancer,27,0.02766070992612532
Pancreatic cancer,28,-0.4336927883177701
Pancreatic cancer,29,-0.026227189268403384
Pancreatic cancer,30,-0.9936003921547942
Pancreatic cancer,31,0.1928217288529963
Pancreatic cancer,32,-0.7184454243612455
Pancreatic cancer,33,0.42001802634565033
Pancreatic cancer,34,-0.4811411226158073
Pancreatic cancer,35,0.22837262870928027
Pancreatic cancer,36,0.17120175484414674
Pancreatic cancer,37,0.02215847007706241
Pancreatic cancer,38,-0.1713421845402456
Pancreatic cancer,39,0.030796663693593528
Pancreatic cancer,40,0.044032389856890626
Pancreatic cancer,41,-0.5145630840397893
Pancreatic cancer,42,-0.2642817013990034
Pancreatic cancer,43,0.11601407640120028
Pancreatic cancer,44,-0.2108459369314079
Pancreatic cancer,45,-0.7864748734005884
Pancreatic cancer,46,-0.5827291368760711
Pancreatic cancer,47,-0.11732987239830829
Pancreatic cancer,48,-0.17413043301483705
Pancreatic cancer,49,-0.8454092782613647
T cell receptor signaling pathway,0,0.5350073599981743
T cell receptor signaling pathway,1,-0.1704430255120234
T cell receptor signaling pathway,2,-0.4290824185109057
T cell receptor signaling pathway,3,0.023784885075004186
T cell receptor signaling pathway,4,-0.532150379784083
T cell receptor signaling pathway,5,-0.24061551341464982
T cell receptor signaling pathway,6,-0.5272550926202748
T cell receptor signaling pathway,7,0.47504065539638896
T cell receptor signaling pathway,8,-0.704998328258045
T cell receptor signaling pathway,9,-0.16253655091138994
T cell receptor signaling pathway,10,0.2538281884132396
T cell receptor signaling pathway,11,-0.7002233470536381
T cell receptor signaling pathway,12,-0.4224137858818761
T cell receptor signaling pathway,13,-0.17775059393571344
T cell receptor signaling pathway,14,0.09449545723863564
T cell receptor signaling pathway,15,-0.3525628410320236
T cell receptor signaling pathway,16,-0.2697997233628361
T cell receptor signaling pathway,17,-0.3379840990804086
T cell receptor signaling pathway,18,-0.33781176125388407
T cell receptor signaling pathway,19,-0.1667345500627943
T cell receptor signaling pathway,20,-0.014351830061655649
T cell receptor signaling pathway,21,-0.43638569477020905
T cell receptor signaling pathway,22,-0.2589799898704355
T cell receptor signaling pathway,23,-0.450927483702244
T cell receptor signaling pathway,24,0.20751650147826523
T cell receptor signaling pathway,25,-0.5926448340087105
T cell receptor signaling pathway,26,-0.46035647942029034
T cell receptor signaling pathway,27,0.22341989473933577
T cell receptor signaling pathway,28,-0.17101403741130516
T cell receptor signaling pathway,29,-0.60583125652812
T cell receptor signaling pathway,30,-0.4490196091987527
T cell receptor signaling pathway,31,0.23236985860476445
T cell receptor signaling pathway,32,-0.4234830372928068
T cell receptor signaling pathway,33,-0.4243533027879741
T cell receptor signaling pathway,34,-0.4742483516166374
T cell receptor signaling pathway,35,-0.7904020390956972
T cell receptor signaling pathway,36,-0.8458256580521601
T cell receptor signaling pathway,37,-0.6213730433917476
T cell receptor signaling pathway,38,-0.6526011543568954
T cell receptor signaling pathway,39,0.16373281595734854
T cell receptor signaling pathway,40,-0.1667788403808516
T cell receptor signaling pathway,41,0.27373061455106323
T cell receptor signaling pathway,42,-0.51069077382378
T cell receptor signaling pathway,43,-0.4357604813799398
T cell receptor signaling pathway,44,0.4618442187473908
T cell receptor signaling pathway,45,-0.5946746916314312
T cell receptor signaling pathway,46,-0.46267818641474373
T cell receptor signaling pathway,47,-0.7059528984069211
T cell receptor signaling pathway,48,-0.4122719462086186
T cell receptor signaling pathway,49,0.153921041326423
B cell receptor signaling pathway,0,0.9362800005594223
B cell receptor signaling pathway,1,0.23028511962122927
B cell receptor signaling pathway,2,-0.4538732366948601
B cell receptor signaling pathway,3,0.9598879661558606
B cell receptor signaling pathway,4,-0.41855524659384846
B cell receptor signaling pathway,5,-0.4618364847170644
B cell receptor signaling pathway,6,-0.24989214317443084
B cell receptor signaling pathway,7,-0.19337738050710784
B cell receptor signaling pathway,8,0.2187661747247723
B cell receptor signaling pathway,9,-0.2985983462632385
B cell receptor signaling pathway,10,0.2526581643058753
B cell receptor signaling pathway,11,-0.3674269847599164
B cell receptor signaling pathway,12,-0.5626615007924192
B cell receptor signaling pathway,13,-0.4687504222549205
B cell receptor signaling pathway,14,-0.682509404396748
B cell receptor signaling pathway,15,-0.47092927855742345
B cell receptor signaling pathway,16,0.2335478830268694
B cell receptor signaling pathway,17,0.03624358391496508
B cell receptor signaling pathway,18,-0.1939751369472376
B cell receptor signaling pathway,19,-0.6963223796778896
B cell receptor signaling pathway,20,0.6672689832062291
B cell receptor signaling pathway,21,-0.7152399350419909
B cell receptor signaling pathway,22,-1.0156725382098055
B cell receptor signaling pathway,23,-0.539590234946611
B cell receptor signaling pathway,24,-0.9190425526333266
B cell receptor signaling pathway,25,0.28326258196093596
B cell receptor signaling pathway,26,0.1519578160200564
B cell receptor signaling pathway,27,-0.7846734400852157
B cell receptor signaling pathway,28,-0.5559131588470063
B cell receptor signaling pathway,29,-0.5692415098746799
B cell receptor signaling pathway,30,0.21396733668061013
B cell receptor signaling pathway,31,-0.857213867794591
B cell receptor signaling pathway,32,-0.3377197257961429
B cell receptor signaling pathway,33,-0.41721738573596634
B cell receptor signaling pathway,34,-0.7032382491695306
B cell receptor signaling pathway,35,-0.655173081753754
B cell receptor signaling pathway,36,-0.37989736623326864
B cell receptor signaling pathway,37,-0.5878889053264387
B cell receptor signaling pathway,38,-0.48143726447676205
B cell receptor signaling pathway,39,-0.6623724768460159
B cell receptor signaling pathway,40,-0.20154330036639373
B cell receptor signaling pathway,41,-0.21419922844547085
B cell receptor signaling pathway,42,-0.33219379297731755
B cell receptor signaling pathway,43,-0.26764190598165327
B cell receptor signaling pathway,44,0.27077205431943185
B cell receptor signaling pathway,45,-0.5948250746718478
B cell receptor signaling pathway,46,-0.4306238793269385
B cell receptor signaling pathway,47,0.4490052459376841
B cell receptor signaling pathway,48,-0.050458938581912395
B cell receptor signaling pathway,49,-0.1745865874044979
Natural killer cell mediated cytotoxicity,0,-0.3694677723354629
Natural killer cell mediated cytotoxicity,1,-0.2751909176983731
Natural killer cell mediated cytotoxicity,2,-0.3426782816675675
Natural killer cell mediated cytotoxicity,3,-1.0066396825929929
Natural killer cell mediated cytotoxicity,4,-0.6573363332904647
Natural killer cell mediated cytotoxicity,5,0.22986369010697624
Natural killer cell mediated cytotoxicity,6,-0.9943012751200726
Natural killer cell mediated cytotoxicity,7,-0.5247038473127832
Natural killer cell mediated cytotoxicity,8,0.3378314085176614
Natural killer cell mediated cytotoxicity,9,-0.0798014312690446
Natural killer cell mediated cytotoxicity,10,-0.23957582240652814
Natural killer cell mediated cytotoxicity,11,0.010750280294827745
Natural killer cell mediated cytotoxicity,12,-0.15939701791397268
Natural killer cell mediated cytotoxicity,13,-0.5505658271701421
Natural killer cell mediated cytotoxicity,14,-0.328610808347249
Natural killer cell mediated cytotoxicity,15,-0.2891594643009101
Natural killer cell mediated cytotoxicity,16,0.5398245191481686
Natural killer cell mediated cytotoxicity,17,-0.7252983252444317
Natural killer cell mediated cytotoxicity,18,-0.36206243550294936
Natural killer cell mediated cytotoxicity,19,0.16896086244213265
Natural killer cell mediated cytotoxicity,20,-0.5695529995299224
Natural killer cell mediated cytotoxicity,21,-0.03956936378726973
Natural killer cell mediated cytotoxicity,22,-0.25805239962752224
Natural killer cell mediated cytotoxicity,23,-0.16188139869244259
Natural killer cell mediated cytotoxicity,24,-0.619556409542769
Natural killer cell mediated cytotoxicity,25,0.2277722635371442
Natural killer cell mediated cytotoxicity,26,0.38563712834893016
Natural killer cell mediated cytotoxicity,27,-0.7169374589898079
Natural killer cell mediated cytotoxicity,28,-0.7891259590442836
Natural killer cell mediated cytotoxicity,29,-0.24424304429478194
Natural killer cell mediated cytotoxicity,30,0.38974993116225654
Natural killer cell mediated cytotoxicity,31,0.038802881042280586
Natural killer cell mediated cytotoxicity,32,-0.42111939009384325
Natural killer cell mediated cytotoxicity,33,-0.9795993692291596
Natural killer cell mediated cytotoxicity,34,-1.0983714862722318
Natural killer cell mediated cytotoxicity,35,-0.3154786296685738
Natural killer cell mediated cytotoxicity,36,-0.5967626291458925
Natural killer cell mediated cytotoxicity,37,-0.47159788277243697
Natural killer cell mediated cytotoxicity,38,-0.1404961243766646
Natural killer cell mediated cytotoxicity,39,-0.363996239661426
Natural killer cell mediated cytotoxicity,40,0.0009545926321853045
Natural killer cell mediated cytotoxicity,41,-1.0811294190180858
Natural killer cell mediated cytotoxicity,42,0.15968216041497654
Natural killer cell mediated cytotoxicity,43,0.0005352607982167615
Natural killer cell mediated cytotoxicity,44,-0.7565889890535176
Natural killer cell mediated cytotoxicity,45,0.1848171542728691
Natural killer cell mediated cytotoxicity,46,-0.5894945972478809
Natural killer cell mediated cytotoxicity,47,-0.3543299839002628
Natural killer cell mediated cytotoxicity,48,-0.3631555181018524
Natural killer cell mediated cytotoxicity,49,-0.48748793693499576
Antigen processing and presentation,0,0.04804839283437466
Antigen processing and presentation,1,-0.35496412037988834
Antigen processing and presentation,2,0.019449677243916247
Antigen processing and presentation,3,-0.43394149258626125
Antigen processing and presentation,4,-0.47824455333207305
Antigen processing and presentation,5,-0.16133792210832507
Antigen processing and presentation,6,0.3210428265978699
Antigen processing and presentation,7,-0.36174374705360457
Antigen processing and presentation,8,-1.043561932123017
Antigen processing and presentation,9,-0.18026067496589077
Antigen processing and presentation,10,-0.5388115213504051
Antigen processing and presentation,11,-0.26154174312807665
Antigen processing and presentation,12,-0.37595031013515695
Antigen processing and presentation,13,-0.2634479387419756
Antigen processing and presentation,14,-0.5028056277483992
Antigen processing and presentation,15,-0.08540527047313004
Antigen processing and presentation,16,-0.03861107236777108
Antigen processing and presentation,17,-0.37999344661400813
Antigen processing and presentation,18,-1.0155615126042186
Antigen processing and presentation,19,-0.28183166311418817
Antigen processing and presentation,20,0.16001501675195834
Antigen processing and presentation,21,-1.0254341607177428
Antigen processing and presentation,22,-0.24843036176771596
Antigen processing and presentation,23,-0.31057939719582606
Antigen processing and presentation,24,0.04649133361355218
Antigen processing and presentation,25,0.38049116524077553
Antigen processing and presentation,26,-0.5136168953468734
Antigen processing and presentation,27,-0.3310337153010495
Antigen processing and presentation,28,-0.6839426898130901
Antigen processing and presentation,29,-1.0376426278348831
Antigen processing and presentation,30,-0.33356530256688477
Antigen processing and presentation,31,0.4162618051156677
Antigen processing and presentation,32,-0.33938894822752275
Antigen processing and presentation,33,-0.2923674646619018
Antigen processing and presentation,34,0.0019059896291200012
Antigen processing and presentation,35,-0.2861944706201016
Antigen processing and presentation,36,0.20467764238237068
Antigen processing and presentation,37,-0.8515164562284078
Antigen processing and presentation,38,-0.5761230719609158
Antigen processing and presentation,39,0.1171996652827155
Antigen processing and presentation,40,-0.06535856942234453
Antigen processing and presentation,41,-0.00763184120217711
Antigen processing and presentation,42,-0.1996501224727671
Antigen processing and presentation,43,0.008130855001031412
Antigen processing and presentation,44,-0.3583330473832994
Antigen processing and presentation,45,-0.5254350818983741
Antigen processing and presentation,46,-0.7149410893765666
Antigen processing and presentation,47,0.27635540624582
Antigen processing and presentation,48,-0.17578436062117106
Antigen processing and presentation,49,0.12006298831954212
Cytokine-cytokine receptor interaction,0,-0.46496818508955773
Cytokine-cytokine receptor interaction,1,-0.656929275871186
Cytokine-cytokine receptor interaction,2,-0.37477242845964265
Cytokine-cytokine receptor interaction,3,-0.00579128359278336
Cytokine-cytokine receptor interaction,4,-0.7024091407657811
Cytokine-cytokine receptor interaction,5,-0.22776916646806866
Cytokine-cytokine receptor interaction,6,-0.6003377913951174
Cytokine-cytokine receptor interaction,7,-0.34571009291936616
Cytokine-cytokine receptor interaction,8,-0.8049612628558612
Cytokine-cytokine receptor interaction,9,-0.4465568938998943
Cytokine-cytokine receptor interaction,10,-0.536344321142562
Cytokine-cytokine receptor interaction,11,-0.796031675521913
Cytokine-cytokine receptor interaction,12,0.1102552160749901
Cytokine-cytokine receptor interaction,13,-0.4571345965007305
Cytokine-cytokine receptor interaction,14,-0.3532702878126386
Cytokine-cytokine receptor interaction,15,0.2071943013187887
Cytokine-cytokine receptor interaction,16,-0.562673737277157
Cytokine-cytokine receptor interaction,17,-0.35699978906669494
Cytokine-cytokine receptor interaction,18,-0.24857000454130768
Cytokine-cytokine receptor interaction,19,-0.3083425651941416
Cytokine-cytokine receptor interaction,20,-0.5875980325966152
Cytokine-cytokine receptor interaction,21,-0.13444110607167797
Cytokine-cytokine receptor interaction,22,-0.8890038434167781
Cytokine-cytokine receptor interaction,23,-0.47381168609814417
Cytokine-cytokine receptor interaction,24,-0.29148956896668027
Cytokine-cytokine receptor interaction,25,0.12231977069207772
Cytokine-cytokine receptor interaction,26,-0.6952585115287921
Cytokine-cytokine receptor interaction,27,-0.7979836548952416
Cytokine-cytokine receptor interaction,28,-0.9320211616599936
Cytokine-cytokine receptor interaction,29,-0.0673410733633728
Cytokine-cytokine receptor interaction,30,-0.5380141530829889
Cytokine-cytokine receptor interaction,31,-0.3543164268621324
Cytokine-cytokine receptor interaction,32,-0.8166089650859625
Cytokine-cytokine receptor interaction,33,-0.3307760584271615
Cytokine-cytokine receptor interaction,34,-0.7263078198262498
Cytokine-cytokine receptor interaction,35,-0.22185635728414782
Cytokine-cytokine receptor interaction,36,-0.22785362810516108
Cytokine-cytokine receptor interaction,37,-0.013845273555565118
Cytokine-cytokine receptor interaction,38,-0.7967990221910872
Cytokine-cytokine receptor interaction,39,-0.366026608416429
Cytokine-cytokine receptor interaction,40,-0.4822438211759986
Cytokine-cytokine receptor interaction,41,-0.716271770625992
Cytokine-cytokine receptor interaction,42,0.019285652895438585
Cytokine-cytokine receptor interaction,43,-0.8649549838869415
Cytokine-cytokine receptor interaction,44,-0.2845292857494895
Cytokine-cytokine receptor interaction,45,-0.17769420707986822
Cytokine-cytokine receptor interaction,46,-0.5086032225574059
Cytokine-cytokine receptor interaction,47,-0.34839961245230766
Cytokine-cytokine receptor interaction,48,-0.48124791379240417
Cytokine-cytokine receptor interaction,49,-0.6928640275955764
Chemokine signaling pathway,0,-0.7903799771249017
Chemokine signaling pathway,1,-0.5240052468100358
Chemokine signaling pathway,2,-0.2823165039101727
Chemokine signaling pathway,3,-0.29784162688647975
Chemokine signaling pathway,4,-0.7111401017176795
Chemokine signaling pathway,5,-0.24987829852138635
Chemokine signaling pathway,6,-0.05916517630145482
Chemokine signaling pathway,7,-0.19568339602481793
Chemokine signaling pathway,8,-0.40239319985196603
Chemokine signaling pathway,9,0.12729849886993613
Chemokine signaling pathway,10,-0.9766346099233908
Chemokine signaling pathway,11,-0.16745935858416927
Chemokine signaling pathway,12,-0.19009246790930334
Chemokine signaling pathway,13,-0.30753783077302965
Chemokine signaling pathway,14,-0.23716819323230287
Chemokine signaling pathway,15,-0.3887085240199296
Chemokine signaling pathway,16,-0.11905418053121966
Chemokine signaling pathway,17,-0.3349202097835526
Chemokine signaling pathway,18,-0.9218623266919417
Chemokine signaling pathway,19,-0.002439396216806918
Chemokine signaling pathway,20,-0.5460644175164681
Chemokine signaling pathway,21,-0.8160136114847929
Chemokine signaling pathway,22,-0.05370563566353628
Chemokine signaling pathway,23,0.09715068236526171
Chemokine signaling pathway,24,-0.4554557503184308
Chemokine signaling pathway,25,-0.49364677820356573
Chemokine signaling pathway,26,-0.4500002473125907
Chemokine signaling pathway,27,-0.2172974226040613
Chemokine signaling pathway,28,-0.519865452752591
Chemokine signaling pathway,29,-0.4141181561846464
Chemokine signaling pathway,30,-0.39154404899196316
Chemokine signaling pathway,31,0.23894350149693794
Chemokine signaling pathway,32,-1.0980892542707774
Chemokine signaling pathway,33,-0.7195221281728506
Chemokine signaling pathway,34,-0.4211224118404784
Chemokine signaling pathway,35,-0.08422370983324824
Chemokine signaling pathway,36,-0.8257760689334408
Chemokine signaling pathway,37,0.18732584034701516
Chemokine signaling pathway,38,-0.0830881471008056
Chemokine signaling pathway,39,-0.9733587508566917
Chemokine signaling pathway,40,-0.9215992909992275
Chemokine signaling pathway,41,-0.07593509016812602
Chemokine signaling pathway,42,-0.6504410516159315
Chemokine signaling pathway,43,-0.6302509063731898
Chemokine signaling pathway,44,-0.666570225415816
Chemokine signaling pathway,45,-0.3144824343118137
Chemokine signaling pathway,46,0.3640731949388768
Chemokine signaling pathway,47,-0.4073121276677255
Chemokine signaling pathway,48,-0.5301853003494355
Chemokine signaling pathway,49,-0.32615490466237707
ECM-receptor interaction,0,-0.5074871477946639
ECM-receptor interaction,1,0.12316447669512545
ECM-receptor interaction,2,-0.420910092270925
ECM-receptor interaction,3,-0.9701263119770995
ECM-receptor interaction,4,-0.12355276086563685
ECM-receptor interaction,5,-0.5937177684600098
ECM-receptor interaction,6,-0.20380398003005795
ECM-receptor interaction,7,-0.3113051857573997
ECM-receptor interaction,8,-0.5427219543713531
ECM-receptor interaction,9,0.4524051533398826
ECM-receptor interaction,10,-0.6266246000423337
ECM-receptor interaction,11,-0.6767408580833545
ECM-receptor interaction,12,-0.1139934696617467
ECM-receptor interaction,13,-0.202385682223874
ECM-receptor interaction,14,0.35617664535819293
ECM-receptor interaction,15,-0.15214441753731864
ECM-receptor interaction,16,-0.6755688408947063
ECM-receptor interaction,17,0.07527684070370412
ECM-receptor interaction,18,0.1755415460870984
ECM-receptor interaction,19,-0.661207638753428
ECM-receptor interaction,20,-0.011626965047350309
ECM-receptor interaction,21,-0.0821130035838954
ECM-receptor interaction,22,-0.16354462183268603
ECM-receptor interaction,23,-0.16714964633423424
ECM-receptor interaction,24,-0.5336064393318608
ECM-receptor interaction,25,-0.4389124519808794
ECM-receptor interaction,26,-0.4578755348020048
ECM-receptor interaction,27,-0.17628426656097815
ECM-receptor interaction,28,-0.398286311577123
ECM-receptor interaction,29,-0.22046571130656226
ECM-receptor interaction,30,-0.5755622909026934
ECM-receptor interaction,31,0.2883224258412835
ECM-receptor interaction,32,-0.13504089643396358
ECM-receptor interaction,33,-0.23933213326143377
ECM-receptor interaction,34,-0.4062358875043907
ECM-receptor interaction,35,-0.7088303835388257
ECM-receptor interaction,36,-0.6012222814561672
ECM-receptor interaction,37,-0.42035944925502033
ECM-receptor interaction,38,-0.4295632932229497
ECM-receptor interaction,39,-0.13402214980705981
ECM-receptor interaction,40,-0.319539352798623
ECM-receptor interaction,41,0.321118168294602
ECM-receptor interaction,42,-0.7469588722944666
ECM-receptor interaction,43,-0.4633197727367608
ECM-receptor interaction,44,0.3837387016168279
ECM-receptor interaction,45,0.0893014304122834
ECM-receptor interaction,46,-0.7138955014815438
ECM-receptor interaction,47,-0.18474722723647374
ECM-receptor interaction,48,-0.38002800286102123
ECM-receptor interaction,49,-0.09009300669934561
Focal adhesion,0,-0.6825064754394834
Focal adhesion,1,-0.3099792950148259
Focal adhesion,2,-0.4938276470960435
Focal adhesion,3,-0.14486146494232538
Focal adhesion,4,-0.5911134874059586
Focal adhesion,5,-0.20869470680168287
Focal adhesion,6,-0.6426788341315646
Focal adhesion,7,-0.8920790188922572
Focal adhesion,8,-0.6283947070753617
Focal adhesion,9,-0.17851461156878998
Focal adhesion,10,-0.6157857516551597
Focal adhesion,11,-0.733526036733282
Focal adhesion,12,0.3315981458468278
Focal adhesion,13,-0.08848186104047287
Focal adhesion,14,-0.7136633376455346
Focal adhesion,15,-0.4919132968021712
Focal adhesion,16,-0.4571313128632697
Focal adhesion,17,-0.6077001177222242
Focal adhesion,18,-0.6676099428973162
Focal adhesion,19,-0.21281693416625108
Focal adhesion,20,0.12380692193396643
Focal adhesion,21,-0.7432778034485099
Focal adhesion,22,0.35938734551489016
Focal adhesion,23,0.015324093616175077
Focal adhesion,24,-0.7312953592558001
Focal adhesion,25,-0.5507396674138934
Focal adhesion,26,-0.41140083795567095
Focal adhesion,27,-0.5563848767405208
Focal adhesion,28,-0.44981796806530194
Focal adhesion,29,-0.1663577000691574
Focal adhesion,30,-0.4017816678097941
Focal adhesion,31,-0.33512179627565947
Focal adhesion,32,-0.5040904471784439
Focal adhesion,33,-0.8722341165395545
Focal adhesion,34,-0.650397242937868
Focal adhesion,35,-0.6601855201675726
Focal adhesion,36,-0.23060776771743866
Focal adhesion,37,-0.34238906520896684
Focal adhesion,38,-0.40349189016559805
Focal adhesion,39,-0.5804604190897464
Focal adhesion,40,-0.39933615378288395
Focal adhesion,41,-0.21235234382901907
Focal adhesion,42,-0.45484570515243594
Focal adhesion,43,-0.18240977265041208
Focal adhesion,44,0.18884765776672602
Focal adhesion,45,-0.36990482183316364
Focal adhesion,46,-0.5819397241225801
Focal adhesion,47,-0.11947072067752855
Focal adhesion,48,-0.2894034112499312
Focal adhesion,49,0.7225848266628421
Cell adhesion molecules,0,0.5799388843984519
Cell adhesion molecules,1,-0.596007005364443
Cell adhesion molecules,2,0.13008882179415884
Cell adhesion molecules,3,-0.2848535749298607
Cell adhesion molecules,4,-0.15378304354787287
Cell adhesion molecules,5,-0.33607622567350415
Cell adhesion molecules,6,-0.4009677696150815
Cell adhesion molecules,7,-0.440439496463555
Cell adhesion molecules,8,0.10515412610577617
Cell adhesion molecules,9,-0.12912524284710952
Cell adhesion molecules,10,-0.6825975160354766
Cell adhesion molecules,11,-0.43777576440099025
Cell adhesion molecules,12,-0.59767053518312
Cell adhesion molecules,13,-0.5720056499705874
Cell adhesion molecules,14,-0.32518280569220276
Cell adhesion molecules,15,-0.4405464313449333
Cell adhesion molecules,16,-0.7870883526868412
Cell adhesion molecules,17,-0.8658337390254058
Cell adhesion molecules,18,-0.6256881177441767
Cell adhesion molecules,19,-0.8641948173398784
Cell adhesion molecules,20,-0.41901543385662743
Cell adhesion molecules,21,-0.7011078828648063
Cell adhesion molecules,22,-1.0031729431424048
Cell adhesion molecules,23,-0.5149663614893412
Cell adhesion molecules,24,-0.8058772033862165
Cell adhesion molecules,25,-0.3014457183892335
Cell adhesion molecules,26,-0.48305462584650943
Cell adhesion molecules,27,-0.6455681744760835
Cell adhesion molecules,28,-0.383865722285023
Cell adhesion molecules,29,-0.18824820833266293
Cell adhesion molecules,30,-0.3446574312205678
Cell adhesion molecules,31,-0.46420583438756197
Cell adhesion molecules,32,-0.8053419798246335
Cell adhesion molecules,33,-0.4414012330699879
Cell adhesion molecules,34,-0.5708646623888867
Cell adhesion molecules,35,-0.8963082865479748
Cell adhesion molecules,36,-0.14330747969410593
Cell adhesion molecules,37,0.1897808502189071
Cell adhesion molecules,38,-0.7728267054017048
Cell adhesion molecules,39,-0.5628150318894349
Cell adhesion molecules,40,-0.6796576725442892
Cell adhesion molecules,41,-0.2313292768201937
Cell adhesion molecules,42,-0.6427104898231694
Cell adhesion molecules,43,-0.7724169184265399
Cell adhesion molecules,44,-0.2992311775205222
Cell adhesion molecules,45,-0.1770793291707658
Cell adhesion molecules,46,-0.3692639261161774
Cell adhesion molecules,47,-0.6626204514294147
Cell adhesion molecules,48,-0.46392095611700357
Cell adhesion molecules,49,-0.6420752438909707
Regulation of actin cytoskeleton,0,-0.6720286525788438
Regulation of actin cytoskeleton,1,0.7499937351187485
Regulation of actin cytoskeleton,2,0.2967863577184141
Regulation of actin cytoskeleton,3,-0.245841113493466
Regulation of actin cytoskeleton,4,-0.08071253010145191
Regulation of actin cytoskeleton,5,-0.18577050713238333
Regulation of actin cytoskeleton,6,0.038136620162375054
Regulation of actin cytoskeleton,7,0.23572077875984127
Regulation of actin cytoskeleton,8,-0.12821229210575633
Regulation of actin cytoskeleton,9,-0.34909670318429276
Regulation of actin cytoskeleton,10,-0.5381968268319708
Regulation of actin cytoskeleton,11,-0.3336144253398634
Regulation of actin cytoskeleton,12,-0.6764253404233255
Regulation of actin cytoskeleton,13,-0.5791282061791653
Regulation of actin cytoskeleton,14,-0.5234179863369888
Regulation of actin cytoskeleton,15,0.4433945813596787
Regulation of actin cytoskeleton,16,-0.7412190811521072
Regulation of actin cytoskeleton,17,-0.17360202022510773
Regulation of actin cytoskeleton,18,-0.050152899305760716
Regulation of actin cytoskeleton,19,0.346631254401507
Regulation of actin cytoskeleton,20,0.06669881446027083
Regulation of actin cytoskeleton,21,-0.29948221261337893
Regulation of actin cytoskeleton,22,-0.7225752009030875
Regulation of actin cytoskeleton,23,-0.5205797604405547
Regulation of actin cytoskeleton,24,-0.6039560254309231
Regulation of actin cytoskeleton,25,-0.24722552303013762
Regulation of actin cytoskeleton,26,-0.43475311456623045
Regulation of actin cytoskeleton,27,-0.9033757137393281
Regulation of actin cytoskeleton,28,-0.6373384988221615
Regulation of actin cytoskeleton,29,-0.17888287870519437
Regulation of actin cytoskeleton,30,-0.1769507969947991
Regulation of actin cytoskeleton,31,-0.24937744462564165
Regulation of actin cytoskeleton,32,-0.5486232755857692
Regulation of actin cytoskeleton,33,-0.2623607301455537
Regulation of actin cytoskeleton,34,-0.7612079370552465
Regulation of actin cytoskeleton,35,-0.8353822338242237
Regulation of actin cytoskeleton,36,-0.9228406174373858
Regulation of actin cytoskeleton,37,-0.4273510769993888
Regulation of actin cytoskeleton,38,-0.7916990058324547
Regulation of actin cytoskeleton,39,-0.8306204979162357
Regulation of actin cytoskeleton,40,-0.29073856468642945
Regulation of actin cytoskeleton,41,-0.5098902376435789
Regulation of actin cytoskeleton,42,-0.590274972105719
Regulation of actin cytoskeleton,43,-0.37744141758156147
Regulation of actin cytoskeleton,44,0.030475417189042543
Regulation of actin cytoskeleton,45,-0.4981643929591033
Regulation of actin cytoskeleton,46,-0.02949564657776844
Regulation of actin cytoskeleton,47,0.048113670940844414
Regulation of actin cytoskeleton,48,-0.06714750783454718
Regulation of actin cytoskeleton,49,-0.646242137147965
Glycolysis / Gluconeogenesis,0,-0.1723884420612552
Glycolysis / Gluconeogenesis,1,-0.19007088447133133
Glycolysis / Gluconeogenesis,2,-0.12275485612091061
Glycolysis / Gluconeogenesis,3,-0.7901250396670302
Glycolysis / Gluconeogenesis,4,-0.6577539470860896
Glycolysis / Gluconeogenesis,5,-0.8986159244097354
Glycolysis / Gluconeogenesis,6,-0.34078867068430524
Glycolysis / Gluconeogenesis,7,-0.7647568343503196
Glycolysis / Gluconeogenesis,8,0.14843622905063975
Glycolysis / Gluconeogenesis,9,-0.13158549527636046
Glycolysis / Gluconeogenesis,10,-0.19647956504944336
Glycolysis / Gluconeogenesis,11,-0.2377151249014732
Glycolysis / Gluconeogenesis,12,0.1713456393014106
Glycolysis / Gluconeogenesis,13,-0.2594098265043786
Glycolysis / Gluconeogenesis,14,-0.445547935432803
Glycolysis / Gluconeogenesis,15,-0.40029717760542494
Glycolysis / Gluconeogenesis,16,-0.3442872830028979
Glycolysis / Gluconeogenesis,17,-0.22996004451620103
Glycolysis / Gluconeogenesis,18,0.9258408251556994
Glycolysis / Gluconeogenesis,19,-0.19902176964268153
Glycolysis / Gluconeogenesis,20,-0.10906196442865862
Glycolysis / Gluconeogenesis,21,-0.5556836245426815
Glycolysis / Gluconeogenesis,22,-0.3707927269432048
Glycolysis / Gluconeogenesis,23,-0.39806039218553385
Glycolysis / Gluconeogenesis,24,-0.3325468151580667
Glycolysis / Gluconeogenesis,25,0.2983792577535529
Glycolysis / Gluconeogenesis,26,-0.39014036714801026
Glycolysis / Gluconeogenesis,27,-0.03878402463710466
Glycolysis / Gluconeogenesis,28,-0.43627600383471155
Glycolysis / Gluconeogenesis,29,0.08079074760475281
Glycolysis / Gluconeogenesis,30,-0.028580240741425754
Glycolysis / Gluconeogenesis,31,-0.8900752929623212
Glycolysis / Gluconeogenesis,32,0.09760954002086075
Glycolysis / Gluconeogenesis,33,-0.10167661502944803
Glycolysis / Gluconeogenesis,34,0.4728951178883144
Glycolysis / Gluconeogenesis,35,-0.16749807952517504
Glycolysis / Gluconeogenesis,36,0.6065524345964385
Glycolysis / Gluconeogenesis,37,-0.4155190943727461
Glycolysis / Gluconeogenesis,38,-0.7682232066332735
Glycolysis / Gluconeogenesis,39,-0.5890872537717694
Glycolysis / Gluconeogenesis,40,-0.047754975620855
Glycolysis / Gluconeogenesis,41,-0.34515438923823843
Glycolysis / Gluconeogenesis,42,-0.7980754123926501
Glycolysis / Gluconeogenesis,43,-0.31040106323575806
Glycolysis / Gluconeogenesis,44,-0.8583305228749472
Glycolysis / Gluconeogenesis,45,-0.27311019687190374
Glycolysis / Gluconeogenesis,46,0.147603993485229
Glycolysis / Gluconeogenesis,47,-0.3503366002604781
Glycolysis / Gluconeogenesis,48,-0.2655027842948951
Glycolysis / Gluconeogenesis,49,0.3697503426865654
Oxidative phosphorylation,0,-0.913825055279236
Oxidative phosphorylation,1,-0.1640709404705265
Oxidative phosphorylation,2,-0.08802175273388839
Oxidative phosphorylation,3,0.5676544078002614
Oxidative phosphorylation,4,-0.33215052291627944
Oxidative phosphorylation,5,-0.427220674642249
Oxidative phosphorylation,6,-0.4132075703874589
Oxidative phosphorylation,7,-0.3184416552396476
Oxidative phosphorylation,8,-0.4951007357013707
Oxidative phosphorylation,9,-0.18743824162387027
Oxidative phosphorylation,10,0.11409165003378302
Oxidative phosphorylation,11,-0.77978329338461
Oxidative phosphorylation,12,-0.7419903005626038
Oxidative phosphorylation,13,0.5897857032886666
Oxidative phosphorylation,14,-0.6473285151940004
Oxidative phosphorylation,15,-0.008569431365309717
Oxidative phosphorylation,16,-0.8296600587817364
Oxidative phosphorylation,17,-0.40643370975318216
Oxidative phosphorylation,18,-0.11365068218071156
Oxidative phosphorylation,19,-0.5209348211939344
Oxidative phosphorylation,20,-0.5066305577535302
Oxidative phosphorylation,21,-0.9744442638831827
Oxidative phosphorylation,22,0.05224825670633606
Oxidative phosphorylation,23,0.30372712698649973
Oxidative phosphorylation,24,0.47758927562250886
Oxidative phosphorylation,25,-0.2214081733386532
Oxidative phosphorylation,26,-0.5451297239200796
Oxidative phosphorylation,27,-0.6625015498828803
Oxidative phosphorylation,28,0.3001491882280525
Oxidative phosphorylation,29,-0.07977454493620698
Oxidative phosphorylation,30,-0.5283821802728355
Oxidative phosphorylation,31,-0.5933569172604942
Oxidative phosphorylation,32,-0.5672481306435667
Oxidative phosphorylation,33,-0.1632837045064704
Oxidative phosphorylation,34,-0.6774437799117605
Oxidative phosphorylation,35,-0.9555809026619422
Oxidative phosphorylation,36,-0.700460263291758
Oxidative phosphorylation,37,-0.17445435346266247
Oxidative phosphorylation,38,-0.8549152900003214
Oxidative phosphorylation,39,-0.2545450608419072
Oxidative phosphorylation,40,0.11181308871749043
Oxidative phosphorylation,41,-0.6410483722550646
Oxidative phosphorylation,42,-0.033059998619808864
Oxidative phosphorylation,43,-0.7149412497956303
Oxidative phosphorylation,44,-0.6117078535599153
Oxidative phosphorylation,45,-0.5483373934835909
Oxidative phosphorylation,46,-0.5566244040259545
Oxidative phosphorylation,47,-0.513255905548671
Oxidative phosphorylation,48,-0.6121248102716161
Oxidative phosphorylation,49,0.43023535155729076
DNA replication,0,-0.2083992489780221
DNA replication,1,0.06466144059587425
DNA replication,2,0.7933549879503949
DNA replication,3,0.43820632149544325
DNA replication,4,-0.5342463490576804
DNA replication,5,0.016233520727149134
DNA replication,6,-0.052354400304572904
DNA replication,7,-0.5370897593009923
DNA replication,8,-1.144275039963696
DNA replication,9,0.3675703170510147
DNA replication,10,-0.07474912686695781
DNA replication,11,-0.5100262311807999
DNA replication,12,-0.6976783825729265
DNA replication,13,-0.6339690489806866
DNA replication,14,0.10204981211592012
DNA replication,15,-0.17181182319624289
DNA replication,16,-0.4566951609111911
DNA replication,17,-0.7476737393341291
DNA replication,18,-0.4887652345706992
DNA replication,19,-0.177642832308286
DNA replication,20,0.27598341426924056
DNA replication,21,-0.37218151392210874
DNA replication,22,0.6044445247574338
DNA replication,23,0.4080670526921012
DNA replication,24,0.21512801902912637
DNA replication,25,-0.4907838095114173
DNA replication,26,0.40114956968204096
DNA replication,27,-0.5659029422080578
DNA replication,28,0.0001477654140769243
DNA replication,29,-0.6715342609022202
DNA replication,30,-0.9121029510355301
DNA replication,31,0.02697328351121149
DNA replication,32,0.01747944586253123
DNA replication,33,-0.7141313035276124
DNA replication,34,-0.05460302478332835
DNA replication,35,-0.4065738654653107
DNA replication,36,-0.5084588864162191
DNA replication,37,-0.4242293416676566
DNA replication,38,-0.8450890673757834
DNA replication,39,-0.24449189898762264
DNA replication,40,-0.15785370737518584
DNA replication,41,0.8348745734160034
DNA replication,42,-0.479294781086393
DNA replication,43,0.5747538276767674
DNA replication,44,-0.09487803416871038
DNA replication,45,-0.7825783872896593
DNA replication,46,-0.315502804403923
DNA replication,47,0.6117696266947057
DNA replication,48,0.20187754826232826
DNA replication,49,-0.10626335569910328
Mismatch repair,0,-0.5580800377024369
Mismatch repair,1,0.9270624508562297
Mismatch repair,2,-0.7631969609680989
Mismatch repair,3,0.747968235597837
Mismatch repair,4,-0.38270921326961366
Mismatch repair,5,0.5222592496654342
Mismatch repair,6,0.5923139714412317
Mismatch repair,7,-0.697114037037796
Mismatch repair,8,-0.28828988155825536
Mismatch repair,9,-0.05728169998316512
Mismatch repair,10,-0.3417589309470185
Mismatch repair,11,0.5008289966226601
Mismatch repair,12,-0.8887110645691194
Mismatch repair,13,-0.08898096638675088
Mismatch repair,14,0.045175661254575374
Mismatch repair,15,-0.34268554758658987
Mismatch repair,16,-0.2919759367053819
Mismatch repair,17,-0.0950809971109947
Mismatch repair,18,-0.6973435604810252
Mismatch repair,19,-0.3108154992027612
Mismatch repair,20,0.1077376898610244
Mismatch repair,21,-0.14661848232838587
Mismatch repair,22,-0.370282654596109
Mismatch repair,23,-0.8447999885160334
Mismatch repair,24,-0.3114023207741805
Mismatch repair,25,-0.21349009865098373
Mismatch repair,26,0.44829451168352175
Mismatch repair,27,0.36548824798484825
Mismatch repair,28,0.17159158638281166
Mismatch repair,29,-0.32602004892820335
Mismatch repair,30,-0.48603463648856104
Mismatch repair,31,-0.5657684805642614
Mismatch repair,32,0.49392215282618546
Mismatch repair,33,0.10034543918637512
Mismatch repair,34,-0.4264798166328538
Mismatch repair,35,0.5145122717348249
Mismatch repair,36,-0.7607777250052035
Mismatch repair,37,-0.782734567385075
Mismatch repair,38,-0.6567178022160793
Mismatch repair,39,0.5801471205712307
Mismatch repair,40,0.8320617420952573
Mismatch repair,41,-0.10264037555097774
Mismatch repair,42,0.027363313159376117
Mismatch repair,43,-0.601065120742999
Mismatch repair,44,-0.5001057408487182
Mismatch repair,45,0.37793656611790827
Mismatch repair,46,0.022246084724135435
Mismatch repair,47,0.0008025054298530695
Mismatch repair,48,0.08059975995780039
Mismatch repair,49,-0.22536755529490388
Base excision repair,0,-0.7879392203604427
Base excision repair,1,-0.6101771931211123
Base excision repair,2,0.20582605936864495
Base excision repair,3,-0.46830579170909203
Base excision repair,4,-0.2828685656064145
Base excision repair,5,-0.510996805032274
Base excision repair,6,-0.015618358782304664
Base excision repair,7,0.7962494213755773
Base excision repair,8,0.16728940498783712
Base excision repair,9,-0.32502693988295345
Base excision repair,10,-0.41597750583278714
Base excision repair,11,0.005075668949130474
Base excision repair,12,-0.3763258013073414
Base excision repair,13,-0.09250958158127995
Base excision repair,14,-0.014137149019793757
Base excision repair,15,0.4344065254925076
Base excision repair,16,-0.6831383740597979
Base excision repair,17,-0.5566013811722
Base excision repair,18,0.23503877774542065
Base excision repair,19,0.4100051315808324
Base excision repair,20,-0.7994453001808169
Base excision repair,21,0.16519483860746342
Base excision repair,22,-0.4221902485908506
Base excision repair,23,-0.09017418527396806
Base excision repair,24,-0.1461768308458276
Base excision repair,25,-0.24850882838007368
Base excision repair,26,-0.35449807437020453
Base excision repair,27,-0.3153924212845094
Base excision repair,28,0.5363980302782945
Base excision repair,29,-0.3126991520196873
Base excision repair,30,-0.3978456213925127
Base excision repair,31,0.09352647231187661
Base excision repair,32,-0.6574324723376072
Base excision repair,33,-0.5519484246633185
Base excision repair,34,0.7934813422061523
Base excision repair,35,-0.6862216291267815
Base excision repair,36,0.08540462568620384
Base excision repair,37,-0.030328671572790396
Base excision repair,38,-0.47522758872828363
Base excision repair,39,-0.2895355138938061
Base excision repair,40,-0.05816981073306071
Base excision repair,41,0.17164236819822137
Base excision repair,42,-0.06795127339302945
Base excision repair,43,0.1700700955299742
Base excision repair,44,-0.3709315411290468
Base excision repair,45,0.3691426813863161
Base excision repair,46,0.04562937777346047
Base excision repair,47,0.6637281365335417
Base excision repair,48,0.3944221624759079
Base excision repair,49,-0.22802735664381327
Homologous recombination,0,0.04002316794362827
Homologous recombination,1,-0.5940249012657772
Homologous recombination,2,-0.351195033644253
Homologous recombination,3,-0.7197056545390221
Homologous recombination,4,-0.01006215039303138
Homologous recombination,5,-1.0127499055073326
Homologous recombination,6,0.05420815005184265
Homologous recombination,7,0.5377995751550704
Homologous recombination,8,0.41110960820855
Homologous recombination,9,-0.22813518026019264
Homologous recombination,10,-0.09796204517852249
Homologous recombination,11,-0.038664127677430174
Homologous recombination,12,0.41980720382725983
Homologous recombination,13,0.020218256946267322
Homologous recombination,14,-0.6534778544572615
Homologous recombination,15,0.7828274405411373
Homologous recombination,16,-0.4592349407167238
Homologous recombination,17,0.3024408581788754
Homologous recombination,18,-0.46674686032472196
Homologous recombination,19,-0.16045036598466117
Homologous recombination,20,-0.3439854687408392
Homologous recombination,21,-0.8016388661168717
Homologous recombination,22,0.18963758081848509
Homologous recombination,23,-0.28317317792782615
Homologous recombination,24,-0.177295021765226
Homologous recombination,25,0.33184614083341535
Homologous recombination,26,0.003614868597451326
Homologous recombination,27,-0.1655826101005062
Homologous recombination,28,0.17597356143763537
Homologous recombination,29,0.8018729357313876
Homologous recombination,30,-0.14674062897197931
Homologous recombination,31,-0.3126401214517309
Homologous recombination,32,-0.5816725560511913
Homologous recombination,33,0.7002837067549093
Homologous recombination,34,-0.1756602055465015
Homologous recombination,35,0.026578465332561335
Homologous recombination,36,-0.5415452205424596
Homologous recombination,37,-0.43427812595411397
Homologous recombination,38,-0.15262642682739863
Homologous recombination,39,0.4224327686557239
Homologous recombination,40,-0.15268634234986578
Homologous recombination,41,0.7603375246793003
Homologous recombination,42,-0.17856644945468025
Homologous recombination,43,0.3783289337156633
Homologous recombination,44,-0.5155857721342167
Homologous recombination,45,0.3935094882991671
Homologous recombination,46,-0.8201179274808927
Homologous recombination,47,0.22229016119560088
Homologous recombination,48,-0.30309120944326584
Homologous recombination,49,-0.584782625879993
