pathway,rep,mean_diff
Cell cycle,0,0.21609186739051248
Cell cycle,1,-0.03932352157758928
Cell cycle,2,-0.25107793828155217
Cell cycle,3,-0.9222563825827015
Cell cycle,4,0.0992344525019816
Cell cycle,5,-0.4603972541295517
Cell cycle,6,0.435501634408898
Cell cycle,7,-0.6629600345399751
Cell cycle,8,-0.6319825514904247
Cell cycle,9,-0.07551441232850696
Cell cycle,10,-0.9082606931079275
Cell cycle,11,-0.043985779555869936
Cell cycle,12,-0.4671687541005832
Cell cycle,13,-0.3252864114330255
Cell cycle,14,-0.5559346471409283
Cell cycle,15,0.32410366616161446
Cell cycle,16,-0.7300819027622811
Cell cycle,17,-0.9890497499564121
Cell cycle,18,-0.15780315391215577
Cell cycle,19,-0.5313382586824641
Cell cycle,20,0.6893265785685261
Cell cycle,21,-0.42940014432919393
Cell cycle,22,-0.7644099727852423
Cell cycle,23,-0.8122992134394825
Cell cycle,24,-0.6974887927585176
Cell cycle,25,-0.7594526099369315
Cell cycle,26,-0.5544086974498671
Cell cycle,27,-0.311150933305398
Cell cycle,28,-0.4466485167066726
Cell cycle,29,-0.6498348596025734
Cell cycle,30,0.3250906436661644
Cell cycle,31,-0.7015927498625285
Cell cycle,32,-0.3453102882499748
Cell cycle,33,-0.41751800208519546
Cell cycle,34,-0.479754492505179
Cell cycle,35,-0.4142871643331151
Cell cycle,36,-0.44470172217374515
Cell cycle,37,-0.40360654452524286
Cell cycle,38,-0.5190487550757076
Cell cycle,39,-0.7891096872829255
Cell cycle,40,-0.1712895724673752
Cell cycle,41,-0.6215939831129763
Cell cycle,42,0.9653705066668729
Cell cycle,43,0.08032030774991483
Cell cycle,44,-0.5436683535860447
Cell cycle,45,0.14221730669150037
Cell cycle,46,-0.9586779739277248
Cell cycle,47,-0.5900260290119336
Cell cycle,48,-0.39082115997632316
Cell cycle,49,-0.4237070422637682
p53 signaling pathway,0,-0.37044462273684536
p53 signaling pathway,1,0.12112869043567279
p53 signaling pathway,2,-0.3885325178552787
p53 signaling pathway,3,-0.7822842365313887
p53 signaling pathway,4,0.606091854888654
p53 signaling pathway,5,0.7786612842588607
p53 signaling pathway,6,-0.6196796291346643
p53 signaling pathway,7,-0.41623092359247005
p53 signaling pathway,8,-0.6189891828964269
p53 signaling pathway,9,0.501198889999255
p53 signaling pathway,10,-0.547335099807574
p53 signaling pathway,11,-0.7141386726322503
p53 signaling pathway,12,0.4009261550662165
p53 signaling pathway,13,-0.2053979133200238
p53 signaling pathway,14,-0.44194507433288144
p53 signaling pathway,15,-0.20809302727067996
p53 signaling pathway,16,-0.5091239929393557
p53 signaling pathway,17,-0.4170219276725165
p53 signaling pathway,18,-0.5432301699901174
p53 signaling pathway,19,-0.3008361244481029
p53 signaling pathway,20,-0.27466597142277804
p53 signaling pathway,21,-0.48514273749788017
p53 signaling pathway,22,-0.4724064752305366
p53 signaling pathway,23,0.47517283032099167
p53 signaling pathway,24,-0.7182376879386508
p53 signaling pathway,25,-0.5659652001572114
p53 signaling pathway,26,0.041443971321024994
p53 signaling pathway,27,-0.3334382318151622
p53 signaling pathway,28,-0.6447687960342128
p53 signaling pathway,29,-0.3206813199453295
p53 signaling pathway,30,-0.7007077070447575
p53 signaling pathway,31,0.016484348925171855
p53 signaling pathway,32,-0.00786825140132995
p53 signaling pathway,33,-0.14436423005059193
p53 signaling pathway,34,-0.14971194148663547
p53 signaling pathway,35,-0.4949070784050512
p53 signaling pathway,36,-0.8471214297934981
p53 signaling pathway,37,-1.0963909862817132
p53 signaling pathway,38,1.205257016786852
p53 signaling pathway,39,-0.3622636613233924
p53 signaling pathway,40,-0.1646489224981629
p53 signaling pathway,41,0.7831275667159756
p53 signaling pathway,42,-0.3016767426535926
p53 signaling pathway,43,-0.3691910377892437
p53 signaling pathway,44,-0.27510745649760404
p53 signaling pathway,45,-0.6947905477118672
p53 signaling pathway,46,-0.014795643084063236
p53 signaling pathway,47,-0.6303368031263474
p53 signaling pathway,48,-0.7585986519649216
p53 signaling pathway,49,-0.24061827878256564
Cellular senescence,0,-0.33281037749228565
Cellular senescence,1,-0.277674140816327
Cellular senescence,2,-0.5870447353192271
Cellular senescence,3,0.3851634928073314
Cellular senescence,4,-0.4741337135631506
Cellular senescence,5,-0.4593798630596109
Cellular senescence,6,-0.2716397681008249
Cellular senescence,7,-0.3372218419526071
Cellular senescence,8,-0.0999374906429413
Cellular senescence,9,-0.35099892829161516
Cellular senescence,10,-0.3962352755280475
Cellular senescence,11,0.5113423916892668
Cellular senescence,12,0.5748792900820343
Cellular senescence,13,-0.6908120327645546
Cellular senescence,14,-0.5775259190700407
Cellular senescence,15,-0.5277283809614534
Cellular senescence,16,-0.5258717675633404
Cellular senescence,17,-0.3553309487702104
Cellular senescence,18,-0.5568362019114478
Cellular senescence,19,-0.834728827362205
Cellular senescence,20,0.5356231826503359
Cellular senescence,21,-0.5417464034424219
Cellular senescence,22,0.5444579989953189
Cellular senescence,23,-0.4077941201526897
Cellular senescence,24,-0.7997609854495384
Cellular senescence,25,-0.4976824070219298
Cellular senescence,26,-0.40227092322851876
Cellular senescence,27,-0.04690979313966045
Cellular senescence,28,-0.33367720485113594
Cellular senescence,29,-0.4768825137851524
Cellular senescence,30,-0.5294113912808422
Cellular senescence,31,0.012789952207783527
Cellular senescence,32,-0.4251502524160808
Cellular senescence,33,0.06561828498049967
Cellular senescence,34,0.8104316478157849
Cellular senescence,35,-0.18621355601119982
Cellular senescence,36,-0.27349042532006723
Cellular senescence,37,-0.33524038795181393
Cellular senescence,38,-0.7516601303800041
Cellular senescence,39,-0.4180668169123789
Cellular senescence,40,-0.5544652638766902
Cellular senescence,41,0.26101181264052137
Cellular senescence,42,-0.1886478421315228
Cellular senescence,43,-0.4622894890218869
Cellular senescence,44,-0.45984842369507967
Cellular senescence,45,-0.16065215300352456
Cellular senescence,46,-0.6649206168456219
Cellular senescence,47,-0.21452219982053522
Cellular senescence,48,-0.1106034289717608
Cellular senescence,49,-0.45180435174655553
Apoptosis,0,-0.16206944211718138
Apoptosis,1,-0.37131241522164216
Apoptosis,2,-0.5733755330718593
Apoptosis,3,0.2775109266050273
Apoptosis,4,0.2880160260021263
Apoptosis,5,-0.5712342975952838
Apoptosis,6,-0.5487237066781847
Apoptosis,7,-0.4301807204514945
Apoptosis,8,-0.5385045034694229
Apoptosis,9,0.06939670816286013
Apoptosis,10,-0.40426127245118393
Apoptosis,11,0.5714240111817587
Apoptosis,12,-0.061495849002558695
Apoptosis,13,-0.397713013100181
Apoptosis,14,-0.3914608730958979
Apoptosis,15,0.448956812039764
Apoptosis,16,-0.2310710043413041
Apoptosis,17,-0.3436141310122734
Apoptosis,18,0.03471940044605808
Apoptosis,19,0.21638600404496536
Apoptosis,20,-0.7766910285956294
Apoptosis,21,-0.26959946893898673
Apoptosis,22,-0.15400425204066823
Apoptosis,23,0.3581117542420197
Apoptosis,24,-0.47903584502869495
Apoptosis,25,-0.4701342355758322
Apoptosis,26,-0.3668464603702419
Apoptosis,27,-0.6616214489866548
Apoptosis,28,-0.07250623876701537
Apoptosis,29,-0.35443375577941844
Apoptosis,30,0.2899499605152375
Apoptosis,31,-0.804976052526094
Apoptosis,32,-0.11615103288295688
Apoptosis,33,-0.5852422060367133
Apoptosis,34,-0.31366598533541323
Apoptosis,35,-0.45137994567665135
Apoptosis,36,-0.5074167118807535
Apoptosis,37,-0.6707138644841207
Apoptosis,38,-0.3969814905866902
Apoptosis,39,-0.8099917483293585
Apoptosis,40,-0.598282028046261
Apoptosis,41,-0.20124267607472973
Apoptosis,42,-0.48564722485809675
Apoptosis,43,-0.23390433111510034
Apoptosis,44,-0.40079959758228334
Apoptosis,45,0.10177849400274463
Apoptosis,46,-0.13709102582425084
Apoptosis,47,-0.35352753494100686
Apoptosis,48,-0.17655995911243405
Apoptosis,49,-0.4607691869193289
Necroptosis,0,0.08795205457865121
Necroptosis,1,-0.7101629416930919
Necroptosis,2,0.49314404572596593
Necroptosis,3,0.1748837383847091
Necroptosis,4,-0.8991016389333527
Necroptosis,5,-0.6828357895021717
Necroptosis,6,0.5190006301843728
Necroptosis,7,-0.1550538704708494
Necroptosis,8,-0.10876822988171173
Necroptosis,9,-0.9545941881183043
Necroptosis,10,-0.13102430477847088
Necroptosis,11,-0.5899215480728925
Necroptosis,12,-0.3851503955175314
Necroptosis,13,-0.2542085296731436
Necroptosis,14,0.36516275790124564
Necroptosis,15,-0.7196253361103786
Necroptosis,16,-0.5942766772421688
Necroptosis,17,-0.7067609566557016
Necroptosis,18,-0.7217773255599494
Necroptosis,19,-0.18834905698538137
Necroptosis,20,-0.24024577156898805
Necroptosis,21,-0.30192093075493637
Necroptosis,22,0.07849946285557081
Necroptosis,23,-0.7761405573930901
Necroptosis,24,-0.5959069282826808
Necroptosis,25,-0.12676916337042438
Necroptosis,26,-0.042678032177631574
Necroptosis,27,0.4257100676463942
Necroptosis,28,-0.1537639962892894
Necroptosis,29,-0.4954160140096141
Necroptosis,30,-0.48289974449103135
Necroptosis,31,-0.2480051241135593
Necroptosis,32,0.0920163036655269
Necroptosis,33,0.8338343331759286
Necroptosis,34,-0.5701179426204033
Necroptosis,35,0.3648321577834097
Necroptosis,36,-0.2282885244944614
Necroptosis,37,-0.4885200472654933
Necroptosis,38,0.6144587850492472
Necroptosis,39,-0.018529625110738725
Necroptosis,40,-0.17810890971778157
Necroptosis,41,-0.7140996378697682
Necroptosis,42,-0.8029124731728485
Necroptosis,43,-0.7274821303952166
Necroptosis,44,-0.469641328088801
Necroptosis,45,-0.10537438958922701
Necroptosis,46,0.5633716252749826
Necroptosis,47,-0.40418940632140377
Necroptosis,48,-0.9071082078671742
Necroptosis,49,-0.6701759761595909
Ferroptosis,0,-0.38399596603355624
Ferroptosis,1,0.39288092139194275
Ferroptosis,2,0.42404682615644945
Ferroptosis,3,-0.4404128805459442
Ferroptosis,4,-0.4598083200741703
Ferroptosis,5,0.5338474793249871
Ferroptosis,6,0.9167554514635268
Ferroptosis,7,0.19823190763607446
Ferroptosis,8,-0.605110762977607
Ferroptosis,9,-0.6170324069046523
Ferroptosis,10,0.32356964810131494
Ferroptosis,11,0.08518026817309368
Ferroptosis,12,-0.12001310528076979
Ferroptosis,13,-0.9276002261369547
Ferroptosis,14,-0.5419238171189216
Ferroptosis,15,-0.09325358068440531
Ferroptosis,16,-0.6367775658893756
Ferroptosis,17,-0.3783365428935964
Ferroptosis,18,-0.384882926360291
Ferroptosis,19,-0.3503708433618683
Ferroptosis,20,0.38772186615634063
Ferroptosis,21,0.3059653771682481
Ferroptosis,22,-0.20166243272410117
Ferroptosis,23,0.1287378303419843
Ferroptosis,24,-0.3841099374252328
Ferroptosis,25,-0.19190608069171367
Ferroptosis,26,0.5160239346851071
Ferroptosis,27,-0.4161068019452806
Ferroptosis,28,-0.5651746271198632
Ferroptosis,29,0.14402159259154404
Ferroptosis,30,1.0779190958537948
Ferroptosis,31,0.6664796699327291
Ferroptosis,32,-0.2734336648499824
Ferroptosis,33,-0.5942309452792917
Ferroptosis,34,-0.16946110752124144
Ferroptosis,35,0.04761006590385772
Ferroptosis,36,0.5859229872983482
Ferroptosis,37,-0.12149606630121158
Ferroptosis,38,0.07501652673365988
Ferroptosis,39,-0.10277681357727286
Ferroptosis,40,0.20172518336558526
Ferroptosis,41,0.26083199077446384
Ferroptosis,42,-0.06493460027696693
Ferroptosis,43,-0.4279592729574414
Ferroptosis,44,0.4024620958872507
Ferroptosis,45,-0.35114742855555836
Ferroptosis,46,-0.3621043257676183
Ferroptosis,47,-0.22191957350905317
Ferroptosis,48,-0.02032172216096995
Ferroptosis,49,0.33162985963067904
Autophagy,0,-0.9433677355139463
Autophagy,1,-0.6353542238482937
Autophagy,2,-0.5147572726130198
Autophagy,3,-0.8676470938970032
Autophagy,4,-0.5197318796355263
Autophagy,5,-0.5434098525823842
Autophagy,6,-0.13232100961404797
Autophagy,7,-0.8476861052446567
Autophagy,8,-0.48389886141059435
Autophagy,9,-0.49784096306891895
Autophagy,10,-0.1470124034612054
Autophagy,11,-0.6694885408113977
Autophagy,12,0.45158808926383726
Autophagy,13,-0.6517236134877381
Autophagy,14,-0.38498924790017874
Autophagy,15,-0.8883487236329203
Autophagy,16,-0.04242449961228821
Autophagy,17,-0.35956876675265936
Autophagy,18,0.47884052724985154
Autophagy,19,-0.05508579281765301
Autophagy,20,-0.0007618674697283649
Autophagy,21,-0.3731560192402117
Autophagy,22,-0.9786215704165506
Autophagy,23,0.13272011569519518
Autophagy,24,-0.33902008331507427
Autophagy,25,-0.5013067059642736
Autophagy,26,-0.7852884031595962
Autophagy,27,0.061811974279456755
Autophagy,28,-0.5725452144135572
Autophagy,29,-0.5366262748490943
Autophagy,30,-0.3991171126102357
Autophagy,31,-0.4085912463060405
Autophagy,32,-0.464502601119937
Autophagy,33,-0.2917592456004935
Autophagy,34,-0.20336883943150344
Autophagy,35,-0.2617767955569882
Autophagy,36,-0.42080013944728395
Autophagy,37,-0.8827164666224576
Autophagy,38,-0.7319886793644715
Autophagy,39,0.13530306407432513
Autophagy,40,-0.67235294913031
Autophagy,41,-0.36619386999881404
Autophagy,42,-0.4356828312804798
Autophagy,43,0.36558655059513
Autophagy,44,-0.5093075300688286
Autophagy,45,-0.3951468375160054
Autophagy,46,-0.8210750578790151
Autophagy,47,0.25776173933788976
Autophagy,48,-0.9647259925661515
Autophagy,49,-0.24285244602767986
Mitophagy,0,-0.31209323686685986
Mitophagy,1,-0.5982032584070898
Mitophagy,2,0.34750447285145014
Mitophagy,3,-0.5401358583367302
Mitophagy,4,-0.25907457192161604
Mitophagy,5,0.28474053864422333
Mitophagy,6,0.4826961800534871
Mitophagy,7,-0.23831347842456352
Mitophagy,8,-0.4115136102527167
Mitophagy,9,0.2909886399771613
Mitophagy,10,-0.3983775089536602
Mitophagy,11,-0.6696180768475448
Mitophagy,12,-0.7497245799468268
Mitophagy,13,0.3844147953409831
Mitophagy,14,-0.4231282810880106
Mitophagy,15,-0.6183788473876388
Mitophagy,16,-0.03314101672935026
Mitophagy,17,-0.28338628970542357
Mitophagy,18,-0.339796429616974
Mitophagy,19,0.5465258921821197
Mitophagy,20,-0.018157596960100046
Mitophagy,21,-0.5634793831117885
Mitophagy,22,0.6601704063971243
Mitophagy,23,-0.3721250084686089
Mitophagy,24,0.7078600443502764
Mitophagy,25,-0.9062054087310502
Mitophagy,26,-0.5005826924479764
Mitophagy,27,-0.15013629922714183
Mitophagy,28,-0.17579271156483386
Mitophagy,29,-0.7590898709574656
Mitophagy,30,0.5757528021248489
Mitophagy,31,-0.3847769526570833
Mitophagy,32,-0.01413921545930263
Mitophagy,33,-0.6095581559751144
Mitophagy,34,0.5456345280107551
Mitophagy,35,-0.3288403083401113
Mitophagy,36,-0.1492279665239175
Mitophagy,37,0.06618736754075417
Mitophagy,38,0.3180124393715458
Mitophagy,39,-0.868620852925714
Mitophagy,40,-0.34367380353803867
Mitophagy,41,-0.3642152404323339
Mitophagy,42,-0.15336694323442926
Mitophagy,43,-0.5632040670814857
Mitophagy,44,-0.5112700247425457
Mitophagy,45,-0.1324835221932768
Mitophagy,46,-0.7638415111711312
Mitophagy,47,0.2990843609693854
Mitophagy,48,-0.26700313095211703
Mitophagy,49,-0.569713739071622
MAPK signaling pathway,0,0.49737459160982844
MAPK signaling pathway,1,-0.3854338744057112
MAPK signaling pathway,2,-0.358161849300456
MAPK signaling pathway,3,-0.4650566579158697
MAPK signaling pathway,4,-0.5368896273232924
MAPK signaling pathway,5,-0.675146616249935
MAPK signaling pathway,6,-0.3125225202261645
MAPK signaling pathway,7,-0.7071028289422123
MAPK signaling pathway,8,-0.451308347869065
MAPK signaling pathway,9,-0.4224933558163483
MAPK signaling pathway,10,-0.33617823221536336
MAPK signaling pathway,11,-0.2225586415733889
MAPK signaling pathway,12,-0.3393504867601379
MAPK signaling pathway,13,-0.45842814093038675
MAPK signaling pathway,14,-0.32601425083315777
MAPK signaling pathway,15,-0.3896981068334441
MAPK signaling pathway,16,-0.33116413654187155
MAPK signaling pathway,17,-0.5937722580402419
MAPK signaling pathway,18,-0.6050718485889408
MAPK signaling pathway,19,0.5190103511235715
MAPK signaling pathway,20,-0.8413736895960795
MAPK signaling pathway,21,-0.3532486628279383
MAPK signaling pathway,22,-0.4813728033828216
MAPK signaling pathway,23,-0.7016478423950424
MAPK signaling pathway,24,-0.3414502750785371
MAPK signaling pathway,25,-0.5221352410865374
MAPK signaling pathway,26,-0.4118353479758648
MAPK signaling pathway,27,-0.605090020188776
MAPK signaling pathway,28,-0.8261397467421723
MAPK signaling pathway,29,-0.7913207160036373
MAPK signaling pathway,30,-0.4905038999080241
MAPK signaling pathway,31,-0.45210423015164547
MAPK signaling pathway,32,-0.7743271365947079
MAPK signaling pathway,33,-0.3804021857193828
MAPK signaling pathway,34,-0.40503818236967215
MAPK signaling pathway,35,-0.5776095586865458
MAPK signaling pathway,36,-0.11306747592229945
MAPK signaling pathway,37,-0.4674899172116514
MAPK signaling pathway,38,0.1792558532426376
MAPK signaling pathway,39,-0.2408547875806748
MAPK signaling pathway,40,0.27108261021938185
MAPK signaling pathway,41,-0.02510463883232375
MAPK signaling pathway,42,-0.36317392227939355
MAPK signaling pathway,43,-0.46459209264482826
MAPK signaling pathway,44,-0.8605669481355172
MAPK signaling pathway,45,-0.620424158388513
MAPK signaling pathway,46,-0.35506663538742744
MAPK signaling pathway,47,-0.4994004271726047
MAPK signaling pathway,48,-0.04710173187481215
MAPK signaling pathway,49,-0.34268307633239864
PI3K-Akt signaling pathway,0,-0.5818793285610854
PI3K-Akt signaling pathway,1,0.059284794662816574
PI3K-Akt signaling pathway,2,-0.09761614703341467
PI3K-Akt signaling pathway,3,-0.3851997036456636
PI3K-Akt signaling pathway,4,-0.6042080709849673
PI3K-Akt signaling pathway,5,-0.653344072505424
PI3K-Akt signaling pathway,6,-0.7254118522913668
PI3K-Akt signaling pathway,7,-0.4084197922144668
PI3K-Akt signaling pathway,8,-0.12341176109426175
PI3K-Akt signaling pathway,9,-0.2602896672641648
PI3K-Akt signaling pathway,10,0.18520096005027392
PI3K-Akt signaling pathway,11,-0.5736384579159175
PI3K-Akt signaling pathway,12,-0.11255098807855346
PI3K-Akt signaling pathway,13,-0.6065258266633886
PI3K-Akt signaling pathway,14,-0.5892253854534113
PI3K-Akt signaling pathway,15,-0.8196875791436387
PI3K-Akt signaling pathway,16,-1.0550402221467028
PI3K-Akt signaling pathway,17,-0.6664976853964784
PI3K-Akt signaling pathway,18,-0.22979281263680756
PI3K-Akt signaling pathway,19,-0.32204255884857597
PI3K-Akt signaling pathway,20,-0.4641326498045559
PI3K-Akt signaling pathway,21,-0.7181417738874193
PI3K-Akt signaling pathway,22,-0.8952223528309722
PI3K-Akt signaling pathway,23,-0.23392614589115363
PI3K-Akt signaling pathway,24,-0.5963050495988452
PI3K-Akt signaling pathway,25,-0.960395783646756
PI3K-Akt signaling pathway,26,0.1969012087193326
PI3K-Akt signaling pathway,27,-0.42880839543434307
PI3K-Akt signaling pathway,28,-0.618142294154271
PI3K-Akt signaling pathway,29,-0.5544685527364932
PI3K-Akt signaling pathway,30,-0.6119783374875067
PI3K-Akt signaling pathway,31,-0.10118056349524882
PI3K-Akt signaling pathway,32,-0.16635665239019537
PI3K-Akt signaling pathway,33,-0.7415857411930296
PI3K-Akt signaling pathway,34,-0.4845935008620749
PI3K-Akt signaling pathway,35,-0.3676979541616746
PI3K-Akt signaling pathway,36,-0.7578698933613579
PI3K-Akt signaling pathway,37,-0.23628873713466242
PI3K-Akt signaling pathway,38,0.10272602637295843
PI3K-Akt signaling pathway,39,-0.16246898151691902
PI3K-Akt signaling pathway,40,-0.5496539340945656
PI3K-Akt signaling pathway,41,0.12210918547384884
PI3K-Akt signaling pathway,42,0.4208803210732352
PI3K-Akt signaling pathway,43,0.2866543591341001
PI3K-Akt signaling pathway,44,-0.49172148966152357
PI3K-Akt signaling pathway,45,-0.28167084981130514
PI3K-Akt signaling pathway,46,-0.5004503814540955
PI3K-Akt signaling pathway,47,-0.16875135608168662
PI3K-Akt signaling pathway,48,0.21889057208646856
PI3K-Akt signaling pathway,49,-0.42587169702814176
Ras signaling pathway,0,-0.6877161928274149
Ras signaling pathway,1,-0.5910316656783762
Ras signaling pathway,2,-0.36397441896432303
Ras signaling pathway,3,-0.47657824186808656
Ras signaling pathway,4,-0.9103951616513484
Ras signaling pathway,5,-0.5965543499367683
Ras signaling pathway,6,-0.5877272102931009
Ras signaling pathway,7,-0.47417761062028396
Ras signaling pathway,8,-0.17459467737301404
Ras signaling pathway,9,0.32215446943309695
Ras signaling pathway,10,0.35175593832522334
Ras signaling pathway,11,-0.10934280186150958
Ras signaling pathway,12,-0.37023763129311704
Ras signaling pathway,13,-0.6855565057465085
Ras signaling pathway,14,-0.07562208898732922
Ras signaling pathway,15,0.2941461437356705
Ras signaling pathway,16,0.02005282610093176
Ras signaling pathway,17,-1.0788889642921606
Ras signaling pathway,18,-0.9651915868299052
Ras signaling pathway,19,-0.4249422018130644
Ras signaling pathway,20,-0.5163256655949227
Ras signaling pathway,21,-0.5359355457757853
Ras signaling pathway,22,-0.8765512677966558
Ras signaling pathway,23,-0.8726854208478202
Ras signaling pathway,24,0.5573846755088996
Ras signaling pathway,25,0.6450090610631233
Ras signaling pathway,26,0.21158210704426678
Ras signaling pathway,27,-0.02653105342867477
Ras signaling pathway,28,-0.4435632305885155
Ras signaling pathway,29,-0.2591549201146014
Ras signaling pathway,30,0.5621195548387614
Ras signaling pathway,31,0.36150869411555187
Ras signaling pathway,32,-0.5685575283685984
Ras signaling pathway,33,-0.5746812901151597
Ras signaling pathway,34,-0.4383385231641034
Ras signaling pathway,35,-0.10202683086283029
Ras signaling pathway,36,-0.24953884555250283
Ras signaling pathway,37,0.02512088180726795
Ras signaling pathway,38,0.1380451461655414
Ras signaling pathway,39,-0.7472004682742344
Ras signaling pathway,40,-0.2542613761693836
Ras signaling pathway,41,-0.5224557944923526
Ras signaling pathway,42,-0.3584550224744983
Ras signaling pathway,43,0.1233395788973332
Ras signaling pathway,44,-0.6818240697157865
Ras signaling pathway,45,-0.33485204293444815
Ras signaling pathway,46,-0.30456315060425493
Ras signaling pathway,47,-0.30533660352161995
Ras signaling pathway,48,-0.6211144931377961
Ras signaling pathway,49,0.6898773067819715
Rap1 signaling pathway,0,-0.36285216929501285
Rap1 signaling pathway,1,0.814716348138614
Rap1 signaling pathway,2,-0.6204261156410261
Rap1 signaling pathway,3,-0.6995548248923313
Rap1 signaling pathway,4,-0.17091836702836682
Rap1 signaling pathway,5,-0.12655459989103712
Rap1 signaling pathway,6,-0.14642291374589336
Rap1 signaling pathway,7,-0.18406224816569755
Rap1 signaling pathway,8,-0.4735238597616088
Rap1 signaling pathway,9,-0.5022829254410703
Rap1 signaling pathway,10,-0.5032383561407787
Rap1 signaling pathway,11,0.055190638923761824
Rap1 signaling pathway,12,-0.4892228840107251
Rap1 signaling pathway,13,-0.060535069123346906
Rap1 signaling pathway,14,0.3736690831309294
Rap1 signaling pathway,15,-0.5274440071374839
Rap1 signaling pathway,16,-0.5288455414752438
Rap1 signaling pathway,17,-0.5042291843976814
Rap1 signaling pathway,18,-0.653193753626484
Rap1 signaling pathway,19,0.22258521577690618
Rap1 signaling pathway,20,-0.46192701047618195
Rap1 signaling pathway,21,-0.8002049230074864
Rap1 signaling pathway,22,0.5195427134029278
Rap1 signaling pathway,23,-0.5335322838459742
Rap1 signaling pathway,24,0.13156765566503456
Rap1 signaling pathway,25,0.14455003245924128
Rap1 signaling pathway,26,-0.5950975742595273
Rap1 signaling pathway,27,-0.5129983329566332
Rap1 signaling pathway,28,-0.6425706997585748
Rap1 signaling pathway,29,-0.0015618008030710113
Rap1 signaling pathway,30,0.2383260855287655
Rap1 signaling pathway,31,-0.46228440902216794
Rap1 signaling pathway,32,0.3279087179935664
Rap1 signaling pathway,33,0.2095355361746613
Rap1 signaling pathway,34,-0.5135327966985994
Rap1 signaling pathway,35,0.9000576405358232
Rap1 signaling pathway,36,-0.47073003448888123
Rap1 signaling pathway,37,-0.36003055393912464
Rap1 signaling pathway,38,-0.5178576643326684
Rap1 signaling pathway,39,-0.34630580249413845
Rap1 signaling pathway,40,0.4091552312560185
Rap1 signaling pathway,41,-0.6497907565217089
Rap1 signaling pathway,42,-0.13714753702457624
Rap1 signaling pathway,43,-0.6973840799232428
Rap1 signaling pathway,44,-0.2576682152548459
Rap1 signaling pathway,45,0.2852503542829823
Rap1 signaling pathway,46,-0.18579938808942015
Rap1 signaling pathway,47,-0.5530727395827228
Rap1 signaling pathway,48,-0.46813644028927415
Rap1 signaling pathway,49,-0.43036992889128955
ErbB signaling pathway,0,0.740711706155823
ErbB signaling pathway,1,0.22637400041994227
ErbB signaling pathway,2,0.04406689638581808
ErbB signaling pathway,3,-0.5793448112442108
ErbB signaling pathway,4,0.3345324639225403
ErbB signaling pathway,5,-0.7259297802280805
ErbB signaling pathway,6,-0.4755087898766553
ErbB signaling pathway,7,-0.25340727394260654
ErbB signaling pathway,8,-0.031489642995616504
ErbB signaling pathway,9,-0.3064977385151168
ErbB signaling pathway,10,0.2041031323902979
ErbB signaling pathway,11,-0.2774795382579545
ErbB signaling pathway,12,-0.35409015480249806
ErbB signaling pathway,13,-0.42945454303978625
ErbB signaling pathway,14,0.226569316971521
ErbB signaling pathway,15,-0.7234087276912629
ErbB signaling pathway,16,-0.23146854998590705
ErbB signaling pathway,17,0.590096839608007
ErbB signaling pathway,18,-0.5083846059895871
ErbB signaling pathway,19,-0.40631009847275296
ErbB signaling pathway,20,0.5044717310182092
ErbB signaling pathway,21,-0.9058896744305706
ErbB signaling pathway,22,-0.674566751905458
ErbB signaling pathway,23,-0.9518620953829455
ErbB signaling pathway,24,-0.5576541973625301
ErbB signaling pathway,25,0.07703756963024413
ErbB signaling pathway,26,0.4545309557282141
ErbB signaling pathway,27,-0.25491154040618524
ErbB signaling pathway,28,-0.4177800343381506
ErbB signaling pathway,29,0.008698983938025246
ErbB signaling pathway,30,-0.4595478488195835
ErbB signaling pathway,31,-0.6338070816509531
ErbB signaling pathway,32,-0.2546793921432799
ErbB signaling pathway,33,-0.02687633972585172
ErbB signaling pathway,34,-0.17942364718820208
ErbB signaling pathway,35,-0.46259106916288095
ErbB signaling pathway,36,0.5435527101561521
ErbB signaling pathway,37,-0.6462323218267325
ErbB signaling pathway,38,-0.023861708795043735
ErbB signaling pathway,39,-0.2833375675702634
ErbB signaling pathway,40,0.655141413412656
ErbB signaling pathway,41,-0.45652694794908855
ErbB signaling pathway,42,-0.572216206316267
ErbB signaling pathway,43,-0.5595496193386187
ErbB signaling pathway,44,-0.36131637232690494
ErbB signaling pathway,45,-0.3186796459365413
ErbB signaling pathway,46,0.2965422284646391
ErbB signaling pathway,47,-0.21138180741451174
ErbB signaling pathway,48,0.15476872533438546
ErbB signaling pathway,49,-0.14817419975427382
mTOR signaling pathway,0,-0.5172892631773167
mTOR signaling pathway,1,-0.5223178552951733
mTOR signaling pathway,2,-0.22097406210988355
mTOR signaling pathway,3,-0.3263414325828023
mTOR signaling pathway,4,0.8692059428714091
mTOR signaling pathway,5,-0.5188096548229715
mTOR signaling pathway,6,0.5280609177824507
mTOR signaling pathway,7,0.02344568987781402
mTOR signaling pathway,8,-0.7547552215586466
mTOR signaling pathway,9,0.47761228869537864
mTOR signaling pathway,10,-0.45437330424174904
mTOR signaling pathway,11,-0.09411612693782206
mTOR signaling pathway,12,-0.5631369565828817
mTOR signaling pathway,13,-0.3189779912368565
mTOR signaling pathway,14,-0.2056972343723139
mTOR signaling pathway,15,-0.4907446444150696
mTOR signaling pathway,16,-1.3747453227622617
mTOR signaling pathway,17,-0.5707620674109382
mTOR signaling pathway,18,-0.31565503039215004
mTOR signaling pathway,19,-0.3779952766439009
mTOR signaling pathway,20,0.4125844068227533
mTOR signaling pathway,21,-0.06363641709496133
mTOR signaling pathway,22,-0.33682938217723635
mTOR signaling pathway,23,-0.16582592450593137
mTOR signaling pathway,24,-0.019090442317208467
mTOR signaling pathway,25,-0.82303396205403
mTOR signaling pathway,26,-0.452769952830006
mTOR signaling pathway,27,0.18090180653973154
mTOR signaling pathway,28,-0.48563811443368193
mTOR signaling pathway,29,-0.12532120310819136
mTOR signaling pathway,30,-0.0395005627535865
mTOR signaling pathway,31,-0.019971283427034345
mTOR signaling pathway,32,0.30442156847047186
mTOR signaling pathway,33,0.002256388373824057
mTOR signaling pathway,34,-0.9245882248354436
mTOR signaling pathway,35,-0.20182921099993148
mTOR signaling pathway,36,0.15493492417558236
mTOR signaling pathway,37,-0.30487132751229573
mTOR signaling pathway,38,0.6837258751374605
mTOR signaling pathway,39,-0.367114761621985
mTOR signaling pathway,40,-0.7193100037000532
mTOR signaling pathway,41,-0.11812102719197218
mTOR signaling pathway,42,-0.004978714029416833
mTOR signaling pathway,43,-0.6623743606638672
mTOR signaling pathway,44,-0.4427840353885134
mTOR signaling pathway,45,-0.2884467983831894
mTOR signaling pathway,46,-0.29734722119230295
mTOR signaling pathway,47,0.07135889701268583
mTOR signaling pathway,48,-0.0011842850875177669
mTOR signaling pathway,49,-0.5226339850325183
AMPK signaling pathway,0,0.06592637841399344
AMPK signaling pathway,1,-0.6685525594648611
AMPK signaling pathway,2,0.046840798265527034
AMPK signaling pathway,3,-0.07948920131556085
AMPK signaling pathway,4,0.3342162531904509
AMPK signaling pathway,5,-0.38432836590184893
AMPK signaling pathway,6,-0.20183399048205097
AMPK signaling pathway,7,-0.40798017290412564
AMPK signaling pathway,8,-0.38700664805431134
AMPK signaling pathway,9,0.08532455895248303
AMPK signaling pathway,10,0.1145584193404746
AMPK signaling pathway,11,-0.3284948187036089
AMPK signaling pathway,12,0.4951568418213359
AMPK signaling pathway,13,-0.06728758089009139
AMPK signaling pathway,14,0.0529649232737975
AMPK signaling pathway,15,-0.49959241520263803
AMPK signaling pathway,16,-0.20531787999756823
AMPK signaling pathway,17,-0.8721698636987734
AMPK signaling pathway,18,-0.11343370435425601
AMPK signaling pathway,19,-0.9871117722007829
AMPK signaling pathway,20,-0.019432416587207173
AMPK signaling pathway,21,-0.07340426186856404
AMPK signaling pathway,22,0.43483217290706433
AMPK signaling pathway,23,0.1623057016859368
AMPK signaling pathway,24,-0.6298535178784783
AMPK signaling pathway,25,-0.42867956844119715
AMPK signaling pathway,26,-0.5915151274162855
AMPK signaling pathway,27,-0.42697269724524306
AMPK signaling pathway,28,-0.33187408785500555
AMPK signaling pathway,29,0.3969377994160278
AMPK signaling pathway,30,-0.13190289501762215
AMPK signaling pathway,31,-0.595020260841333
AMPK signaling pathway,32,-0.40978279043025834
AMPK signaling pathway,33,-0.5858045769639996
AMPK signaling pathway,34,-0.7586298725841375
AMPK signaling pathway,35,-0.5400442249317864
AMPK signaling pathway,36,0.0656019151971954
AMPK signaling pathway,37,0.04181781465885706
AMPK signaling pathway,38,-0.17192331144738798
AMPK signaling pathway,39,0.45331717935795623
AMPK signaling pathway,40,-0.6769744432629164
AMPK signaling pathway,41,0.27794918355174514
AMPK signaling pathway,42,-0.24422608566513865
AMPK signaling pathway,43,-0.45486238822573655
AMPK signaling pathway,44,-0.336384872922354
AMPK signaling pathway,45,0.3834451970384854
AMPK signaling pathway,46,-0.6821217407964061
AMPK signaling pathway,47,-0.1947321969162391
AMPK signaling pathway,48,-0.37026947928331144
AMPK signaling pathway,49,-0.34197016774142064
FoxO signaling pathway,0,-0.1872961490566385
FoxO signaling pathway,1,-0.615094600913194
FoxO signaling pathway,2,-0.596462994802714
FoxO signaling pathway,3,0.04293973675176664
FoxO signaling pathway,4,-0.14933259886824307
FoxO signaling pathway,5,-0.28002247060408725
FoxO signaling pathway,6,-0.3016232758970858
FoxO signaling pathway,7,0.3086580739258716
FoxO signaling pathway,8,-0.3880046092060817
FoxO signaling pathway,9,-0.5168416384570604
FoxO signaling pathway,10,-0.33623629740963834
FoxO signaling pathway,11,0.03231393509023211
FoxO signaling pathway,12,-0.8603040763548899
FoxO signaling pathway,13,-0.8842361077130163
FoxO signaling pathway,14,-0.003922107472218092
FoxO signaling pathway,15,-0.08053597522440002
FoxO signaling pathway,16,0.08479260928657922
FoxO signaling pathway,17,-0.7167060541763857
FoxO signaling pathway,18,-0.2269693065377915
FoxO signaling pathway,19,-0.16179460571888185
FoxO signaling pathway,20,-0.33658360255687103
FoxO signaling pathway,21,-0.18290871045145546
FoxO signaling pathway,22,-0.5665022277724153
FoxO signaling pathway,23,-0.43441434973967263
FoxO signaling pathway,24,-0.43730870767152324
FoxO signaling pathway,25,0.004480757671947352
FoxO signaling pathway,26,-0.7015878615113162
FoxO signaling pathway,27,-0.3544297195753752
FoxO signaling pathway,28,-0.7888891372088712
FoxO signaling pathway,29,-0.9818724651203445
FoxO signaling pathway,30,-0.3119572741011134
FoxO signaling pathway,31,-0.5758294319701484
FoxO signaling pathway,32,-0.16182496052289452
FoxO signaling pathway,33,-0.7384636741799968
FoxO signaling pathway,34,-0.3776652555591604
FoxO signaling pathway,35,-0.4927426419775006
FoxO signaling pathway,36,0.08500827062143068
FoxO signaling pathway,37,-0.22004945473451526
FoxO signaling pathway,38,-0.22856932478073771
FoxO signaling pathway,39,-0.4883924358851543
FoxO signaling pathway,40,0.056871977543967195
FoxO signaling pathway,41,0.23691173123589937
FoxO signaling pathway,42,0.10785989057538448
FoxO signaling pathway,43,-0.4690174605128783
FoxO signaling pathway,44,-0.11683753963425549
FoxO signaling pathway,45,-0.2735195474071729
FoxO signaling pathway,46,-0.26986611062595417
FoxO signaling pathway,47,-0.07597296086873372
FoxO signaling pathway,48,-0.4621949773452804
FoxO signaling pathway,49,-0.5896151770504469
Hippo signaling pathway,0,-0.4709464641953391
Hippo signaling pathway,1,0.2980298836444842
Hippo signaling pathway,2,-0.7912828723335893
Hippo signaling pathway,3,-0.6135414070059604
Hippo signaling pathway,4,-0.25309530164025096
Hippo signaling pathway,5,-0.34383656465134843
Hippo signaling pathway,6,-0.7916652420298163
Hippo signaling pathway,7,0.3421492100599168
Hippo signaling pathway,8,-0.39564857612176396
Hippo signaling pathway,9,-0.7586825271278712
Hippo signaling pathway,10,0.11729858190419432
Hippo signaling pathway,11,-0.22968183920750446
Hippo signaling pathway,12,-0.6813007754185084
Hippo signaling pathway,13,-0.491512734464756
Hippo signaling pathway,14,0.4931099822287614
Hippo signaling pathway,15,0.012835477133267664
Hippo signaling pathway,16,-0.6349359371522976
Hippo signaling pathway,17,-0.7787755529564327
Hippo signaling pathway,18,-0.5911650443449742
Hippo signaling pathway,19,-0.14071636278695726
Hippo signaling pathway,20,-0.36596874262753465
Hippo signaling pathway,21,-0.39844769725338025
Hippo signaling pathway,22,0.6757241682933675
Hippo signaling pathway,23,-0.5581612981963155
Hippo signaling pathway,24,-0.5563728129248185
Hippo signaling pathway,25,0.294856735613994
Hippo signaling pathway,26,0.28615455250100325
Hippo signaling pathway,27,0.0069043656584823155
Hippo signaling pathway,28,-0.2443541058397382
Hippo signaling pathway,29,-0.2747555404243779
Hippo signaling pathway,30,0.14827653476770267
Hippo signaling pathway,31,-0.8687278577433979
Hippo signaling pathway,32,-0.06530732284079493
Hippo signaling pathway,33,-0.10289989483061067
Hippo signaling pathway,34,-0.3382345264263471
Hippo signaling pathway,35,0.487893064466724
Hippo signaling pathway,36,-1.134442657548818
Hippo signaling pathway,37,-0.6420650883019398
Hippo signaling pathway,38,0.018650330075393174
Hippo signaling pathway,39,-0.038627134969754215
Hippo signaling pathway,40,-0.3528063611627342
Hippo signaling pathway,41,-0.6541220245097222
Hippo signaling pathway,42,-0.5466737402906867
Hippo signaling pathway,43,-0.2090948812719552
Hippo signaling pathway,44,0.1874273611652848
Hippo signaling pathway,45,-0.11772256284594088
Hippo signaling pathway,46,-0.5781618884813311
Hippo signaling pathway,47,0.1628179650377818
Hippo signaling pathway,48,-0.12400951162336146
Hippo signaling pathway,49,-0.2550894154032424
Wnt signaling pathway,0,-0.8253568436999457
Wnt signaling pathway,1,0.06614215805099652
Wnt signaling pathway,2,-0.5916437807177582
Wnt signaling pathway,3,-0.1945196453069599
Wnt signaling pathway,4,-0.564854847640959
Wnt signaling pathway,5,-0.1869466922447432
Wnt signaling pathway,6,-0.14291520573026592
Wnt signaling pathway,7,-0.6230486448801342
Wnt signaling pathway,8,0.28651180837385776
Wnt signaling pathway,9,-0.8186457322331152
Wnt signaling pathway,10,-1.2054614138689557
Wnt signaling pathway,11,0.32411781131687095
Wnt signaling pathway,12,0.574041081218628
Wnt signaling pathway,13,-0.3877558525410397
Wnt signaling pathway,14,-0.42081261252531865
Wnt signaling pathway,15,-0.6146061332680527
Wnt signaling pathway,16,-0.2730437328718446
Wnt signaling pathway,17,-0.627029223338981
Wnt signaling pathway,18,-0.2838904883022667
Wnt signaling pathway,19,-0.3374212061041976
Wnt signaling pathway,20,-0.2412627559962252
Wnt signaling pathway,21,-0.09232556263135662
Wnt signaling pathway,22,-0.07254265900504427
Wnt signaling pathway,23,-0.42221082265329446
Wnt signaling pathway,24,-0.4428947112199868
Wnt signaling pathway,25,-0.4273400617368841
Wnt signaling pathway,26,-0.2975099566845459
Wnt signaling pathway,27,-0.9169398786583524
Wnt signaling pathway,28,-0.21037902755631274
Wnt signaling pathway,29,-0.009601900297287396
Wnt signaling pathway,30,-0.07494288241749672
Wnt signaling pathway,31,-0.23048443229089213
Wnt signaling pathway,32,0.3598176834709679
Wnt signaling pathway,33,-0.722138195689553
Wnt signaling pathway,34,-0.16357354067174246
Wnt signaling pathway,35,-0.10935282639500735
Wnt signaling pathway,36,-0.4765776548133652
Wnt signaling pathway,37,-0.10845521752153942
Wnt signaling pathway,38,-0.5113410655890331
Wnt signaling pathway,39,-0.30903562707779547
Wnt signaling pathway,40,-0.25739035054815057
Wnt signaling pathway,41,-0.11290928623556286
Wnt signaling pathway,42,-0.9863586488617841
Wnt signaling pathway,43,-0.06385332493183343
Wnt signaling pathway,44,-0.36058025922397335
Wnt signaling pathway,45,0.09500612655485738
Wnt signaling pathway,46,-0.6771730956407442
Wnt signaling pathway,47,-0.4222374090597601
Wnt signaling pathway,48,-0.4761261570322598
Wnt signaling pathway,49,-0.6890800089737205
Notch signaling pathway,0,-0.22507061222632718
Notch signaling pathway,1,0.46628190242050344
Notch signaling pathway,2,-0.22466558300240652
Notch signaling pathway,3,0.26088220735168516
Notch signaling pathway,4,-1.1511386386537192
Notch signaling pathway,5,-0.3145745114295797
Notch signaling pathway,6,-0.5645944814782656
Notch signaling pathway,7,0.3535342938064461
Notch signaling pathway,8,-0.2594756689607812
Notch signaling pathway,9,-0.12967153342397303
Notch signaling pathway,10,-0.327406207239185
Notch signaling pathway,11,0.7872138106685551
Notch signaling pathway,12,-0.09067198312075184
Notch signaling pathway,13,-0.173059706397398
Notch signaling pathway,14,-0.248839398067917
Notch signaling pathway,15,-0.4638823593617985
Notch signaling pathway,16,-0.1346076885386199
Notch signaling pathway,17,-0.8412812554632177
Notch signaling pathway,18,-0.4037005058118529
Notch signaling pathway,19,0.002895585969999533
Notch signaling pathway,20,-0.7299660416321683
Notch signaling pathway,21,0.2548037369030123
Notch signaling pathway,22,-0.5324374955673663
Notch signaling pathway,23,0.4354743587907739
Notch signaling pathway,24,-0.43643991963385576
Notch signaling pathway,25,-0.9215347409299761
Notch signaling pathway,26,0.04633895833377534
Notch signaling pathway,27,-0.2807308234982993
Notch signaling pathway,28,-0.494445997642188
Notch signaling pathway,29,-0.7259758981554529
Notch signaling pathway,30,-0.31436819081951434
Notch signaling pathway,31,-0.3946785394870797
Notch signaling pathway,32,-0.5580684857196141
Notch signaling pathway,33,-0.29400904500002045
Notch signaling pathway,34,0.2035849922560602
Notch signaling pathway,35,0.5871524049522099
Notch signaling pathway,36,0.1743430149009538
Notch signaling pathway,37,-0.22054546859950852
Notch signaling pathway,38,-0.65845078864839
Notch signaling pathway,39,-0.49358721280407825
Notch signaling pathway,40,0.5131324418028914
Notch signaling pathway,41,0.008611920464964791
Notch signaling pathway,42,0.03438976045029661
Notch signaling pathway,43,-0.43695123151167414
Notch signaling pathway,44,-0.44971730439219
Notch signaling pathway,45,0.14883360902208828
Notch signaling pathway,46,-0.9371836622389618
Notch signaling pathway,47,0.2899907358486621
Notch signaling pathway,48,0.6045539353925604
Notch signaling pathway,49,-0.2655398035369518
Hedgehog signaling pathway,0,-0.1392479777432587
Hedgehog signaling pathway,1,-0.44351075853728117
Hedgehog signaling pathway,2,-0.37102281025321815
Hedgehog signaling pathway,3,-0.9479518991876852
Hedgehog signaling pathway,4,-0.06693806029804092
Hedgehog signaling pathway,5,-1.0311327788883276
Hedgehog signaling pathway,6,-0.2508395769305277
Hedgehog signaling pathway,7,0.3255367536489146
Hedgehog signaling pathway,8,-0.30319197872332065
Hedgehog signaling pathway,9,-0.4318004278063823
Hedgehog signaling pathway,10,-0.7022020022271338
Hedgehog signaling pathway,11,0.7195593420126793
Hedgehog signaling pathway,12,-0.8583058307897021
Hedgehog signaling pathway,13,0.05480449433410767
Hedgehog signaling pathway,14,0.03117088051243165
Hedgehog signaling pathway,15,-0.7404362622508242
Hedgehog signaling pathway,16,-0.9001906063633387
Hedgehog signaling pathway,17,-0.2813507969604262
Hedgehog signaling pathway,18,-0.8726854713035763
Hedgehog signaling pathway,19,0.16019532132283487
Hedgehog signaling pathway,20,0.6567343498950584
Hedgehog signaling pathway,21,0.28981086992712474
Hedgehog signaling pathway,22,-0.05284267221196466
Hedgehog signaling pathway,23,0.4996180547134184
Hedgehog signaling pathway,24,-0.6308002838897367
Hedgehog signaling pathway,25,-0.5335582085976709
Hedgehog signaling pathway,26,-0.4793891106963736
Hedgehog signaling pathway,27,-0.41435158694151075
Hedgehog signaling pathway,28,-0.5687058194325058
Hedgehog signaling pathway,29,-0.006344639166109785
Hedgehog signaling pathway,30,-0.22322046929899717
Hedgehog signaling pathway,31,-0.07675288351764188
Hedgehog signaling pathway,32,0.1972092343383683
Hedgehog signaling pathway,33,0.3671932784215538
Hedgehog signaling pathway,34,-0.9625234413580948
Hedgehog signaling pathway,35,-0.6033063986026228
Hedgehog signaling pathway,36,-0.045772108752073104
Hedgehog signaling pathway,37,-0.2360806933046912
Hedgehog signaling pathway,38,-0.791946654574767
Hedgehog signaling pathway,39,-0.15082572757691748
Hedgehog signaling pathway,40,0.7404317956828046
Hedgehog signaling pathway,41,-0.1359830756173987
Hedgehog signaling pathway,42,-0.38368181993405565
Hedgehog signaling pathway,43,-0.7774846523775496
Hedgehog signaling pathway,44,0.18946100394966583
Hedgehog signaling pathway,45,-0.32386546106832786
Hedgehog signaling pathway,46,-0.40701705675175537
Hedgehog signaling pathway,47,-0.08061333338572595
Hedgehog signaling pathway,48,-0.5819321635955211
Hedgehog signaling pathway,49,-0.41883648526228623
JAK-STAT signaling pathway,0,-0.45557856258388885
JAK-STAT signaling pathway,1,0.17839655473953242
JAK-STAT signaling pathway,2,-0.4868691349232552
JAK-STAT signaling pathway,3,-0.22051692568963266
JAK-STAT signaling pathway,4,-0.5764980681825618
JAK-STAT signaling pathway,5,-0.769818605123139
JAK-STAT signaling pathway,6,-0.5943597109103612
JAK-STAT signaling pathway,7,-0.22644386348159612
JAK-STAT signaling pathway,8,-0.8507620862783096
JAK-STAT signaling pathway,9,-0.01008493386265592
JAK-STAT signaling pathway,10,-1.109444447705218
JAK-STAT signaling pathway,11,-1.0030705215637745
JAK-STAT signaling pathway,12,-0.12794467179601599
JAK-STAT signaling pathway,13,-0.7063689105553126
JAK-STAT signaling pathway,14,-0.36621921467298707
JAK-STAT signaling pathway,15,-0.9838447714187211
JAK-STAT signaling pathway,16,0.006971722077292205
JAK-STAT signaling pathway,17,-0.27408454750651107
JAK-STAT signaling pathway,18,-0.6325968693142008
JAK-STAT signaling pathway,19,0.7099200314307874
JAK-STAT signaling pathway,20,-0.6413501039528624
JAK-STAT signaling pathway,21,0.09100700509020695
JAK-STAT signaling pathway,22,-0.9223625029218558
JAK-STAT signaling pathway,23,0.33375416704141936
JAK-STAT signaling pathway,24,0.00029306487673037195
JAK-STAT signaling pathway,25,-0.4123724900478438
JAK-STAT signaling pathway,26,-0.6909254898683826
JAK-STAT signaling pathway,27,-0.6084956197840479
JAK-STAT signaling pathway,28,-0.8390831506203762
JAK-STAT signaling pathway,29,0.5815120959700855
JAK-STAT signaling pathway,30,0.3211318898504759
JAK-STAT signaling pathway,31,-0.25254908363044587
JAK-STAT signaling pathway,32,-0.11176274381433766
JAK-STAT signaling pathway,33,-0.5190985879438059
JAK-STAT signaling pathway,34,0.5359310005384749
JAK-STAT signaling pathway,35,-0.06528700546182345
JAK-STAT signaling pathway,36,-0.35828157569645513
JAK-STAT signaling pathway,37,-0.6931033380492323
JAK-STAT signaling pathway,38,-0.8850257472685723
JAK-STAT signaling pathway,39,-0.3421075234659685
JAK-STAT signaling pathway,40,-0.2952218084891812
JAK-STAT signaling pathway,41,-0.6422557647575302
JAK-STAT signaling pathway,42,-0.7026619124266172
JAK-STAT signaling pathway,43,-0.36176633116902546
JAK-STAT signaling pathway,44,-0.5199056196517
JAK-STAT signaling pathway,45,-0.8441876487224713
JAK-STAT signaling pathway,46,-1.0095852343637788
JAK-STAT signaling pathway,47,-0.21170081128931567
JAK-STAT signaling pathway,48,-0.1898175527762307
JAK-STAT signaling pathway,49,-0.8680302306185077
TGF-beta signaling pathway,0,-0.550661357459677
TGF-beta signaling pathway,1,-0.6117253356636823
TGF-beta signaling pathway,2,0.5072816486184508
TGF-beta signaling pathway,3,-0.4660748295577469
TGF-beta signaling pathway,4,0.10283500164402719
TGF-beta signaling pathway,5,0.3514335472670802
TGF-beta signaling pathway,6,0.3012068439932225
TGF-beta signaling pathway,7,-0.15803671953268594
TGF-beta signaling pathway,8,0.2596081668234496
TGF-beta signaling pathway,9,-0.8225019396680636
TGF-beta signaling pathway,10,-0.4353746992246904
TGF-beta signaling pathway,11,-0.1237787451596977
TGF-beta signaling pathway,12,-0.42299327154717603
TGF-beta signaling pathway,13,-0.026507411880510416
TGF-beta signaling pathway,14,-0.8260407557643792
TGF-beta signaling pathway,15,-0.4108578391121185
TGF-beta signaling pathway,16,-0.8110779163402384
TGF-beta signaling pathway,17,-0.8643283779914213
TGF-beta signaling pathway,18,-0.23967112718992384
TGF-beta signaling pathway,19,-1.0697594196568927
TGF-beta signaling pathway,20,-0.007823965826048867
TGF-beta signaling pathway,21,-0.30424682599386405
TGF-beta signaling pathway,22,-0.07945438511636514
TGF-beta signaling pathway,23,-0.5673323588818528
TGF-beta signaling pathway,24,-0.051328811541024595
TGF-beta signaling pathway,25,-0.40853605927637526
TGF-beta signaling pathway,26,0.10422338233400216
TGF-beta signaling pathway,27,-0.6512814384600562
TGF-beta signaling pathway,28,-0.3727203989321942
TGF-beta signaling pathway,29,-0.8024408369142834
TGF-beta signaling pathway,30,0.5628407266781892
TGF-beta signaling pathway,31,-1.0034631308849118
TGF-beta signaling pathway,32,-0.7762181799848848
TGF-beta signaling pathway,33,-0.2954021431399637
TGF-beta signaling pathway,34,0.1833761127831847
TGF-beta signaling pathway,35,0.21305386484960376
TGF-beta signaling pathway,36,-0.31841149146134223
TGF-beta signaling pathway,37,-0.11858662039190249
TGF-beta signaling pathway,38,0.7238338858827614
TGF-beta signaling pathway,39,-0.269007954751875
TGF-beta signaling pathway,40,-0.3568734743215951
TGF-beta signaling pathway,41,0.7675785824690934
TGF-beta signaling pathway,42,-0.3599597079737873
TGF-beta signaling pathway,43,-0.23988570667354736
TGF-beta signaling pathway,44,0.17363063072238355
TGF-beta signaling pathway,45,-0.101997385975407
TGF-beta signaling pathway,46,-0.45120730125861525
TGF-beta signaling pathway,47,0.22605312358204727
TGF-beta signaling pathway,48,-0.49070565993381077
TGF-beta signaling pathway,49,-0.29767220240545683
NF-kappa B signaling pathway,0,-0.4092737807567887
NF-kappa B signaling pathway,1,-0.8081213906814206
NF-kappa B signaling pathway,2,-0.2726806539963557
NF-kappa B signaling pathway,3,-0.6570185092177839
NF-kappa B signaling pathway,4,-0.4812117770447082
NF-kappa B signaling pathway,5,-0.057349565852369264
NF-kappa B signaling pathway,6,-1.0930721927004325
NF-kappa B signaling pathway,7,-0.30275029549094407
NF-kappa B signaling pathway,8,0.41288515794767827
NF-kappa B signaling pathway,9,-0.7443127259001212
NF-kappa B signaling pathway,10,-0.569397878976728
NF-kappa B signaling pathway,11,0.1429235043637909
NF-kappa B signaling pathway,12,-0.24478130749339816
NF-kappa B signaling pathway,13,-0.06740212373399608
NF-kappa B signaling pathway,14,-0.46927176495146605
NF-kappa B signaling pathway,15,0.48576271513471114
NF-kappa B signaling pathway,16,-0.09393843552972782
NF-kappa B signaling pathway,17,-0.5716817783510593
NF-kappa B signaling pathway,18,-0.20683245441655296
NF-kappa B signaling pathway,19,-0.7116502568027083
NF-kappa B signaling pathway,20,-0.30450187293300346
NF-kappa B signaling pathway,21,0.9198020231178029
NF-kappa B signaling pathway,22,-0.9772416840737457
NF-kappa B signaling pathway,23,-0.7211186378481583
NF-kappa B signaling pathway,24,-0.8046087972087341
NF-kappa B signaling pathway,25,0.3105830790309413
NF-kappa B signaling pathway,26,0.07909187844113857
NF-kappa B signaling pathway,27,-0.31548829185839167
NF-kappa B signaling pathway,28,-0.8177891801458412
NF-kappa B signaling pathway,29,0.6784446989769424
NF-kappa B signaling pathway,30,0.3931293377812797
NF-kappa B signaling pathway,31,-0.18228043162983143
NF-kappa B signaling pathway,32,-0.43462850241634526
NF-kappa B signaling pathway,33,-0.39493767991041284
NF-kappa B signaling pathway,34,0.2840922870064766
NF-kappa B signaling pathway,35,-0.2586349304258384
NF-kappa B signaling pathway,36,-0.5270418494898441
NF-kappa B signaling pathway,37,0.39997202696595063
NF-kappa B signaling pathway,38,-0.4458577600879591
NF-kappa B signaling pathway,39,0.61958646843827
NF-kappa B signaling pathway,40,-0.10862247305443401
NF-kappa B signaling pathway,41,-0.38265531482733717
NF-kappa B signaling pathway,42,-0.32764354940048285
NF-kappa B signaling pathway,43,-0.9354968094539966
NF-kappa B signaling pathway,44,-0.23516520067675428
NF-kappa B signaling pathway,45,-0.0610869024732596
NF-kappa B signaling pathway,46,0.3837694652414462
NF-kappa B signaling pathway,47,-0.46433638711216085
NF-kappa B signaling pathway,48,-0.3143772706879961
NF-kappa B signaling pathway,49,-0.2782801221302908
TNF signaling pathway,0,-0.5091101629785608
TNF signaling pathway,1,-0.19504357631036473
TNF signaling pathway,2,-0.12551547719206832
TNF signaling pathway,3,-0.5926236881368954
TNF signaling pathway,4,-0.5759119282501315
TNF signaling pathway,5,-0.4394413911928392
TNF signaling pathway,6,-0.7352846106685065
TNF signaling pathway,7,0.8322241852975296
TNF signaling pathway,8,-0.523739042029586
TNF signaling pathway,9,-0.6221881738627908
TNF signaling pathway,10,0.1960586158762292
TNF signaling pathway,11,0.09367136783525071
TNF signaling pathway,12,-0.329799686575346
TNF signaling pathway,13,0.8430907266794356
TNF signaling pathway,14,-0.055262472478366326
TNF signaling pathway,15,-0.033852925277668824
TNF signaling pathway,16,-0.6487237565890548
TNF signaling pathway,17,-0.4204859869375639
TNF signaling pathway,18,-0.7842061538843861
TNF signaling pathway,19,-0.6590853911706274
TNF signaling pathway,20,0.5392467741280117
TNF signaling pathway,21,-0.5068341934972469
TNF signaling pathway,22,-0.41347481972872024
TNF signaling pathway,23,-0.10937875919703818
TNF signaling pathway,24,-0.4229441935636262
TNF signaling pathway,25,-1.0729300594666704
TNF signaling pathway,26,0.9601801487949089
TNF signaling pathway,27,0.22374177934648015
TNF signaling pathway,28,-0.45651613897470666
TNF signaling pathway,29,-0.26616420262176765
TNF signaling pathway,30,-0.4215043585216423
TNF signaling pathway,31,-0.18672053058531266
TNF signaling pathway,32,-0.2919767085811785
TNF signaling pathway,33,-0.0711846574872948
TNF signaling pathway,34,-0.4249238833860153
TNF signaling pathway,35,-0.11478928794547454
TNF signaling pathway,36,-0.05356656766202748
TNF signaling pathway,37,-0.4836676178388011
TNF signaling pathway,38,0.19189703107015588
TNF signaling pathway,39,-0.35318587370668714
TNF signaling pathway,40,1.2735111982990452
TNF signaling pathway,41,-0.8062415574191159
TNF signaling pathway,42,-0.8217446121454948
TNF signaling pathway,43,0.1980616552732949
TNF signaling pathway,44,-0.7203906077903983
TNF signaling pathway,45,-0.37982763302198475
TNF signaling pathway,46,-0.6706373892438202
TNF signaling pathway,47,-0.14697920531058611
TNF signaling pathway,48,-0.43446769931665147
TNF signaling pathway,49,0.2843394620397736
VEGF signaling pathway,0,-0.16399726531669728
VEGF signaling pathway,1,0.13225598184342638
VEGF signaling pathway,2,0.2813144375925819
VEGF signaling pathway,3,-0.6539525328531945
VEGF signaling pathway,4,-0.7630606758752648
VEGF signaling pathway,5,-0.20460407420375892
VEGF signaling pathway,6,-0.1404320541779379
VEGF signaling pathway,7,-0.10373029701672999
VEGF signaling pathway,8,-0.6498616218635949
VEGF signaling pathway,9,-0.3802742675559482
VEGF signaling pathway,10,0.15446330365229194
VEGF signaling pathway,11,-0.9180413276028356
VEGF signaling pathway,12,-0.3799518380940766
VEGF signaling pathway,13,-0.567409245817815
VEGF signaling pathway,14,0.2597003125529137
VEGF signaling pathway,15,-0.2345652452723404
VEGF signaling pathway,16,0.14206160045561417
VEGF signaling pathway,17,-0.291780796457339
VEGF signaling pathway,18,-0.46751190296017875
VEGF signaling pathway,19,-0.3002821585280179
VEGF signaling pathway,20,-0.6522185524882818
VEGF signaling pathway,21,-0.0687815967165999
VEGF signaling pathway,22,-0.11914368338588945
VEGF signaling pathway,23,-0.8631525302144903
VEGF signaling pathway,24,0.14071215373718604
VEGF signaling pathway,25,0.5442657595673852
VEGF signaling pathway,26,0.2860331986539217
VEGF signaling pathway,27,-0.03752961477998536
VEGF signaling pathway,28,-0.3564674803903179
VEGF signaling pathway,29,-0.7582009693929508
VEGF signaling pathway,30,-0.28426125458831586
VEGF signaling pathway,31,-0.4365030440467952
VEGF signaling pathway,32,-0.3220786138437308
VEGF signaling pathway,33,-0.42227692770167313
VEGF signaling pathway,34,-0.8645259743920087
VEGF signaling pathway,35,-0.5081093850282038
VEGF signaling pathway,36,0.16890823523757573
VEGF signaling pathway,37,-0.36149084556132344
VEGF signaling pathway,38,0.05106721181885038
VEGF signaling pathway,39,-0.5101528273456856
VEGF signaling pathway,40,0.02368670832611492
VEGF signaling pathway,41,-0.7102909775203177
VEGF signaling pathway,42,-0.42742989657283964
VEGF signaling pathway,43,0.7793180404508739
VEGF signaling pathway,44,-0.8737678166875565
VEGF signaling pathway,45,-0.23423319239515572
VEGF signaling pathway,46,0.37853218015824625
VEGF signaling pathway,47,0.12073675967437224
VEGF signaling pathway,48,0.2335498948380392
VEGF signaling pathway,49,-0.3493017625453103
HIF-1 signaling pathway,0,-0.5281680458555292
HIF-1 signaling pathway,1,-0.20509439192347184
HIF-1 signaling pathway,2,-0.19930502135958547
HIF-1 signaling pathway,3,-0.4701740847603385
HIF-1 signaling pathway,4,-0.39562902916503645
HIF-1 signaling pathway,5,-0.9148231675844585
HIF-1 signaling pathway,6,-0.4075079122989745
HIF-1 signaling pathway,7,-0.2842652406875195
HIF-1 signaling pathway,8,0.33033611619317627
HIF-1 signaling pathway,9,-0.678001668785029
HIF-1 signaling pathway,10,-0.40239997594860266
HIF-1 signaling pathway,11,-1.0100221357823043
HIF-1 signaling pathway,12,-0.850866511038914
HIF-1 signaling pathway,13,-0.01473559521555464
HIF-1 signaling pathway,14,-0.09896702041722752
HIF-1 signaling pathway,15,-0.2930989910471807
HIF-1 signaling pathway,16,-0.5222601172876051
HIF-1 signaling pathway,17,-0.46775330723601716
HIF-1 signaling pathway,18,-0.4572239404506965
HIF-1 signaling pathway,19,-0.4167257689501722
HIF-1 signaling pathway,20,-0.43112630209868874
HIF-1 signaling pathway,21,-0.6573838077473633
HIF-1 signaling pathway,22,-0.5314275885428807
HIF-1 signaling pathway,23,-0.5753459604758651
HIF-1 signaling pathway,24,-0.503301212373354
HIF-1 signaling pathway,25,-0.4001307741054434
HIF-1 signaling pathway,26,-0.8979269806646641
HIF-1 signaling pathway,27,-0.582556887218791
HIF-1 signaling pathway,28,-0.7431913817798499
HIF-1 signaling pathway,29,-0.44996411216523663
HIF-1 signaling pathway,30,0.21858435415239985
HIF-1 signaling pathway,31,0.1557496836162642
HIF-1 signaling pathway,32,-0.4967929346433353
HIF-1 signaling pathway,33,-0.5390471957135201
HIF-1 signaling pathway,34,0.5492119613541275
HIF-1 signaling pathway,35,-0.46075669853429513
HIF-1 signaling pathway,36,-0.09415264689608513
HIF-1 signaling pathway,37,-0.34238588467916486
HIF-1 signaling pathway,38,0.3071115963849337
HIF-1 signaling pathway,39,-0.47274353255887525
HIF-1 signaling pathway,40,0.5805898839378951
HIF-1 signaling pathway,41,-0.5636558760314464
HIF-1 signaling pathway,42,0.1275446574851838
HIF-1 signaling pathway,43,-0.4093397504238192
HIF-1 signaling pathway,44,-0.13180561620622475
HIF-1 signaling pathway,45,0.6111999170751083
HIF-1 signaling pathway,46,-0.6781270750207026
HIF-1 signaling pathway,47,-0.502524392125963
HIF-1 signaling pathway,48,0.4450796722612362
HIF-1 signaling pathway,49,-0.009683811587796567
PD-L1 expression and PD-1 checkpoint pathway in cancer,0,-0.2809894177224447
PD-L1 expression and PD-1 checkpoint pathway in cancer,1,-0.5940331564623031
PD-L1 expression and PD-1 checkpoint pathway in cancer,2,0.2848737430687176
PD-L1 expression and PD-1 checkpoint pathway in cancer,3,-0.628822629703949
PD-L1 expression and PD-1 checkpoint pathway in cancer,4,-0.5396175414340023
PD-L1 expression and PD-1 checkpoint pathway in cancer,5,-0.9422847150938982
PD-L1 expression and PD-1 checkpoint pathway in cancer,6,0.5579017679507886
PD-L1 expression and PD-1 checkpoint pathway in cancer,7,-0.4196385824205728
PD-L1 expression and PD-1 checkpoint pathway in cancer,8,-0.42162918012536565
PD-L1 expression and PD-1 checkpoint pathway in cancer,9,-0.32001905933398905
PD-L1 expression and PD-1 checkpoint pathway in cancer,10,-0.9797361709598634
PD-L1 expression and PD-1 checkpoint pathway in cancer,11,-0.8019159033642689
PD-L1 expression and PD-1 checkpoint pathway in cancer,12,-0.6144629321167112
PD-L1 expression and PD-1 checkpoint pathway in cancer,13,-0.34524418927971595
PD-L1 expression and PD-1 checkpoint pathway in cancer,14,-0.5572377407209452
PD-L1 expression and PD-1 checkpoint pathway in cancer,15,-0.0676122451046183
PD-L1 expression and PD-1 checkpoint pathway in cancer,16,-0.2686107134420809
PD-L1 expression and PD-1 checkpoint pathway in cancer,17,-0.4803804767308925
PD-L1 expression and PD-1 checkpoint pathway in cancer,18,-0.29967253586527554
PD-L1 expression and PD-1 checkpoint pathway in cancer,19,-0.7455844916304246
PD-L1 expression and PD-1 checkpoint pathway in cancer,20,0.5659680716255022
PD-L1 expression and PD-1 checkpoint pathway in cancer,21,-0.6583459062648599
PD-L1 expression and PD-1 checkpoint pathway in cancer,22,-0.41834911399588137
PD-L1 expression and PD-1 checkpoint pathway in cancer,23,-0.4565833827636362
PD-L1 expression and PD-1 checkpoint pathway in cancer,24,-0.330088730733787
PD-L1 expression and PD-1 checkpoint pathway in cancer,25,-0.03440778662635401
PD-L1 expression and PD-1 checkpoint pathway in cancer,26,0.6946568138321463
PD-L1 expression and PD-1 checkpoint pathway in cancer,27,-0.5092254885797998
PD-L1 expression and PD-1 checkpoint pathway in cancer,28,-0.34192556319662293
PD-L1 expression and PD-1 checkpoint pathway in cancer,29,0.1320634511518077
PD-L1 expression and PD-1 checkpoint pathway in cancer,30,-0.2649778623455236
PD-L1 expression and PD-1 checkpoint pathway in cancer,31,-0.6145344159688149
PD-L1 expression and PD-1 checkpoint pathway in cancer,32,0.024317667086559094
PD-L1 expression and PD-1 checkpoint pathway in cancer,33,-0.17716368854629166
PD-L1 expression and PD-1 checkpoint pathway in cancer,34,0.6784541304884192
PD-L1 expression and PD-1 checkpoint pathway in cancer,35,-0.35947259371166856
PD-L1 expression and PD-1 checkpoint pathway in cancer,36,-0.611950929079032
PD-L1 expression and PD-1 checkpoint pathway in cancer,37,-0.4596696084837337
PD-L1 expression and PD-1 checkpoint pathway in cancer,38,0.17236770985369
PD-L1 expression and PD-1 checkpoint pathway in cancer,39,-0.3663005069208135
PD-L1 expression and PD-1 checkpoint pathway in cancer,40,0.2776167789112929
PD-L1 expression and PD-1 checkpoint pathway in cancer,41,0.825034671430827
PD-L1 expression and PD-1 checkpoint pathway in cancer,42,-0.37439372632092127
PD-L1 expression and PD-1 checkpoint pathway in cancer,43,-0.2985045711246635
PD-L1 expression and PD-1 checkpoint pathway in cancer,44,-0.8179040019009948
PD-L1 expression and PD-1 checkpoint pathway in cancer,45,-0.2913896336890658
PD-L1 expression and PD-1 checkpoint pathway in cancer,46,-0.4597915432497357
PD-L1 expression and PD-1 checkpoint pathway in cancer,47,-0.674094534015369
PD-L1 expression and PD-1 checkpoint pathway in cancer,48,-0.820769294692385
PD-L1 expression and PD-1 checkpoint pathway in cancer,49,0.0404777746719998
Pathways in cancer,0,-0.6569012506784971
Pathways in cancer,1,-0.31955299983169116
Pathways in cancer,2,-0.35074231279076645
Pathways in cancer,3,-0.4621278362290663
Pathways in cancer,4,-0.7109153933221932
Pathways in cancer,5,-0.4850499150442611
Pathways in cancer,6,-0.45662080991857107
Pathways in cancer,7,-0.19119815504657386
Pathways in cancer,8,-0.06333690949453116
Pathways in cancer,9,-0.8119137845655835
Pathways in cancer,10,-0.9194842895641102
Pathways in cancer,11,-0.42668786441469675
Pathways in cancer,12,-0.5661045366735598
Pathways in cancer,13,0.4540544354266175
Pathways in cancer,14,-0.27967887480750736
Pathways in cancer,15,-0.11790636455817387
Pathways in cancer,16,-0.39781055205514604
Pathways in cancer,17,-0.37941690824800145
Pathways in cancer,18,0.06701598045843131
Pathways in cancer,19,-0.7090826758018738
Pathways in cancer,20,0.1345913767527629
Pathways in cancer,21,-0.5326053870919194
Pathways in cancer,22,-0.4367085610615353
Pathways in cancer,23,-0.7819567807835497
Pathways in cancer,24,-0.7380614088700348
Pathways in cancer,25,-0.4590665253375017
Pathways in cancer,26,-0.5167719805060473
Pathways in cancer,27,-0.3373347361712261
Pathways in cancer,28,0.0351876190910591
Pathways in cancer,29,-0.6281600423337066
Pathways in cancer,30,-0.4806397477100232
Pathways in cancer,31,-0.5320745777365277
Pathways in cancer,32,0.8156020244149156
Pathways in cancer,33,-0.5931105585792376
Pathways in cancer,34,-0.0369855193679145
Pathways in cancer,35,-0.5439035010760065
Pathways in cancer,36,-0.39260167258521156
Pathways in cancer,37,0.10958340173420132
Pathways in cancer,38,-0.5283404530526401
Pathways in cancer,39,-0.062260441741966724
Pathways in cancer,40,-0.5848900900116294
Pathways in cancer,41,-0.42440336576025034
Pathways in cancer,42,-0.09618449609053441
Pathways in cancer,43,-0.5351790567226866
Pathways in cancer,44,-0.27944539845414484
Pathways in cancer,45,-0.4545539965186988
Pathways in cancer,46,-0.5036876775408627
Pathways in cancer,47,-0.6561612991814559
Pathways in cancer,48,-0.32486881376991095
Pathways in cancer,49,-0.13245836622657717
Proteoglycans in cancer,0,0.2543474953831474
Proteoglycans in cancer,1,-0.5580440236986454
Proteoglycans in cancer,2,-0.229224923043745
Proteoglycans in cancer,3,-0.6071398065971593
Proteoglycans in cancer,4,-0.5005341499463155
Proteoglycans in cancer,5,0.5260413340769818
Proteoglycans in cancer,6,0.04634383608343401
Proteoglycans in cancer,7,0.34349437941382804
Proteoglycans in cancer,8,-0.8274558668049554
Proteoglycans in cancer,9,-0.8615447057559427
Proteoglycans in cancer,10,-0.4453850529488855
Proteoglycans in cancer,11,-0.12268064413585326
Proteoglycans in cancer,12,-0.502533432005401
Proteoglycans in cancer,13,-0.40452915721329596
Proteoglycans in cancer,14,-0.5975548350563218
Proteoglycans in cancer,15,0.4363075095750385
Proteoglycans in cancer,16,-0.19964799760166624
Proteoglycans in cancer,17,-0.5681198413161783
Proteoglycans in cancer,18,-0.7160277926390428
Proteoglycans in cancer,19,-0.6985112013728618
Proteoglycans in cancer,20,0.0050422030857688
Proteoglycans in cancer,21,-0.3520018241017498
Proteoglycans in cancer,22,-0.404593326892476
Proteoglycans in cancer,23,-0.4857685676245087
Proteoglycans in cancer,24,-0.404419593324321
Proteoglycans in cancer,25,-0.7662709656762094
Proteoglycans in cancer,26,0.5400895831331334
Proteoglycans in cancer,27,-0.40892657429456314
Proteoglycans in cancer,28,-0.8858943313353009
Proteoglycans in cancer,29,-0.38990479136491396
Proteoglycans in cancer,30,-0.5672155586880974
Proteoglycans in cancer,31,-0.685776032512665
Proteoglycans in cancer,32,-0.34887128765468256
Proteoglycans in cancer,33,-0.6545296675472412
Proteoglycans in cancer,34,-0.763036090572055
Proteoglycans in cancer,35,-0.32176996643630723
Proteoglycans in cancer,36,-0.5270440840176018
Proteoglycans in cancer,37,-0.08581495197472398
Proteoglycans in cancer,38,0.060811775877388605
Proteoglycans in cancer,39,-0.5147620003075754
Proteoglycans in cancer,40,0.4072267366366452
Proteoglycans in cancer,41,-0.5005984585055574
Proteoglycans in cancer,42,0.0920965955186216
Proteoglycans in cancer,43,-0.7319794517482259
Proteoglycans in cancer,44,-0.1609146655948114
Proteoglycans in cancer,45,-0.54359134361581
Proteoglycans in cancer,46,-0.41798421983742073
Proteoglycans in cancer,47,-0.46176297954936746
Proteoglycans in cancer,48,-0.5116861489069199
Proteoglycans in cancer,49,-0.4844102025037679
MicroRNAs in cancer,0,-0.7222142968741876
MicroRNAs in cancer,1,-0.39768787100797304
MicroRNAs in cancer,2,-0.4632685561793688
MicroRNAs in cancer,3,-0.4215332809378687
MicroRNAs in cancer,4,-0.3981435550883844
MicroRNAs in cancer,5,0.08496700247389719
MicroRNAs in cancer,6,0.335426547615533
MicroRNAs in cancer,7,-0.22174117426210996
MicroRNAs in cancer,8,-0.3674230187340582
MicroRNAs in cancer,9,-0.6813252010432064
MicroRNAs in cancer,10,-0.35823861948280833
MicroRNAs in cancer,11,0.08531298783772859
MicroRNAs in cancer,12,-0.3031177562043222
MicroRNAs in cancer,13,-0.8676456827571211
MicroRNAs in cancer,14,0.11674911812268357
MicroRNAs in cancer,15,0.15020762983104005
MicroRNAs in cancer,16,-0.5178159943308004
MicroRNAs in cancer,17,-0.22003866090207003
MicroRNAs in cancer,18,-0.2892669251406745
MicroRNAs in cancer,19,-0.028838802649740716
MicroRNAs in cancer,20,0.4868434775142871
MicroRNAs in cancer,21,-0.5596362988985082
MicroRNAs in cancer,22,-0.5388974367687593
MicroRNAs in cancer,23,-0.4913184749974118
MicroRNAs in cancer,24,0.24426258811701287
MicroRNAs in cancer,25,-0.611764802905421
MicroRNAs in cancer,26,-0.2196712785267813
MicroRNAs in cancer,27,-0.3986236889280006
MicroRNAs in cancer,28,0.504147550581264
MicroRNAs in cancer,29,-0.5547564571819067
MicroRNAs in cancer,30,-0.5958838047441501
MicroRNAs in cancer,31,-0.3576663940757579
MicroRNAs in cancer,32,-0.264073964830204
MicroRNAs in cancer,33,-0.9779704704332586
MicroRNAs in cancer,34,-0.3921333093399253
MicroRNAs in cancer,35,0.35250060704712644
MicroRNAs in cancer,36,-0.5424894474433903
MicroRNAs in cancer,37,-0.3939214551844519
MicroRNAs in cancer,38,-0.45050894980306183
MicroRNAs in cancer,39,-0.48212333569135046
MicroRNAs in cancer,40,-0.8102275510549515
MicroRNAs in cancer,41,-0.2918428475314934
MicroRNAs in cancer,42,-0.4356380687843872
MicroRNAs in cancer,43,-0.16825621881202027
MicroRNAs in cancer,44,-0.6142604171505937
MicroRNAs in cancer,45,-0.34545329655750673
MicroRNAs in cancer,46,-0.9953646968282528
MicroRNAs in cancer,47,0.03999900203509006
MicroRNAs in cancer,48,-0.5746807496855025
MicroRNAs in cancer,49,0.00670462079314353
Central carbon metabolism in cancer,0,0.11980805212799878
Central carbon metabolism in cancer,1,-0.35312047831056204
Central carbon metabolism in cancer,2,-1.2447080423480634
Central carbon metabolism in cancer,3,-0.34774399526150945
Central carbon metabolism in cancer,4,-0.4644604047363289
Central carbon metabolism in cancer,5,0.07431629698393433
Central carbon metabolism in cancer,6,-0.12630711325914787
Central carbon metabolism in cancer,7,-0.49219865532458296
Central carbon metabolism in cancer,8,0.45909731986495406
Central carbon metabolism in cancer,9,0.8677619708857164
Central carbon metabolism in cancer,10,-0.477785241406945
Central carbon metabolism in cancer,11,0.6833912175258898
Central carbon metabolism in cancer,12,-0.652031078230531
Central carbon metabolism in cancer,13,-0.6564912920471897
Central carbon metabolism in cancer,14,0.7853309362910073
Central carbon metabolism in cancer,15,1.3322040405967506
Central carbon metabolism in cancer,16,-0.0082694150370235
Central carbon metabolism in cancer,17,1.1139223859000273
Central carbon metabolism in cancer,18,0.03316457794785167
Central carbon metabolism in cancer,19,0.4835478000076075
Central carbon metabolism in cancer,20,-0.8683485302950766
Central carbon metabolism in cancer,21,0.18949528565776041
Central carbon metabolism in cancer,22,1.0254349098430964
Central carbon metabolism in cancer,23,-0.7239835830295336
Central carbon metabolism in cancer,24,-0.5073471293044369
Central carbon metabolism in cancer,25,-0.12028013051207362
Central carbon metabolism in cancer,26,-1.0033274283605431
Central carbon metabolism in cancer,27,-0.12094065205830253
Central carbon metabolism in cancer,28,0.6470843298503273
Central carbon metabolism in cancer,29,-0.2071005879814914
Central carbon metabolism in cancer,30,-0.20453198889688684
Central carbon metabolism in cancer,31,0.01703306069859078
Central carbon metabolism in cancer,32,-0.3284940001960328
Central carbon metabolism in cancer,33,-0.3465151944832633
Central carbon metabolism in cancer,34,-0.2954395060709163
Central carbon metabolism in cancer,35,0.370951371790882
Central carbon metabolism in cancer,36,-0.2459335709149386
Central carbon metabolism in cancer,37,0.244128011440001
Central carbon metabolism in cancer,38,-0.9829821252785402
Central carbon metabolism in cancer,39,-0.3499825539094249
Central carbon metabolism in cancer,40,0.355515026596864
Central carbon metabolism in cancer,41,-0.8288741808528778
Central carbon metabolism in cancer,42,-0.44564087766879545
Central carbon metabolism in cancer,43,-0.1370297327795384
Central carbon metabolism in cancer,44,-0.2286491688571165
Central carbon metabolism in cancer,45,0.09825135497553672
Central carbon metabolism in cancer,46,-0.8456300214856278
Central carbon metabolism in cancer,47,-0.8399019484324592
Central carbon metabolism in cancer,48,-0.5077367493434549
Central carbon metabolism in cancer,49,0.4171792112145204
Transcriptional misregulation in cancer,0,-0.5668728651096048
Transcriptional misregulation in cancer,1,-0.4656000199841817
Transcriptional misregulation in cancer,2,-0.4193416098643944
Transcriptional misregulation in cancer,3,-0.06818248937000514
Transcriptional misregulation in cancer,4,-0.2485027546132076
Transcriptional misregulation in cancer,5,-0.6284363511309832
Transcriptional misregulation in cancer,6,-0.5753795176666657
Transcriptional misregulation in cancer,7,-0.18954951831893047
Transcriptional misregulation in cancer,8,-0.46640457127133056
Transcriptional misregulation in cancer,9,-0.14218613659696802
Transcriptional misregulation in cancer,10,-0.10120036742031385
Transcriptional misregulation in cancer,11,-0.5068301965658129
Transcriptional misregulation in cancer,12,-0.5047094520398061
Transcriptional misregulation in cancer,13,-0.16254979251980028
Transcriptional misregulation in cancer,14,0.1393922985640167
Transcriptional misregulation in cancer,15,-0.22654990503891748
Transcriptional misregulation in cancer,16,-0.18308624217684089
Transcriptional misregulation in cancer,17,-0.07774473393190559
Transcriptional misregulation in cancer,18,0.30961125734398254
Transcriptional misregulation in cancer,19,-0.241329539453096
Transcriptional misregulation in cancer,20,-0.39059755620840103
Transcriptional misregulation in cancer,21,-0.2632938541131088
Transcriptional misregulation in cancer,22,-0.08605138188646845
Transcriptional misregulation in cancer,23,0.45153331142192143
Transcriptional misregulation in cancer,24,-0.8272273519467808
Transcriptional misregulation in cancer,25,-0.3645771634305124
Transcriptional misregulation in cancer,26,-0.6712949440192804
Transcriptional misregulation in cancer,27,-0.424091549052165
Transcriptional misregulation in cancer,28,-0.9425867676785915
Transcriptional misregulation in cancer,29,0.45267538146815495
Transcriptional misregulation in cancer,30,-0.7019450879627853
Transcriptional misregulation in cancer,31,-0.01999728182829644
Transcriptional misregulation in cancer,32,-0.42782011192019553
Transcriptional misregulation in cancer,33,-0.1326014911039471
Transcriptional misregulation in cancer,34,-0.7918688680428665
Transcriptional misregulation in cancer,35,-0.35050992100161493
Transcriptional misregulation in cancer,36,-0.9998506112478136
Transcriptional misregulation in cancer,37,-0.41222898608871417
Transcriptional misregulation in cancer,38,-0.39073041628847804
Transcriptional misregulation in cancer,39,-0.6252567314620416
Transcriptional misregulation in cancer,40,0.07340072410438851
Transcriptional misregulation in cancer,41,-0.006450148792155027
Transcriptional misregulation in cancer,42,-0.06078757947913108
Transcriptional misregulation in cancer,43,-0.17717232269925434
Transcriptional misregulation in cancer,44,-0.2981092146746923
Transcriptional misregulation in cancer,45,-0.31329617821927
Transcriptional misregulation in cancer,46,-0.4126942366458726
Transcriptional misregulation in cancer,47,-0.588424703882996
Transcriptional misregulation in cancer,48,-0.4528978059976971
Transcriptional misregulation in cancer,49,-0.4069601241351976
Chemical carcinogenesis,0,-0.35940940840757
Chemical carcinogenesis,1,0.2640728377855042
Chemical carcinogenesis,2,-0.28086762758881473
Chemical carcinogenesis,3,-0.96173698433068
Chemical carcinogenesis,4,-0.09637835878392365
Chemical carcinogenesis,5,-0.7891066049204942
Chemical carcinogenesis,6,-0.8508402576839467
Chemical carcinogenesis,7,-0.32600736027064103
Chemical carcinogenesis,8,-0.24913400789328094
Chemical carcinogenesis,9,0.12721118657789493
Chemical carcinogenesis,10,0.16365985727467386
Chemical carcinogenesis,11,-0.4012139792898617
Chemical carcinogenesis,12,-0.7746646562415719
Chemical carcinogenesis,13,-0.6427318362811048
Chemical carcinogenesis,14,-0.47540371430106143
Chemical carcinogenesis,15,-0.2951048473546528
Chemical carcinogenesis,16,-0.9469535464174865
Chemical carcinogenesis,17,-0.03783864773725077
Chemical carcinogenesis,18,-0.04528493051495035
Chemical carcinogenesis,19,-0.6932575260282344
Chemical carcinogenesis,20,-0.4197588351440239
Chemical carcinogenesis,21,-0.18261475657071108
Chemical carcinogenesis,22,-0.5139176916700136
Chemical carcinogenesis,23,-0.41325024728937865
Chemical carcinogenesis,24,0.37555349593916865
Chemical carcinogenesis,25,-0.4924376102431163
Chemical carcinogenesis,26,-0.39913161690494137
Chemical carcinogenesis,27,-0.4898259881465024
Chemical carcinogenesis,28,-0.439863144488083
Chemical carcinogenesis,29,-1.0806487467874022
Chemical carcinogenesis,30,-0.05922799132486367
Chemical carcinogenesis,31,-0.4901896134055913
Chemical carcinogenesis,32,-0.5251519026427736
Chemical carcinogenesis,33,-0.423705589871626
Chemical carcinogenesis,34,-0.3967445887418978
Chemical carcinogenesis,35,-0.20773334365169038
Chemical carcinogenesis,36,-0.23663234987996376
Chemical carcinogenesis,37,-0.4887080283002745
Chemical carcinogenesis,38,-0.4136817020432785
Chemical carcinogenesis,39,0.5707079759757667
Chemical carcinogenesis,40,-0.7571689088180125
Chemical carcinogenesis,41,-0.7581678028163132
Chemical carcinogenesis,42,-0.6041767339858224
Chemical carcinogenesis,43,-0.6179357857460472
Chemical carcinogenesis,44,0.5201268357711614
Chemical carcinogenesis,45,0.33909888210096256
Chemical carcinogenesis,46,-0.3867866209638639
Chemical carcinogenesis,47,-0.6841992652989073
Chemical carcinogenesis,48,-0.4219576629129529
Chemical carcinogenesis,49,-0.18502168952255116
Viral carcinogenesis,0,-0.2977538255562576
Viral carcinogenesis,1,-0.4948751666011055
Viral carcinogenesis,2,-0.21521602255266642
Viral carcinogenesis,3,-0.29367332205528
Viral carcinogenesis,4,-0.04400591212795137
Viral carcinogenesis,5,-0.5544647728810284
Viral carcinogenesis,6,-0.21294808940309143
Viral carcinogenesis,7,-0.35677065551209675
Viral carcinogenesis,8,0.3375280602347771
Viral carcinogenesis,9,-0.6591712100555749
Viral carcinogenesis,10,-0.7035033848480691
Viral carcinogenesis,11,-0.2621995981844155
Viral carcinogenesis,12,-0.03566217210045278
Viral carcinogenesis,13,-0.5597080200192668
Viral carcinogenesis,14,-0.9687625317172355
Viral carcinogenesis,15,-0.9685200386803228
Viral carcinogenesis,16,-0.11403451077374593
Viral carcinogenesis,17,-0.6031626017848712
Viral carcinogenesis,18,0.28047178307969006
Viral carcinogenesis,19,-0.8396897894661112
Viral carcinogenesis,20,0.2783211176824254
Viral carcinogenesis,21,-0.28231218497765503
Viral carcinogenesis,22,-0.5330721664085378
Viral carcinogenesis,23,1.1186385466792783
Viral carcinogenesis,24,-0.2307112239963627
Viral carcinogenesis,25,-0.7042782854998593
Viral carcinogenesis,26,0.46638529072183044
Viral carcinogenesis,27,0.03059276101970259
Viral carcinogenesis,28,0.10627511134218187
Viral carcinogenesis,29,0.8435167727535677
Viral carcinogenesis,30,0.2743174247979043
Viral carcinogenesis,31,-0.17734941551174555
Viral carcinogenesis,32,-0.988546058029959
Viral carcinogenesis,33,-0.45237397688704756
Viral carcinogenesis,34,0.046811631959034955
Viral carcinogenesis,35,0.20278272424696875
Viral carcinogenesis,36,-0.2331284747321435
Viral carcinogenesis,37,-0.22807076914418803
Viral carcinogenesis,38,-0.4247870381157954
Viral carcinogenesis,39,-0.5707619503544172
Viral carcinogenesis,40,-0.5994257757289146
Viral carcinogenesis,41,-0.7733069020508395
Viral carcinogenesis,42,-0.3177384646648256
Viral carcinogenesis,43,-0.5442828091439027
Viral carcinogenesis,44,0.31416860153975035
Viral carcinogenesis,45,-0.38189252792077544
Viral carcinogenesis,46,-0.4092761216153228
Viral carcinogenesis,47,-0.5461475320072443
Viral carcinogenesis,48,0.2834923216977409
Viral carcinogenesis,49,-0.18085649802082313
Non-small cell lung cancer,0,-0.589887201270491
Non-small cell lung cancer,1,-0.3158844359569029
Non-small cell lung cancer,2,-0.4405296757767465
Non-small cell lung cancer,3,-0.41490819788698186
Non-small cell lung cancer,4,0.08266378098582222
Non-small cell lung cancer,5,0.2034452067835455
Non-small cell lung cancer,6,-0.5188942111242971
Non-small cell lung cancer,7,-0.6534519562737977
Non-small cell lung cancer,8,-0.11605616164072731
Non-small cell lung cancer,9,0.14436691168689386
Non-small cell lung cancer,10,-0.6333541319505935
Non-small cell lung cancer,11,0.7248162251303829
Non-small cell lung cancer,12,-0.0836748342456388
Non-small cell lung cancer,13,-0.36911127020706075
Non-small cell lung cancer,14,-0.33175588193845906
Non-small cell lung cancer,15,-0.5225490791514684
Non-small cell lung cancer,16,0.2817101348069364
Non-small cell lung cancer,17,0.29477659569812054
Non-small cell lung cancer,18,0.6486364091986656
Non-small cell lung cancer,19,-0.35618165914470834
Non-small cell lung cancer,20,-0.3969889064030526
Non-small cell lung cancer,21,-0.6954508679770579
Non-small cell lung cancer,22,-0.3550680975071163
Non-small cell lung cancer,23,-0.0677707001996947
Non-small cell lung cancer,24,-0.41400474288843686
Non-small cell lung cancer,25,-0.3260378084625428
Non-small cell lung cancer,26,-0.11120993440579344
Non-small cell lung cancer,27,-0.684600306549973
Non-small cell lung cancer,28,-0.058971879591683804
Non-small cell lung cancer,29,-0.5755634196515804
Non-small cell lung cancer,30,-0.636479727865052
Non-small cell lung cancer,31,-0.22303022882435386
Non-small cell lung cancer,32,-0.12387659000982258
Non-small cell lung cancer,33,0.5520626493503534
Non-small cell lung cancer,34,-0.3605340680003384
Non-small cell lung cancer,35,-0.3768966971355187
Non-small cell lung cancer,36,-0.46668583628211113
Non-small cell lung cancer,37,0.5054944307724374
Non-small cell lung cancer,38,-0.024154488514868944
Non-small cell lung cancer,39,-0.43691576184135383
Non-small cell lung cancer,40,-0.2515831135786361
Non-small cell lung cancer,41,-0.5264884719101371
Non-small cell lung cancer,42,0.13360898595790452
Non-small cell lung cancer,43,-0.7058580104150356
Non-small cell lung cancer,44,-0.2673852297442203
Non-small cell lung cancer,45,-0.4440919628801897
Non-small cell lung cancer,46,-0.2492356430447045
Non-small cell lung cancer,47,-0.49608789319310115
Non-small cell lung cancer,48,-0.9584967252635971
Non-small cell lung cancer,49,-0.3066899875158883
Small cell lung cancer,0,-0.21030934401072382
Small cell lung cancer,1,-0.3894081007214978
Small cell lung cancer,2,-0.7559663905913785
Small cell lung cancer,3,0.3865310573414963
Small cell lung cancer,4,-0.16639516514416453
Small cell lung cancer,5,-0.043648170978976386
Small cell lung cancer,6,-0.37998810624399754
Small cell lung cancer,7,-0.8743322525425199
Small cell lung cancer,8,0.03506624139027932
Small cell lung cancer,9,0.6506529343783897
Small cell lung cancer,10,-0.4589323218178357
Small cell lung cancer,11,-0.5584066578062596
Small cell lung cancer,12,-0.24098469233764222
Small cell lung cancer,13,0.054032907269452625
Small cell lung cancer,14,0.23086064287609537
Small cell lung cancer,15,0.5288048424803918
Small cell lung cancer,16,0.6542799367792
Small cell lung cancer,17,0.39051319423668224
Small cell lung cancer,18,0.4977973467823723
Small cell lung cancer,19,-0.5037631394087845
Small cell lung cancer,20,-0.12537040742955002
Small cell lung cancer,21,-0.7459545033427186
Small cell lung cancer,22,-0.5598269382725716
Small cell lung cancer,23,-0.3253637571780433
Small cell lung cancer,24,-0.3305145893166117
Small cell lung cancer,25,-0.7334738521738162
Small cell lung cancer,26,-0.7722904955249654
Small cell lung cancer,27,0.25061473753663466
Small cell lung cancer,28,-0.5363704589289352
Small cell lung cancer,29,0.4093977120211919
Small cell lung cancer,30,-0.26013985900474673
Small cell lung cancer,31,-0.2749189248295824
Small cell lung cancer,32,-0.5777775573980776
Small cell lung cancer,33,0.7388509858105791
Small cell lung cancer,34,-0.6572376638592439
Small cell lung cancer,35,-1.2280857534337761
Small cell lung cancer,36,-0.6548994431063238
Small cell lung cancer,37,0.05176180471162177
Small cell lung cancer,38,-0.05451201412646768
Small cell lung cancer,39,-0.12729737568613808
Small cell lung cancer,40,0.4815353659916808
Small cell lung cancer,41,0.550422562870114
Small cell lung cancer,42,0.428235953694889
Small cell lung cancer,43,-0.7704466769936722
Small cell lung cancer,44,-0.6848371079476159
Small cell lung cancer,45,-0.4117671213951001
Small cell lung cancer,46,-0.7212939710837313
Small cell lung cancer,47,-0.33235375621631413
Small cell lung cancer,48,-0.2819213844166644
Small cell lung cancer,49,-0.3847938068248028
Breast cancer,0,-0.42979306414208124
Breast cancer,1,-0.6093098707131898
Breast cancer,2,-0.06461363423106524
Breast cancer,3,-0.6553953962167038
Breast cancer,4,-0.07951675624791998
Breast cancer,5,-0.2624992858252212
Breast cancer,6,-0.4870906706080018
Breast cancer,7,-0.3851458473723335
Breast cancer,8,-0.6672849602486726
Breast cancer,9,-0.3248036970363278
Breast cancer,10,-0.4687041803841656
Breast cancer,11,0.06413647897159279
Breast cancer,12,-0.4012159107614208
Breast cancer,13,-0.552842445918734
Breast cancer,14,-0.4829659772746282
Breast cancer,15,-0.6662828302657235
Breast cancer,16,-0.2576326072924099
Breast cancer,17,-0.8226905822033028
Breast cancer,18,-0.9642998310488989
Breast cancer,19,0.6670319386491537
Breast cancer,20,0.5854141866736235
Breast cancer,21,-0.4778739241339125
Breast cancer,22,-0.02133450320542462
Breast cancer,23,-0.16714470201778145
Breast cancer,24,-0.4731622374814348
Breast cancer,25,-0.2695223542947198
Breast cancer,26,-0.5196087126066852
Breast cancer,27,-1.102108113848738
Breast cancer,28,0.22148464234857854
Breast cancer,29,-0.3599848640504584
Breast cancer,30,-0.606155960451896
Breast cancer,31,0.6992127975262515
Breast cancer,32,0.049395668586979434
Breast cancer,33,-0.38598130893938165
Breast cancer,34,0.4840792824917254
Breast cancer,35,0.33103401211824524
Breast cancer,36,0.30223828181796886
Breast cancer,37,0.4927598766648722
Breast cancer,38,-0.4998343270526883
Breast cancer,39,-0.1655774959282977
Breast cancer,40,-0.5275804428022579
Breast cancer,41,-0.6523079492161631
Breast cancer,42,-0.24519571193705203
Breast cancer,43,-0.847501842450056
Breast cancer,44,-0.5090753348793706
Breast cancer,45,-0.9447510718821053
Breast cancer,46,-0.49526716502892926
Breast cancer,47,0.7752659029623561
Breast cancer,48,-0.4017566405680656
Breast cancer,49,0.1821765384117801
Colorectal cancer,0,-0.2943601051109159
Colorectal cancer,1,-0.30609096277830283
Colorectal cancer,2,-0.7948628222390579
Colorectal cancer,3,-0.8123328550119078
Colorectal cancer,4,-0.3538340016250724
Colorectal cancer,5,-0.355192067776651
Colorectal cancer,6,-0.3431234139569597
Colorectal cancer,7,-0.5598027649041246
Colorectal cancer,8,-0.5018024412290628
Colorectal cancer,9,0.3435743892381247
Colorectal cancer,10,-0.5373595969149512
Colorectal cancer,11,0.09332373959385415
Colorectal cancer,12,-0.1655992375644633
Colorectal cancer,13,0.3237189928846491
Colorectal cancer,14,-0.3635067835881406
Colorectal cancer,15,-0.2510118460008014
Colorectal cancer,16,0.133843114373089
Colorectal cancer,17,0.06755279109189054
Colorectal cancer,18,-0.16799268121052113
Colorectal cancer,19,-0.4670425768158428
Colorectal cancer,20,0.3935204304727221
Colorectal cancer,21,-0.4025326869994456
Colorectal cancer,22,-0.2876881898821524
Colorectal cancer,23,-0.43615692789729776
Colorectal cancer,24,-0.6298566387576825
Colorectal cancer,25,-0.1912720911229982
Colorectal cancer,26,-0.5434909047827088
Colorectal cancer,27,-0.3059572955549454
Colorectal cancer,28,-0.608341613507597
Colorectal cancer,29,-0.09624715601726384
Colorectal cancer,30,-0.15210866810849716
Colorectal cancer,31,-0.47421150523205396
Colorectal cancer,32,-0.5402302561984084
Colorectal cancer,33,-0.5603408172469038
Colorectal cancer,34,-0.41589804923770424
Colorectal cancer,35,-0.33300606307766556
Colorectal cancer,36,-0.3427439865409684
Colorectal cancer,37,-0.23815197264501556
Colorectal cancer,38,-0.634225064686192
Colorectal cancer,39,-0.585927458029112
Colorectal cancer,40,-0.7825899857875773
Colorectal cancer,41,-0.2866718570172734
Colorectal cancer,42,0.36101988780882305
Colorectal cancer,43,-0.8602286353380262
Colorectal cancer,44,-0.5300262831189445
Colorectal cancer,45,-0.4785692679180262
Colorectal cancer,46,-0.14809273954069388
Colorectal cancer,47,-0.3658703685431516
Colorectal cancer,48,-0.35262746769608827
Colorectal cancer,49,-0.6947400302298767
Gastric cancer,0,-0.6081301836978624
Gastric cancer,1,-0.8193255699059736
Gastric cancer,2,-0.5201020231849816
Gastric cancer,3,0.8499144683501796
Gastric cancer,4,0.6762055374103993
Gastric cancer,5,0.11234503775137825
Gastric cancer,6,-0.8650068038665488
Gastric cancer,7,-0.22016982520480144
Gastric cancer,8,-0.26982090366807976
Gastric cancer,9,-0.5926878636864631
Gastric cancer,10,0.14727494198886557
Gastric cancer,11,0.15881708215905377
Gastric cancer,12,-0.46937397456505214
Gastric cancer,13,0.09325186024218929
Gastric cancer,14,-0.12566072118769306
Gastric cancer,15,-0.34544031687552457
Gastric cancer,16,0.28134185147492513
Gastric cancer,17,-0.7129036311691735
Gastric cancer,18,-0.5362369083376917
Gastric cancer,19,-0.3462952719729838
Gastric cancer,20,-0.6401086948513912
Gastric cancer,21,0.3449923405023759
Gastric cancer,22,-0.28722468195026163
Gastric cancer,23,-0.13628034166586175
Gastric cancer,24,-0.6792675982847338
Gastric cancer,25,-0.20311041452070308
Gastric cancer,26,0.16095679728452073
Gastric cancer,27,-0.2562166329931763
Gastric cancer,28,-0.4712551853260301
Gastric cancer,29,0.6247403116907922
Gastric cancer,30,-0.6157241448865938
Gastric cancer,31,0.23242453391236495
Gastric cancer,32,0.4575341202025047
Gastric cancer,33,0.36603243508571565
Gastric cancer,34,-0.10745706056600131
Gastric cancer,35,0.6226143749091706
Gastric cancer,36,-0.17884698233636082
Gastric cancer,37,-0.1824897214916757
Gastric cancer,38,-0.5236445329150381
Gastric cancer,39,-0.4722911896110592
Gastric cancer,40,-0.1558151023497399
Gastric cancer,41,0.17833819243918522
Gastric cancer,42,-0.8764568050896395
Gastric cancer,43,-0.2607560932985133
Gastric cancer,44,-0.38261082615587905
Gastric cancer,45,0.3977075885811258
Gastric cancer,46,-0.38970180576943114
Gastric cancer,47,-0.38644949276558227
Gastric cancer,48,-0.31039199590943994
Gastric cancer,49,-0.4427019144800043
Hepatocellular carcinoma,0,-0.6467589808384355
Hepatocellular carcinoma,1,-0.3769375972991159
Hepatocellular carcinoma,2,-0.9647398712899122
Hepatocellular carcinoma,3,-0.3797286773576523
Hepatocellular carcinoma,4,-0.6254149075169645
Hepatocellular carcinoma,5,-0.7692597374596368
Hepatocellular carcinoma,6,-0.4468686649407296
Hepatocellular carcinoma,7,0.3683346203435847
Hepatocellular carcinoma,8,-0.5726462150359128
Hepatocellular carcinoma,9,1.0498034687560236
Hepatocellular carcinoma,10,-0.7257116241085695
Hepatocellular carcinoma,11,-0.21681116472241269
Hepatocellular carcinoma,12,-0.46452399815884715
Hepatocellular carcinoma,13,-0.48839265716526337
Hepatocellular carcinoma,14,-0.5148087725546304
Hepatocellular carcinoma,15,-0.13084005826725378
Hepatocellular carcinoma,16,-0.6646735003675791
Hepatocellular carcinoma,17,-0.20240015226624145
Hepatocellular carcinoma,18,-0.4813624933989879
Hepatocellular carcinoma,19,-0.06139850399040918
Hepatocellular carcinoma,20,-0.7985414903713164
Hepatocellular carcinoma,21,-0.3442050264770876
Hepatocellular carcinoma,22,-0.5494509635109026
Hepatocellular carcinoma,23,-0.38921137181107757
Hepatocellular carcinoma,24,-0.6213939910409092
Hepatocellular carcinoma,25,-0.3698778000516175
Hepatocellular carcinoma,26,-0.3626852270082477
Hepatocellular carcinoma,27,-0.393036570990494
Hepatocellular carcinoma,28,-0.19850774730037796
Hepatocellular carcinoma,29,0.19156273157891826
Hepatocellular carcinoma,30,-0.6053205086844287
Hepatocellular carcinoma,31,-0.3235899385754727
Hepatocellular carcinoma,32,-0.4287450974378786
Hepatocellular carcinoma,33,0.13905503497241545
Hepatocellular carcinoma,34,-0.561924450483226
Hepatocellular carcinoma,35,-0.022153140105855097
Hepatocellular carcinoma,36,0.5912311746782921
Hepatocellular carcinoma,37,-0.5360912640178582
Hepatocellular carcinoma,38,-0.7389630153971412
Hepatocellular carcinoma,39,-0.32779316217054993
Hepatocellular carcinoma,40,-0.0476349684835356
Hepatocellular carcinoma,41,0.4605466250605893
Hepatocellular carcinoma,42,-0.12799573567144817
Hepatocellular carcinoma,43,-0.4100995722639895
Hepatocellular carcinoma,44,-0.08083703238568825
Hepatocellular carcinoma,45,-0.5930670471701849
Hepatocellular carcinoma,46,-0.43758838763526753
Hepatocellular carcinoma,47,0.6010941539538998
Hepatocellular carcinoma,48,-0.12383592361358278
Hepatocellular carcinoma,49,0.31775827075344154
Pancreatic cancer,0,0.12632994795920677
Pancreatic cancer,1,-0.4362843981931886
Pancreatic cancer,2,-0.4269771201043503
Pancreatic cancer,3,-0.3981247064987887
Pancreatic cancer,4,-0.7676347220799893
Pancreatic cancer,5,-0.104539706159918
Pancreatic cancer,6,-0.49511927499807695
Pancreatic cancer,7,0.5629078294413693
Pancreatic cancer,8,0.16842979307408107
Pancreatic cancer,9,-0.6133466735174247
Pancreatic cancer,10,-0.02145343482731802
Pancreatic cancer,11,-0.6417956299580947
Pancreatic cancer,12,-0.41875387149693866
Pancreatic cancer,13,0.08578594196156979
Pancreatic cancer,14,-0.67224819579359
Pancreatic cancer,15,0.18850382137770894
Pancreatic cancer,16,-0.14805815028890126
Pancreatic cancer,17,-0.015595914578028234
Pancreatic cancer,18,-0.11123152779421208
Pancreatic cancer,19,-0.49338138425304
Pancreatic cancer,20,-0.3802451404466103
Pancreatic cancer,21,-1.0374199106341786
Pancreatic cancer,22,-0.20108656617137372
Pancreatic cancer,23,-0.4042082551177324
Pancreatic cancer,24,-0.048025738814125876
Pancreatic cancer,25,-0.16599042277504222
Pancreatic cancer,26,-0.7351492282346014
Pancreatic cancer,27,-0.38470637038756017
Pancreatic cancer,28,-0.48741929586015625
Pancreatic cancer,29,0.24924171450739505
Pancreatic cancer,30,-0.5135216207940794
Pancreatic cancer,31,-0.48170531286422663
Pancreatic cancer,32,-0.6025610321618902
Pancreatic cancer,33,-0.5331201338284459
Pancreatic cancer,34,-0.7530345351158936
Pancreatic cancer,35,-0.22413486947105732
Pancreatic cancer,36,-0.19207064329386678
Pancreatic cancer,37,-0.35210239675390176
Pancreatic cancer,38,1.001925113803777
Pancreatic cancer,39,-0.34355174666301325
Pancreatic cancer,40,-0.7312926812026226
Pancreatic cancer,41,-0.712785847477492
Pancreatic cancer,42,-0.5344338743520042
Pancreatic cancer,43,0.5217590923719944
Pancreatic cancer,44,0.32433040601417895
Pancreatic cancer,45,-0.7368488053509106
Pancreatic cancer,46,-0.9546230578567281
Pancreatic cancer,47,-0.2571531878330601
Pancreatic cancer,48,-0.38391206772522374
Pancreatic cancer,49,-0.29394853446757274
T cell receptor signaling pathway,0,-0.7604325574203059
T cell receptor signaling pathway,1,-0.44435956671323573
T cell receptor signaling pathway,2,-0.4250665582942092
T cell receptor signaling pathway,3,0.7594684600476251
T cell receptor signaling pathway,4,-0.6494692083431104
T cell receptor signaling pathway,5,0.011100950817029382
T cell receptor signaling pathway,6,0.29314061147822135
T cell receptor signaling pathway,7,0.8434537733868859
T cell receptor signaling pathway,8,-0.15410715713957068
T cell receptor signaling pathway,9,-0.3110406899382867
T cell receptor signaling pathway,10,0.14622165306573207
T cell receptor signaling pathway,11,-0.32091289568180315
T cell receptor signaling pathway,12,-0.7990813035152011
T cell receptor signaling pathway,13,-0.1630025589634023
T cell receptor signaling pathway,14,0.1771323661328425
T cell receptor signaling pathway,15,-0.3038301974476318
T cell receptor signaling pathway,16,-0.5474826866762558
T cell receptor signaling pathway,17,-0.5755809436448466
T cell receptor signaling pathway,18,-0.2889363112487549
T cell receptor signaling pathway,19,0.4326704483617415
T cell receptor signaling pathway,20,-0.035699926702353266
T cell receptor signaling pathway,21,-0.7091847415247252
T cell receptor signaling pathway,22,-0.4858899847476832
T cell receptor signaling pathway,23,-0.3549267346305417
T cell receptor signaling pathway,24,-0.20765075437869204
T cell receptor signaling pathway,25,-0.9644976569406349
T cell receptor signaling pathway,26,0.14960014862925386
T cell receptor signaling pathway,27,-0.40389969367282796
T cell receptor signaling pathway,28,-0.4504541814815756
T cell receptor signaling pathway,29,0.4489550291547847
T cell receptor signaling pathway,30,0.310730018728092
T cell receptor signaling pathway,31,-0.1037508644229512
T cell receptor signaling pathway,32,-0.20850450378153607
T cell receptor signaling pathway,33,-0.5629386247771514
T cell receptor signaling pathway,34,-0.693590328687811
T cell receptor signaling pathway,35,-0.2670688091381547
T cell receptor signaling pathway,36,-0.2785705123299888
T cell receptor signaling pathway,37,-0.5410130248918419
T cell receptor signaling pathway,38,0.15363467133806558
T cell receptor signaling pathway,39,-0.6168674406448403
T cell receptor signaling pathway,40,-0.29523111897017895
T cell receptor signaling pathway,41,-0.7934872953377465
T cell receptor signaling pathway,42,-0.7560502746957269
T cell receptor signaling pathway,43,-1.0701806627146018
T cell receptor signaling pathway,44,-0.34338226111818615
T cell receptor signaling pathway,45,-0.7871928067981352
T cell receptor signaling pathway,46,0.9984392284021286
T cell receptor signaling pathway,47,0.018583886801864433
T cell receptor signaling pathway,48,-0.7262036877277466
T cell receptor signaling pathway,49,-0.3194446414512409
B cell receptor signaling pathway,0,-0.6471753153101834
B cell receptor signaling pathway,1,-0.08982203901197623
B cell receptor signaling pathway,2,-0.2809274910123761
B cell receptor signaling pathway,3,-0.5464536567540712
B cell receptor signaling pathway,4,-0.4680428759813688
B cell receptor signaling pathway,5,-0.9437467457977807
B cell receptor signaling pathway,6,0.6030758090298303
B cell receptor signaling pathway,7,-0.11032087298254521
B cell receptor signaling pathway,8,-0.3497482865907062
B cell receptor signaling pathway,9,-0.3242401108033517
B cell receptor signaling pathway,10,0.8353655743406831
B cell receptor signaling pathway,11,-0.7714893542164627
B cell receptor signaling pathway,12,-0.6309850496559609
B cell receptor signaling pathway,13,-0.13282425356278932
B cell receptor signaling pathway,14,-0.13470472397716868
B cell receptor signaling pathway,15,-0.9849225997651383
B cell receptor signaling pathway,16,-0.4490474572638354
B cell receptor signaling pathway,17,0.4762227633988754
B cell receptor signaling pathway,18,-0.5597139309615378
B cell receptor signaling pathway,19,0.45272972125624994
B cell receptor signaling pathway,20,-0.5919049793914332
B cell receptor signaling pathway,21,0.6628676274306908
B cell receptor signaling pathway,22,0.5147202558945686
B cell receptor signaling pathway,23,-0.2705417159276549
B cell receptor signaling pathway,24,-0.3295440396867146
B cell receptor signaling pathway,25,-1.0728073854160018
B cell receptor signaling pathway,26,0.9251010238430586
B cell receptor signaling pathway,27,-0.26358252059050613
B cell receptor signaling pathway,28,-0.41871244891151094
B cell receptor signaling pathway,29,-0.30722280585819467
B cell receptor signaling pathway,30,-0.6294091217835304
B cell receptor signaling pathway,31,-0.010994967598437894
B cell receptor signaling pathway,32,-0.28080446960416444
B cell receptor signaling pathway,33,0.2878481342744455
B cell receptor signaling pathway,34,0.4090382537947538
B cell receptor signaling pathway,35,-0.4524103776064524
B cell receptor signaling pathway,36,-0.9375912433285807
B cell receptor signaling pathway,37,-0.04496434920976254
B cell receptor signaling pathway,38,0.6147127830917979
B cell receptor signaling pathway,39,0.0165606526416607
B cell receptor signaling pathway,40,-0.42974553572588775
B cell receptor signaling pathway,41,0.5417894678913266
B cell receptor signaling pathway,42,-0.23470692157885292
B cell receptor signaling pathway,43,-0.5539809383538465
B cell receptor signaling pathway,44,-0.6552396343876614
B cell receptor signaling pathway,45,-0.3177827892771141
B cell receptor signaling pathway,46,0.5120569879807064
B cell receptor signaling pathway,47,-0.5367520977288603
B cell receptor signaling pathway,48,0.5617058484525402
B cell receptor signaling pathway,49,-0.7689674851543933
Natural killer cell mediated cytotoxicity,0,0.5529582606784964
Natural killer cell mediated cytotoxicity,1,0.6163776478906988
Natural killer cell mediated cytotoxicity,2,0.001456585460046823
Natural killer cell mediated cytotoxicity,3,0.2320176606372813
Natural killer cell mediated cytotoxicity,4,-0.040644441787177105
Natural killer cell mediated cytotoxicity,5,-0.09486724784626982
Natural killer cell mediated cytotoxicity,6,-0.7465217623597568
Natural killer cell mediated cytotoxicity,7,-0.006190094324217569
Natural killer cell mediated cytotoxicity,8,-0.6603976985535813
Natural killer cell mediated cytotoxicity,9,-0.5381337842285957
Natural killer cell mediated cytotoxicity,10,-0.004211177046765297
Natural killer cell mediated cytotoxicity,11,-0.8171350869725166
Natural killer cell mediated cytotoxicity,12,-0.01194288872142368
Natural killer cell mediated cytotoxicity,13,-0.26818352371496695
Natural killer cell mediated cytotoxicity,14,-0.7195151336128587
Natural killer cell mediated cytotoxicity,15,-0.4060091424294105
Natural killer cell mediated cytotoxicity,16,-0.806635317220477
Natural killer cell mediated cytotoxicity,17,0.6900046536819322
Natural killer cell mediated cytotoxicity,18,-0.055191967958656524
Natural killer cell mediated cytotoxicity,19,-0.2185718120817318
Natural killer cell mediated cytotoxicity,20,-0.4285167825858949
Natural killer cell mediated cytotoxicity,21,-0.7921052118330609
Natural killer cell mediated cytotoxicity,22,-0.3042398918945748
Natural killer cell mediated cytotoxicity,23,-0.4353504542105253
Natural killer cell mediated cytotoxicity,24,-0.21202497164952133
Natural killer cell mediated cytotoxicity,25,-0.5413925708257427
Natural killer cell mediated cytotoxicity,26,-0.1179339494531551
Natural killer cell mediated cytotoxicity,27,0.23294142952217717
Natural killer cell mediated cytotoxicity,28,-0.608272151208664
Natural killer cell mediated cytotoxicity,29,-0.47893910785271243
Natural killer cell mediated cytotoxicity,30,-0.25422795648931773
Natural killer cell mediated cytotoxicity,31,-0.6429102440351117
Natural killer cell mediated cytotoxicity,32,-0.558065344229674
Natural killer cell mediated cytotoxicity,33,-0.9061005408550722
Natural killer cell mediated cytotoxicity,34,0.2633098344312715
Natural killer cell mediated cytotoxicity,35,-0.16160313120536063
Natural killer cell mediated cytotoxicity,36,-0.02887243222058599
Natural killer cell mediated cytotoxicity,37,-0.5052749781070873
Natural killer cell mediated cytotoxicity,38,-0.3147122130413386
Natural killer cell mediated cytotoxicity,39,-0.49159389957694405
Natural killer cell mediated cytotoxicity,40,-0.9028039751714843
Natural killer cell mediated cytotoxicity,41,-0.38043140716558943
Natural killer cell mediated cytotoxicity,42,-0.508342308603521
Natural killer cell mediated cytotoxicity,43,-0.16523633059434056
Natural killer cell mediated cytotoxicity,44,-0.4702587432754406
Natural killer cell mediated cytotoxicity,45,-0.21948386413042492
Natural killer cell mediated cytotoxicity,46,-0.35173819291810304
Natural killer cell mediated cytotoxicity,47,0.6353762525563703
Natural killer cell mediated cytotoxicity,48,-0.35806468932480784
Natural killer cell mediated cytotoxicity,49,-0.9404342536405474
Antigen processing and presentation,0,-0.832150309008734
Antigen processing and presentation,1,-0.4122430044847556
Antigen processing and presentation,2,0.10698712490030962
Antigen processing and presentation,3,-0.33198512159736693
Antigen processing and presentation,4,0.30840716510183563
Antigen processing and presentation,5,-0.5405974505617568
Antigen processing and presentation,6,-0.48359494706606865
Antigen processing and presentation,7,-0.9851397388076272
Antigen processing and presentation,8,-0.6622650524260382
Antigen processing and presentation,9,-0.6442378682511607
Antigen processing and presentation,10,-0.03572764576424184
Antigen processing and presentation,11,0.9928115061207996
Antigen processing and presentation,12,0.4253807642830312
Antigen processing and presentation,13,-0.37111203456377173
Antigen processing and presentation,14,-0.45611682213546273
Antigen processing and presentation,15,-0.0513804298248212
Antigen processing and presentation,16,-0.279827092996619
Antigen processing and presentation,17,-0.4931602222368957
Antigen processing and presentation,18,-0.3215716472831625
Antigen processing and presentation,19,-0.7372304098329807
Antigen processing and presentation,20,-0.45725184632495913
Antigen processing and presentation,21,-0.2615529234069282
Antigen processing and presentation,22,-0.36551615495513107
Antigen processing and presentation,23,-0.9514187981238766
Antigen processing and presentation,24,0.7461800127180789
Antigen processing and presentation,25,-0.959847111399595
Antigen processing and presentation,26,-0.0519368271778352
Antigen processing and presentation,27,0.3544695117148323
Antigen processing and presentation,28,-0.5816147663786094
Antigen processing and presentation,29,0.03151418703738386
Antigen processing and presentation,30,0.35965790528362584
Antigen processing and presentation,31,-0.556264458944104
Antigen processing and presentation,32,-0.6325492224620733
Antigen processing and presentation,33,-0.4280059128498889
Antigen processing and presentation,34,0.056170617657447255
Antigen processing and presentation,35,-0.01399632708735031
Antigen processing and presentation,36,-0.3616540480201573
Antigen processing and presentation,37,-0.7753723605936067
Antigen processing and presentation,38,-0.20788350688539878
Antigen processing and presentation,39,-0.4211524724281461
Antigen processing and presentation,40,0.22494082683204383
Antigen processing and presentation,41,-0.43797216843936915
Antigen processing and presentation,42,-0.037772260995766097
Antigen processing and presentation,43,-0.5073042793010495
Antigen processing and presentation,44,-0.49766518613020677
Antigen processing and presentation,45,0.6231726376688216
Antigen processing and presentation,46,-0.6171571323558994
Antigen processing and presentation,47,-0.34451100449326244
Antigen processing and presentation,48,-0.3572623857399037
Antigen processing and presentation,49,0.04263329540111516
Cytokine-cytokine receptor interaction,0,-0.3166495926787024
Cytokine-cytokine receptor interaction,1,-0.07818736871299452
Cytokine-cytokine receptor interaction,2,-0.4551039738972772
Cytokine-cytokine receptor interaction,3,-0.5215658009261467
Cytokine-cytokine receptor interaction,4,-0.5985786462667333
Cytokine-cytokine receptor interaction,5,-0.5820577787842407
Cytokine-cytokine receptor interaction,6,-0.8920461745451007
Cytokine-cytokine receptor interaction,7,-0.7287750664919843
Cytokine-cytokine receptor interaction,8,-0.16217184980364577
Cytokine-cytokine receptor interaction,9,-0.506807084969604
Cytokine-cytokine receptor interaction,10,-0.8914904743023501
Cytokine-cytokine receptor interaction,11,-0.02348650899241824
Cytokine-cytokine receptor interaction,12,-0.4147330600579544
Cytokine-cytokine receptor interaction,13,0.1371755511930014
Cytokine-cytokine receptor interaction,14,-0.40145950279795584
Cytokine-cytokine receptor interaction,15,-0.22759429645185503
Cytokine-cytokine receptor interaction,16,0.3647688134521022
Cytokine-cytokine receptor interaction,17,-0.2575848395699208
Cytokine-cytokine receptor interaction,18,-0.20930758122392323
Cytokine-cytokine receptor interaction,19,-0.19504025743402886
Cytokine-cytokine receptor interaction,20,-0.796715478200909
Cytokine-cytokine receptor interaction,21,-0.3075859095266059
Cytokine-cytokine receptor interaction,22,-0.7375000040553377
Cytokine-cytokine receptor interaction,23,-0.5698866597975052
Cytokine-cytokine receptor interaction,24,-0.5282894053064351
Cytokine-cytokine receptor interaction,25,-0.1973137257943185
Cytokine-cytokine receptor interaction,26,0.15555378655337745
Cytokine-cytokine receptor interaction,27,-0.03944404572022403
Cytokine-cytokine receptor interaction,28,-0.48485058184106755
Cytokine-cytokine receptor interaction,29,-0.419242443004437
Cytokine-cytokine receptor interaction,30,0.5840722191070025
Cytokine-cytokine receptor interaction,31,-0.47311456711117145
Cytokine-cytokine receptor interaction,32,-0.2139330110623827
Cytokine-cytokine receptor interaction,33,-0.5112572736542613
Cytokine-cytokine receptor interaction,34,0.18195200413330415
Cytokine-cytokine receptor interaction,35,-0.7941477947038238
Cytokine-cytokine receptor interaction,36,-0.31175546677001825
Cytokine-cytokine receptor interaction,37,-0.46389112062569016
Cytokine-cytokine receptor interaction,38,-0.25306291716095375
Cytokine-cytokine receptor interaction,39,-0.4239058848325803
Cytokine-cytokine receptor interaction,40,-0.6189443368521572
Cytokine-cytokine receptor interaction,41,-0.35576602845557703
Cytokine-cytokine receptor interaction,42,-0.27064142710919215
Cytokine-cytokine receptor interaction,43,-0.6085923599697851
Cytokine-cytokine receptor interaction,44,-0.6160197758087569
Cytokine-cytokine receptor interaction,45,-0.4714841791891059
Cytokine-cytokine receptor interaction,46,-0.014194675129173407
Cytokine-cytokine receptor interaction,47,-0.46767300900000863
Cytokine-cytokine receptor interaction,48,-0.26590825069938523
Cytokine-cytokine receptor interaction,49,-0.643529354556325
Chemokine signaling pathway,0,-0.16530619318573422
Chemokine signaling pathway,1,-0.7536560928732925
Chemokine signaling pathway,2,-0.33266931551536455
Chemokine signaling pathway,3,-0.7025102105444987
Chemokine signaling pathway,4,-0.8428877311219596
Chemokine signaling pathway,5,0.20345921726767688
Chemokine signaling pathway,6,-0.6200345230797347
Chemokine signaling pathway,7,-0.2689411684965854
Chemokine signaling pathway,8,-0.11714143001344625
Chemokine signaling pathway,9,-0.45397275963370154
Chemokine signaling pathway,10,-0.40686408066645163
Chemokine signaling pathway,11,-0.5545596680468328
Chemokine signaling pathway,12,-0.5020184706238813
Chemokine signaling pathway,13,-0.3949729756175626
Chemokine signaling pathway,14,-0.8378061513103218
Chemokine signaling pathway,15,-0.129391552470684
Chemokine signaling pathway,16,-0.04852395528759326
Chemokine signaling pathway,17,-0.07438640997567972
Chemokine signaling pathway,18,-0.4681358948169718
Chemokine signaling pathway,19,-0.38537856201197385
Chemokine signaling pathway,20,-0.3015783451004988
Chemokine signaling pathway,21,-0.33099500093448087
Chemokine signaling pathway,22,-0.37132865040064256
Chemokine signaling pathway,23,-0.47245435106903516
Chemokine signaling pathway,24,0.19319445674526142
Chemokine signaling pathway,25,-0.2696869197130639
Chemokine signaling pathway,26,-0.3962248401935249
Chemokine signaling pathway,27,-0.649174228203867
Chemokine signaling pathway,28,-0.21337137519661414
Chemokine signaling pathway,29,0.0019939942063031723
Chemokine signaling pathway,30,-0.7788219010908666
Chemokine signaling pathway,31,0.4681092777524608
Chemokine signaling pathway,32,-0.4092880050529552
Chemokine signaling pathway,33,-0.6011472645934016
Chemokine signaling pathway,34,-0.6344167580199733
Chemokine signaling pathway,35,-0.5802861587811112
Chemokine signaling pathway,36,-0.25510723892589976
Chemokine signaling pathway,37,-0.6590179159282546
Chemokine signaling pathway,38,-0.5244947751750799
Chemokine signaling pathway,39,-0.29511751426055
Chemokine signaling pathway,40,-0.32770436455743085
Chemokine signaling pathway,41,0.040032645579181514
Chemokine signaling pathway,42,-0.040177410637325356
Chemokine signaling pathway,43,-0.4802230270884906
Chemokine signaling pathway,44,-0.42546510869069165
Chemokine signaling pathway,45,-0.5760183764892668
Chemokine signaling pathway,46,0.19590217219555345
Chemokine signaling pathway,47,-0.5654237363651701
Chemokine signaling pathway,48,-0.4963420196833714
Chemokine signaling pathway,49,-0.48949208654899473
ECM-receptor interaction,0,0.7104567835872231
ECM-receptor interaction,1,-0.6276078504318625
ECM-receptor interaction,2,-0.27297458982580225
ECM-receptor interaction,3,-0.045784095762085135
ECM-receptor interaction,4,-0.4611111242903013
ECM-receptor interaction,5,0.2924222275805959
ECM-receptor interaction,6,-0.2019214890172174
ECM-receptor interaction,7,-0.44689471626577915
ECM-receptor interaction,8,-0.16134849728863623
ECM-receptor interaction,9,-0.49050977970536913
ECM-receptor interaction,10,-0.5714535548850088
ECM-receptor interaction,11,-0.6835175736975334
ECM-receptor interaction,12,-0.3872462713682966
ECM-receptor interaction,13,0.34585106241840935
ECM-receptor interaction,14,-0.45211228585460117
ECM-receptor interaction,15,0.3662581555525246
ECM-receptor interaction,16,-0.35205730390330164
ECM-receptor interaction,17,-0.467590758137604
ECM-receptor interaction,18,0.3879650604258285
ECM-receptor interaction,19,0.896423519668784
ECM-receptor interaction,20,0.1252412041410909
ECM-receptor interaction,21,-0.5730844926472471
ECM-receptor interaction,22,-0.6592311356290488
ECM-receptor interaction,23,-0.5849719245424592
ECM-receptor interaction,24,-0.9300041788684903
ECM-receptor interaction,25,0.3910725797002359
ECM-receptor interaction,26,-0.2767507306635958
ECM-receptor interaction,27,-0.3807502992362056
ECM-receptor interaction,28,-0.17479808077079134
ECM-receptor interaction,29,-0.23747130137422492
ECM-receptor interaction,30,-0.3645732775011754
ECM-receptor interaction,31,-0.2882633202455397
ECM-receptor interaction,32,-0.6898234384841461
ECM-receptor interaction,33,-0.4981445646336874
ECM-receptor interaction,34,-0.26954889113643704
ECM-receptor interaction,35,0.829772006716514
ECM-receptor interaction,36,-0.6980814073328985
ECM-receptor interaction,37,0.41241549563562885
ECM-receptor interaction,38,-0.34067447179373433
ECM-receptor interaction,39,-1.063601680567257
ECM-receptor interaction,40,-0.6046538677984641
ECM-receptor interaction,41,-0.5046303713375726
ECM-receptor interaction,42,0.35423062473645606
ECM-receptor interaction,43,-0.41782133588687453
ECM-receptor interaction,44,-0.2078856421304741
ECM-receptor interaction,45,-0.34353541453311
ECM-receptor interaction,46,-0.26281862566995484
ECM-receptor interaction,47,-0.2322622817845742
ECM-receptor interaction,48,0.012189769024871346
ECM-receptor interaction,49,-0.26585287877478264
Focal adhesion,0,-0.1543727855523772
Focal adhesion,1,-0.11372068450104722
Focal adhesion,2,-0.42167630875456696
Focal adhesion,3,-0.06193098663529051
Focal adhesion,4,-0.19266040262349657
Focal adhesion,5,-0.4374453175917542
Focal adhesion,6,-0.26299135597712525
Focal adhesion,7,-0.5257946383044474
Focal adhesion,8,-0.6515040693608315
Focal adhesion,9,-0.40941201028907126
Focal adhesion,10,-0.5711737701067752
Focal adhesion,11,0.05566255391512247
Focal adhesion,12,-0.43189484908159825
Focal adhesion,13,-0.3720353879879623
Focal adhesion,14,-0.5698101340612829
Focal adhesion,15,0.017936880489871316
Focal adhesion,16,-0.6119615681215195
Focal adhesion,17,-0.5258840369783013
Focal adhesion,18,-0.17416582095433542
Focal adhesion,19,-0.521246908536439
Focal adhesion,20,-0.5024219395878388
Focal adhesion,21,-0.4914271816827795
Focal adhesion,22,-0.45292024240384665
Focal adhesion,23,-0.7298805765458534
Focal adhesion,24,-0.5971590131254593
Focal adhesion,25,0.6053781889420207
Focal adhesion,26,-0.5044793024605808
Focal adhesion,27,-0.5461928794936093
Focal adhesion,28,-0.01721924617719552
Focal adhesion,29,-0.43484620388282086
Focal adhesion,30,-0.6026424827674672
Focal adhesion,31,-0.787459877175974
Focal adhesion,32,0.7335201577740098
Focal adhesion,33,0.05354712064773849
Focal adhesion,34,0.054528286108244645
Focal adhesion,35,-0.47998346235583
Focal adhesion,36,-0.6065901106198096
Focal adhesion,37,-0.4247336367570035
Focal adhesion,38,-0.7913724723141778
Focal adhesion,39,-0.07303541626462443
Focal adhesion,40,-0.9317356207300468
Focal adhesion,41,-0.7113983191524333
Focal adhesion,42,0.7730005434957672
Focal adhesion,43,0.5172407606447769
Focal adhesion,44,-0.02495111318645857
Focal adhesion,45,-1.1405537457360508
Focal adhesion,46,-0.23980235444528605
Focal adhesion,47,-0.5600899223308341
Focal adhesion,48,-0.33605499298070984
Focal adhesion,49,-0.5359759622332543
Cell adhesion molecules,0,0.7242135316014549
Cell adhesion molecules,1,-0.6095197240510761
Cell adhesion molecules,2,-1.0604081508630632
Cell adhesion molecules,3,-0.7331610505008028
Cell adhesion molecules,4,0.41939334247519366
Cell adhesion molecules,5,-0.3496033745050089
Cell adhesion molecules,6,-0.7264651124053763
Cell adhesion molecules,7,-0.16377855080498355
Cell adhesion molecules,8,0.27925164929171215
Cell adhesion molecules,9,-0.3585657916812153
Cell adhesion molecules,10,-0.3127215769988548
Cell adhesion molecules,11,-0.4240175483585104
Cell adhesion molecules,12,-0.6138466221571865
Cell adhesion molecules,13,-0.3628182741285738
Cell adhesion molecules,14,-0.18429275440255774
Cell adhesion molecules,15,-0.37293471488022567
Cell adhesion molecules,16,-0.4597524573163385
Cell adhesion molecules,17,0.5098156241554942
Cell adhesion molecules,18,-0.649194601863574
Cell adhesion molecules,19,-0.6035782240265144
Cell adhesion molecules,20,-0.5467258673370672
Cell adhesion molecules,21,-0.9846890103106241
Cell adhesion molecules,22,-0.5893378576773485
Cell adhesion molecules,23,-0.701407141816162
Cell adhesion molecules,24,0.07480196220287533
Cell adhesion molecules,25,0.051834199346883825
Cell adhesion molecules,26,-0.5434199971810233
Cell adhesion molecules,27,-0.04346368894053004
Cell adhesion molecules,28,-0.39350435234191455
Cell adhesion molecules,29,-0.4646794955548281
Cell adhesion molecules,30,-0.6702377196672487
Cell adhesion molecules,31,-0.6432958714754557
Cell adhesion molecules,32,-0.566640030382859
Cell adhesion molecules,33,0.2727892865343282
Cell adhesion molecules,34,-0.44469751278470726
Cell adhesion molecules,35,-0.5973946436936152
Cell adhesion molecules,36,0.166719489932027
Cell adhesion molecules,37,0.49472011676030725
Cell adhesion molecules,38,0.14052355324488688
Cell adhesion molecules,39,-0.6228953393710288
Cell adhesion molecules,40,-0.6279360394817368
Cell adhesion molecules,41,-0.6416614577730337
Cell adhesion molecules,42,-0.06472369225849667
Cell adhesion molecules,43,-0.45335882666866223
Cell adhesion molecules,44,-0.3170541820437205
Cell adhesion molecules,45,-0.5449827781857205
Cell adhesion molecules,46,0.18293322975091814
Cell adhesion molecules,47,-0.3158477147234376
Cell adhesion molecules,48,-0.2933468801832438
Cell adhesion molecules,49,-0.4176942759027616
Regulation of actin cytoskeleton,0,-0.5068433266887121
Regulation of actin cytoskeleton,1,-0.5721646606340078
Regulation of actin cytoskeleton,2,-0.6526695079960306
Regulation of actin cytoskeleton,3,-0.6738497171560469
Regulation of actin cytoskeleton,4,-0.3772857681373755
Regulation of actin cytoskeleton,5,0.2541635931214944
Regulation of actin cytoskeleton,6,-0.4195361814298041
Regulation of actin cytoskeleton,7,-0.040052249945811906
Regulation of actin cytoskeleton,8,-0.36929424870827354
Regulation of actin cytoskeleton,9,0.10480077869039076
Regulation of actin cytoskeleton,10,-0.37969761952142944
Regulation of actin cytoskeleton,11,-0.7798804005880744
Regulation of actin cytoskeleton,12,-0.6797932673501639
Regulation of actin cytoskeleton,13,-0.09546957756820552
Regulation of actin cytoskeleton,14,-0.6860678254680557
Regulation of actin cytoskeleton,15,0.4414397332865015
Regulation of actin cytoskeleton,16,-0.42712147106718845
Regulation of actin cytoskeleton,17,-0.8634007198358435
Regulation of actin cytoskeleton,18,-0.4443202485816735
Regulation of actin cytoskeleton,19,-0.6488339158605221
Regulation of actin cytoskeleton,20,-0.527516862933285
Regulation of actin cytoskeleton,21,-0.2618388380228765
Regulation of actin cytoskeleton,22,-0.39756261367747475
Regulation of actin cytoskeleton,23,-0.39721851956586895
Regulation of actin cytoskeleton,24,-0.856793824392349
Regulation of actin cytoskeleton,25,-0.6211303602439947
Regulation of actin cytoskeleton,26,0.45340378802664316
Regulation of actin cytoskeleton,27,-0.1355101660408598
Regulation of actin cytoskeleton,28,-0.3358089002206126
Regulation of actin cytoskeleton,29,-0.2970293136154921
Regulation of actin cytoskeleton,30,-0.618590786306181
Regulation of actin cytoskeleton,31,-0.0026981380802722555
Regulation of actin cytoskeleton,32,-0.6693212477949967
Regulation of actin cytoskeleton,33,-0.04001495050780517
Regulation of actin cytoskeleton,34,-0.927417949575301
Regulation of actin cytoskeleton,35,-0.09175924734602325
Regulation of actin cytoskeleton,36,-1.108973886994909
Regulation of actin cytoskeleton,37,-0.18929581267243847
Regulation of actin cytoskeleton,38,-0.5776837459974851
Regulation of actin cytoskeleton,39,-0.5414496871494636
Regulation of actin cytoskeleton,40,-0.3999055529052928
Regulation of actin cytoskeleton,41,0.11490915097571434
Regulation of actin cytoskeleton,42,-0.3867705937913363
Regulation of actin cytoskeleton,43,-0.293061140946214
Regulation of actin cytoskeleton,44,-1.1908618570658822
Regulation of actin cytoskeleton,45,-0.8862204646563954
Regulation of actin cytoskeleton,46,-0.5509988021154832
Regulation of actin cytoskeleton,47,-0.6642753174486346
Regulation of actin cytoskeleton,48,-0.3539637994671765
Regulation of actin cytoskeleton,49,0.689810855223285
Glycolysis / Gluconeogenesis,0,-0.5514224861569353
Glycolysis / Gluconeogenesis,1,-0.411288962194269
Glycolysis / Gluconeogenesis,2,-0.5003019581009658
Glycolysis / Gluconeogenesis,3,0.3553981912385641
Glycolysis / Gluconeogenesis,4,-0.04556273717807513
Glycolysis / Gluconeogenesis,5,-0.5886413241021637
Glycolysis / Gluconeogenesis,6,-0.9747243732089039
Glycolysis / Gluconeogenesis,7,-0.8550460344454717
Glycolysis / Gluconeogenesis,8,-0.005987776511720344
Glycolysis / Gluconeogenesis,9,-0.3636431264859247
Glycolysis / Gluconeogenesis,10,-0.4564112087981299
Glycolysis / Gluconeogenesis,11,-0.009374006833079106
Glycolysis / Gluconeogenesis,12,0.05251413943904046
Glycolysis / Gluconeogenesis,13,-0.4233844841888462
Glycolysis / Gluconeogenesis,14,-0.1871013988655723
Glycolysis / Gluconeogenesis,15,-0.3407550478538456
Glycolysis / Gluconeogenesis,16,0.037784307463680895
Glycolysis / Gluconeogenesis,17,0.6537626910948744
Glycolysis / Gluconeogenesis,18,0.09470014496224397
Glycolysis / Gluconeogenesis,19,0.26645337551562454
Glycolysis / Gluconeogenesis,20,-0.44774399127648123
Glycolysis / Gluconeogenesis,21,-0.6206916926866417
Glycolysis / Gluconeogenesis,22,-0.09535014680486245
Glycolysis / Gluconeogenesis,23,0.6405133034470666
Glycolysis / Gluconeogenesis,24,0.11999860791787648
Glycolysis / Gluconeogenesis,25,-0.6491260089737987
Glycolysis / Gluconeogenesis,26,-0.5972641127118429
Glycolysis / Gluconeogenesis,27,-0.12483391766856392
Glycolysis / Gluconeogenesis,28,0.25011744286355375
Glycolysis / Gluconeogenesis,29,-0.4795725832805967
Glycolysis / Gluconeogenesis,30,-0.7442848767549296
Glycolysis / Gluconeogenesis,31,0.062260337536780314
Glycolysis / Gluconeogenesis,32,-0.3824411928616346
Glycolysis / Gluconeogenesis,33,0.577157447349183
Glycolysis / Gluconeogenesis,34,-0.2556604050382727
Glycolysis / Gluconeogenesis,35,0.44183095291257285
Glycolysis / Gluconeogenesis,36,-0.12450998816985195
Glycolysis / Gluconeogenesis,37,-0.2309753563639736
Glycolysis / Gluconeogenesis,38,0.4662882719223643
Glycolysis / Gluconeogenesis,39,0.23401939400199323
Glycolysis / Gluconeogenesis,40,-0.006261742577494138
Glycolysis / Gluconeogenesis,41,-0.38537762605138487
Glycolysis / Gluconeogenesis,42,-0.47662338517119135
Glycolysis / Gluconeogenesis,43,-1.0775629753426852
Glycolysis / Gluconeogenesis,44,-0.4270876814230088
Glycolysis / Gluconeogenesis,45,-0.2603284020876877
Glycolysis / Gluconeogenesis,46,-0.4413948986862683
Glycolysis / Gluconeogenesis,47,-0.5595569268117124
Glycolysis / Gluconeogenesis,48,0.5326058311804976
Glycolysis / Gluconeogenesis,49,-0.31414425194785023
Oxidative phosphorylation,0,-0.6416966033920345
Oxidative phosphorylation,1,-0.040493587830581004
Oxidative phosphorylation,2,-0.1265487512635881
Oxidative phosphorylation,3,-0.548827410507316
Oxidative phosphorylation,4,-0.24255625281521714
Oxidative phosphorylation,5,0.3830822674113209
Oxidative phosphorylation,6,-0.1077844293369229
Oxidative phosphorylation,7,-0.004816219625040008
Oxidative phosphorylation,8,-0.4593608484811488
Oxidative phosphorylation,9,-0.36449320388026396
Oxidative phosphorylation,10,-0.8461823537743265
Oxidative phosphorylation,11,-0.43003995175111975
Oxidative phosphorylation,12,-0.5034116004183271
Oxidative phosphorylation,13,-0.4142065118031284
Oxidative phosphorylation,14,0.015084153942171774
Oxidative phosphorylation,15,-0.5807015402011366
Oxidative phosphorylation,16,0.5059456069777926
Oxidative phosphorylation,17,0.013028856150457206
Oxidative phosphorylation,18,-0.6662421109769734
Oxidative phosphorylation,19,-0.4939556431462052
Oxidative phosphorylation,20,-0.19206247901773027
Oxidative phosphorylation,21,-0.7886295448855485
Oxidative phosphorylation,22,-0.22271820640938525
Oxidative phosphorylation,23,-0.11438096915712348
Oxidative phosphorylation,24,-0.4036056881338669
Oxidative phosphorylation,25,-0.5171763346482968
Oxidative phosphorylation,26,-0.6205049926101535
Oxidative phosphorylation,27,-0.37961243642566445
Oxidative phosphorylation,28,-0.5679204540679345
Oxidative phosphorylation,29,-0.8369463969344262
Oxidative phosphorylation,30,-0.3314709920807619
Oxidative phosphorylation,31,-0.47858852064882906
Oxidative phosphorylation,32,-0.5271630450697944
Oxidative phosphorylation,33,-0.7880001057676047
Oxidative phosphorylation,34,-0.5567391103967311
Oxidative phosphorylation,35,-0.40492027571326183
Oxidative phosphorylation,36,-0.4823556121103144
Oxidative phosphorylation,37,-0.8544817511846695
Oxidative phosphorylation,38,0.27493002274769035
Oxidative phosphorylation,39,-0.7633200165385701
Oxidative phosphorylation,40,-0.36661584232565836
Oxidative phosphorylation,41,-0.36162831975721893
Oxidative phosphorylation,42,0.4801742320823736
Oxidative phosphorylation,43,-0.6305663234042271
Oxidative phosphorylation,44,-0.5196831359410536
Oxidative phosphorylation,45,0.3884636965859339
Oxidative phosphorylation,46,-0.5704110004180459
Oxidative phosphorylation,47,-0.7546424587159616
Oxidative phosphorylation,48,-0.448087330923456
Oxidative phosphorylation,49,-0.23857167967709264
DNA replication,0,-0.6211683985729214
DNA replication,1,-0.1085822662859662
DNA replication,2,0.23225906083146375
DNA replication,3,-0.1705269687436135
DNA replication,4,-0.8060913166296024
DNA replication,5,-0.9734766625257485
DNA replication,6,-0.7304387037065098
DNA replication,7,-0.3367086591994117
DNA replication,8,-0.3545814071164649
DNA replication,9,-0.028974142059481144
DNA replication,10,-0.32616837828516676
DNA replication,11,0.9641860468774865
DNA replication,12,-0.7247436782566504
DNA replication,13,-0.3207614201566566
DNA replication,14,-0.7557573280799266
DNA replication,15,-0.17463368069362906
DNA replication,16,-0.5779458679563567
DNA replication,17,-0.4549761434099251
DNA replication,18,-0.39955816616332185
DNA replication,19,-0.7226325443742316
DNA replication,20,-0.2553322222717632
DNA replication,21,-0.7225768433577526
DNA replication,22,-0.30025838110944236
DNA replication,23,-0.3550783530618095
DNA replication,24,0.7216100142175423
DNA replication,25,0.0964401424639307
DNA replication,26,0.07007187850348731
DNA replication,27,-0.5049262400118999
DNA replication,28,-0.22641116663296504
DNA replication,29,0.329458212958317
DNA replication,30,-0.3968786589397517
DNA replication,31,-0.31135898059698525
DNA replication,32,0.4658039249526871
DNA replication,33,-0.10438287164963783
DNA replication,34,0.22694977864395743
DNA replication,35,-0.3415700253878595
DNA replication,36,0.9502385410103712
DNA replication,37,-0.5997789023389235
DNA replication,38,-0.41715332760850066
DNA replication,39,-0.6354397849207294
DNA replication,40,0.7685129105132519
DNA replication,41,0.6567515209529315
DNA replication,42,-0.4816253120402075
DNA replication,43,0.6889735319115555
DNA replication,44,0.33456403366126586
DNA replication,45,-0.6152559946662797
DNA replication,46,-0.02752946253681325
DNA replication,47,-0.6928976782748926
DNA replication,48,-0.35520674869515856
DNA replication,49,-0.5783629779236402
Mismatch repair,0,0.8874798820758247
Mismatch repair,1,0.8612087907025652
Mismatch repair,2,0.7342997550994507
Mismatch repair,3,0.296636332144779
Mismatch repair,4,-0.21691202704559137
Mismatch repair,5,0.48282544312221665
Mismatch repair,6,-0.3492027552529124
Mismatch repair,7,0.5436232692154727
Mismatch repair,8,-0.455944833607705
Mismatch repair,9,0.39028191156716197
Mismatch repair,10,0.05920636404923345
Mismatch repair,11,-0.4007200141067341
Mismatch repair,12,0.6980807377213559
Mismatch repair,13,-0.5069088884215736
Mismatch repair,14,0.7055286404558738
Mismatch repair,15,0.3990308104826502
Mismatch repair,16,-0.13494176278847475
Mismatch repair,17,-0.6004569884565967
Mismatch repair,18,-0.23406244569569018
Mismatch repair,19,0.7219970392775446
Mismatch repair,20,-0.40235487124579494
Mismatch repair,21,0.9724781746660702
Mismatch repair,22,0.5247325380587775
Mismatch repair,23,-0.0899555418648911
Mismatch repair,24,0.3418122311122317
Mismatch repair,25,1.0116498600145587
Mismatch repair,26,-0.10781537996894736
Mismatch repair,27,-0.6788216101713399
Mismatch repair,28,-0.45594093374510863
Mismatch repair,29,-0.5228000659508807
Mismatch repair,30,-0.3850032592587694
Mismatch repair,31,-0.5674851525402433
Mismatch repair,32,-0.5440340485889892
Mismatch repair,33,-1.1850308270503869
Mismatch repair,34,-0.5709943130859749
Mismatch repair,35,1.2187649884423513
Mismatch repair,36,-0.3925652080060114
Mismatch repair,37,-0.23313764542329005
Mismatch repair,38,-0.5808814330748189
Mismatch repair,39,0.27083877598765915
Mismatch repair,40,-0.642084123482987
Mismatch repair,41,-0.42098955602024696
Mismatch repair,42,-0.8342468906204303
Mismatch repair,43,-0.11877316628079655
Mismatch repair,44,-0.21770902488326901
Mismatch repair,45,-0.5722670300372571
Mismatch repair,46,-0.40527083016575405
Mismatch repair,47,-0.3413926392422506
Mismatch repair,48,-0.4857222873344414
Mismatch repair,49,0.6493344848522304
Base excision repair,0,-0.6283987176995443
Base excision repair,1,-0.43165149676788644
Base excision repair,2,-0.5859655157343624
Base excision repair,3,-0.0012960725022865475
Base excision repair,4,0.8809343108787442
Base excision repair,5,0.017393066668668307
Base excision repair,6,0.25680727788994107
Base excision repair,7,-0.6859931980225878
Base excision repair,8,0.07877821468303733
Base excision repair,9,-0.19862350400506926
Base excision repair,10,0.01892431368179121
Base excision repair,11,-0.47420247427506207
Base excision repair,12,-0.43960970567187607
Base excision repair,13,-0.12170443594464297
Base excision repair,14,-0.8616763331031136
Base excision repair,15,0.2125893809234412
Base excision repair,16,-0.6757115366595091
Base excision repair,17,-0.2987056619687133
Base excision repair,18,-0.574302257846055
Base excision repair,19,-0.49505454566263357
Base excision repair,20,0.33161689305525605
Base excision repair,21,0.4241312160541992
Base excision repair,22,0.7060488609862514
Base excision repair,23,-0.7767289559772901
Base excision repair,24,-0.34434462700832436
Base excision repair,25,-0.45777587730543445
Base excision repair,26,0.039125598932755815
Base excision repair,27,0.26515904762564535
Base excision repair,28,-0.4954019074057261
Base excision repair,29,0.43028724972679544
Base excision repair,30,-0.014994445139766045
Base excision repair,31,-0.8373535263430825
Base excision repair,32,0.18694186081282937
Base excision repair,33,0.5208255453394266
Base excision repair,34,0.5557747371659325
Base excision repair,35,-0.40189687274318625
Base excision repair,36,0.33063984557734843
Base excision repair,37,-0.2037005286709878
Base excision repair,38,-0.43583860855003426
Base excision repair,39,-0.43065543383601823
Base excision repair,40,-0.7847521574973897
Base excision repair,41,0.33473507002448283
Base excision repair,42,0.42474263642821863
Base excision repair,43,0.13621579284495294
Base excision repair,44,-0.8604012369486537
Base excision repair,45,0.8595143823947768
Base excision repair,46,-0.12504880499213572
Base excision repair,47,0.17020328367435772
Base excision repair,48,-0.38094911220390715
Base excision repair,49,-0.2711238048488946
Homologous recombination,0,0.0908881783764279
Homologous recombination,1,0.017112162568731736
Homologous recombination,2,0.013332158229079372
Homologous recombination,3,1.2121383139142319
Homologous recombination,4,-0.015258730686955716
Homologous recombination,5,-0.39408371687577504
Homologous recombination,6,-0.26407772059700974
Homologous recombination,7,0.2873089898774606
Homologous recombination,8,-0.4980923782119153
Homologous recombination,9,-0.49131790183736423
Homologous recombination,10,-0.15786381042648984
Homologous recombination,11,0.5012383910294922
Homologous recombination,12,-0.41783146957521794
Homologous recombination,13,0.3322697635872709
Homologous recombination,14,-0.8182343287031932
Homologous recombination,15,0.689787050288525
Homologous recombination,16,0.30232944916423315
Homologous recombination,17,-0.11467624272322335
Homologous recombination,18,-0.4371147821787664
Homologous recombination,19,0.6784224537522007
Homologous recombination,20,0.6481682026803819
Homologous recombination,21,-0.6237820741747118
Homologous recombination,22,-0.24145671061638393
Homologous recombination,23,-0.21210687658983132
Homologous recombination,24,-0.21730845038132923
Homologous recombination,25,-0.7021702375798196
Homologous recombination,26,-0.05804243345055004
Homologous recombination,27,-0.5527107097758515
Homologous recombination,28,-0.33649930632197134
Homologous recombination,29,0.37881673829601115
Homologous recombination,30,0.05761519454425422
Homologous recombination,31,-0.7333993381676931
Homologous recombination,32,0.6203520514300878
Homologous recombination,33,-0.6389699164324465
Homologous recombination,34,-0.6419273331181656
Homologous recombination,35,-0.45070304155991237
Homologous recombination,36,-0.41753775372208357
Homologous recombination,37,-0.1962803333897572
Homologous recombination,38,0.23776112826407675
Homologous recombination,39,0.10828062986411066
Homologous recombination,40,-0.6273146246168382
Homologous recombination,41,-0.29499016369365
Homologous recombination,42,0.42877498330055963
Homologous recombination,43,-0.39372346299740235
Homologous recombination,44,-0.06253700003626599
Homologous recombination,45,-0.6236225882550418
Homologous recombination,46,-0.8325865291828629
Homologous recombination,47,-0.22811534175963483
Homologous recombination,48,0.7905928975376136
Homologous recombination,49,-0.39164140808597303
