pathway,rep,mean_diff
Cell cycle,0,0.2117066843066579
Cell cycle,1,0.0909206945597595
Cell cycle,2,-0.004512259001371156
Cell cycle,3,0.06993842430245846
Cell cycle,4,0.20430378305382618
Cell cycle,5,0.43878078395795517
Cell cycle,6,0.0184758993820165
Cell cycle,7,0.21450433919862982
Cell cycle,8,0.24308869314750353
Cell cycle,9,0.3920655929827309
Cell cycle,10,0.007358813411213054
Cell cycle,11,-0.14268841253674716
Cell cycle,12,-0.02895225251496764
Cell cycle,13,0.057119701305785336
Cell cycle,14,-0.0553328828428973
Cell cycle,15,-0.15853467116093028
Cell cycle,16,0.015033392706245943
Cell cycle,17,-0.24907785620055947
Cell cycle,18,0.0763269218652651
Cell cycle,19,-0.08210761440804301
Cell cycle,20,0.0732574027220842
Cell cycle,21,-0.04704066390190313
Cell cycle,22,-0.1516231456940837
Cell cycle,23,0.09520081600862931
Cell cycle,24,0.0011015488369240857
Cell cycle,25,0.13202703210373767
Cell cycle,26,0.2690781454606461
Cell cycle,27,0.05279597950403364
Cell cycle,28,-0.02806936143082036
Cell cycle,29,-0.30201707734375316
Cell cycle,30,0.32500757282830095
Cell cycle,31,-0.2067314412766355
Cell cycle,32,0.27571344056720626
Cell cycle,33,0.2638607553517313
Cell cycle,34,-0.23017977255167604
Cell cycle,35,0.19533041182685096
Cell cycle,36,-0.042701658260732356
Cell cycle,37,0.15560056115056148
Cell cycle,38,0.4614291621241542
Cell cycle,39,0.11539197153965919
Cell cycle,40,-0.2441019066610398
Cell cycle,41,-0.30980783693431924
Cell cycle,42,0.04877627918362375
Cell cycle,43,-0.12926659225830056
Cell cycle,44,-0.18005348778081803
Cell cycle,45,-0.0879175178364203
Cell cycle,46,-0.29950128936474796
Cell cycle,47,-0.15344183341650067
Cell cycle,48,-0.11488822929419776
Cell cycle,49,-0.015921926038322598
p53 signaling pathway,0,0.07263996934595926
p53 signaling pathway,1,-0.19480620217215375
p53 signaling pathway,2,-0.010600420264935313
p53 signaling pathway,3,-0.09616562645199364
p53 signaling pathway,4,0.03581652820101733
p53 signaling pathway,5,0.20960796607357607
p53 signaling pathway,6,-0.004700744785316952
p53 signaling pathway,7,-0.20255927704466178
p53 signaling pathway,8,-0.2773300504865298
p53 signaling pathway,9,-0.0933823541594486
p53 signaling pathway,10,-0.08478312522125725
p53 signaling pathway,11,0.06815663560937668
p53 signaling pathway,12,0.005322609290693011
p53 signaling pathway,13,-0.33858952088533834
p53 signaling pathway,14,0.044623397473598725
p53 signaling pathway,15,0.053612714316137386
p53 signaling pathway,16,0.25531784751708875
p53 signaling pathway,17,-0.09425908847858866
p53 signaling pathway,18,0.22115785882374417
p53 signaling pathway,19,-0.051634290110202256
p53 signaling pathway,20,0.24890586204093773
p53 signaling pathway,21,-0.12387273766728854
p53 signaling pathway,22,0.13278070839121098
p53 signaling pathway,23,-0.04639697446172977
p53 signaling pathway,24,0.00024288561065459197
p53 signaling pathway,25,-0.1509680671588871
p53 signaling pathway,26,0.11944677789137176
p53 signaling pathway,27,0.2679899729547906
p53 signaling pathway,28,0.09452220235042233
p53 signaling pathway,29,0.1776523343113383
p53 signaling pathway,30,0.008781364649926226
p53 signaling pathway,31,-0.22926828959494872
p53 signaling pathway,32,-0.07027801418336692
p53 signaling pathway,33,0.14646202273773334
p53 signaling pathway,34,-0.10937263197346854
p53 signaling pathway,35,0.2818411457121359
p53 signaling pathway,36,-0.2618115399033838
p53 signaling pathway,37,-0.004514657570624282
p53 signaling pathway,38,0.3466971095002662
p53 signaling pathway,39,-0.2159009336433642
p53 signaling pathway,40,-0.13251089814752845
p53 signaling pathway,41,-0.3364447119449243
p53 signaling pathway,42,0.11108491666287736
p53 signaling pathway,43,-0.042357700804349016
p53 signaling pathway,44,0.04758656721647313
p53 signaling pathway,45,0.07414062386277065
p53 signaling pathway,46,0.4053479100180579
p53 signaling pathway,47,0.005582499660757452
p53 signaling pathway,48,-0.12551065725803146
p53 signaling pathway,49,-0.5092236997221383
Cellular senescence,0,-0.21050723732351986
Cellular senescence,1,-0.14028259446527208
Cellular senescence,2,0.018728978099722328
Cellular senescence,3,0.23111142710379226
Cellular senescence,4,-0.2594086345847243
Cellular senescence,5,-0.01500753592287566
Cellular senescence,6,-0.4260814441575763
Cellular senescence,7,0.0878759424329556
Cellular senescence,8,-0.21658398924297428
Cellular senescence,9,-0.16169129239718333
Cellular senescence,10,0.12666342594207794
Cellular senescence,11,-0.43449698211665555
Cellular senescence,12,-0.04371129368708228
Cellular senescence,13,0.24743826454012458
Cellular senescence,14,0.32600639774733164
Cellular senescence,15,-0.2041851143202547
Cellular senescence,16,0.12675724930662535
Cellular senescence,17,-0.20445540334007792
Cellular senescence,18,0.5073760195156745
Cellular senescence,19,0.0022190393387193494
Cellular senescence,20,-0.04780104337473076
Cellular senescence,21,-0.04350696958192392
Cellular senescence,22,-0.03734169513779015
Cellular senescence,23,-0.3479632949996273
Cellular senescence,24,-0.3137806659341211
Cellular senescence,25,0.039121431596500396
Cellular senescence,26,0.06716814816628797
Cellular senescence,27,-0.30023152513350215
Cellular senescence,28,0.2345975887691853
Cellular senescence,29,0.14741132087332687
Cellular senescence,30,-0.08853760168191824
Cellular senescence,31,0.024015012099730913
Cellular senescence,32,0.07427084647923753
Cellular senescence,33,0.1282151390422464
Cellular senescence,34,0.14734014702663933
Cellular senescence,35,0.48336119468274485
Cellular senescence,36,0.0941264234039081
Cellular senescence,37,0.024862782142345156
Cellular senescence,38,0.11133868126045103
Cellular senescence,39,0.1284535832252078
Cellular senescence,40,-0.234404418154543
Cellular senescence,41,-0.06789395627856158
Cellular senescence,42,-0.26920607158921017
Cellular senescence,43,0.08043762629920677
Cellular senescence,44,-0.1126878861106988
Cellular senescence,45,0.10408037120980335
Cellular senescence,46,0.18004646439171995
Cellular senescence,47,0.21382719968765734
Cellular senescence,48,0.07518077695442331
Cellular senescence,49,-0.1334661195935336
Apoptosis,0,-0.06187230315269164
Apoptosis,1,-0.2160024540624264
Apoptosis,2,0.0465329730048432
Apoptosis,3,-0.1516863219367432
Apoptosis,4,0.13963495818783433
Apoptosis,5,0.09576479131432433
Apoptosis,6,0.35842630603788306
Apoptosis,7,0.1389722199957118
Apoptosis,8,0.5049907623707242
Apoptosis,9,-0.09241382646553237
Apoptosis,10,0.1717768773227995
Apoptosis,11,-0.24347408988779107
Apoptosis,12,0.24609981438546863
Apoptosis,13,0.2246924861824261
Apoptosis,14,-0.06702916802074484
Apoptosis,15,-0.16055718598749602
Apoptosis,16,0.03833393766592444
Apoptosis,17,-0.043402642658686465
Apoptosis,18,-0.22879132608140165
Apoptosis,19,-0.1276867745306609
Apoptosis,20,-0.18139806388975666
Apoptosis,21,-0.11358609592691044
Apoptosis,22,-0.29836136015294107
Apoptosis,23,0.013910346766940581
Apoptosis,24,-0.12350450919055136
Apoptosis,25,0.03971382736266673
Apoptosis,26,-0.031487391834016894
Apoptosis,27,0.2119853319237489
Apoptosis,28,0.1039399409811553
Apoptosis,29,0.015855440634776723
Apoptosis,30,0.33383588736628667
Apoptosis,31,-0.24870169080332977
Apoptosis,32,-0.1436748280927083
Apoptosis,33,-0.0660969771337106
Apoptosis,34,-0.15280876252260997
Apoptosis,35,-0.026130902489049715
Apoptosis,36,-0.15712701512700178
Apoptosis,37,0.04823103011415919
Apoptosis,38,-0.22150968037346336
Apoptosis,39,-0.11867032958214338
Apoptosis,40,-0.07112300854529162
Apoptosis,41,0.3101427109804612
Apoptosis,42,0.047355633899104174
Apoptosis,43,0.32943016261172814
Apoptosis,44,0.1646072599180924
Apoptosis,45,0.2680222923046529
Apoptosis,46,-0.008513328713044378
Apoptosis,47,-0.15975884954275088
Apoptosis,48,-0.2148848490700518
Apoptosis,49,-0.11536776697195553
Necroptosis,0,0.06952687440785806
Necroptosis,1,-0.35357123874965535
Necroptosis,2,0.1669732242059939
Necroptosis,3,0.07923584389991738
Necroptosis,4,0.16128445833220478
Necroptosis,5,-0.22823632361496293
Necroptosis,6,-0.14468422551405258
Necroptosis,7,0.2363101344664948
Necroptosis,8,-0.19685327891209714
Necroptosis,9,-0.0435523382410295
Necroptosis,10,-0.23364994639055592
Necroptosis,11,0.07512787081768879
Necroptosis,12,-0.0056308552119039
Necroptosis,13,0.1207863608959063
Necroptosis,14,0.06339288638571851
Necroptosis,15,-0.20593042170351494
Necroptosis,16,0.07465769951000406
Necroptosis,17,-0.11885701269980187
Necroptosis,18,0.01497649977776991
Necroptosis,19,0.07154523186308831
Necroptosis,20,0.10900117900014247
Necroptosis,21,0.0354554635984653
Necroptosis,22,-0.09637918543796495
Necroptosis,23,0.38961285275683594
Necroptosis,24,-0.14232198988760986
Necroptosis,25,0.036158948683948186
Necroptosis,26,0.0003234343184618057
Necroptosis,27,0.028967360693972766
Necroptosis,28,0.3587006789731664
Necroptosis,29,0.01893997893392651
Necroptosis,30,-0.21906253562528644
Necroptosis,31,0.2236858635746567
Necroptosis,32,-0.10208339694596875
Necroptosis,33,0.14142691857162049
Necroptosis,34,-0.07780178248681704
Necroptosis,35,-0.3573712700839545
Necroptosis,36,0.15174905189303511
Necroptosis,37,0.1170696806850268
Necroptosis,38,0.14650751483623617
Necroptosis,39,-0.2123704914341416
Necroptosis,40,-8.104953049315704e-05
Necroptosis,41,0.19188580231128158
Necroptosis,42,0.02693123041760708
Necroptosis,43,-0.13400962111581288
Necroptosis,44,0.10001344788716028
Necroptosis,45,-0.379655442919483
Necroptosis,46,-0.14637220482329413
Necroptosis,47,0.2788152705833734
Necroptosis,48,-0.3954402924134214
Necroptosis,49,-0.5585757870239003
Ferroptosis,0,0.15151304288540993
Ferroptosis,1,0.00410812754884432
Ferroptosis,2,-0.4762890914658191
Ferroptosis,3,0.23288602688294707
Ferroptosis,4,-0.18618182438178665
Ferroptosis,5,0.5197275081764009
Ferroptosis,6,0.26560895711373533
Ferroptosis,7,-0.23077030431418588
Ferroptosis,8,0.2850242692892778
Ferroptosis,9,-0.12498453102873436
Ferroptosis,10,-0.09437051491678175
Ferroptosis,11,-0.3362478400942077
Ferroptosis,12,0.40038966822304456
Ferroptosis,13,0.06777782496444529
Ferroptosis,14,0.09133130152016428
Ferroptosis,15,0.23067710595837077
Ferroptosis,16,0.014420819254482978
Ferroptosis,17,0.015672609048775647
Ferroptosis,18,-0.19675947103203417
Ferroptosis,19,0.22183234196774798
Ferroptosis,20,-0.14950022305748828
Ferroptosis,21,0.1810145414107578
Ferroptosis,22,0.13349689699261447
Ferroptosis,23,-0.2297850241503135
Ferroptosis,24,-0.16484334405654635
Ferroptosis,25,0.2440111257322149
Ferroptosis,26,-0.3129543753468127
Ferroptosis,27,-0.16081505395744206
Ferroptosis,28,0.15678958667426723
Ferroptosis,29,0.11341855388339185
Ferroptosis,30,0.11958201366813304
Ferroptosis,31,-0.053416272111237825
Ferroptosis,32,-0.22825960094383016
Ferroptosis,33,0.08018041452328982
Ferroptosis,34,-0.20561468451655257
Ferroptosis,35,0.04747594287913444
Ferroptosis,36,0.062162204386471055
Ferroptosis,37,0.2947287607836715
Ferroptosis,38,-0.13735404852852048
Ferroptosis,39,-0.2442374966137925
Ferroptosis,40,0.11904426891500085
Ferroptosis,41,0.25791711441516824
Ferroptosis,42,0.08263008006958539
Ferroptosis,43,0.303636651301804
Ferroptosis,44,0.004569773225025785
Ferroptosis,45,0.03876533228717627
Ferroptosis,46,-0.2253547432598471
Ferroptosis,47,0.08744105459323424
Ferroptosis,48,0.05332335909908813
Ferroptosis,49,0.0777183780917434
Autophagy,0,0.003211080435566876
Autophagy,1,0.03605505220073386
Autophagy,2,0.15282317057028955
Autophagy,3,0.14698919380110523
Autophagy,4,-0.07621352188215925
Autophagy,5,0.050147591628616706
Autophagy,6,-0.15805251238417248
Autophagy,7,-0.17512115217075494
Autophagy,8,-0.01385420529744143
Autophagy,9,0.19556917417066394
Autophagy,10,-0.319329697532894
Autophagy,11,0.17148182750639349
Autophagy,12,0.01634864165168358
Autophagy,13,0.11500774810557764
Autophagy,14,0.03486123099490984
Autophagy,15,-0.34386978201688523
Autophagy,16,0.007357292691412392
Autophagy,17,-0.2124211920309103
Autophagy,18,0.24456899300709134
Autophagy,19,-0.06199446277194742
Autophagy,20,0.24543139080953652
Autophagy,21,0.2990289099214893
Autophagy,22,-0.23421204388389893
Autophagy,23,0.06439313427334836
Autophagy,24,-0.07946467293629272
Autophagy,25,-0.10462210006985512
Autophagy,26,-0.2526108262239385
Autophagy,27,-0.1536059937534645
Autophagy,28,0.4380507320899708
Autophagy,29,-0.2550588611534152
Autophagy,30,-0.1395582464353386
Autophagy,31,0.0772592119352401
Autophagy,32,0.15806946157414975
Autophagy,33,0.3810003262502165
Autophagy,34,0.13996642385424732
Autophagy,35,0.020728725780096297
Autophagy,36,-0.2955903719155525
Autophagy,37,-0.16025566929321372
Autophagy,38,-0.40292532681968096
Autophagy,39,-0.28844226249253724
Autophagy,40,-0.027865664000498745
Autophagy,41,-0.255461073049907
Autophagy,42,-0.07000077895223696
Autophagy,43,0.006778534600433345
Autophagy,44,-0.15164917226069552
Autophagy,45,0.21050814076585933
Autophagy,46,-0.06903270517404198
Autophagy,47,-0.25785984379846183
Autophagy,48,0.10237022217732505
Autophagy,49,0.3299905408986198
Mitophagy,0,0.04125154615262164
Mitophagy,1,-0.20753573756879212
Mitophagy,2,0.07380564586255396
Mitophagy,3,-0.21388205691573026
Mitophagy,4,0.11313649940396447
Mitophagy,5,0.28263837862206614
Mitophagy,6,0.44518624339918245
Mitophagy,7,-0.11204152898137039
Mitophagy,8,0.16998645675020568
Mitophagy,9,-0.1081986512457656
Mitophagy,10,0.21773560628055072
Mitophagy,11,0.10002756995575429
Mitophagy,12,0.2873857601473495
Mitophagy,13,-0.1161359828512295
Mitophagy,14,0.244011625608145
Mitophagy,15,-0.1700889546216851
Mitophagy,16,0.278752129039747
Mitophagy,17,0.24734867160672297
Mitophagy,18,0.1803957570990202
Mitophagy,19,0.058198888940714275
Mitophagy,20,-0.5863384982192408
Mitophagy,21,-0.18512800680586364
Mitophagy,22,0.21930816430547606
Mitophagy,23,0.20605884568037483
Mitophagy,24,-0.27641246246898643
Mitophagy,25,0.3718080709702838
Mitophagy,26,-0.1907063275658483
Mitophagy,27,0.07393337032554653
Mitophagy,28,0.273750431742132
Mitophagy,29,0.0184787399489737
Mitophagy,30,0.18510520907624656
Mitophagy,31,-0.14447004447869224
Mitophagy,32,0.051523551710022646
Mitophagy,33,-0.01450267104047039
Mitophagy,34,0.19738234266136712
Mitophagy,35,0.24335021827085038
Mitophagy,36,-0.38230200263705616
Mitophagy,37,-0.19408361388744663
Mitophagy,38,-0.13171998942231947
Mitophagy,39,0.047626915436186926
Mitophagy,40,0.1851631172352049
Mitophagy,41,0.07024099488223014
Mitophagy,42,0.4411207665332212
Mitophagy,43,0.06340198922971546
Mitophagy,44,0.22825180822760344
Mitophagy,45,0.30804116735292075
Mitophagy,46,-0.008938594489727607
Mitophagy,47,-0.18638300646348294
Mitophagy,48,-0.036207902004396934
Mitophagy,49,0.2834822658928882
MAPK signaling pathway,0,0.2558078124533029
MAPK signaling pathway,1,0.10552881767861645
MAPK signaling pathway,2,0.07565606877512099
MAPK signaling pathway,3,0.20829838625599342
MAPK signaling pathway,4,-0.11422455546176022
MAPK signaling pathway,5,-0.3258206075942524
MAPK signaling pathway,6,0.10133411329310243
MAPK signaling pathway,7,0.15520270340907483
MAPK signaling pathway,8,-0.0156081895775218
MAPK signaling pathway,9,0.09568286712748494
MAPK signaling pathway,10,0.04360493336091484
MAPK signaling pathway,11,0.2774976053869807
MAPK signaling pathway,12,0.0974199916698581
MAPK signaling pathway,13,-0.28284134383511317
MAPK signaling pathway,14,-0.1400091877118983
MAPK signaling pathway,15,0.1409492316562358
MAPK signaling pathway,16,0.29138961300537014
MAPK signaling pathway,17,0.07610105473995349
MAPK signaling pathway,18,-0.17026077729333633
MAPK signaling pathway,19,-0.043132503992367136
MAPK signaling pathway,20,-0.043041745024621735
MAPK signaling pathway,21,-0.09188607446949427
MAPK signaling pathway,22,0.1566005634369711
MAPK signaling pathway,23,0.4019347132904598
MAPK signaling pathway,24,-0.04548884998916973
MAPK signaling pathway,25,0.07970743569217537
MAPK signaling pathway,26,-0.06482360575901383
MAPK signaling pathway,27,-0.12257391431871886
MAPK signaling pathway,28,-0.02754554319823406
MAPK signaling pathway,29,0.09637031251734421
MAPK signaling pathway,30,0.15049396097561496
MAPK signaling pathway,31,-0.03669164724313536
MAPK signaling pathway,32,-0.18824537534301292
MAPK signaling pathway,33,-0.10587525124823904
MAPK signaling pathway,34,-0.09887643258614834
MAPK signaling pathway,35,-0.20854840656477713
MAPK signaling pathway,36,-0.09175371780379007
MAPK signaling pathway,37,0.09999183041444552
MAPK signaling pathway,38,-0.12157511134694973
MAPK signaling pathway,39,0.14910147476011118
MAPK signaling pathway,40,0.11220828623274906
MAPK signaling pathway,41,-0.011918277216672945
MAPK signaling pathway,42,0.08146866419398238
MAPK signaling pathway,43,-0.010298120018521456
MAPK signaling pathway,44,-0.1026186403226009
MAPK signaling pathway,45,-0.11263185806055921
MAPK signaling pathway,46,-0.30097367522199436
MAPK signaling pathway,47,-0.15230020405510158
MAPK signaling pathway,48,-0.005435316569608823
MAPK signaling pathway,49,-0.22267193706642058
PI3K-Akt signaling pathway,0,-0.09224417431868936
PI3K-Akt signaling pathway,1,0.1459340326658968
PI3K-Akt signaling pathway,2,-0.02675385345585838
PI3K-Akt signaling pathway,3,-0.05042392656971572
PI3K-Akt signaling pathway,4,0.15383224800761058
PI3K-Akt signaling pathway,5,0.061152297807345796
PI3K-Akt signaling pathway,6,-0.41868198966119563
PI3K-Akt signaling pathway,7,0.1939958566620532
PI3K-Akt signaling pathway,8,-0.0969725183147471
PI3K-Akt signaling pathway,9,0.24608439039191216
PI3K-Akt signaling pathway,10,-0.020320683918908587
PI3K-Akt signaling pathway,11,0.0004369077845241766
PI3K-Akt signaling pathway,12,0.13904786128993257
PI3K-Akt signaling pathway,13,0.024745241180330328
PI3K-Akt signaling pathway,14,0.15898405856478848
PI3K-Akt signaling pathway,15,-0.23261056336889913
PI3K-Akt signaling pathway,16,-0.10505629562719254
PI3K-Akt signaling pathway,17,0.22983874044166114
PI3K-Akt signaling pathway,18,0.24671978904522118
PI3K-Akt signaling pathway,19,-0.14284090730345245
PI3K-Akt signaling pathway,20,-0.3027717077081667
PI3K-Akt signaling pathway,21,-0.22950192724215873
PI3K-Akt signaling pathway,22,-0.14242375120749004
PI3K-Akt signaling pathway,23,0.2832546752002162
PI3K-Akt signaling pathway,24,-0.2619116566273586
PI3K-Akt signaling pathway,25,0.3329676386136587
PI3K-Akt signaling pathway,26,0.20991004175581135
PI3K-Akt signaling pathway,27,0.028006641827794256
PI3K-Akt signaling pathway,28,0.3185366617926861
PI3K-Akt signaling pathway,29,0.2173832309972461
PI3K-Akt signaling pathway,30,0.19600257663897708
PI3K-Akt signaling pathway,31,-0.02546397120105006
PI3K-Akt signaling pathway,32,-0.1442597278829496
PI3K-Akt signaling pathway,33,0.2167345868966813
PI3K-Akt signaling pathway,34,0.027820060792171676
PI3K-Akt signaling pathway,35,0.10948547075612203
PI3K-Akt signaling pathway,36,0.006820272353857397
PI3K-Akt signaling pathway,37,-0.2617890201701654
PI3K-Akt signaling pathway,38,0.17080455493419683
PI3K-Akt signaling pathway,39,-0.23226873644954332
PI3K-Akt signaling pathway,40,-0.1433741932109917
PI3K-Akt signaling pathway,41,-0.2503007626108376
PI3K-Akt signaling pathway,42,0.1748191861225775
PI3K-Akt signaling pathway,43,0.060524149389915224
PI3K-Akt signaling pathway,44,-0.0070702981465075275
PI3K-Akt signaling pathway,45,-0.01766672275660912
PI3K-Akt signaling pathway,46,-0.08873683438066557
PI3K-Akt signaling pathway,47,-0.2590549806409814
PI3K-Akt signaling pathway,48,0.3592081353852792
PI3K-Akt signaling pathway,49,-0.1422692512316069
Ras signaling pathway,0,0.2988348531087189
Ras signaling pathway,1,0.02487129080143066
Ras signaling pathway,2,-0.011655667988624113
Ras signaling pathway,3,-0.16045114541890065
Ras signaling pathway,4,0.21544211862089122
Ras signaling pathway,5,-0.06472305779797771
Ras signaling pathway,6,0.05927172768936495
Ras signaling pathway,7,-0.21807117939251458
Ras signaling pathway,8,-0.15724390794591664
Ras signaling pathway,9,-0.02507819239655635
Ras signaling pathway,10,-0.027971606745597285
Ras signaling pathway,11,0.11796983689741679
Ras signaling pathway,12,-0.3017303230140018
Ras signaling pathway,13,0.30869874915715095
Ras signaling pathway,14,0.04671982765152134
Ras signaling pathway,15,0.07390789860010259
Ras signaling pathway,16,0.24988943963253896
Ras signaling pathway,17,-0.05186991779505659
Ras signaling pathway,18,-0.00698280788213224
Ras signaling pathway,19,0.07651039794915683
Ras signaling pathway,20,-0.14768219384600983
Ras signaling pathway,21,-0.10126392526369135
Ras signaling pathway,22,0.24623382487185982
Ras signaling pathway,23,-0.23819225047034287
Ras signaling pathway,24,0.11823668174311726
Ras signaling pathway,25,-0.19546127407130645
Ras signaling pathway,26,-0.012169516979983506
Ras signaling pathway,27,0.06903671359689954
Ras signaling pathway,28,-0.01640050137751602
Ras signaling pathway,29,0.040037871803448644
Ras signaling pathway,30,0.0953767567216007
Ras signaling pathway,31,-0.0037025981056614853
Ras signaling pathway,32,-0.14439513391584557
Ras signaling pathway,33,-0.13359765397373982
Ras signaling pathway,34,0.003296152767164136
Ras signaling pathway,35,-0.2137359108052752
Ras signaling pathway,36,-0.16724983639740715
Ras signaling pathway,37,-0.04544637277486179
Ras signaling pathway,38,0.235386848175143
Ras signaling pathway,39,-0.11558493715324257
Ras signaling pathway,40,0.14865856916456552
Ras signaling pathway,41,0.061066557539172936
Ras signaling pathway,42,-0.3501155079685176
Ras signaling pathway,43,-0.04070353723521558
Ras signaling pathway,44,0.14341171953783008
Ras signaling pathway,45,0.03574033016684451
Ras signaling pathway,46,0.04452757310083069
Ras signaling pathway,47,-0.16257155292274594
Ras signaling pathway,48,-0.16116486867290947
Ras signaling pathway,49,0.08560656050680421
Rap1 signaling pathway,0,0.0628710287868498
Rap1 signaling pathway,1,0.20943655474475753
Rap1 signaling pathway,2,0.1608759395880563
Rap1 signaling pathway,3,0.15816668693990502
Rap1 signaling pathway,4,0.2368731410600311
Rap1 signaling pathway,5,0.12214239924570763
Rap1 signaling pathway,6,0.009627654581291412
Rap1 signaling pathway,7,-0.4911874986446595
Rap1 signaling pathway,8,0.13405525568787316
Rap1 signaling pathway,9,-0.021835709733044245
Rap1 signaling pathway,10,0.18287150015760087
Rap1 signaling pathway,11,0.1750271562927176
Rap1 signaling pathway,12,-0.08072397698373145
Rap1 signaling pathway,13,0.18177412891413236
Rap1 signaling pathway,14,0.059146577852351334
Rap1 signaling pathway,15,0.1861468260010281
Rap1 signaling pathway,16,-0.14048732537149766
Rap1 signaling pathway,17,0.01748247872558941
Rap1 signaling pathway,18,-0.0586591591972659
Rap1 signaling pathway,19,0.0636969427896856
Rap1 signaling pathway,20,0.15426760270295886
Rap1 signaling pathway,21,-0.006519745583737878
Rap1 signaling pathway,22,0.23978140319707897
Rap1 signaling pathway,23,0.06781322910674831
Rap1 signaling pathway,24,-0.1602259965799267
Rap1 signaling pathway,25,-0.14922644692135467
Rap1 signaling pathway,26,0.18715823029767514
Rap1 signaling pathway,27,0.017104374325149482
Rap1 signaling pathway,28,0.19379548453310375
Rap1 signaling pathway,29,-0.11611791325799105
Rap1 signaling pathway,30,-0.07708748039886318
Rap1 signaling pathway,31,-0.03930842614145924
Rap1 signaling pathway,32,-0.119489135397743
Rap1 signaling pathway,33,0.009762654034607686
Rap1 signaling pathway,34,-0.2362614332019755
Rap1 signaling pathway,35,0.047355495078500884
Rap1 signaling pathway,36,-0.19389484234352855
Rap1 signaling pathway,37,-0.18212641342535257
Rap1 signaling pathway,38,-0.0683196365510293
Rap1 signaling pathway,39,-0.2800645679027993
Rap1 signaling pathway,40,-0.1571618693926441
Rap1 signaling pathway,41,0.006657920681732274
Rap1 signaling pathway,42,0.2522757499458793
Rap1 signaling pathway,43,0.13664092862679314
Rap1 signaling pathway,44,0.10407750260095039
Rap1 signaling pathway,45,0.039983133743783573
Rap1 signaling pathway,46,-0.12350822633746186
Rap1 signaling pathway,47,-0.07231571008698967
Rap1 signaling pathway,48,-0.030087198909743554
Rap1 signaling pathway,49,-0.007364861429435307
ErbB signaling pathway,0,-0.14437430063179352
ErbB signaling pathway,1,-0.022609735542357113
ErbB signaling pathway,2,-0.2777080313943255
ErbB signaling pathway,3,0.397462500418558
ErbB signaling pathway,4,-0.33588240989254325
ErbB signaling pathway,5,-0.15485716930587434
ErbB signaling pathway,6,0.16825129961576074
ErbB signaling pathway,7,0.0216367395641459
ErbB signaling pathway,8,0.2409822386979469
ErbB signaling pathway,9,-0.009420874819226294
ErbB signaling pathway,10,0.3522362414070823
ErbB signaling pathway,11,-0.09747353247608864
ErbB signaling pathway,12,-0.20943255415795234
ErbB signaling pathway,13,0.28013103305963305
ErbB signaling pathway,14,0.015693397561551213
ErbB signaling pathway,15,0.2196827778914623
ErbB signaling pathway,16,-0.1855305541548588
ErbB signaling pathway,17,0.29468727216697516
ErbB signaling pathway,18,-0.22858289172695234
ErbB signaling pathway,19,-0.20116197621034304
ErbB signaling pathway,20,-0.2181171117113676
ErbB signaling pathway,21,-0.2378005952558797
ErbB signaling pathway,22,0.2323685229893906
ErbB signaling pathway,23,-0.14801668342680518
ErbB signaling pathway,24,0.23111324018309587
ErbB signaling pathway,25,0.1035156057952967
ErbB signaling pathway,26,-0.21671588211472717
ErbB signaling pathway,27,0.18691741548966845
ErbB signaling pathway,28,0.1766117740797045
ErbB signaling pathway,29,0.10313375134660668
ErbB signaling pathway,30,0.06507843774684412
ErbB signaling pathway,31,-0.02865720954668649
ErbB signaling pathway,32,-0.022136026263743384
ErbB signaling pathway,33,0.14283116770903326
ErbB signaling pathway,34,0.09384487161284924
ErbB signaling pathway,35,0.035511813761545816
ErbB signaling pathway,36,0.03279766192940995
ErbB signaling pathway,37,-0.056332244893352146
ErbB signaling pathway,38,0.10010170521677748
ErbB signaling pathway,39,0.20094198158552495
ErbB signaling pathway,40,0.08454897272888297
ErbB signaling pathway,41,-0.014317433161204842
ErbB signaling pathway,42,0.06896445928262704
ErbB signaling pathway,43,0.1403235793924515
ErbB signaling pathway,44,0.22701199236277647
ErbB signaling pathway,45,-0.05069135073554189
ErbB signaling pathway,46,0.15102359116982247
ErbB signaling pathway,47,0.16429449879395203
ErbB signaling pathway,48,0.03955084711986697
ErbB signaling pathway,49,0.042367933562485485
mTOR signaling pathway,0,-0.2860879807660624
mTOR signaling pathway,1,-0.13814595940976837
mTOR signaling pathway,2,-0.18960720559035643
mTOR signaling pathway,3,-0.30288849911000854
mTOR signaling pathway,4,0.15078811195509698
mTOR signaling pathway,5,-0.3902082059568609
mTOR signaling pathway,6,0.19233574206625975
mTOR signaling pathway,7,-0.07018559613946457
mTOR signaling pathway,8,0.030444734882412117
mTOR signaling pathway,9,-0.012761932596329125
mTOR signaling pathway,10,0.16871652097765533
mTOR signaling pathway,11,-0.04599063811252163
mTOR signaling pathway,12,-0.09179380829306082
mTOR signaling pathway,13,-0.1351534058466352
mTOR signaling pathway,14,-0.0022450021801476896
mTOR signaling pathway,15,0.021279641267362884
mTOR signaling pathway,16,0.11291656852969728
mTOR signaling pathway,17,-0.2058665319837547
mTOR signaling pathway,18,-0.009502711844011073
mTOR signaling pathway,19,-0.11231471008528751
mTOR signaling pathway,20,-0.18309231823786515
mTOR signaling pathway,21,-0.05373053516153708
mTOR signaling pathway,22,0.37716947073119383
mTOR signaling pathway,23,-0.028761986913171278
mTOR signaling pathway,24,-0.17050986689971023
mTOR signaling pathway,25,0.03993970891772855
mTOR signaling pathway,26,-0.010602784062143291
mTOR signaling pathway,27,-0.01626906027783076
mTOR signaling pathway,28,0.1869637834457721
mTOR signaling pathway,29,-0.1654772278333665
mTOR signaling pathway,30,0.22043792123261896
mTOR signaling pathway,31,0.05971446468441888
mTOR signaling pathway,32,0.07234226933337595
mTOR signaling pathway,33,-0.06575487050630341
mTOR signaling pathway,34,-0.07025664071088182
mTOR signaling pathway,35,-0.169745661357893
mTOR signaling pathway,36,0.038545664048188544
mTOR signaling pathway,37,-0.06160236406112049
mTOR signaling pathway,38,0.2054641789420652
mTOR signaling pathway,39,0.0011585548707169389
mTOR signaling pathway,40,0.1500694825795194
mTOR signaling pathway,41,-0.25274051405559306
mTOR signaling pathway,42,0.018444462779963994
mTOR signaling pathway,43,-0.0809359977826806
mTOR signaling pathway,44,-0.045655274904879174
mTOR signaling pathway,45,0.25748549058174075
mTOR signaling pathway,46,0.2741710722603639
mTOR signaling pathway,47,-0.11030607147687718
mTOR signaling pathway,48,0.039120686613431654
mTOR signaling pathway,49,0.1360452383441369
AMPK signaling pathway,0,-0.15634118006007874
AMPK signaling pathway,1,0.16278173624502923
AMPK signaling pathway,2,0.1473741464475481
AMPK signaling pathway,3,-0.08708720098826561
AMPK signaling pathway,4,0.28565104397124624
AMPK signaling pathway,5,0.15732191230938003
AMPK signaling pathway,6,-0.2402514187884883
AMPK signaling pathway,7,-0.06481115846775118
AMPK signaling pathway,8,-0.24075888248871047
AMPK signaling pathway,9,-0.01680878899491864
AMPK signaling pathway,10,-0.25023126582090915
AMPK signaling pathway,11,0.4244081705338687
AMPK signaling pathway,12,-0.36969281056395026
AMPK signaling pathway,13,-0.19519528158027005
AMPK signaling pathway,14,-0.3537203599795342
AMPK signaling pathway,15,0.05159168117685213
AMPK signaling pathway,16,-0.3345262447570215
AMPK signaling pathway,17,-0.30528452933432704
AMPK signaling pathway,18,-0.1814487142207315
AMPK signaling pathway,19,0.17404389134096374
AMPK signaling pathway,20,0.173238280854696
AMPK signaling pathway,21,0.2730764847335075
AMPK signaling pathway,22,-0.05007740267362905
AMPK signaling pathway,23,-0.23068336778178977
AMPK signaling pathway,24,0.03473778109790819
AMPK signaling pathway,25,0.06629072046247805
AMPK signaling pathway,26,-0.1845190754622255
AMPK signaling pathway,27,-0.30077011557482464
AMPK signaling pathway,28,-0.04294851301276435
AMPK signaling pathway,29,0.17634120656645028
AMPK signaling pathway,30,-0.15792900882184174
AMPK signaling pathway,31,-0.09996050930419348
AMPK signaling pathway,32,0.12999726895477787
AMPK signaling pathway,33,-0.0850455694154507
AMPK signaling pathway,34,0.16814698851040813
AMPK signaling pathway,35,0.29265446576474113
AMPK signaling pathway,36,-0.12253233446837544
AMPK signaling pathway,37,-0.22680384136721066
AMPK signaling pathway,38,0.21029842782313896
AMPK signaling pathway,39,0.003531080284759332
AMPK signaling pathway,40,0.1070740706768922
AMPK signaling pathway,41,-0.4919437599226899
AMPK signaling pathway,42,-0.28483106268386205
AMPK signaling pathway,43,-0.13983076367885214
AMPK signaling pathway,44,0.2813977366801912
AMPK signaling pathway,45,-0.2883415712596066
AMPK signaling pathway,46,0.1515405288044812
AMPK signaling pathway,47,0.48453756039119694
AMPK signaling pathway,48,-0.19475455353160862
AMPK signaling pathway,49,0.06897994572956373
FoxO signaling pathway,0,-0.2303753239415537
FoxO signaling pathway,1,-0.26163008462006226
FoxO signaling pathway,2,0.00311205109787234
FoxO signaling pathway,3,-0.10829288008945907
FoxO signaling pathway,4,-0.33700251542918935
FoxO signaling pathway,5,-0.2245739174916757
FoxO signaling pathway,6,-0.02276023858076693
FoxO signaling pathway,7,0.01036141137931268
FoxO signaling pathway,8,0.0402572013847218
FoxO signaling pathway,9,-0.21769452474485873
FoxO signaling pathway,10,0.40966204590252486
FoxO signaling pathway,11,-0.07996562445026612
FoxO signaling pathway,12,-0.1561842851624497
FoxO signaling pathway,13,0.2261657037132905
FoxO signaling pathway,14,0.20563716250905506
FoxO signaling pathway,15,0.19273671313566862
FoxO signaling pathway,16,-0.013537433597514501
FoxO signaling pathway,17,-0.08039249701961196
FoxO signaling pathway,18,0.10144430932375187
FoxO signaling pathway,19,0.17810533407849566
FoxO signaling pathway,20,-0.09045669835705755
FoxO signaling pathway,21,0.1964363673114971
FoxO signaling pathway,22,-0.21096459337036116
FoxO signaling pathway,23,-0.4127092114776788
FoxO signaling pathway,24,0.10550488581783665
FoxO signaling pathway,25,-0.12489357070610638
FoxO signaling pathway,26,-0.13565836811458398
FoxO signaling pathway,27,-0.2644384368228717
FoxO signaling pathway,28,-0.08680274225085528
FoxO signaling pathway,29,-0.11701718583112392
FoxO signaling pathway,30,0.18089222977664757
FoxO signaling pathway,31,-0.12093642553230535
FoxO signaling pathway,32,-0.21746655431308842
FoxO signaling pathway,33,-0.3364633498829164
FoxO signaling pathway,34,0.12410962069126719
FoxO signaling pathway,35,-0.062119735912261276
FoxO signaling pathway,36,0.07054277756584257
FoxO signaling pathway,37,0.11874557940391169
FoxO signaling pathway,38,-0.27002604347291387
FoxO signaling pathway,39,0.2524281719934179
FoxO signaling pathway,40,-0.4735494337551693
FoxO signaling pathway,41,-0.10628964092129096
FoxO signaling pathway,42,0.3130258198314647
FoxO signaling pathway,43,0.14059861266963344
FoxO signaling pathway,44,-0.18635128153282324
FoxO signaling pathway,45,0.04464265617245186
FoxO signaling pathway,46,0.024275132380883753
FoxO signaling pathway,47,0.08884176970201801
FoxO signaling pathway,48,0.012324041974574769
FoxO signaling pathway,49,0.3769623069792044
Hippo signaling pathway,0,-0.21918394017844356
Hippo signaling pathway,1,0.08550638229389687
Hippo signaling pathway,2,0.26987054020588486
Hippo signaling pathway,3,0.04244234373564648
Hippo signaling pathway,4,0.12853763512696714
Hippo signaling pathway,5,0.049662920735438626
Hippo signaling pathway,6,0.269940372459142
Hippo signaling pathway,7,0.1349428842803964
Hippo signaling pathway,8,0.24058127945735647
Hippo signaling pathway,9,-0.012507585049241
Hippo signaling pathway,10,-0.15959457971285668
Hippo signaling pathway,11,-0.1540491412823073
Hippo signaling pathway,12,0.18089653649632964
Hippo signaling pathway,13,-0.1381271465786903
Hippo signaling pathway,14,-0.20429514176019675
Hippo signaling pathway,15,0.026336170071475887
Hippo signaling pathway,16,-0.18618709729174596
Hippo signaling pathway,17,-0.09342117306975968
Hippo signaling pathway,18,0.15291390814012903
Hippo signaling pathway,19,0.21665666628361296
Hippo signaling pathway,20,0.31817368174762806
Hippo signaling pathway,21,-0.301442912108859
Hippo signaling pathway,22,0.05098213348975977
Hippo signaling pathway,23,-0.1981552924935155
Hippo signaling pathway,24,-0.04448365284283855
Hippo signaling pathway,25,-0.137069464727921
Hippo signaling pathway,26,0.0799657400434808
Hippo signaling pathway,27,-0.02279562886728543
Hippo signaling pathway,28,-0.06653453237859489
Hippo signaling pathway,29,-0.15719020232722983
Hippo signaling pathway,30,0.42903266185524896
Hippo signaling pathway,31,-0.3345830349964638
Hippo signaling pathway,32,-0.17418552954737127
Hippo signaling pathway,33,-0.1804300967681613
Hippo signaling pathway,34,0.019945866476786964
Hippo signaling pathway,35,0.02003893995101875
Hippo signaling pathway,36,-0.14994609516273613
Hippo signaling pathway,37,0.20967701123324645
Hippo signaling pathway,38,-0.21648149932653965
Hippo signaling pathway,39,0.05249028902064662
Hippo signaling pathway,40,-0.04152342076252464
Hippo signaling pathway,41,0.3072756944194952
Hippo signaling pathway,42,0.34091876921372427
Hippo signaling pathway,43,-0.1245878929749143
Hippo signaling pathway,44,-0.021464107450945347
Hippo signaling pathway,45,-0.12172144372022808
Hippo signaling pathway,46,-0.2240651464898046
Hippo signaling pathway,47,0.04289717628249702
Hippo signaling pathway,48,-0.14561577481555402
Hippo signaling pathway,49,0.15279902594223882
Wnt signaling pathway,0,0.4073165664650287
Wnt signaling pathway,1,-0.39925597825304093
Wnt signaling pathway,2,0.47218621507446074
Wnt signaling pathway,3,-0.1071752115340491
Wnt signaling pathway,4,-0.20286891889833397
Wnt signaling pathway,5,-0.32235247733998174
Wnt signaling pathway,6,0.22875221639826412
Wnt signaling pathway,7,-0.20836938311140057
Wnt signaling pathway,8,0.20278530203146355
Wnt signaling pathway,9,0.14960807694796238
Wnt signaling pathway,10,0.17658124183543894
Wnt signaling pathway,11,-0.1888999851660575
Wnt signaling pathway,12,-0.127494777386089
Wnt signaling pathway,13,0.3836217610777909
Wnt signaling pathway,14,-0.09580793875836366
Wnt signaling pathway,15,0.020265785022698383
Wnt signaling pathway,16,-0.12905925654512468
Wnt signaling pathway,17,-0.059528575769732084
Wnt signaling pathway,18,-0.23879342362600298
Wnt signaling pathway,19,-0.032648502624898906
Wnt signaling pathway,20,-0.15290935264859104
Wnt signaling pathway,21,-0.07077834459429452
Wnt signaling pathway,22,-0.18403304184694158
Wnt signaling pathway,23,0.14522125740463498
Wnt signaling pathway,24,0.32909584233938377
Wnt signaling pathway,25,0.23976311576464293
Wnt signaling pathway,26,-0.23886521919779946
Wnt signaling pathway,27,-0.12900801796935243
Wnt signaling pathway,28,-0.20355058016076405
Wnt signaling pathway,29,0.1952692303169136
Wnt signaling pathway,30,0.10156313901348123
Wnt signaling pathway,31,-0.02248070802588501
Wnt signaling pathway,32,0.014366065200742243
Wnt signaling pathway,33,-0.06131834823707229
Wnt signaling pathway,34,-0.26508076572358735
Wnt signaling pathway,35,0.05783220717187841
Wnt signaling pathway,36,0.29589026102834065
Wnt signaling pathway,37,-0.1687814611619637
Wnt signaling pathway,38,-0.11185568267621293
Wnt signaling pathway,39,-0.12746912451912276
Wnt signaling pathway,40,-0.06701896728021542
Wnt signaling pathway,41,0.13388608372809993
Wnt signaling pathway,42,0.09604532743236957
Wnt signaling pathway,43,0.2511079517124169
Wnt signaling pathway,44,-0.28734626946736397
Wnt signaling pathway,45,-0.054873512661073015
Wnt signaling pathway,46,-0.1897681733951135
Wnt signaling pathway,47,-0.0837038710167066
Wnt signaling pathway,48,-0.036081384437789535
Wnt signaling pathway,49,-0.2509771508429797
Notch signaling pathway,0,-0.264382301256216
Notch signaling pathway,1,0.2020536000265437
Notch signaling pathway,2,-0.0313888039194117
Notch signaling pathway,3,0.03815127981403593
Notch signaling pathway,4,0.14499459639436713
Notch signaling pathway,5,-0.10396649466664609
Notch signaling pathway,6,-0.006339318639611736
Notch signaling pathway,7,0.27758037517966694
Notch signaling pathway,8,0.2845443733007813
Notch signaling pathway,9,-0.1584377927265513
Notch signaling pathway,10,-0.16606283858950813
Notch signaling pathway,11,0.23288194817264357
Notch signaling pathway,12,-0.34085520276361125
Notch signaling pathway,13,0.07035057338505105
Notch signaling pathway,14,-0.1199294509737165
Notch signaling pathway,15,-0.25608697428058796
Notch signaling pathway,16,-0.20755022839924805
Notch signaling pathway,17,0.36723315215982716
Notch signaling pathway,18,0.17065272440758822
Notch signaling pathway,19,-0.05688125225043098
Notch signaling pathway,20,0.025887832558974005
Notch signaling pathway,21,-0.03509075138168999
Notch signaling pathway,22,-0.17550016565848642
Notch signaling pathway,23,0.20253541156894966
Notch signaling pathway,24,0.12376471749081538
Notch signaling pathway,25,0.27411775052136533
Notch signaling pathway,26,-0.11004206083766335
Notch signaling pathway,27,0.09272328835074012
Notch signaling pathway,28,0.18639177845672328
Notch signaling pathway,29,-0.132895664069635
Notch signaling pathway,30,-0.008861050499043455
Notch signaling pathway,31,-0.47994096439384404
Notch signaling pathway,32,1.9622315724809154e-05
Notch signaling pathway,33,0.12659316461273595
Notch signaling pathway,34,0.23770975530694333
Notch signaling pathway,35,0.12364747180039587
Notch signaling pathway,36,0.20020969137334277
Notch signaling pathway,37,0.286329343774592
Notch signaling pathway,38,-0.07613466464065723
Notch signaling pathway,39,-0.10023526358203579
Notch signaling pathway,40,0.14543937116468206
Notch signaling pathway,41,0.3506140920109255
Notch signaling pathway,42,-0.06501448397276131
Notch signaling pathway,43,0.53411193288999
Notch signaling pathway,44,-0.07678140253592831
Notch signaling pathway,45,-0.331345181037941
Notch signaling pathway,46,0.25629910650043164
Notch signaling pathway,47,-0.4323689694820658
Notch signaling pathway,48,0.08832111726775457
Notch signaling pathway,49,-0.14064599132222877
Hedgehog signaling pathway,0,0.3245021512244711
Hedgehog signaling pathway,1,-0.015313701231765899
Hedgehog signaling pathway,2,-0.05386518484899604
Hedgehog signaling pathway,3,0.15661991424543165
Hedgehog signaling pathway,4,-0.0775967420607172
Hedgehog signaling pathway,5,-0.5436464056863739
Hedgehog signaling pathway,6,-0.3324110385720278
Hedgehog signaling pathway,7,-0.25530240372401924
Hedgehog signaling pathway,8,-0.06524994567908969
Hedgehog signaling pathway,9,-0.10037064000351995
Hedgehog signaling pathway,10,0.24305576691981168
Hedgehog signaling pathway,11,0.01779457418930669
Hedgehog signaling pathway,12,-0.17444247707837748
Hedgehog signaling pathway,13,-0.5788719411759112
Hedgehog signaling pathway,14,-0.32657375346492756
Hedgehog signaling pathway,15,0.3366389682788007
Hedgehog signaling pathway,16,-0.03960933311380857
Hedgehog signaling pathway,17,0.10766402278065043
Hedgehog signaling pathway,18,0.1255407947921158
Hedgehog signaling pathway,19,-0.19153338490051858
Hedgehog signaling pathway,20,0.24792519632206428
Hedgehog signaling pathway,21,-0.25567877385146665
Hedgehog signaling pathway,22,0.08140268373178924
Hedgehog signaling pathway,23,-0.07542108577343348
Hedgehog signaling pathway,24,0.24825705460681075
Hedgehog signaling pathway,25,0.006415953823659822
Hedgehog signaling pathway,26,-0.07904247237433412
Hedgehog signaling pathway,27,-0.03072095812068855
Hedgehog signaling pathway,28,-0.03983573502518509
Hedgehog signaling pathway,29,-0.30636191469716095
Hedgehog signaling pathway,30,0.17299641994211945
Hedgehog signaling pathway,31,-0.095033508010551
Hedgehog signaling pathway,32,0.05438767995228684
Hedgehog signaling pathway,33,-0.0926993518418994
Hedgehog signaling pathway,34,0.14052388340169295
Hedgehog signaling pathway,35,0.20848953789595348
Hedgehog signaling pathway,36,-0.06569693316690048
Hedgehog signaling pathway,37,-0.19099705779033338
Hedgehog signaling pathway,38,-0.08786231910951864
Hedgehog signaling pathway,39,-0.1973154094537952
Hedgehog signaling pathway,40,-0.17262494467009656
Hedgehog signaling pathway,41,-0.017234064825063646
Hedgehog signaling pathway,42,-0.6480853755210327
Hedgehog signaling pathway,43,0.07429282644047444
Hedgehog signaling pathway,44,-0.07718866296411672
Hedgehog signaling pathway,45,0.0667766142381932
Hedgehog signaling pathway,46,-0.2858925505601946
Hedgehog signaling pathway,47,0.18402396702205837
Hedgehog signaling pathway,48,0.12103853308087076
Hedgehog signaling pathway,49,-0.08230530279369318
JAK-STAT signaling pathway,0,0.10038168298758621
JAK-STAT signaling pathway,1,0.27258417852318373
JAK-STAT signaling pathway,2,-0.1373534659244913
JAK-STAT signaling pathway,3,0.11339896331180177
JAK-STAT signaling pathway,4,-0.04021405203904549
JAK-STAT signaling pathway,5,0.1725607991333491
JAK-STAT signaling pathway,6,-0.10632177452061008
JAK-STAT signaling pathway,7,0.16478706705621166
JAK-STAT signaling pathway,8,0.0999722709753053
JAK-STAT signaling pathway,9,0.15978934140525503
JAK-STAT signaling pathway,10,0.05458148256822576
JAK-STAT signaling pathway,11,-0.16822442840606994
JAK-STAT signaling pathway,12,-0.2898245877872043
JAK-STAT signaling pathway,13,0.18517048938423356
JAK-STAT signaling pathway,14,-0.12154513403058384
JAK-STAT signaling pathway,15,0.1426021628064475
JAK-STAT signaling pathway,16,-0.24816499616719254
JAK-STAT signaling pathway,17,-0.16366814565953042
JAK-STAT signaling pathway,18,0.1572043388825445
JAK-STAT signaling pathway,19,0.20157175303368263
JAK-STAT signaling pathway,20,-0.27736992374464714
JAK-STAT signaling pathway,21,0.25443289903433286
JAK-STAT signaling pathway,22,-0.09077511835042244
JAK-STAT signaling pathway,23,0.22583874716435506
JAK-STAT signaling pathway,24,0.23307916860895633
JAK-STAT signaling pathway,25,-0.5027195957363005
JAK-STAT signaling pathway,26,-0.14407433546777348
JAK-STAT signaling pathway,27,0.040716780954331774
JAK-STAT signaling pathway,28,-0.19039402884247486
JAK-STAT signaling pathway,29,-0.2879657061835496
JAK-STAT signaling pathway,30,-0.21707515734959154
JAK-STAT signaling pathway,31,-0.10318518491260067
JAK-STAT signaling pathway,32,0.06477298794916894
JAK-STAT signaling pathway,33,0.11224747912877853
JAK-STAT signaling pathway,34,0.11766575699374565
JAK-STAT signaling pathway,35,-0.16918056646838026
JAK-STAT signaling pathway,36,0.03674358191345326
JAK-STAT signaling pathway,37,0.19842310624288603
JAK-STAT signaling pathway,38,0.20075969330906257
JAK-STAT signaling pathway,39,-0.06022919473609825
JAK-STAT signaling pathway,40,0.15175496185808798
JAK-STAT signaling pathway,41,-0.10896346817666927
JAK-STAT signaling pathway,42,0.29119981221638613
JAK-STAT signaling pathway,43,0.2792694528478389
JAK-STAT signaling pathway,44,-0.1830109994190166
JAK-STAT signaling pathway,45,0.07912285357052487
JAK-STAT signaling pathway,46,0.16823546263600261
JAK-STAT signaling pathway,47,-0.3580102818805986
JAK-STAT signaling pathway,48,-0.1383913828925625
JAK-STAT signaling pathway,49,-0.3552023449087648
TGF-beta signaling pathway,0,0.13212879995333546
TGF-beta signaling pathway,1,-0.2839525841209304
TGF-beta signaling pathway,2,0.14233392440505363
TGF-beta signaling pathway,3,-0.35567364439009885
TGF-beta signaling pathway,4,-0.05754370101661861
TGF-beta signaling pathway,5,0.14710391446606608
TGF-beta signaling pathway,6,-0.08390662267870566
TGF-beta signaling pathway,7,-0.04684481971956099
TGF-beta signaling pathway,8,0.24016882322306274
TGF-beta signaling pathway,9,-0.15489222494627236
TGF-beta signaling pathway,10,-0.27696181222899297
TGF-beta signaling pathway,11,-0.29789096685127414
TGF-beta signaling pathway,12,0.02683190357393099
TGF-beta signaling pathway,13,-0.2812934238945083
TGF-beta signaling pathway,14,0.07435623812731229
TGF-beta signaling pathway,15,-0.08472515899428422
TGF-beta signaling pathway,16,0.12315468292775342
TGF-beta signaling pathway,17,0.019983582352889603
TGF-beta signaling pathway,18,-0.15433308309561228
TGF-beta signaling pathway,19,0.1610793911359894
TGF-beta signaling pathway,20,0.26345761709283655
TGF-beta signaling pathway,21,0.045238824028749305
TGF-beta signaling pathway,22,0.207377908922637
TGF-beta signaling pathway,23,0.3826896256031729
TGF-beta signaling pathway,24,-0.2334595481452775
TGF-beta signaling pathway,25,0.17080555861715216
TGF-beta signaling pathway,26,0.028868277656021277
TGF-beta signaling pathway,27,-0.11623964536935708
TGF-beta signaling pathway,28,-0.20676322904506458
TGF-beta signaling pathway,29,0.11608448487809636
TGF-beta signaling pathway,30,0.5011971450744878
TGF-beta signaling pathway,31,-0.027770020443071825
TGF-beta signaling pathway,32,0.021250972416922795
TGF-beta signaling pathway,33,0.01156144074254142
TGF-beta signaling pathway,34,0.002182122840412356
TGF-beta signaling pathway,35,0.40523621701047907
TGF-beta signaling pathway,36,-0.3642790317893073
TGF-beta signaling pathway,37,-0.17160000161144534
TGF-beta signaling pathway,38,0.018208670253432042
TGF-beta signaling pathway,39,-0.13346118825218825
TGF-beta signaling pathway,40,0.37263421336507596
TGF-beta signaling pathway,41,-0.573556472001301
TGF-beta signaling pathway,42,-0.0434663272405751
TGF-beta signaling pathway,43,-0.09391878055371133
TGF-beta signaling pathway,44,0.1793364220657372
TGF-beta signaling pathway,45,-0.033337927556020476
TGF-beta signaling pathway,46,-0.04030117047608246
TGF-beta signaling pathway,47,-0.08742706581260984
TGF-beta signaling pathway,48,-0.03313144035530349
TGF-beta signaling pathway,49,0.17020468101935943
NF-kappa B signaling pathway,0,-0.05747394813302148
NF-kappa B signaling pathway,1,0.10899898474584993
NF-kappa B signaling pathway,2,0.34734577000098343
NF-kappa B signaling pathway,3,0.16899169606376177
NF-kappa B signaling pathway,4,0.12925272203362065
NF-kappa B signaling pathway,5,0.3666649067841588
NF-kappa B signaling pathway,6,0.06234595934386607
NF-kappa B signaling pathway,7,0.14978692326147375
NF-kappa B signaling pathway,8,0.003973401478396755
NF-kappa B signaling pathway,9,0.2989086228402694
NF-kappa B signaling pathway,10,0.1790671598369531
NF-kappa B signaling pathway,11,-0.2441178522796037
NF-kappa B signaling pathway,12,-0.25684844228065185
NF-kappa B signaling pathway,13,0.06037644507987017
NF-kappa B signaling pathway,14,0.1963429692201727
NF-kappa B signaling pathway,15,0.1904880457148855
NF-kappa B signaling pathway,16,0.19444505179290383
NF-kappa B signaling pathway,17,0.0836096088952722
NF-kappa B signaling pathway,18,-0.14031626676568595
NF-kappa B signaling pathway,19,0.15347733464236407
NF-kappa B signaling pathway,20,0.17582260306239844
NF-kappa B signaling pathway,21,-0.3905756890736573
NF-kappa B signaling pathway,22,0.22293737564153715
NF-kappa B signaling pathway,23,0.3217898627367115
NF-kappa B signaling pathway,24,-0.10161453994773663
NF-kappa B signaling pathway,25,0.09265820841457253
NF-kappa B signaling pathway,26,0.22150907245938278
NF-kappa B signaling pathway,27,-0.13593321635666977
NF-kappa B signaling pathway,28,-0.42064656044653015
NF-kappa B signaling pathway,29,0.23667139093875034
NF-kappa B signaling pathway,30,-0.42719344611182897
NF-kappa B signaling pathway,31,0.31422173893685923
NF-kappa B signaling pathway,32,-0.30922194711216516
NF-kappa B signaling pathway,33,-0.2828876862182788
NF-kappa B signaling pathway,34,-0.04119134810827135
NF-kappa B signaling pathway,35,-0.1998005226659476
NF-kappa B signaling pathway,36,0.13301361258095956
NF-kappa B signaling pathway,37,0.09123180761402117
NF-kappa B signaling pathway,38,-0.11859194096231071
NF-kappa B signaling pathway,39,-0.00013639375736941141
NF-kappa B signaling pathway,40,0.12626908848861423
NF-kappa B signaling pathway,41,-0.1928333317387505
NF-kappa B signaling pathway,42,-0.2590271756824545
NF-kappa B signaling pathway,43,-0.06896066489176479
NF-kappa B signaling pathway,44,0.37624284233444655
NF-kappa B signaling pathway,45,-0.15419523536073057
NF-kappa B signaling pathway,46,-0.18170942820564995
NF-kappa B signaling pathway,47,-0.017520599023746617
NF-kappa B signaling pathway,48,-0.19635454604364988
NF-kappa B signaling pathway,49,-0.18477930960621738
TNF signaling pathway,0,-0.056029032444751006
TNF signaling pathway,1,-0.15731386578958792
TNF signaling pathway,2,-0.370521766472094
TNF signaling pathway,3,0.049090577359958615
TNF signaling pathway,4,-0.1531634964573795
TNF signaling pathway,5,0.016576985513181056
TNF signaling pathway,6,0.21416034759505492
TNF signaling pathway,7,-0.2139334226503908
TNF signaling pathway,8,0.08404262596783438
TNF signaling pathway,9,0.11276406096260813
TNF signaling pathway,10,0.05105168350929398
TNF signaling pathway,11,0.0868233138587916
TNF signaling pathway,12,-0.06733205927959174
TNF signaling pathway,13,0.1381621609900656
TNF signaling pathway,14,-0.10515853502780566
TNF signaling pathway,15,0.29500693096970226
TNF signaling pathway,16,-0.5823123035931028
TNF signaling pathway,17,0.016796482210581214
TNF signaling pathway,18,-0.31637113025264396
TNF signaling pathway,19,-0.17768410868019197
TNF signaling pathway,20,0.009503742413654063
TNF signaling pathway,21,0.030632458571578817
TNF signaling pathway,22,0.09638675763586688
TNF signaling pathway,23,-0.11724055808453587
TNF signaling pathway,24,0.0164703037642093
TNF signaling pathway,25,0.08781902136234693
TNF signaling pathway,26,-0.08496781989189175
TNF signaling pathway,27,-0.181534234420334
TNF signaling pathway,28,0.12442159687702939
TNF signaling pathway,29,-0.12378167883566754
TNF signaling pathway,30,0.36038293988308046
TNF signaling pathway,31,0.06858578750554861
TNF signaling pathway,32,0.1381182652222336
TNF signaling pathway,33,-0.2006642707548904
TNF signaling pathway,34,-0.02632300173224144
TNF signaling pathway,35,-0.5229213426932138
TNF signaling pathway,36,-0.1517711587112533
TNF signaling pathway,37,0.07360369559764794
TNF signaling pathway,38,-0.2797219298351926
TNF signaling pathway,39,0.04266729478056673
TNF signaling pathway,40,0.07501760031855903
TNF signaling pathway,41,0.06891264253959486
TNF signaling pathway,42,0.08193033368557634
TNF signaling pathway,43,-0.1485008752525017
TNF signaling pathway,44,-0.11225792726225603
TNF signaling pathway,45,-0.41833179792350383
TNF signaling pathway,46,-0.1863313528273926
TNF signaling pathway,47,0.015834358109709797
TNF signaling pathway,48,-0.1654458023881149
TNF signaling pathway,49,0.1109597700716888
VEGF signaling pathway,0,0.04444085416311841
VEGF signaling pathway,1,-0.14382553052457336
VEGF signaling pathway,2,0.007612555678382713
VEGF signaling pathway,3,-0.14672665790571532
VEGF signaling pathway,4,0.1791975627980669
VEGF signaling pathway,5,-0.167708607115104
VEGF signaling pathway,6,-0.392565650355851
VEGF signaling pathway,7,-0.11064388675794998
VEGF signaling pathway,8,0.19533468331020223
VEGF signaling pathway,9,-0.10783517989664604
VEGF signaling pathway,10,-0.163252370081502
VEGF signaling pathway,11,0.09122093438941217
VEGF signaling pathway,12,-0.3255329011190816
VEGF signaling pathway,13,0.022641336052645296
VEGF signaling pathway,14,0.3300765440754571
VEGF signaling pathway,15,0.0796604827547112
VEGF signaling pathway,16,-0.05587677502526073
VEGF signaling pathway,17,0.27912191997209645
VEGF signaling pathway,18,0.13403869500639293
VEGF signaling pathway,19,0.0008063529130121645
VEGF signaling pathway,20,0.27027985801326965
VEGF signaling pathway,21,0.013018804515858812
VEGF signaling pathway,22,0.013721273630201276
VEGF signaling pathway,23,-0.2729020118833341
VEGF signaling pathway,24,0.33556464464735036
VEGF signaling pathway,25,-0.11460564457670136
VEGF signaling pathway,26,-0.2737323537588881
VEGF signaling pathway,27,-0.09967642100999742
VEGF signaling pathway,28,0.030781850382803552
VEGF signaling pathway,29,0.15817985605741222
VEGF signaling pathway,30,0.33092302660820755
VEGF signaling pathway,31,0.2649370850870837
VEGF signaling pathway,32,-0.2887705797453347
VEGF signaling pathway,33,-0.15393965245836616
VEGF signaling pathway,34,0.3077627159566712
VEGF signaling pathway,35,0.05959965350506745
VEGF signaling pathway,36,-0.06146318946853976
VEGF signaling pathway,37,-0.15489736362480308
VEGF signaling pathway,38,-0.2633643524947922
VEGF signaling pathway,39,-0.19015139145914667
VEGF signaling pathway,40,0.12064404851802801
VEGF signaling pathway,41,0.04516314939700887
VEGF signaling pathway,42,0.20656248411667558
VEGF signaling pathway,43,-0.006858907880908777
VEGF signaling pathway,44,0.06437630369371387
VEGF signaling pathway,45,-0.054275107583501306
VEGF signaling pathway,46,0.20638148614390267
VEGF signaling pathway,47,0.03580810781908146
VEGF signaling pathway,48,-0.142689637356889
VEGF signaling pathway,49,4.886893513863779e-05
HIF-1 signaling pathway,0,-0.7110869993203053
HIF-1 signaling pathway,1,-0.08762467503477614
HIF-1 signaling pathway,2,-0.23401769812785073
HIF-1 signaling pathway,3,-0.18022515287789737
HIF-1 signaling pathway,4,-0.060010237578652065
HIF-1 signaling pathway,5,0.06723727452983658
HIF-1 signaling pathway,6,-0.04701929257502237
HIF-1 signaling pathway,7,-0.16891680088907965
HIF-1 signaling pathway,8,-0.006159958122019126
HIF-1 signaling pathway,9,-0.1772541328890717
HIF-1 signaling pathway,10,-0.021583348819160922
HIF-1 signaling pathway,11,-0.3689161470169029
HIF-1 signaling pathway,12,-0.08246421213402219
HIF-1 signaling pathway,13,-0.05489456045701162
HIF-1 signaling pathway,14,-0.1161981228652187
HIF-1 signaling pathway,15,-0.0693315285271568
HIF-1 signaling pathway,16,0.1009633663197455
HIF-1 signaling pathway,17,-0.1514279845127729
HIF-1 signaling pathway,18,-0.29317998649068805
HIF-1 signaling pathway,19,-0.36204048379168274
HIF-1 signaling pathway,20,0.27314067366001593
HIF-1 signaling pathway,21,0.3038309137987337
HIF-1 signaling pathway,22,-0.2597323561967564
HIF-1 signaling pathway,23,0.06052619467822893
HIF-1 signaling pathway,24,-0.31756244469923944
HIF-1 signaling pathway,25,0.2657791593582332
HIF-1 signaling pathway,26,-0.002021103778055383
HIF-1 signaling pathway,27,0.2883627972904767
HIF-1 signaling pathway,28,-0.08973921500922405
HIF-1 signaling pathway,29,0.08604683094632598
HIF-1 signaling pathway,30,0.16207287767705542
HIF-1 signaling pathway,31,-0.09078349395679558
HIF-1 signaling pathway,32,-0.034804158269833754
HIF-1 signaling pathway,33,0.13294421246793692
HIF-1 signaling pathway,34,-0.11409466353306674
HIF-1 signaling pathway,35,0.0007778846338804411
HIF-1 signaling pathway,36,-0.019662630646768826
HIF-1 signaling pathway,37,0.04087909285723213
HIF-1 signaling pathway,38,-0.03398329661754007
HIF-1 signaling pathway,39,0.45814394745611026
HIF-1 signaling pathway,40,-0.24884056113068584
HIF-1 signaling pathway,41,0.3118404876739688
HIF-1 signaling pathway,42,-0.08641419306486386
HIF-1 signaling pathway,43,0.10518480240924644
HIF-1 signaling pathway,44,-0.007049463774522619
HIF-1 signaling pathway,45,-0.18389843006605056
HIF-1 signaling pathway,46,-0.3261577722948002
HIF-1 signaling pathway,47,0.10133201605052775
HIF-1 signaling pathway,48,-0.45237041557234614
HIF-1 signaling pathway,49,0.0343452500675086
PD-L1 expression and PD-1 checkpoint pathway in cancer,0,-0.22186174100670006
PD-L1 expression and PD-1 checkpoint pathway in cancer,1,0.10068492188821478
PD-L1 expression and PD-1 checkpoint pathway in cancer,2,0.33428498387518923
PD-L1 expression and PD-1 checkpoint pathway in cancer,3,0.01614836478345002
PD-L1 expression and PD-1 checkpoint pathway in cancer,4,-0.02332737438575326
PD-L1 expression and PD-1 checkpoint pathway in cancer,5,-0.04822404533984422
PD-L1 expression and PD-1 checkpoint pathway in cancer,6,-0.025728780010471256
PD-L1 expression and PD-1 checkpoint pathway in cancer,7,-0.17867173805618247
PD-L1 expression and PD-1 checkpoint pathway in cancer,8,-0.029711296164049703
PD-L1 expression and PD-1 checkpoint pathway in cancer,9,-0.3210191718988894
PD-L1 expression and PD-1 checkpoint pathway in cancer,10,-0.17405553246796118
PD-L1 expression and PD-1 checkpoint pathway in cancer,11,0.289617226903093
PD-L1 expression and PD-1 checkpoint pathway in cancer,12,-0.1392392235817519
PD-L1 expression and PD-1 checkpoint pathway in cancer,13,-0.25551076091507774
PD-L1 expression and PD-1 checkpoint pathway in cancer,14,-0.1963113949566419
PD-L1 expression and PD-1 checkpoint pathway in cancer,15,-0.14173370776725994
PD-L1 expression and PD-1 checkpoint pathway in cancer,16,-0.11485760702681055
PD-L1 expression and PD-1 checkpoint pathway in cancer,17,0.07506877908551184
PD-L1 expression and PD-1 checkpoint pathway in cancer,18,0.11763641375972392
PD-L1 expression and PD-1 checkpoint pathway in cancer,19,-0.06697518943273748
PD-L1 expression and PD-1 checkpoint pathway in cancer,20,0.23835416038530838
PD-L1 expression and PD-1 checkpoint pathway in cancer,21,-0.10597999474705122
PD-L1 expression and PD-1 checkpoint pathway in cancer,22,0.11582259247383385
PD-L1 expression and PD-1 checkpoint pathway in cancer,23,0.20819110483064798
PD-L1 expression and PD-1 checkpoint pathway in cancer,24,-0.041443757243598646
PD-L1 expression and PD-1 checkpoint pathway in cancer,25,-0.08019837020592252
PD-L1 expression and PD-1 checkpoint pathway in cancer,26,-0.15945523908694126
PD-L1 expression and PD-1 checkpoint pathway in cancer,27,0.1605433816411429
PD-L1 expression and PD-1 checkpoint pathway in cancer,28,-0.18317019839348328
PD-L1 expression and PD-1 checkpoint pathway in cancer,29,-0.2196951044509412
PD-L1 expression and PD-1 checkpoint pathway in cancer,30,0.275777237297235
PD-L1 expression and PD-1 checkpoint pathway in cancer,31,-0.38540293108975343
PD-L1 expression and PD-1 checkpoint pathway in cancer,32,-0.0708955426203037
PD-L1 expression and PD-1 checkpoint pathway in cancer,33,0.19638994962769968
PD-L1 expression and PD-1 checkpoint pathway in cancer,34,0.2623666307147733
PD-L1 expression and PD-1 checkpoint pathway in cancer,35,-0.02969548716108461
PD-L1 expression and PD-1 checkpoint pathway in cancer,36,0.1118884342259859
PD-L1 expression and PD-1 checkpoint pathway in cancer,37,-0.0657516533123007
PD-L1 expression and PD-1 checkpoint pathway in cancer,38,0.18772705365443226
PD-L1 expression and PD-1 checkpoint pathway in cancer,39,-0.0632882460174419
PD-L1 expression and PD-1 checkpoint pathway in cancer,40,-0.027690967522829485
PD-L1 expression and PD-1 checkpoint pathway in cancer,41,0.4131879083542123
PD-L1 expression and PD-1 checkpoint pathway in cancer,42,0.28131891571752643
PD-L1 expression and PD-1 checkpoint pathway in cancer,43,-0.2577537246239567
PD-L1 expression and PD-1 checkpoint pathway in cancer,44,-0.3880225860526436
PD-L1 expression and PD-1 checkpoint pathway in cancer,45,0.036400750773657495
PD-L1 expression and PD-1 checkpoint pathway in cancer,46,-0.1008832383276457
PD-L1 expression and PD-1 checkpoint pathway in cancer,47,-0.4886293184798498
PD-L1 expression and PD-1 checkpoint pathway in cancer,48,-0.11910773398571367
PD-L1 expression and PD-1 checkpoint pathway in cancer,49,0.2799958906963065
Pathways in cancer,0,-0.13563577897820092
Pathways in cancer,1,0.05273956651749405
Pathways in cancer,2,-0.09926319762356908
Pathways in cancer,3,-0.23655831163835067
Pathways in cancer,4,-0.03649878707513732
Pathways in cancer,5,0.13921203907198762
Pathways in cancer,6,-0.01637518127022383
Pathways in cancer,7,-0.04097573002906925
Pathways in cancer,8,-0.2079816124480712
Pathways in cancer,9,-0.1650183688325682
Pathways in cancer,10,-0.0275920409357427
Pathways in cancer,11,0.030790875518475754
Pathways in cancer,12,-0.04589517271442842
Pathways in cancer,13,-0.13160460088882633
Pathways in cancer,14,0.00705485176775513
Pathways in cancer,15,0.20264554114035793
Pathways in cancer,16,0.047618161686147104
Pathways in cancer,17,-0.10907536907246305
Pathways in cancer,18,0.27274579775301
Pathways in cancer,19,0.26543413804567495
Pathways in cancer,20,0.2448475550936505
Pathways in cancer,21,0.18077659374176627
Pathways in cancer,22,-0.047695878822119474
Pathways in cancer,23,-0.09697689114977562
Pathways in cancer,24,0.27422628127959237
Pathways in cancer,25,0.30777628524825884
Pathways in cancer,26,0.16175406352698996
Pathways in cancer,27,0.09798699457911896
Pathways in cancer,28,0.2347800031238609
Pathways in cancer,29,0.13602148435806208
Pathways in cancer,30,-0.3028303670476648
Pathways in cancer,31,-0.10639672130155053
Pathways in cancer,32,0.15109386989755538
Pathways in cancer,33,0.29915318752091247
Pathways in cancer,34,-0.02488305089740793
Pathways in cancer,35,-0.16822539934245667
Pathways in cancer,36,-0.07539010315411002
Pathways in cancer,37,-0.08440023283619516
Pathways in cancer,38,-0.06726499650615976
Pathways in cancer,39,-0.01907066647018293
Pathways in cancer,40,-0.10744660760994057
Pathways in cancer,41,0.10195085314334681
Pathways in cancer,42,-0.021568045197703875
Pathways in cancer,43,-0.02792141225595176
Pathways in cancer,44,0.009102630314173502
Pathways in cancer,45,-0.33270333229565807
Pathways in cancer,46,-0.012701539977772899
Pathways in cancer,47,0.16759745326765652
Pathways in cancer,48,0.33783710616296997
Pathways in cancer,49,0.11024971870859201
Proteoglycans in cancer,0,0.05594111092784043
Proteoglycans in cancer,1,0.06246994595106101
Proteoglycans in cancer,2,-0.4853633175883563
Proteoglycans in cancer,3,-0.09083081483785106
Proteoglycans in cancer,4,0.2335350281157796
Proteoglycans in cancer,5,-0.2508011610437709
Proteoglycans in cancer,6,0.05114614127118368
Proteoglycans in cancer,7,0.10944771077324655
Proteoglycans in cancer,8,-0.04834805556685498
Proteoglycans in cancer,9,0.031044732077281888
Proteoglycans in cancer,10,-0.06252320151626323
Proteoglycans in cancer,11,0.024195803893281707
Proteoglycans in cancer,12,-0.019963858042993034
Proteoglycans in cancer,13,-0.2508309317760223
Proteoglycans in cancer,14,-0.05666992710634566
Proteoglycans in cancer,15,-0.21981000286911692
Proteoglycans in cancer,16,0.4629822561819005
Proteoglycans in cancer,17,-0.06757611017913906
Proteoglycans in cancer,18,-0.074142354538929
Proteoglycans in cancer,19,0.19298049110042853
Proteoglycans in cancer,20,0.20057577319345
Proteoglycans in cancer,21,-0.16276304413471795
Proteoglycans in cancer,22,0.08291579881203356
Proteoglycans in cancer,23,-0.483343255776874
Proteoglycans in cancer,24,-0.12702350822608266
Proteoglycans in cancer,25,-0.16229501863193424
Proteoglycans in cancer,26,0.034908759757836576
Proteoglycans in cancer,27,-0.21143464905539144
Proteoglycans in cancer,28,0.061858416898946555
Proteoglycans in cancer,29,0.042558663116272225
Proteoglycans in cancer,30,0.16534649424643705
Proteoglycans in cancer,31,-0.04784195596433706
Proteoglycans in cancer,32,0.22067746166324442
Proteoglycans in cancer,33,0.14794812246794442
Proteoglycans in cancer,34,0.2561798984252128
Proteoglycans in cancer,35,-0.030114013069061786
Proteoglycans in cancer,36,0.12426483471451436
Proteoglycans in cancer,37,0.18093626138714325
Proteoglycans in cancer,38,0.2465275267773928
Proteoglycans in cancer,39,-0.1094282114359047
Proteoglycans in cancer,40,0.021411034163875672
Proteoglycans in cancer,41,0.017324139101231605
Proteoglycans in cancer,42,0.05461546344273174
Proteoglycans in cancer,43,-0.10052699903122259
Proteoglycans in cancer,44,-0.336278573997321
Proteoglycans in cancer,45,0.37013292467959463
Proteoglycans in cancer,46,-0.12898175659099775
Proteoglycans in cancer,47,0.1903130288165711
Proteoglycans in cancer,48,0.1984719186909633
Proteoglycans in cancer,49,0.27512493944388206
MicroRNAs in cancer,0,0.020843847656113364
MicroRNAs in cancer,1,-0.20515649682966597
MicroRNAs in cancer,2,-0.1259447377348445
MicroRNAs in cancer,3,0.3331903394971976
MicroRNAs in cancer,4,0.29846671446189116
MicroRNAs in cancer,5,0.12913297327047496
MicroRNAs in cancer,6,0.07994035830162494
MicroRNAs in cancer,7,-0.06499252014305096
MicroRNAs in cancer,8,-0.1461720710426628
MicroRNAs in cancer,9,0.27004746769941274
MicroRNAs in cancer,10,-0.17960649989707855
MicroRNAs in cancer,11,0.1815735847209619
MicroRNAs in cancer,12,0.11078741077997778
MicroRNAs in cancer,13,0.3984263925700514
MicroRNAs in cancer,14,0.10289528336989762
MicroRNAs in cancer,15,0.075860176068439
MicroRNAs in cancer,16,-0.08173634863008013
MicroRNAs in cancer,17,0.2310725235189409
MicroRNAs in cancer,18,-0.0810549819050349
MicroRNAs in cancer,19,0.24553220531747108
MicroRNAs in cancer,20,0.0034676182455095884
MicroRNAs in cancer,21,0.13366071037914018
MicroRNAs in cancer,22,0.144412342134957
MicroRNAs in cancer,23,-0.14464253670345883
MicroRNAs in cancer,24,-0.3043090732473883
MicroRNAs in cancer,25,0.24096937067304552
MicroRNAs in cancer,26,-0.04391026746084647
MicroRNAs in cancer,27,0.008843092720532686
MicroRNAs in cancer,28,0.10338726106217005
MicroRNAs in cancer,29,0.046753718424888166
MicroRNAs in cancer,30,0.014992657962597543
MicroRNAs in cancer,31,0.00320611803632038
MicroRNAs in cancer,32,-0.025834247334516197
MicroRNAs in cancer,33,0.18525509100375875
MicroRNAs in cancer,34,0.007938520451163097
MicroRNAs in cancer,35,-0.3017187875930299
MicroRNAs in cancer,36,0.041196303857075615
MicroRNAs in cancer,37,-0.26353672167508235
MicroRNAs in cancer,38,0.11137629950605682
MicroRNAs in cancer,39,0.05431405693752412
MicroRNAs in cancer,40,-0.5122062606954624
MicroRNAs in cancer,41,0.26557210031744827
MicroRNAs in cancer,42,0.32163550058895574
MicroRNAs in cancer,43,0.19947596790496258
MicroRNAs in cancer,44,-0.12649088848977005
MicroRNAs in cancer,45,-0.09814033177194696
MicroRNAs in cancer,46,-0.18198495760229688
MicroRNAs in cancer,47,-0.04839427086567573
MicroRNAs in cancer,48,-0.08846973493120178
MicroRNAs in cancer,49,-0.17323645165917922
Central carbon metabolism in cancer,0,0.14537919860404197
Central carbon metabolism in cancer,1,-0.06886411419067368
Central carbon metabolism in cancer,2,-0.09726659219926295
Central carbon metabolism in cancer,3,0.05633303454003254
Central carbon metabolism in cancer,4,0.017966574000210123
Central carbon metabolism in cancer,5,0.04241041086171503
Central carbon metabolism in cancer,6,-0.09812141213246514
Central carbon metabolism in cancer,7,-0.34101762100676886
Central carbon metabolism in cancer,8,-0.1335521699616761
Central carbon metabolism in cancer,9,0.10493057809237669
Central carbon metabolism in cancer,10,0.05557843011464082
Central carbon metabolism in cancer,11,-0.11138367664885254
Central carbon metabolism in cancer,12,-0.07714833263270127
Central carbon metabolism in cancer,13,-0.1782127320237567
Central carbon metabolism in cancer,14,0.4274469457630119
Central carbon metabolism in cancer,15,0.23717519469537285
Central carbon metabolism in cancer,16,-0.020413764205840276
Central carbon metabolism in cancer,17,-0.34613542837342615
Central carbon metabolism in cancer,18,-0.15767790432024897
Central carbon metabolism in cancer,19,-0.15627896010850645
Central carbon metabolism in cancer,20,0.07450127340028767
Central carbon metabolism in cancer,21,0.035901884790036045
Central carbon metabolism in cancer,22,0.06514330958974217
Central carbon metabolism in cancer,23,0.08540612843811463
Central carbon metabolism in cancer,24,-0.23982092756682158
Central carbon metabolism in cancer,25,-0.16927014619316133
Central carbon metabolism in cancer,26,-0.1711324549353426
Central carbon metabolism in cancer,27,-0.12229158506086703
Central carbon metabolism in cancer,28,-0.0034116481014196047
Central carbon metabolism in cancer,29,0.020484193725824492
Central carbon metabolism in cancer,30,-0.25260789830733776
Central carbon metabolism in cancer,31,0.4392608392965188
Central carbon metabolism in cancer,32,0.18431118068830915
Central carbon metabolism in cancer,33,-0.15975257997851397
Central carbon metabolism in cancer,34,-0.10301356968279551
Central carbon metabolism in cancer,35,-0.09794797875393427
Central carbon metabolism in cancer,36,0.18819586516722592
Central carbon metabolism in cancer,37,-0.27132950947639783
Central carbon metabolism in cancer,38,0.173428995547581
Central carbon metabolism in cancer,39,0.2777403529858784
Central carbon metabolism in cancer,40,-0.19172915653634431
Central carbon metabolism in cancer,41,0.014311600025482533
Central carbon metabolism in cancer,42,0.14953328624078682
Central carbon metabolism in cancer,43,0.1345614624511644
Central carbon metabolism in cancer,44,0.3171173636934039
Central carbon metabolism in cancer,45,-0.2753878524840032
Central carbon metabolism in cancer,46,0.4248702503608547
Central carbon metabolism in cancer,47,-0.1009080528690321
Central carbon metabolism in cancer,48,0.028364881726492375
Central carbon metabolism in cancer,49,0.09928517435363404
Transcriptional misregulation in cancer,0,0.05174844219268963
Transcriptional misregulation in cancer,1,-0.08563573368295077
Transcriptional misregulation in cancer,2,0.35203645013702645
Transcriptional misregulation in cancer,3,0.27566035054952653
Transcriptional misregulation in cancer,4,-0.1695329919699332
Transcriptional misregulation in cancer,5,-0.09532178482308346
Transcriptional misregulation in cancer,6,-0.04365664616340228
Transcriptional misregulation in cancer,7,-0.12767119592667348
Transcriptional misregulation in cancer,8,-0.08871417475725171
Transcriptional misregulation in cancer,9,-0.15967975711498067
Transcriptional misregulation in cancer,10,0.3297417996131586
Transcriptional misregulation in cancer,11,0.032051411282177214
Transcriptional misregulation in cancer,12,0.18804195682152086
Transcriptional misregulation in cancer,13,0.1793897376946255
Transcriptional misregulation in cancer,14,-0.1955653447621576
Transcriptional misregulation in cancer,15,-0.08482170665357629
Transcriptional misregulation in cancer,16,-0.3052148944133775
Transcriptional misregulation in cancer,17,-0.046085850385296584
Transcriptional misregulation in cancer,18,-0.37061353314157597
Transcriptional misregulation in cancer,19,0.16871609349386113
Transcriptional misregulation in cancer,20,-0.10522333350804264
Transcriptional misregulation in cancer,21,0.19350292026656274
Transcriptional misregulation in cancer,22,-0.15684853978286034
Transcriptional misregulation in cancer,23,-0.5879006234980914
Transcriptional misregulation in cancer,24,0.0677493154967734
Transcriptional misregulation in cancer,25,0.0982230188091138
Transcriptional misregulation in cancer,26,-0.14071580979795165
Transcriptional misregulation in cancer,27,0.24657822760878695
Transcriptional misregulation in cancer,28,0.2000235168241476
Transcriptional misregulation in cancer,29,-0.16386726727199946
Transcriptional misregulation in cancer,30,0.18308866045753594
Transcriptional misregulation in cancer,31,-0.12021306705349619
Transcriptional misregulation in cancer,32,-0.27808725819206137
Transcriptional misregulation in cancer,33,-0.40224292754337265
Transcriptional misregulation in cancer,34,0.20564164610897712
Transcriptional misregulation in cancer,35,0.2657052985211188
Transcriptional misregulation in cancer,36,0.2925495063374932
Transcriptional misregulation in cancer,37,-0.08788876976169353
Transcriptional misregulation in cancer,38,-0.16612768274295286
Transcriptional misregulation in cancer,39,0.004248832898827072
Transcriptional misregulation in cancer,40,0.042017777018942506
Transcriptional misregulation in cancer,41,-0.3115340856387613
Transcriptional misregulation in cancer,42,-0.18097460744968566
Transcriptional misregulation in cancer,43,0.09774185881970289
Transcriptional misregulation in cancer,44,-0.1297181839841336
Transcriptional misregulation in cancer,45,-0.22713027575271963
Transcriptional misregulation in cancer,46,0.1919923438094699
Transcriptional misregulation in cancer,47,0.0586322991416702
Transcriptional misregulation in cancer,48,0.10174708880444142
Transcriptional misregulation in cancer,49,0.01361574381710115
Chemical carcinogenesis,0,0.10136465895602624
Chemical carcinogenesis,1,0.13369865903872002
Chemical carcinogenesis,2,-0.19952502971920763
Chemical carcinogenesis,3,0.028247435605127585
Chemical carcinogenesis,4,0.3072888946055027
Chemical carcinogenesis,5,-0.22472722003347442
Chemical carcinogenesis,6,0.10909827816665742
Chemical carcinogenesis,7,-0.1572177805683955
Chemical carcinogenesis,8,0.03096895122870994
Chemical carcinogenesis,9,-0.03611556412266637
Chemical carcinogenesis,10,-0.11544583479448253
Chemical carcinogenesis,11,-0.19436004457618444
Chemical carcinogenesis,12,0.00028964595857985476
Chemical carcinogenesis,13,0.1831378064962041
Chemical carcinogenesis,14,0.41589902726733774
Chemical carcinogenesis,15,0.033457796693195055
Chemical carcinogenesis,16,-0.16440280249676706
Chemical carcinogenesis,17,-0.3489407293078651
Chemical carcinogenesis,18,0.16613140697026788
Chemical carcinogenesis,19,-0.06487396897192575
Chemical carcinogenesis,20,0.10004180858531483
Chemical carcinogenesis,21,0.120637261810262
Chemical carcinogenesis,22,-0.20530105439466068
Chemical carcinogenesis,23,-0.05462422284726841
Chemical carcinogenesis,24,-0.09115708665311031
Chemical carcinogenesis,25,-0.23350852951558798
Chemical carcinogenesis,26,0.01650386103029961
Chemical carcinogenesis,27,0.04406741145844948
Chemical carcinogenesis,28,-0.07225322746638138
Chemical carcinogenesis,29,0.22241066405721277
Chemical carcinogenesis,30,0.030894272693537277
Chemical carcinogenesis,31,0.03948944630903131
Chemical carcinogenesis,32,-0.4713398190520124
Chemical carcinogenesis,33,-0.4176202766800475
Chemical carcinogenesis,34,-0.12094427743255434
Chemical carcinogenesis,35,0.07402667801148917
Chemical carcinogenesis,36,0.07589448133943154
Chemical carcinogenesis,37,0.05883192786590839
Chemical carcinogenesis,38,-0.05013354416003665
Chemical carcinogenesis,39,0.08955095983652892
Chemical carcinogenesis,40,-0.042200274098038414
Chemical carcinogenesis,41,-0.019052856703099634
Chemical carcinogenesis,42,-0.047339958525016546
Chemical carcinogenesis,43,0.137751763982924
Chemical carcinogenesis,44,0.05996112610038225
Chemical carcinogenesis,45,-0.12450212116022275
Chemical carcinogenesis,46,0.0726041233256439
Chemical carcinogenesis,47,-0.020852627028614228
Chemical carcinogenesis,48,-0.1994322497938707
Chemical carcinogenesis,49,-0.052244780261588214
Viral carcinogenesis,0,-0.004364545132157598
Viral carcinogenesis,1,-0.07654558698139288
Viral carcinogenesis,2,-0.027420593729138937
Viral carcinogenesis,3,0.12797016086581894
Viral carcinogenesis,4,-0.24858517773882977
Viral carcinogenesis,5,0.07324023865448775
Viral carcinogenesis,6,-0.14107685064165526
Viral carcinogenesis,7,0.00462232466724412
Viral carcinogenesis,8,-0.1643774019341654
Viral carcinogenesis,9,-0.12683082178418725
Viral carcinogenesis,10,-0.03833425787337156
Viral carcinogenesis,11,0.009730133699657612
Viral carcinogenesis,12,-0.07650467400675619
Viral carcinogenesis,13,0.19947190333027753
Viral carcinogenesis,14,0.13229419181268204
Viral carcinogenesis,15,-0.01930209236383668
Viral carcinogenesis,16,0.0702191218528969
Viral carcinogenesis,17,0.1911744197425378
Viral carcinogenesis,18,0.07215046226766635
Viral carcinogenesis,19,0.21257775187016453
Viral carcinogenesis,20,-0.47993358012053466
Viral carcinogenesis,21,-0.18524881263184545
Viral carcinogenesis,22,0.018737178342728613
Viral carcinogenesis,23,-0.04510552866477461
Viral carcinogenesis,24,0.286168197135488
Viral carcinogenesis,25,-0.07196080971309535
Viral carcinogenesis,26,0.06644992375888605
Viral carcinogenesis,27,-0.06716066311907504
Viral carcinogenesis,28,-0.1952959074560341
Viral carcinogenesis,29,0.041711240790366685
Viral carcinogenesis,30,-0.07462457638382985
Viral carcinogenesis,31,-0.026060447506414394
Viral carcinogenesis,32,0.23287564239368633
Viral carcinogenesis,33,0.03196988740802565
Viral carcinogenesis,34,-0.03381846715889276
Viral carcinogenesis,35,0.13655879897303336
Viral carcinogenesis,36,-0.22929311221364004
Viral carcinogenesis,37,0.1907205093632672
Viral carcinogenesis,38,0.06747926826311734
Viral carcinogenesis,39,0.10573361984816383
Viral carcinogenesis,40,0.4588903855292916
Viral carcinogenesis,41,0.1310173087729543
Viral carcinogenesis,42,0.29599315169067847
Viral carcinogenesis,43,0.12683504567889625
Viral carcinogenesis,44,0.05802709263828554
Viral carcinogenesis,45,0.245528025307035
Viral carcinogenesis,46,0.11154209863700923
Viral carcinogenesis,47,0.23116004266144005
Viral carcinogenesis,48,-0.06902892626734708
Viral carcinogenesis,49,0.11262392785700634
Non-small cell lung cancer,0,-0.43418628754714156
Non-small cell lung cancer,1,-0.1962278409371872
Non-small cell lung cancer,2,-0.30278339188681813
Non-small cell lung cancer,3,0.12218339473027784
Non-small cell lung cancer,4,-0.04117325058818194
Non-small cell lung cancer,5,0.22821915249731078
Non-small cell lung cancer,6,-0.012327348365342616
Non-small cell lung cancer,7,0.2726241603871552
Non-small cell lung cancer,8,0.15566549882316894
Non-small cell lung cancer,9,-0.07701770706987676
Non-small cell lung cancer,10,-0.24849531308117326
Non-small cell lung cancer,11,0.3370283080722981
Non-small cell lung cancer,12,0.16679308015715452
Non-small cell lung cancer,13,0.1204520089217502
Non-small cell lung cancer,14,-0.30901267849307346
Non-small cell lung cancer,15,-0.3069422321207846
Non-small cell lung cancer,16,-0.23058444761808827
Non-small cell lung cancer,17,-0.26405001121008387
Non-small cell lung cancer,18,0.12849902220943227
Non-small cell lung cancer,19,-0.3383651083609448
Non-small cell lung cancer,20,0.4473259247663875
Non-small cell lung cancer,21,-0.1122498669157718
Non-small cell lung cancer,22,-0.08916811407780952
Non-small cell lung cancer,23,0.087523629954952
Non-small cell lung cancer,24,-0.12537170371806158
Non-small cell lung cancer,25,-0.22047995489498737
Non-small cell lung cancer,26,0.16037684047684952
Non-small cell lung cancer,27,-0.0900049309866182
Non-small cell lung cancer,28,-0.08461337642417446
Non-small cell lung cancer,29,0.07664365860840303
Non-small cell lung cancer,30,-0.015922955784947367
Non-small cell lung cancer,31,-0.07538036556004016
Non-small cell lung cancer,32,-0.09091847111882151
Non-small cell lung cancer,33,-0.015402868110699857
Non-small cell lung cancer,34,-0.07573676804247219
Non-small cell lung cancer,35,0.030279366949249674
Non-small cell lung cancer,36,0.14210079058751562
Non-small cell lung cancer,37,0.444601044968273
Non-small cell lung cancer,38,0.24701070857700919
Non-small cell lung cancer,39,-0.20189451848978637
Non-small cell lung cancer,40,0.2944556902675995
Non-small cell lung cancer,41,-0.03703991662481056
Non-small cell lung cancer,42,-0.09571556870631874
Non-small cell lung cancer,43,-0.03444866571077691
Non-small cell lung cancer,44,-0.01122754285277034
Non-small cell lung cancer,45,-0.10121216155038074
Non-small cell lung cancer,46,0.43632473778215813
Non-small cell lung cancer,47,-0.13586048307624238
Non-small cell lung cancer,48,-0.4797797791971356
Non-small cell lung cancer,49,0.09730498439125813
Small cell lung cancer,0,0.2527859837074753
Small cell lung cancer,1,0.3018899539964035
Small cell lung cancer,2,-0.0414362383800507
Small cell lung cancer,3,0.06582122478657314
Small cell lung cancer,4,-0.025600680216987484
Small cell lung cancer,5,-0.5410172327218867
Small cell lung cancer,6,-0.08653199514834967
Small cell lung cancer,7,0.2541420043966183
Small cell lung cancer,8,0.09902412918077275
Small cell lung cancer,9,0.038999793860478055
Small cell lung cancer,10,0.15090101990647278
Small cell lung cancer,11,-0.009895564554808334
Small cell lung cancer,12,0.1316952543707438
Small cell lung cancer,13,0.08363636808511386
Small cell lung cancer,14,-0.24201790579968657
Small cell lung cancer,15,-0.19962896469863953
Small cell lung cancer,16,-0.10849846369733855
Small cell lung cancer,17,-0.03352281398783209
Small cell lung cancer,18,-0.03444575658082673
Small cell lung cancer,19,-0.016955875795802614
Small cell lung cancer,20,-0.11693757891418496
Small cell lung cancer,21,-0.1759904437191721
Small cell lung cancer,22,-0.09574873467634717
Small cell lung cancer,23,-0.33866390836515115
Small cell lung cancer,24,0.25922188337590946
Small cell lung cancer,25,-0.1426232934412313
Small cell lung cancer,26,-0.22291129867980203
Small cell lung cancer,27,0.1685959126434695
Small cell lung cancer,28,-0.207330173311517
Small cell lung cancer,29,0.3015590044839938
Small cell lung cancer,30,0.05109865042157172
Small cell lung cancer,31,-0.029469598311199295
Small cell lung cancer,32,0.12874750969170312
Small cell lung cancer,33,0.07983983815046136
Small cell lung cancer,34,0.03157875735844905
Small cell lung cancer,35,0.22931653662635076
Small cell lung cancer,36,-0.1138284493782675
Small cell lung cancer,37,-0.2672423674972292
Small cell lung cancer,38,-0.11759475452739378
Small cell lung cancer,39,-0.04377126391095189
Small cell lung cancer,40,-0.055700216910088494
Small cell lung cancer,41,0.03225524866369554
Small cell lung cancer,42,-0.05089775462257751
Small cell lung cancer,43,-0.21543664253025643
Small cell lung cancer,44,-0.1387405721760869
Small cell lung cancer,45,0.07730085302188529
Small cell lung cancer,46,-0.3658796054892337
Small cell lung cancer,47,-0.2858022449696907
Small cell lung cancer,48,-0.2551936596799644
Small cell lung cancer,49,-0.20072077525702792
Breast cancer,0,-0.12896438927117107
Breast cancer,1,0.1422629339081823
Breast cancer,2,-0.12846221604817326
Breast cancer,3,-0.22431355820193005
Breast cancer,4,0.15005706864991503
Breast cancer,5,0.053057230881129826
Breast cancer,6,0.007463639097177609
Breast cancer,7,-0.1039854351428162
Breast cancer,8,0.08250917612969061
Breast cancer,9,0.052155248354876144
Breast cancer,10,-0.1735834962260134
Breast cancer,11,0.3087337481601803
Breast cancer,12,-0.02380656477116236
Breast cancer,13,0.20990694704098098
Breast cancer,14,-0.09745728056347186
Breast cancer,15,-0.03459784289395871
Breast cancer,16,-0.1134962037461654
Breast cancer,17,0.08896307997739479
Breast cancer,18,0.2664928160845267
Breast cancer,19,-0.07019616220387478
Breast cancer,20,-0.2699854877717207
Breast cancer,21,0.033227821114754266
Breast cancer,22,-0.041308772192233015
Breast cancer,23,-0.25496136782059364
Breast cancer,24,-0.01779398191812543
Breast cancer,25,-0.28403317581698395
Breast cancer,26,0.16944249765428765
Breast cancer,27,0.1712369858688274
Breast cancer,28,0.4014459625044049
Breast cancer,29,-0.023468720456214107
Breast cancer,30,0.08303045995880193
Breast cancer,31,0.17142692848484037
Breast cancer,32,-0.31221679900059696
Breast cancer,33,-0.10784167998586537
Breast cancer,34,-0.10756578833232552
Breast cancer,35,-0.061738975433980756
Breast cancer,36,0.5320415797454929
Breast cancer,37,-0.07024071173683878
Breast cancer,38,0.17744676376359703
Breast cancer,39,0.18676204606224844
Breast cancer,40,-0.486298073932894
Breast cancer,41,0.07967205853193213
Breast cancer,42,-0.0767762675216214
Breast cancer,43,0.06280405716975472
Breast cancer,44,-0.05987189748113153
Breast cancer,45,0.3093987875304862
Breast cancer,46,0.01957379402815783
Breast cancer,47,-0.04514799921901795
Breast cancer,48,-0.29019073011060054
Breast cancer,49,-0.3985874349209456
Colorectal cancer,0,-0.15500039337300608
Colorectal cancer,1,0.02187449778171446
Colorectal cancer,2,-0.11187351214477612
Colorectal cancer,3,0.04036312486403225
Colorectal cancer,4,0.13409190661064282
Colorectal cancer,5,-0.16658206107963097
Colorectal cancer,6,-0.035425513334269604
Colorectal cancer,7,0.07201803533916355
Colorectal cancer,8,-0.07372455970892225
Colorectal cancer,9,0.15378996951321872
Colorectal cancer,10,0.18060289130513957
Colorectal cancer,11,-0.038095982264482374
Colorectal cancer,12,-0.001663289302389228
Colorectal cancer,13,-0.20367910589897026
Colorectal cancer,14,-0.07468227348565878
Colorectal cancer,15,0.18625557667530554
Colorectal cancer,16,-0.19412691565070178
Colorectal cancer,17,0.21736141774612303
Colorectal cancer,18,0.3114943964211947
Colorectal cancer,19,-0.09699946191567833
Colorectal cancer,20,-0.21806600660263503
Colorectal cancer,21,-0.20573045953687497
Colorectal cancer,22,0.3175111118679098
Colorectal cancer,23,-0.014299156749763463
Colorectal cancer,24,-0.11325508773906734
Colorectal cancer,25,-0.36700942290980126
Colorectal cancer,26,0.04118508667113607
Colorectal cancer,27,-0.05567745473871563
Colorectal cancer,28,0.14899109719736153
Colorectal cancer,29,0.14864485108769993
Colorectal cancer,30,-0.14880512564315912
Colorectal cancer,31,0.24319283638509942
Colorectal cancer,32,-0.19140001295083714
Colorectal cancer,33,0.31270034158389987
Colorectal cancer,34,0.11873906009423002
Colorectal cancer,35,-0.08997220185601663
Colorectal cancer,36,0.2548644998691478
Colorectal cancer,37,0.02019954724846771
Colorectal cancer,38,-0.23095554594815698
Colorectal cancer,39,0.22255026642963746
Colorectal cancer,40,-0.03415425752432198
Colorectal cancer,41,-0.14138201481212087
Colorectal cancer,42,-0.38762660139638305
Colorectal cancer,43,-0.3307842875692464
Colorectal cancer,44,-0.053048683387858314
Colorectal cancer,45,0.13596486155372023
Colorectal cancer,46,-0.06284227259078348
Colorectal cancer,47,-0.10932710438476985
Colorectal cancer,48,0.01705156241339536
Colorectal cancer,49,-0.08597594213358835
Gastric cancer,0,-0.050721965152060566
Gastric cancer,1,-0.15057865786493305
Gastric cancer,2,0.030985859639869814
Gastric cancer,3,-0.04472438792638471
Gastric cancer,4,-0.13835954233201642
Gastric cancer,5,-0.1942899429518678
Gastric cancer,6,0.03868561576706404
Gastric cancer,7,0.04718825129779196
Gastric cancer,8,0.12929022221147843
Gastric cancer,9,-0.0022180059292929515
Gastric cancer,10,0.2290976884013881
Gastric cancer,11,-0.13578752958233262
Gastric cancer,12,0.11929125077887924
Gastric cancer,13,0.3271467899217228
Gastric cancer,14,0.15208426468018155
Gastric cancer,15,0.2082145078460868
Gastric cancer,16,0.17011316175296376
Gastric cancer,17,0.01177440599821127
Gastric cancer,18,0.05302870158738132
Gastric cancer,19,0.05551189135293885
Gastric cancer,20,-0.03878909992675254
Gastric cancer,21,-0.011772735767188135
Gastric cancer,22,-0.1894193000884879
Gastric cancer,23,0.4718098832566867
Gastric cancer,24,0.34637995291063967
Gastric cancer,25,0.1660033467804036
Gastric cancer,26,0.08300141005404335
Gastric cancer,27,0.0583292889112309
Gastric cancer,28,0.2199931394758274
Gastric cancer,29,-0.33669787846789856
Gastric cancer,30,-0.0300463610325997
Gastric cancer,31,-0.10084902226960163
Gastric cancer,32,0.44638658700242073
Gastric cancer,33,0.02534764834713301
Gastric cancer,34,-0.0007620525818384153
Gastric cancer,35,-0.15889964906237902
Gastric cancer,36,-0.03242951586257857
Gastric cancer,37,0.02980739604325719
Gastric cancer,38,-0.13780325433214938
Gastric cancer,39,-0.06918814645522409
Gastric cancer,40,0.1861152692606427
Gastric cancer,41,0.19446863152364308
Gastric cancer,42,-0.022941658938934045
Gastric cancer,43,-0.2884421593295444
Gastric cancer,44,-0.4426626464089921
Gastric cancer,45,-0.2369664522796799
Gastric cancer,46,-0.2689874453110407
Gastric cancer,47,-0.08933339940051638
Gastric cancer,48,-0.2936619169675959
Gastric cancer,49,-0.10666813302868239
Hepatocellular carcinoma,0,-0.17376054545328457
Hepatocellular carcinoma,1,-0.12595909592027563
Hepatocellular carcinoma,2,-0.11364791092187884
Hepatocellular carcinoma,3,0.3570485731639751
Hepatocellular carcinoma,4,-0.21999297126091072
Hepatocellular carcinoma,5,0.3453699717385146
Hepatocellular carcinoma,6,0.11513888355964881
Hepatocellular carcinoma,7,-0.11848346734386103
Hepatocellular carcinoma,8,-0.06707096619598026
Hepatocellular carcinoma,9,-0.2168980491674748
Hepatocellular carcinoma,10,-0.21491466801166886
Hepatocellular carcinoma,11,-0.12864493298204752
Hepatocellular carcinoma,12,0.37321451615076373
Hepatocellular carcinoma,13,0.06942198830869245
Hepatocellular carcinoma,14,-0.2224460148382789
Hepatocellular carcinoma,15,0.39199733085470534
Hepatocellular carcinoma,16,-0.6515710096331837
Hepatocellular carcinoma,17,-0.26910690626520056
Hepatocellular carcinoma,18,0.22880540852057757
Hepatocellular carcinoma,19,0.001673737362411068
Hepatocellular carcinoma,20,-0.19537197527532724
Hepatocellular carcinoma,21,-0.018626219058427686
Hepatocellular carcinoma,22,0.10723970224214924
Hepatocellular carcinoma,23,0.00979817592573165
Hepatocellular carcinoma,24,0.026097082338054464
Hepatocellular carcinoma,25,0.010831341770369108
Hepatocellular carcinoma,26,-0.12915708379961344
Hepatocellular carcinoma,27,-0.20860616254673148
Hepatocellular carcinoma,28,0.18133692701951235
Hepatocellular carcinoma,29,-0.05128276576576954
Hepatocellular carcinoma,30,-0.11741064010225827
Hepatocellular carcinoma,31,-0.11229758037490714
Hepatocellular carcinoma,32,0.11859702681477208
Hepatocellular carcinoma,33,-0.13316085781740544
Hepatocellular carcinoma,34,0.13063506529960137
Hepatocellular carcinoma,35,0.23432799522169984
Hepatocellular carcinoma,36,-0.10506919182785068
Hepatocellular carcinoma,37,-0.15072327557731421
Hepatocellular carcinoma,38,0.028453255777893375
Hepatocellular carcinoma,39,0.20107581692609905
Hepatocellular carcinoma,40,-0.25014415547240726
Hepatocellular carcinoma,41,-0.028144838552691488
Hepatocellular carcinoma,42,-0.1599168831127452
Hepatocellular carcinoma,43,-0.056319352453928474
Hepatocellular carcinoma,44,-0.016817675700528688
Hepatocellular carcinoma,45,-0.3056229432109627
Hepatocellular carcinoma,46,-0.032868032501212244
Hepatocellular carcinoma,47,0.11450393795968536
Hepatocellular carcinoma,48,-0.1135627267825519
Hepatocellular carcinoma,49,0.07049203116714589
Pancreatic cancer,0,-0.3058160454759786
Pancreatic cancer,1,0.03466327806197223
Pancreatic cancer,2,-0.12528412869462408
Pancreatic cancer,3,0.2121832665060841
Pancreatic cancer,4,0.25700195038172474
Pancreatic cancer,5,-0.01596839739015716
Pancreatic cancer,6,-0.07738272740238028
Pancreatic cancer,7,0.10859622802140964
Pancreatic cancer,8,0.14409703562558307
Pancreatic cancer,9,0.42696953996093945
Pancreatic cancer,10,0.25024407701590284
Pancreatic cancer,11,-0.008489920310826706
Pancreatic cancer,12,0.20765344233847305
Pancreatic cancer,13,-0.10587043135904495
Pancreatic cancer,14,0.08002901814085986
Pancreatic cancer,15,-0.2531716275920889
Pancreatic cancer,16,-0.05480753921425542
Pancreatic cancer,17,0.05957344277650212
Pancreatic cancer,18,0.2209769662673121
Pancreatic cancer,19,-0.4246036644259663
Pancreatic cancer,20,0.15326567303693678
Pancreatic cancer,21,-0.06342816040410572
Pancreatic cancer,22,0.24970128196857272
Pancreatic cancer,23,0.31995967874193715
Pancreatic cancer,24,-0.10393424459536067
Pancreatic cancer,25,0.08268275037125138
Pancreatic cancer,26,-0.3054932616431596
Pancreatic cancer,27,0.04022683673185998
Pancreatic cancer,28,0.016265324697227808
Pancreatic cancer,29,-0.1043026887126056
Pancreatic cancer,30,-0.07157147211559775
Pancreatic cancer,31,-0.2763107647670554
Pancreatic cancer,32,0.2852245127816131
Pancreatic cancer,33,-0.0728001756549968
Pancreatic cancer,34,-0.17781262359313743
Pancreatic cancer,35,0.2275645733837756
Pancreatic cancer,36,0.017281910304542923
Pancreatic cancer,37,-0.3828502755770548
Pancreatic cancer,38,0.07279917774790362
Pancreatic cancer,39,-0.27876287823285706
Pancreatic cancer,40,-0.15594082905115975
Pancreatic cancer,41,0.10543261402184137
Pancreatic cancer,42,-0.2201958636098514
Pancreatic cancer,43,-0.03427387401006378
Pancreatic cancer,44,0.01703711751840635
Pancreatic cancer,45,-0.03211908398628112
Pancreatic cancer,46,-0.36200726689795104
Pancreatic cancer,47,-0.019888294431081175
Pancreatic cancer,48,0.0869827956971296
Pancreatic cancer,49,-0.34072230793585423
T cell receptor signaling pathway,0,0.25417618882678067
T cell receptor signaling pathway,1,0.02694014436176112
T cell receptor signaling pathway,2,0.02858473002486135
T cell receptor signaling pathway,3,-0.024430750325832147
T cell receptor signaling pathway,4,0.08781166029009907
T cell receptor signaling pathway,5,0.1648959663279257
T cell receptor signaling pathway,6,-0.08495956948006371
T cell receptor signaling pathway,7,-0.14086572301262335
T cell receptor signaling pathway,8,0.03153644871869221
T cell receptor signaling pathway,9,-0.13932060801375695
T cell receptor signaling pathway,10,-0.27129198011062894
T cell receptor signaling pathway,11,0.1696240091830905
T cell receptor signaling pathway,12,0.23081627386390896
T cell receptor signaling pathway,13,-0.04295517281058595
T cell receptor signaling pathway,14,-0.16881098792352264
T cell receptor signaling pathway,15,-0.2312730410329872
T cell receptor signaling pathway,16,0.06816986326571683
T cell receptor signaling pathway,17,-0.16955506282657776
T cell receptor signaling pathway,18,0.09334825024124911
T cell receptor signaling pathway,19,-0.1826432389354511
T cell receptor signaling pathway,20,-0.22155961249344
T cell receptor signaling pathway,21,-0.26907652862750164
T cell receptor signaling pathway,22,-0.2289262319434029
T cell receptor signaling pathway,23,0.05185321609766192
T cell receptor signaling pathway,24,0.20690442387075392
T cell receptor signaling pathway,25,0.16877421310261648
T cell receptor signaling pathway,26,-0.012299579767328504
T cell receptor signaling pathway,27,-0.10150358479614266
T cell receptor signaling pathway,28,0.16327976413857492
T cell receptor signaling pathway,29,-0.1812841333922335
T cell receptor signaling pathway,30,0.07534438792414805
T cell receptor signaling pathway,31,0.15235701332377524
T cell receptor signaling pathway,32,0.03144246801669184
T cell receptor signaling pathway,33,-0.0448609652059289
T cell receptor signaling pathway,34,-0.045291479215157915
T cell receptor signaling pathway,35,0.44081832062020687
T cell receptor signaling pathway,36,-0.021742013569663095
T cell receptor signaling pathway,37,-0.23015866888397385
T cell receptor signaling pathway,38,-0.1700367563734203
T cell receptor signaling pathway,39,0.07609451228782635
T cell receptor signaling pathway,40,-0.1837069939700645
T cell receptor signaling pathway,41,0.25155840532621837
T cell receptor signaling pathway,42,0.36773783396498316
T cell receptor signaling pathway,43,0.09716673870552175
T cell receptor signaling pathway,44,-0.16039280449868548
T cell receptor signaling pathway,45,-0.3331853466124941
T cell receptor signaling pathway,46,0.21989409040082747
T cell receptor signaling pathway,47,-0.012753975798940373
T cell receptor signaling pathway,48,-0.08762216394032715
T cell receptor signaling pathway,49,-0.2258891205032355
B cell receptor signaling pathway,0,0.09292997900706276
B cell receptor signaling pathway,1,-0.14146390351395646
B cell receptor signaling pathway,2,-0.140198444656194
B cell receptor signaling pathway,3,0.07310949091725837
B cell receptor signaling pathway,4,-0.16735960114373655
B cell receptor signaling pathway,5,0.0658334489909865
B cell receptor signaling pathway,6,-0.285978561096592
B cell receptor signaling pathway,7,-0.03295355511980991
B cell receptor signaling pathway,8,-0.2781328185340013
B cell receptor signaling pathway,9,0.1831196638529189
B cell receptor signaling pathway,10,-0.0837408787687765
B cell receptor signaling pathway,11,0.11468108815679008
B cell receptor signaling pathway,12,-0.09206586250292922
B cell receptor signaling pathway,13,0.10341303594644952
B cell receptor signaling pathway,14,-0.23480843828770084
B cell receptor signaling pathway,15,0.166446777240285
B cell receptor signaling pathway,16,0.008362277144800548
B cell receptor signaling pathway,17,0.17093637171386977
B cell receptor signaling pathway,18,-0.2633088849973725
B cell receptor signaling pathway,19,-0.2731149944683874
B cell receptor signaling pathway,20,0.015191731182901597
B cell receptor signaling pathway,21,-0.16012308859791546
B cell receptor signaling pathway,22,-0.4099666457297926
B cell receptor signaling pathway,23,0.15109975787447458
B cell receptor signaling pathway,24,0.12844544886309478
B cell receptor signaling pathway,25,-0.45154697464672744
B cell receptor signaling pathway,26,-0.04749923982329052
B cell receptor signaling pathway,27,0.15586877987369235
B cell receptor signaling pathway,28,-0.058186750763147346
B cell receptor signaling pathway,29,0.08816625738846966
B cell receptor signaling pathway,30,0.07002480824464336
B cell receptor signaling pathway,31,0.025770044601026817
B cell receptor signaling pathway,32,-0.2203026903082959
B cell receptor signaling pathway,33,-0.10972345287300217
B cell receptor signaling pathway,34,-0.16812953461583993
B cell receptor signaling pathway,35,-0.13148940026577893
B cell receptor signaling pathway,36,-0.14454546069662347
B cell receptor signaling pathway,37,0.12252138887366468
B cell receptor signaling pathway,38,0.10884945590999498
B cell receptor signaling pathway,39,0.23175110402392074
B cell receptor signaling pathway,40,0.17778056217711724
B cell receptor signaling pathway,41,0.12485510460771387
B cell receptor signaling pathway,42,0.09156807063102539
B cell receptor signaling pathway,43,0.0035855514788608045
B cell receptor signaling pathway,44,0.04157928496952168
B cell receptor signaling pathway,45,-0.08437775523589305
B cell receptor signaling pathway,46,-0.05159731075795061
B cell receptor signaling pathway,47,-0.22812663687666457
B cell receptor signaling pathway,48,-0.012314425168423421
B cell receptor signaling pathway,49,0.051663832554798145
Natural killer cell mediated cytotoxicity,0,-0.23609918213814962
Natural killer cell mediated cytotoxicity,1,-0.14979371204849418
Natural killer cell mediated cytotoxicity,2,0.0328397917747248
Natural killer cell mediated cytotoxicity,3,-0.1677600343420323
Natural killer cell mediated cytotoxicity,4,-0.03358383737496273
Natural killer cell mediated cytotoxicity,5,-0.08782143646042226
Natural killer cell mediated cytotoxicity,6,0.21804224809566722
Natural killer cell mediated cytotoxicity,7,-0.024845784554899334
Natural killer cell mediated cytotoxicity,8,0.01958453000075436
Natural killer cell mediated cytotoxicity,9,-0.004409246993880622
Natural killer cell mediated cytotoxicity,10,-0.05654459379747567
Natural killer cell mediated cytotoxicity,11,0.09281389081999333
Natural killer cell mediated cytotoxicity,12,-0.17494914071493245
Natural killer cell mediated cytotoxicity,13,0.08736998950345934
Natural killer cell mediated cytotoxicity,14,0.10901038985944941
Natural killer cell mediated cytotoxicity,15,-0.08359689012923521
Natural killer cell mediated cytotoxicity,16,-0.3027233658699556
Natural killer cell mediated cytotoxicity,17,-0.36321865399255904
Natural killer cell mediated cytotoxicity,18,-0.1006802870106536
Natural killer cell mediated cytotoxicity,19,-0.005341288449287232
Natural killer cell mediated cytotoxicity,20,-0.028046474315878867
Natural killer cell mediated cytotoxicity,21,-0.1939309769663394
Natural killer cell mediated cytotoxicity,22,-0.16478144429783456
Natural killer cell mediated cytotoxicity,23,0.1705977142088937
Natural killer cell mediated cytotoxicity,24,0.15762557073481354
Natural killer cell mediated cytotoxicity,25,0.005743918081737992
Natural killer cell mediated cytotoxicity,26,-0.08027445670758637
Natural killer cell mediated cytotoxicity,27,0.04286817666851714
Natural killer cell mediated cytotoxicity,28,0.2505978637397261
Natural killer cell mediated cytotoxicity,29,0.08294774409364566
Natural killer cell mediated cytotoxicity,30,-0.5043549423747974
Natural killer cell mediated cytotoxicity,31,-0.20232419145783836
Natural killer cell mediated cytotoxicity,32,0.09687323914103119
Natural killer cell mediated cytotoxicity,33,0.07047275184868833
Natural killer cell mediated cytotoxicity,34,0.10711321733209843
Natural killer cell mediated cytotoxicity,35,0.4076014804894147
Natural killer cell mediated cytotoxicity,36,0.09614954419256333
Natural killer cell mediated cytotoxicity,37,-0.09085884512672425
Natural killer cell mediated cytotoxicity,38,-0.040978402168260694
Natural killer cell mediated cytotoxicity,39,0.040766480679572205
Natural killer cell mediated cytotoxicity,40,0.03972242512452224
Natural killer cell mediated cytotoxicity,41,-0.16747514472251623
Natural killer cell mediated cytotoxicity,42,0.15840599098652863
Natural killer cell mediated cytotoxicity,43,0.021494462270633147
Natural killer cell mediated cytotoxicity,44,-0.11317436088024105
Natural killer cell mediated cytotoxicity,45,-0.036866044004538356
Natural killer cell mediated cytotoxicity,46,-0.0019027454499108397
Natural killer cell mediated cytotoxicity,47,0.06979113813004727
Natural killer cell mediated cytotoxicity,48,0.047243036434245156
Natural killer cell mediated cytotoxicity,49,-0.05716860969158966
Antigen processing and presentation,0,0.06368458174864985
Antigen processing and presentation,1,-0.0914662129086933
Antigen processing and presentation,2,-0.05837896420515335
Antigen processing and presentation,3,0.15825297110627706
Antigen processing and presentation,4,0.07169291894889436
Antigen processing and presentation,5,-0.15751150466600924
Antigen processing and presentation,6,-0.14142989623846555
Antigen processing and presentation,7,-0.04029174913425554
Antigen processing and presentation,8,0.13589906298114446
Antigen processing and presentation,9,0.3070697157535159
Antigen processing and presentation,10,0.22629053932987256
Antigen processing and presentation,11,0.16679658232652256
Antigen processing and presentation,12,-0.026866913742519153
Antigen processing and presentation,13,0.1517794130637962
Antigen processing and presentation,14,0.23645231682120055
Antigen processing and presentation,15,-0.0044646457872336304
Antigen processing and presentation,16,0.26720867658087744
Antigen processing and presentation,17,-0.09715504206132136
Antigen processing and presentation,18,-0.08030836294669313
Antigen processing and presentation,19,-0.10868870835052219
Antigen processing and presentation,20,-0.09676080743066566
Antigen processing and presentation,21,-0.16003469374242357
Antigen processing and presentation,22,0.1140653065041902
Antigen processing and presentation,23,-0.09135515741543629
Antigen processing and presentation,24,0.04848151303501977
Antigen processing and presentation,25,0.063441113477443
Antigen processing and presentation,26,0.04881330979274082
Antigen processing and presentation,27,0.2127680724908898
Antigen processing and presentation,28,0.40498073377470634
Antigen processing and presentation,29,-0.02673684247790701
Antigen processing and presentation,30,0.13961463529862267
Antigen processing and presentation,31,0.21602606962005727
Antigen processing and presentation,32,-0.00017479978594378198
Antigen processing and presentation,33,-0.12898326721496886
Antigen processing and presentation,34,0.03925811459462732
Antigen processing and presentation,35,-0.10709830070944525
Antigen processing and presentation,36,-0.03484218410281214
Antigen processing and presentation,37,-0.16407942977395645
Antigen processing and presentation,38,-0.14836729972284446
Antigen processing and presentation,39,0.07582111947607507
Antigen processing and presentation,40,-0.12339366826273404
Antigen processing and presentation,41,-0.058928724284174124
Antigen processing and presentation,42,-0.15958195507123982
Antigen processing and presentation,43,-0.3092975823507623
Antigen processing and presentation,44,-0.042349767258183665
Antigen processing and presentation,45,0.11435051444886261
Antigen processing and presentation,46,-0.6050295094113329
Antigen processing and presentation,47,0.03586020632944118
Antigen processing and presentation,48,0.2962370776701192
Antigen processing and presentation,49,-0.06124101768233545
Cytokine-cytokine receptor interaction,0,-0.016035346636071673
Cytokine-cytokine receptor interaction,1,0.1134379034840655
Cytokine-cytokine receptor interaction,2,0.06578653521573767
Cytokine-cytokine receptor interaction,3,0.41084352740048263
Cytokine-cytokine receptor interaction,4,-0.12037116173810475
Cytokine-cytokine receptor interaction,5,-0.11278182875677595
Cytokine-cytokine receptor interaction,6,0.12952273255694735
Cytokine-cytokine receptor interaction,7,-0.03220295702930809
Cytokine-cytokine receptor interaction,8,0.11437984489856157
Cytokine-cytokine receptor interaction,9,-0.20304768648324562
Cytokine-cytokine receptor interaction,10,0.3223365254774391
Cytokine-cytokine receptor interaction,11,0.6183942398556413
Cytokine-cytokine receptor interaction,12,0.29207947729857153
Cytokine-cytokine receptor interaction,13,-0.20470607086802226
Cytokine-cytokine receptor interaction,14,-0.03845879776063209
Cytokine-cytokine receptor interaction,15,-0.17275975426925838
Cytokine-cytokine receptor interaction,16,-0.439006769892114
Cytokine-cytokine receptor interaction,17,-0.1673023513169793
Cytokine-cytokine receptor interaction,18,-0.03846591455986162
Cytokine-cytokine receptor interaction,19,0.13095499383512044
Cytokine-cytokine receptor interaction,20,-0.0927889963186912
Cytokine-cytokine receptor interaction,21,-0.16032354353312905
Cytokine-cytokine receptor interaction,22,0.1587249629913593
Cytokine-cytokine receptor interaction,23,-0.04557639954561438
Cytokine-cytokine receptor interaction,24,0.4035989002774938
Cytokine-cytokine receptor interaction,25,0.27378364359403684
Cytokine-cytokine receptor interaction,26,-0.3413128517972147
Cytokine-cytokine receptor interaction,27,0.006355217861815851
Cytokine-cytokine receptor interaction,28,0.35240615906956785
Cytokine-cytokine receptor interaction,29,-0.2929191496154796
Cytokine-cytokine receptor interaction,30,0.31605386816532915
Cytokine-cytokine receptor interaction,31,0.016614449609383963
Cytokine-cytokine receptor interaction,32,-0.22117905594177428
Cytokine-cytokine receptor interaction,33,0.19198160875311
Cytokine-cytokine receptor interaction,34,-0.11193158966647934
Cytokine-cytokine receptor interaction,35,-0.15219726311073897
Cytokine-cytokine receptor interaction,36,0.17519317559345593
Cytokine-cytokine receptor interaction,37,-0.08430842599666862
Cytokine-cytokine receptor interaction,38,0.343215994433806
Cytokine-cytokine receptor interaction,39,0.0457754457433073
Cytokine-cytokine receptor interaction,40,0.07527402690006926
Cytokine-cytokine receptor interaction,41,0.14514689048042215
Cytokine-cytokine receptor interaction,42,0.14747256013107854
Cytokine-cytokine receptor interaction,43,0.03172049421644664
Cytokine-cytokine receptor interaction,44,-0.006479544577247658
Cytokine-cytokine receptor interaction,45,0.24756235043862568
Cytokine-cytokine receptor interaction,46,0.05867160688855165
Cytokine-cytokine receptor interaction,47,-0.16908397326429153
Cytokine-cytokine receptor interaction,48,-0.06865288973168263
Cytokine-cytokine receptor interaction,49,-0.16065054268900086
Chemokine signaling pathway,0,-0.03156858665671742
Chemokine signaling pathway,1,0.25943644810114813
Chemokine signaling pathway,2,0.3422713030940412
Chemokine signaling pathway,3,0.0761067956085657
Chemokine signaling pathway,4,-0.09605008073945095
Chemokine signaling pathway,5,-0.004617974083670176
Chemokine signaling pathway,6,-0.1771489079034803
Chemokine signaling pathway,7,0.03962801902608647
Chemokine signaling pathway,8,0.13211650755059542
Chemokine signaling pathway,9,-0.24264398112808694
Chemokine signaling pathway,10,0.29067603430178723
Chemokine signaling pathway,11,-0.11316266227477538
Chemokine signaling pathway,12,-0.1997120908668219
Chemokine signaling pathway,13,0.033677986617192165
Chemokine signaling pathway,14,0.3236713345576432
Chemokine signaling pathway,15,0.11596008875853442
Chemokine signaling pathway,16,-0.2982668200518487
Chemokine signaling pathway,17,-0.052745424268901345
Chemokine signaling pathway,18,0.10677171527093521
Chemokine signaling pathway,19,0.2517558390339712
Chemokine signaling pathway,20,0.17639313963248832
Chemokine signaling pathway,21,0.23283913902100778
Chemokine signaling pathway,22,0.3365282183428607
Chemokine signaling pathway,23,-0.2806773227012754
Chemokine signaling pathway,24,-0.2415502980330461
Chemokine signaling pathway,25,0.12324471925721003
Chemokine signaling pathway,26,0.12981230854364306
Chemokine signaling pathway,27,-0.3038969831376566
Chemokine signaling pathway,28,0.015742336074509408
Chemokine signaling pathway,29,-0.13036661530251156
Chemokine signaling pathway,30,-0.15962615283469342
Chemokine signaling pathway,31,-0.03783899402634032
Chemokine signaling pathway,32,-0.03113197483284074
Chemokine signaling pathway,33,0.279986718997148
Chemokine signaling pathway,34,0.14179448155643756
Chemokine signaling pathway,35,0.01466058840121844
Chemokine signaling pathway,36,-0.01094243510572717
Chemokine signaling pathway,37,0.16015651974924477
Chemokine signaling pathway,38,0.28772424550226583
Chemokine signaling pathway,39,-0.08693681107029748
Chemokine signaling pathway,40,-0.012231976674487225
Chemokine signaling pathway,41,-0.08854312655422275
Chemokine signaling pathway,42,0.08271973840581391
Chemokine signaling pathway,43,-0.11191901025324297
Chemokine signaling pathway,44,-0.23539017286327904
Chemokine signaling pathway,45,-0.24545998681625722
Chemokine signaling pathway,46,0.21756936205078714
Chemokine signaling pathway,47,-0.28610038891883777
Chemokine signaling pathway,48,-0.05319102758657413
Chemokine signaling pathway,49,-0.2029380270051807
ECM-receptor interaction,0,-0.17304518482925707
ECM-receptor interaction,1,-0.08749384513143552
ECM-receptor interaction,2,0.060893426700397685
ECM-receptor interaction,3,-0.31594842244514065
ECM-receptor interaction,4,0.15660104539510095
ECM-receptor interaction,5,-0.26428936023470456
ECM-receptor interaction,6,-0.17435003593062368
ECM-receptor interaction,7,0.19853958274264735
ECM-receptor interaction,8,0.038217892578261685
ECM-receptor interaction,9,0.17640530353800762
ECM-receptor interaction,10,0.09720368398257465
ECM-receptor interaction,11,0.3632144073186664
ECM-receptor interaction,12,-0.1582538034998524
ECM-receptor interaction,13,0.0711198815238971
ECM-receptor interaction,14,-0.3171858401408515
ECM-receptor interaction,15,0.0669480890553458
ECM-receptor interaction,16,-0.25494661176975947
ECM-receptor interaction,17,-0.19202003252749278
ECM-receptor interaction,18,-0.20476686570113492
ECM-receptor interaction,19,0.18170592353185433
ECM-receptor interaction,20,0.31112212764301184
ECM-receptor interaction,21,0.11631253771632594
ECM-receptor interaction,22,-0.6477718969401876
ECM-receptor interaction,23,-0.06754707453498407
ECM-receptor interaction,24,-0.12023083142398333
ECM-receptor interaction,25,0.048320279982405887
ECM-receptor interaction,26,-0.15042490650241525
ECM-receptor interaction,27,0.18264492749780958
ECM-receptor interaction,28,0.2672314310914429
ECM-receptor interaction,29,-0.38531172461524177
ECM-receptor interaction,30,-0.19482716725303856
ECM-receptor interaction,31,-0.27958873688118485
ECM-receptor interaction,32,0.06832098519659074
ECM-receptor interaction,33,-0.00196295341447186
ECM-receptor interaction,34,0.4907978703476956
ECM-receptor interaction,35,-0.14158202179560442
ECM-receptor interaction,36,0.10490915565683998
ECM-receptor interaction,37,-0.5787401988086652
ECM-receptor interaction,38,0.15266105567772048
ECM-receptor interaction,39,-0.04592559720748372
ECM-receptor interaction,40,0.11888790141542166
ECM-receptor interaction,41,-0.32354456717987645
ECM-receptor interaction,42,0.22249882584071312
ECM-receptor interaction,43,0.12542991627704378
ECM-receptor interaction,44,-0.1144902559075097
ECM-receptor interaction,45,-0.07711422726626524
ECM-receptor interaction,46,0.005472159655388449
ECM-receptor interaction,47,0.09874637665091526
ECM-receptor interaction,48,-0.11311075771264598
ECM-receptor interaction,49,0.31515121903212273
Focal adhesion,0,0.009438571452780691
Focal adhesion,1,0.01869392701680553
Focal adhesion,2,0.144349578215628
Focal adhesion,3,-0.04862579812429056
Focal adhesion,4,0.08525532692032944
Focal adhesion,5,-0.1560011278737512
Focal adhesion,6,-0.017919273481971244
Focal adhesion,7,-0.09772021670952799
Focal adhesion,8,-0.027766398055277912
Focal adhesion,9,0.12642672533387106
Focal adhesion,10,-0.09575210781952957
Focal adhesion,11,0.063924346613871
Focal adhesion,12,0.09393341308523427
Focal adhesion,13,-0.06266975786023377
Focal adhesion,14,0.009731464316200106
Focal adhesion,15,0.3866804956757041
Focal adhesion,16,0.23823006623241655
Focal adhesion,17,0.051856854046334555
Focal adhesion,18,0.14147812500191348
Focal adhesion,19,0.014703648162218742
Focal adhesion,20,-0.05382860360763973
Focal adhesion,21,0.022261756729779297
Focal adhesion,22,-0.08543247821153058
Focal adhesion,23,0.1274713164157265
Focal adhesion,24,-0.0003194372935194697
Focal adhesion,25,0.02627363041582268
Focal adhesion,26,-0.04777258076983047
Focal adhesion,27,0.05296330660811578
Focal adhesion,28,0.0341670050608435
Focal adhesion,29,-0.01649274082662376
Focal adhesion,30,-0.023928614381298112
Focal adhesion,31,0.007818887928256413
Focal adhesion,32,-0.3123992161470168
Focal adhesion,33,0.16060103353702151
Focal adhesion,34,-0.39495516982028883
Focal adhesion,35,0.10493471640283333
Focal adhesion,36,-0.2018289691595187
Focal adhesion,37,-0.1455475320603179
Focal adhesion,38,-0.000991621070159834
Focal adhesion,39,0.03309023971206215
Focal adhesion,40,-0.06755972663366541
Focal adhesion,41,-0.18057642277217661
Focal adhesion,42,-0.07571792677701555
Focal adhesion,43,-0.10868131856341498
Focal adhesion,44,-0.18184203211182123
Focal adhesion,45,-0.25392311977332516
Focal adhesion,46,0.05963340130899833
Focal adhesion,47,-0.10573144121480907
Focal adhesion,48,-0.11323879977047949
Focal adhesion,49,0.08928925572431831
Cell adhesion molecules,0,0.41077201839120026
Cell adhesion molecules,1,-0.3405756294838099
Cell adhesion molecules,2,-0.06964151487830963
Cell adhesion molecules,3,0.0958218080970073
Cell adhesion molecules,4,0.22356463155285536
Cell adhesion molecules,5,-0.13677780386254396
Cell adhesion molecules,6,-0.5643314722768583
Cell adhesion molecules,7,0.33715601304810416
Cell adhesion molecules,8,-0.038498790536678706
Cell adhesion molecules,9,-0.18397106746964695
Cell adhesion molecules,10,-0.08582517662127889
Cell adhesion molecules,11,0.2047835078044234
Cell adhesion molecules,12,-0.25379665568191817
Cell adhesion molecules,13,0.1846646755056694
Cell adhesion molecules,14,0.1704335382793497
Cell adhesion molecules,15,-0.15607184988675782
Cell adhesion molecules,16,0.3922059727344054
Cell adhesion molecules,17,-0.08478616767502717
Cell adhesion molecules,18,-0.07465320061230643
Cell adhesion molecules,19,0.27184749716372986
Cell adhesion molecules,20,0.20962565927098026
Cell adhesion molecules,21,-0.19826291439513544
Cell adhesion molecules,22,-0.15694187361606676
Cell adhesion molecules,23,-0.10039810544569831
Cell adhesion molecules,24,0.24295682791259257
Cell adhesion molecules,25,-0.18418750147224447
Cell adhesion molecules,26,-0.3270224849133435
Cell adhesion molecules,27,0.10163441568001642
Cell adhesion molecules,28,0.02031298543901277
Cell adhesion molecules,29,0.0255826363353376
Cell adhesion molecules,30,0.11257920470165389
Cell adhesion molecules,31,-0.2132500308837207
Cell adhesion molecules,32,-0.2015182502247007
Cell adhesion molecules,33,-0.2377880598680655
Cell adhesion molecules,34,-0.21096575106735427
Cell adhesion molecules,35,0.16294875942654652
Cell adhesion molecules,36,0.11545826056545937
Cell adhesion molecules,37,0.03909519909984313
Cell adhesion molecules,38,-0.07662229585355013
Cell adhesion molecules,39,0.06974301644933369
Cell adhesion molecules,40,0.15904285110916866
Cell adhesion molecules,41,-0.34788433117290996
Cell adhesion molecules,42,-0.22788487449566283
Cell adhesion molecules,43,-0.07698150789701289
Cell adhesion molecules,44,0.3324875943973852
Cell adhesion molecules,45,0.28026892070478904
Cell adhesion molecules,46,0.21116751579095117
Cell adhesion molecules,47,-0.04020148888587706
Cell adhesion molecules,48,-0.023876272782598126
Cell adhesion molecules,49,-0.1569039104402949
Regulation of actin cytoskeleton,0,-0.12699569699359334
Regulation of actin cytoskeleton,1,0.047110002120975616
Regulation of actin cytoskeleton,2,-0.16860537731784975
Regulation of actin cytoskeleton,3,0.1035814082150175
Regulation of actin cytoskeleton,4,0.09289709400949908
Regulation of actin cytoskeleton,5,0.2921488426873153
Regulation of actin cytoskeleton,6,0.2599789415514419
Regulation of actin cytoskeleton,7,0.13886057519349132
Regulation of actin cytoskeleton,8,-0.09924470410752043
Regulation of actin cytoskeleton,9,0.18565227537655474
Regulation of actin cytoskeleton,10,0.2698509686723692
Regulation of actin cytoskeleton,11,0.11111106687846228
Regulation of actin cytoskeleton,12,-0.09931301438779941
Regulation of actin cytoskeleton,13,-0.12329831510951773
Regulation of actin cytoskeleton,14,-0.2999952142507407
Regulation of actin cytoskeleton,15,0.11267825781469837
Regulation of actin cytoskeleton,16,0.2820480964698111
Regulation of actin cytoskeleton,17,0.10966445979843456
Regulation of actin cytoskeleton,18,-0.41593976943069
Regulation of actin cytoskeleton,19,0.13484632076646663
Regulation of actin cytoskeleton,20,0.35907705200006435
Regulation of actin cytoskeleton,21,-0.33981189037935167
Regulation of actin cytoskeleton,22,-0.20429628116909215
Regulation of actin cytoskeleton,23,0.21666573064107153
Regulation of actin cytoskeleton,24,-0.07053990530273775
Regulation of actin cytoskeleton,25,-0.418445400875612
Regulation of actin cytoskeleton,26,0.09482042741596766
Regulation of actin cytoskeleton,27,0.14355332168173413
Regulation of actin cytoskeleton,28,0.050118343037250185
Regulation of actin cytoskeleton,29,-0.024113362032492022
Regulation of actin cytoskeleton,30,-0.11897659838826496
Regulation of actin cytoskeleton,31,-0.17359138029831986
Regulation of actin cytoskeleton,32,-0.0016278667754656367
Regulation of actin cytoskeleton,33,-0.14340170165820132
Regulation of actin cytoskeleton,34,0.08477625285079898
Regulation of actin cytoskeleton,35,-0.12488577112130503
Regulation of actin cytoskeleton,36,-0.22160361695381114
Regulation of actin cytoskeleton,37,0.1296848046866634
Regulation of actin cytoskeleton,38,0.0040169530244641705
Regulation of actin cytoskeleton,39,-0.14834730531245474
Regulation of actin cytoskeleton,40,-0.056686623854961156
Regulation of actin cytoskeleton,41,-0.04188384777781024
Regulation of actin cytoskeleton,42,-0.08697036191250435
Regulation of actin cytoskeleton,43,-0.04121377710799419
Regulation of actin cytoskeleton,44,-0.10779497534917121
Regulation of actin cytoskeleton,45,-0.09623350925528325
Regulation of actin cytoskeleton,46,0.025523329577156376
Regulation of actin cytoskeleton,47,-0.19469771395841293
Regulation of actin cytoskeleton,48,-0.008697628367895279
Regulation of actin cytoskeleton,49,-0.34324013336933695
Glycolysis / Gluconeogenesis,0,0.30502917965751664
Glycolysis / Gluconeogenesis,1,-0.06015865735347853
Glycolysis / Gluconeogenesis,2,-0.17381621483517923
Glycolysis / Gluconeogenesis,3,-0.194005596111736
Glycolysis / Gluconeogenesis,4,0.06877081752490923
Glycolysis / Gluconeogenesis,5,-0.10456477274167793
Glycolysis / Gluconeogenesis,6,-0.04410090841166445
Glycolysis / Gluconeogenesis,7,-0.22577382189816805
Glycolysis / Gluconeogenesis,8,0.15105041295181437
Glycolysis / Gluconeogenesis,9,0.16222210306269336
Glycolysis / Gluconeogenesis,10,0.06877648334503324
Glycolysis / Gluconeogenesis,11,0.2008969879298821
Glycolysis / Gluconeogenesis,12,0.31886551811012265
Glycolysis / Gluconeogenesis,13,-0.08149315902395626
Glycolysis / Gluconeogenesis,14,0.1318709823367866
Glycolysis / Gluconeogenesis,15,-0.12731958238988084
Glycolysis / Gluconeogenesis,16,0.11008244890820146
Glycolysis / Gluconeogenesis,17,-0.10355881315352168
Glycolysis / Gluconeogenesis,18,-0.23764211071283192
Glycolysis / Gluconeogenesis,19,-0.03597266867855636
Glycolysis / Gluconeogenesis,20,-0.11885525019709214
Glycolysis / Gluconeogenesis,21,0.07218628413667408
Glycolysis / Gluconeogenesis,22,-0.23064540437210868
Glycolysis / Gluconeogenesis,23,-0.017970916005138258
Glycolysis / Gluconeogenesis,24,0.09767467390514255
Glycolysis / Gluconeogenesis,25,0.09706787389165752
Glycolysis / Gluconeogenesis,26,0.07034584323212958
Glycolysis / Gluconeogenesis,27,-0.24133774352712228
Glycolysis / Gluconeogenesis,28,0.31539680770385564
Glycolysis / Gluconeogenesis,29,0.06573399262446766
Glycolysis / Gluconeogenesis,30,-0.0988503210033202
Glycolysis / Gluconeogenesis,31,0.20076803330870951
Glycolysis / Gluconeogenesis,32,0.015189867137329944
Glycolysis / Gluconeogenesis,33,0.16812868283931626
Glycolysis / Gluconeogenesis,34,-0.02595467199107355
Glycolysis / Gluconeogenesis,35,0.3300998947815871
Glycolysis / Gluconeogenesis,36,0.07589065493047886
Glycolysis / Gluconeogenesis,37,0.1293660665572636
Glycolysis / Gluconeogenesis,38,0.0632960021146062
Glycolysis / Gluconeogenesis,39,-0.03425731775582177
Glycolysis / Gluconeogenesis,40,-0.027714232197263683
Glycolysis / Gluconeogenesis,41,0.027493585973252414
Glycolysis / Gluconeogenesis,42,-0.03631706035785591
Glycolysis / Gluconeogenesis,43,-0.0010551538014756242
Glycolysis / Gluconeogenesis,44,0.011804191708561583
Glycolysis / Gluconeogenesis,45,0.1837900371360186
Glycolysis / Gluconeogenesis,46,-0.10202517777877922
Glycolysis / Gluconeogenesis,47,-0.03630261218497188
Glycolysis / Gluconeogenesis,48,0.14494436177818107
Glycolysis / Gluconeogenesis,49,0.1835779168427955
Oxidative phosphorylation,0,-0.3939901529585331
Oxidative phosphorylation,1,-0.21400499210433827
Oxidative phosphorylation,2,0.04368801603452867
Oxidative phosphorylation,3,-0.3441275463385247
Oxidative phosphorylation,4,0.12383531432211407
Oxidative phosphorylation,5,0.17291584633422896
Oxidative phosphorylation,6,-0.02676067129759551
Oxidative phosphorylation,7,-0.07244878221833959
Oxidative phosphorylation,8,-0.006750898310433977
Oxidative phosphorylation,9,-0.2918647212770462
Oxidative phosphorylation,10,0.02863084601938655
Oxidative phosphorylation,11,-0.050534392826288424
Oxidative phosphorylation,12,0.23887625125385792
Oxidative phosphorylation,13,-0.1425658878223197
Oxidative phosphorylation,14,0.053174087446697466
Oxidative phosphorylation,15,-0.23594050441595693
Oxidative phosphorylation,16,-0.018487319423239112
Oxidative phosphorylation,17,-0.15524753457507032
Oxidative phosphorylation,18,0.24171526971211213
Oxidative phosphorylation,19,-0.03819687646788311
Oxidative phosphorylation,20,0.27587994346290373
Oxidative phosphorylation,21,-0.06640491924723137
Oxidative phosphorylation,22,0.04405107009391894
Oxidative phosphorylation,23,0.04627173225028787
Oxidative phosphorylation,24,-0.4831905111377852
Oxidative phosphorylation,25,0.15978423675917108
Oxidative phosphorylation,26,-0.40495127362816696
Oxidative phosphorylation,27,0.0029092539861667677
Oxidative phosphorylation,28,0.4577466907973216
Oxidative phosphorylation,29,0.07740251016064965
Oxidative phosphorylation,30,0.006252992596592903
Oxidative phosphorylation,31,-0.3004969383264339
Oxidative phosphorylation,32,0.11353349545644636
Oxidative phosphorylation,33,0.14049477123568702
Oxidative phosphorylation,34,0.07363873452331696
Oxidative phosphorylation,35,-0.2613521195767208
Oxidative phosphorylation,36,-0.00892002264490369
Oxidative phosphorylation,37,0.12748581597595712
Oxidative phosphorylation,38,-0.1391354882491698
Oxidative phosphorylation,39,0.05939757567656079
Oxidative phosphorylation,40,-0.12758772850497274
Oxidative phosphorylation,41,0.059167499836830825
Oxidative phosphorylation,42,0.24166830565511552
Oxidative phosphorylation,43,0.4701480540494085
Oxidative phosphorylation,44,0.10569645036408817
Oxidative phosphorylation,45,-0.09868799809524315
Oxidative phosphorylation,46,0.049895276555351455
Oxidative phosphorylation,47,0.17242248778044547
Oxidative phosphorylation,48,0.011617911015934202
Oxidative phosphorylation,49,0.41408818986780793
DNA replication,0,0.006799160861561445
DNA replication,1,0.1412780430636042
DNA replication,2,-0.13167145490607296
DNA replication,3,-0.01877956203067533
DNA replication,4,0.3730665852320588
DNA replication,5,-0.153625251222632
DNA replication,6,-0.18984713392474423
DNA replication,7,0.39997950453283515
DNA replication,8,0.058156630443070845
DNA replication,9,0.21456926629689682
DNA replication,10,-0.06166327567745121
DNA replication,11,0.26098853813488077
DNA replication,12,-0.32705132162602873
DNA replication,13,-0.052571311489032616
DNA replication,14,-0.13161030771511734
DNA replication,15,-0.06680975130716546
DNA replication,16,-0.08465481881833192
DNA replication,17,-0.08001221967767619
DNA replication,18,-0.30293577556226237
DNA replication,19,-0.1810327816520918
DNA replication,20,-0.09548190944275224
DNA replication,21,-0.07658512797684314
DNA replication,22,-0.10326281902692655
DNA replication,23,-0.038198534197154944
DNA replication,24,-0.09734275229451073
DNA replication,25,0.20869935200791734
DNA replication,26,0.27113345548028345
DNA replication,27,-0.15556452531449277
DNA replication,28,-0.28952793932855525
DNA replication,29,0.13445532958392659
DNA replication,30,-0.10510533925372115
DNA replication,31,0.004246245938881452
DNA replication,32,0.15353608983934536
DNA replication,33,0.263236384658212
DNA replication,34,-0.08901417963846378
DNA replication,35,0.2528475720948639
DNA replication,36,-0.11261967632728509
DNA replication,37,-0.015026956438818937
DNA replication,38,0.4364163673577111
DNA replication,39,0.31367209292154874
DNA replication,40,-0.36996672161902466
DNA replication,41,0.12192902261142013
DNA replication,42,-0.06975197447161935
DNA replication,43,-0.258366472857152
DNA replication,44,-0.03532440217898303
DNA replication,45,-0.029786816750184533
DNA replication,46,0.05548633455267398
DNA replication,47,-0.027469931498543966
DNA replication,48,0.15348881843295178
DNA replication,49,0.17845911719273014
Mismatch repair,0,-0.4874238528800251
Mismatch repair,1,-0.11816410981492531
Mismatch repair,2,0.010729394353982406
Mismatch repair,3,-0.0003062697178364437
Mismatch repair,4,-0.30114656455040867
Mismatch repair,5,0.14683370911948193
Mismatch repair,6,-0.18707345109202933
Mismatch repair,7,0.07439043468338903
Mismatch repair,8,0.0853078681611042
Mismatch repair,9,-0.20641629487000815
Mismatch repair,10,-0.11703659242255689
Mismatch repair,11,-0.21442641477374058
Mismatch repair,12,0.267381728549201
Mismatch repair,13,-0.040796105264445895
Mismatch repair,14,0.05063302664983938
Mismatch repair,15,-0.23871483229761703
Mismatch repair,16,0.06020033334065871
Mismatch repair,17,0.007496854468439871
Mismatch repair,18,0.17853524814114002
Mismatch repair,19,0.03813521856317621
Mismatch repair,20,0.26703715549419077
Mismatch repair,21,-0.23825095922235429
Mismatch repair,22,0.1791062622673777
Mismatch repair,23,0.05043528430847692
Mismatch repair,24,-0.20259064469144605
Mismatch repair,25,-0.19377213153850964
Mismatch repair,26,-0.3704042896747244
Mismatch repair,27,0.2956667285050346
Mismatch repair,28,0.023871928552095127
Mismatch repair,29,-0.3947551136586499
Mismatch repair,30,0.1178034053919221
Mismatch repair,31,0.310583562960114
Mismatch repair,32,-0.12142940393559455
Mismatch repair,33,0.07072590107023985
Mismatch repair,34,-0.10840362065004883
Mismatch repair,35,0.08962292466831245
Mismatch repair,36,-0.24280818867573115
Mismatch repair,37,0.0034843882478232794
Mismatch repair,38,-0.0033436702405237454
Mismatch repair,39,0.47993685071432185
Mismatch repair,40,-0.07047640511099118
Mismatch repair,41,0.31535736342823295
Mismatch repair,42,-0.05271692088250415
Mismatch repair,43,-0.19185579592569826
Mismatch repair,44,0.26869533216748975
Mismatch repair,45,-0.10494519081295614
Mismatch repair,46,-0.099620347386994
Mismatch repair,47,-0.35127351751826463
Mismatch repair,48,0.010725319109441491
Mismatch repair,49,-0.027806388049557648
Base excision repair,0,-0.2953865206435107
Base excision repair,1,-0.2371874370270306
Base excision repair,2,0.1253435773916456
Base excision repair,3,0.09570187883499535
Base excision repair,4,0.05900793494200335
Base excision repair,5,0.08204068594446781
Base excision repair,6,-0.08129818916205203
Base excision repair,7,0.2673480605908517
Base excision repair,8,0.07439279890436817
Base excision repair,9,-0.10314027421037417
Base excision repair,10,-0.24569077169698997
Base excision repair,11,0.30138540136522196
Base excision repair,12,0.05300324715060778
Base excision repair,13,-0.01770539920796381
Base excision repair,14,-0.2405041899285415
Base excision repair,15,-0.10162435697592828
Base excision repair,16,0.006906406622573623
Base excision repair,17,0.008930521258692753
Base excision repair,18,0.17520960530139987
Base excision repair,19,-0.277980045924366
Base excision repair,20,0.05570704999279702
Base excision repair,21,-0.2783191165249351
Base excision repair,22,0.32291356069446187
Base excision repair,23,0.4490925778313883
Base excision repair,24,0.31104003617945014
Base excision repair,25,-0.04767733091458029
Base excision repair,26,-0.08962764187067873
Base excision repair,27,-0.07108314815151373
Base excision repair,28,0.0274485782192478
Base excision repair,29,-0.1921701786177888
Base excision repair,30,0.4432521361496727
Base excision repair,31,0.13129013655005572
Base excision repair,32,-0.10660716427113144
Base excision repair,33,0.10578828952496482
Base excision repair,34,-0.07142690103858951
Base excision repair,35,0.05682966624750577
Base excision repair,36,-0.3574050322457425
Base excision repair,37,-0.0788522854248804
Base excision repair,38,0.37394614894463085
Base excision repair,39,-0.3786590660341541
Base excision repair,40,0.09884096008978063
Base excision repair,41,0.050349632939698206
Base excision repair,42,-0.09852942123961236
Base excision repair,43,0.20897172444312676
Base excision repair,44,0.16898490378365394
Base excision repair,45,-0.05116220802297523
Base excision repair,46,-0.12753819490111196
Base excision repair,47,-0.37081709602848983
Base excision repair,48,-0.1980081644747842
Base excision repair,49,0.13729812333334032
Homologous recombination,0,0.6162952719127981
Homologous recombination,1,-0.03591026953825478
Homologous recombination,2,-0.0053793059720734174
Homologous recombination,3,0.5793906457397748
Homologous recombination,4,0.14492766079616773
Homologous recombination,5,0.3963407144232032
Homologous recombination,6,-0.22760595046909088
Homologous recombination,7,0.22535508014551106
Homologous recombination,8,-0.16166490544446763
Homologous recombination,9,0.04370865867190675
Homologous recombination,10,0.0846175074861518
Homologous recombination,11,-0.16762345980580529
Homologous recombination,12,-0.061757337736881295
Homologous recombination,13,-0.05326139411615498
Homologous recombination,14,0.15621815000884323
Homologous recombination,15,0.0011560846351271821
Homologous recombination,16,-0.7498987953884285
Homologous recombination,17,-0.1919675900197434
Homologous recombination,18,0.02831437331303335
Homologous recombination,19,0.094127717107023
Homologous recombination,20,0.04893617182489235
Homologous recombination,21,-0.04867163563754771
Homologous recombination,22,-0.06263673459044292
Homologous recombination,23,0.2138879345715736
Homologous recombination,24,-0.004664795705676574
Homologous recombination,25,0.21434095989351343
Homologous recombination,26,-0.10972927742417515
Homologous recombination,27,-0.009811085146584395
Homologous recombination,28,0.08651033748384838
Homologous recombination,29,0.5406441533509865
Homologous recombination,30,-0.015320293739273315
Homologous recombination,31,0.5031948908568483
Homologous recombination,32,0.10130106374589462
Homologous recombination,33,-0.1887077345789323
Homologous recombination,34,0.13807325719981423
Homologous recombination,35,0.05608541882168566
Homologous recombination,36,-0.2856550305906115
Homologous recombination,37,0.308250557760648
Homologous recombination,38,0.30736682081596445
Homologous recombination,39,0.15979761045282495
Homologous recombination,40,0.15486378801758852
Homologous recombination,41,0.06936941595364299
Homologous recombination,42,-0.12954303446018695
Homologous recombination,43,0.014507228926590031
Homologous recombination,44,0.03276504127402413
Homologous recombination,45,-0.005750226986688298
Homologous recombination,46,-0.2848403919639696
Homologous recombination,47,0.39472236009216477
Homologous recombination,48,-0.473987687787519
Homologous recombination,49,0.39585949011677757
