pathway,rep,mean_diff
Cell cycle,0,-0.43584984109148966
Cell cycle,1,-0.05470326813357743
Cell cycle,2,-0.23825020807096464
Cell cycle,3,0.13296523174368544
Cell cycle,4,0.45407821344341104
Cell cycle,5,0.43883936505075366
Cell cycle,6,-0.6894938124634793
Cell cycle,7,-0.22956551269663855
Cell cycle,8,0.15247989635112025
Cell cycle,9,0.32658202531130714
Cell cycle,10,-0.5330704454192114
Cell cycle,11,-0.10279097744313169
Cell cycle,12,-0.4208836898453422
Cell cycle,13,-0.28824065969657775
Cell cycle,14,-0.4737640083952367
Cell cycle,15,0.44173216274307775
Cell cycle,16,0.20651664845848985
Cell cycle,17,0.07542432742906524
Cell cycle,18,-0.4394814172295518
Cell cycle,19,-0.42552484718997563
Cell cycle,20,-0.1467484098604273
Cell cycle,21,0.06637571672991113
Cell cycle,22,0.14586045473363002
Cell cycle,23,-0.13070162769256777
Cell cycle,24,-0.7480242691991661
Cell cycle,25,0.029341861922941366
Cell cycle,26,-0.3365077960412006
Cell cycle,27,-0.4683305609781063
Cell cycle,28,-0.2891956827394585
Cell cycle,29,-0.20858506567053198
Cell cycle,30,-0.4328650307028592
Cell cycle,31,0.44933567783118594
Cell cycle,32,-0.036208984256252616
Cell cycle,33,-0.35928098047085255
Cell cycle,34,0.05235014255809309
Cell cycle,35,0.3502096546759995
Cell cycle,36,0.2489007018784482
Cell cycle,37,-0.3909082877288409
Cell cycle,38,0.10965519894155779
Cell cycle,39,-0.10269252393830093
Cell cycle,40,-0.2385905497322481
Cell cycle,41,0.2408316736673492
Cell cycle,42,0.5892936819884386
Cell cycle,43,0.22133902691316637
Cell cycle,44,-0.41342938294615006
Cell cycle,45,-0.43557845223431213
Cell cycle,46,-0.20922863343053982
Cell cycle,47,0.47477345867297976
Cell cycle,48,-0.5071095439202786
Cell cycle,49,0.34262461171659586
p53 signaling pathway,0,-0.3277518627386101
p53 signaling pathway,1,0.3958784747254251
p53 signaling pathway,2,0.4785637395993073
p53 signaling pathway,3,-0.9488896091015759
p53 signaling pathway,4,-0.03801801972982949
p53 signaling pathway,5,0.10155494477211181
p53 signaling pathway,6,0.2689507220511819
p53 signaling pathway,7,-0.1879068714436265
p53 signaling pathway,8,-0.04549862518148684
p53 signaling pathway,9,0.17558024493059832
p53 signaling pathway,10,-0.5828560507440532
p53 signaling pathway,11,-0.07327644284952721
p53 signaling pathway,12,0.34418204307214917
p53 signaling pathway,13,0.05168240991594745
p53 signaling pathway,14,-0.3503044877670512
p53 signaling pathway,15,-0.28986695922826855
p53 signaling pathway,16,0.4305406155633359
p53 signaling pathway,17,-0.17792132665953614
p53 signaling pathway,18,0.008106222628480953
p53 signaling pathway,19,0.5266029126751695
p53 signaling pathway,20,0.1460118305881286
p53 signaling pathway,21,-0.21667276530505558
p53 signaling pathway,22,0.33009505865449584
p53 signaling pathway,23,0.031244948662818118
p53 signaling pathway,24,0.06084953375516834
p53 signaling pathway,25,-0.11749716845089266
p53 signaling pathway,26,-0.6465382402541399
p53 signaling pathway,27,0.029762696870419755
p53 signaling pathway,28,0.5875043414053132
p53 signaling pathway,29,-0.2295570027002421
p53 signaling pathway,30,0.25751645479504714
p53 signaling pathway,31,0.9358802879970511
p53 signaling pathway,32,-0.4482954364219094
p53 signaling pathway,33,-0.5853229643830853
p53 signaling pathway,34,0.13445847638897962
p53 signaling pathway,35,0.4292559906425252
p53 signaling pathway,36,0.4660880993345925
p53 signaling pathway,37,-0.4902345382141916
p53 signaling pathway,38,-0.3347600594632433
p53 signaling pathway,39,0.4339681200154115
p53 signaling pathway,40,0.2239946321606232
p53 signaling pathway,41,-0.5557138929419116
p53 signaling pathway,42,0.005242621659979537
p53 signaling pathway,43,-0.0055548205237032945
p53 signaling pathway,44,-0.2886395284671517
p53 signaling pathway,45,0.598051600313422
p53 signaling pathway,46,0.30933523012667086
p53 signaling pathway,47,-0.33076017467684293
p53 signaling pathway,48,-0.14547386751854147
p53 signaling pathway,49,-0.4196129324256441
Cellular senescence,0,-0.1445315567370289
Cellular senescence,1,0.5825743017507594
Cellular senescence,2,0.11675197027700618
Cellular senescence,3,-0.13852258742773385
Cellular senescence,4,-0.3790004261474326
Cellular senescence,5,0.5432082861615004
Cellular senescence,6,-0.4883493346107286
Cellular senescence,7,0.4023767155842397
Cellular senescence,8,0.03589829369973528
Cellular senescence,9,-0.1346802127001223
Cellular senescence,10,0.321172891249676
Cellular senescence,11,-0.07541556573271475
Cellular senescence,12,-0.19331308290668667
Cellular senescence,13,0.35231682845055606
Cellular senescence,14,0.4381698511597011
Cellular senescence,15,0.24764831617905536
Cellular senescence,16,0.29665269944039696
Cellular senescence,17,0.34070429304844346
Cellular senescence,18,-0.3378688055738181
Cellular senescence,19,-0.2174721386458472
Cellular senescence,20,-0.270794675948588
Cellular senescence,21,-0.13365337721574463
Cellular senescence,22,0.011136885710824041
Cellular senescence,23,-0.296390947164632
Cellular senescence,24,-0.4054827256116648
Cellular senescence,25,-0.3245071393949225
Cellular senescence,26,-0.06835434698016804
Cellular senescence,27,0.05635362245307253
Cellular senescence,28,0.018223082470663836
Cellular senescence,29,-0.3847402297059486
Cellular senescence,30,0.6608548761429992
Cellular senescence,31,0.13263255253143424
Cellular senescence,32,0.21695003025066942
Cellular senescence,33,-0.19721361002140195
Cellular senescence,34,0.2602878450507884
Cellular senescence,35,-0.6234090074019303
Cellular senescence,36,0.35398065365813397
Cellular senescence,37,0.5459919037314804
Cellular senescence,38,-0.3726627626797573
Cellular senescence,39,-0.3466693898212395
Cellular senescence,40,0.5715571790874754
Cellular senescence,41,-0.43766303823454566
Cellular senescence,42,-0.3485659017583074
Cellular senescence,43,-0.21854273105074284
Cellular senescence,44,-0.4665933393292764
Cellular senescence,45,-0.09725088213172697
Cellular senescence,46,-0.04339423784154603
Cellular senescence,47,-0.27151437130319067
Cellular senescence,48,-0.3436043116429679
Cellular senescence,49,0.18990376749475021
Apoptosis,0,0.13234032077090008
Apoptosis,1,-0.6641477739206892
Apoptosis,2,-0.29402264418286805
Apoptosis,3,0.015705215674255573
Apoptosis,4,0.27323609781228153
Apoptosis,5,0.5241371613818204
Apoptosis,6,-0.07558969300934673
Apoptosis,7,-0.23111205578238664
Apoptosis,8,0.08288534296932099
Apoptosis,9,-0.25390777243013307
Apoptosis,10,-0.017878026436932332
Apoptosis,11,0.2693030364186598
Apoptosis,12,-0.3925692028691282
Apoptosis,13,0.5909850146868183
Apoptosis,14,-0.346415036708131
Apoptosis,15,-0.3068109474575733
Apoptosis,16,-0.36056046400921565
Apoptosis,17,-0.2805419847003204
Apoptosis,18,0.4635979730105362
Apoptosis,19,-0.34640293480274664
Apoptosis,20,-0.040941144400523315
Apoptosis,21,0.3460369771626918
Apoptosis,22,0.33008463942752925
Apoptosis,23,-0.0475667698505669
Apoptosis,24,0.36595967612705
Apoptosis,25,-0.3937331356919874
Apoptosis,26,-0.2582715718934038
Apoptosis,27,0.09596651801623357
Apoptosis,28,-0.3335647870057008
Apoptosis,29,0.30679586033522527
Apoptosis,30,-0.12594522649679357
Apoptosis,31,0.24293311454555058
Apoptosis,32,-0.3637071973590193
Apoptosis,33,-0.30167106403858285
Apoptosis,34,0.318198501257816
Apoptosis,35,-0.030136607173739012
Apoptosis,36,-0.5388419335054915
Apoptosis,37,0.299487754282506
Apoptosis,38,-0.12138665331181653
Apoptosis,39,0.017332858410197743
Apoptosis,40,0.012276267151213285
Apoptosis,41,0.3519117845459822
Apoptosis,42,-0.3332382541639513
Apoptosis,43,-0.3686417397084094
Apoptosis,44,-0.08552892327343195
Apoptosis,45,0.0983173396655502
Apoptosis,46,-0.2890511685713981
Apoptosis,47,0.5343473626318405
Apoptosis,48,-0.9356997058501508
Apoptosis,49,-0.4475708205740653
Necroptosis,0,-0.32729702802466454
Necroptosis,1,-0.34326658243068753
Necroptosis,2,-0.39557211869625214
Necroptosis,3,0.5521000203144872
Necroptosis,4,-0.4587335333842655
Necroptosis,5,-0.2936658098046618
Necroptosis,6,-0.13263537252346386
Necroptosis,7,-0.25139811874750684
Necroptosis,8,0.3793787565018496
Necroptosis,9,0.34136973688315975
Necroptosis,10,-0.3900655832671421
Necroptosis,11,-0.3873551340958127
Necroptosis,12,-0.4960169708009543
Necroptosis,13,0.10733007059761994
Necroptosis,14,0.05548838662492069
Necroptosis,15,0.2624770725679545
Necroptosis,16,-0.2930257850854867
Necroptosis,17,-0.41107240059441563
Necroptosis,18,-0.17583124433426978
Necroptosis,19,-0.021978332641989274
Necroptosis,20,-0.24392515484816296
Necroptosis,21,-0.5100826474496372
Necroptosis,22,-0.43090936361472554
Necroptosis,23,-0.28542085871588074
Necroptosis,24,-0.2746465267830134
Necroptosis,25,-0.5979202593218012
Necroptosis,26,0.3784942028893129
Necroptosis,27,-0.2906773178141049
Necroptosis,28,-0.11628835997979856
Necroptosis,29,-0.17699602494408698
Necroptosis,30,0.7540320920747439
Necroptosis,31,-0.3269701704391377
Necroptosis,32,-0.03212314351801257
Necroptosis,33,-0.2915112155677324
Necroptosis,34,-0.10024314398071023
Necroptosis,35,0.4024379938726083
Necroptosis,36,0.292398656590903
Necroptosis,37,-0.1347535966382544
Necroptosis,38,-0.34696832805812466
Necroptosis,39,-0.4861473845534564
Necroptosis,40,0.04744074824427114
Necroptosis,41,-0.23672952960832672
Necroptosis,42,-0.6286517057332262
Necroptosis,43,-0.21392609005201652
Necroptosis,44,-0.4008140275059935
Necroptosis,45,-0.21839700758053665
Necroptosis,46,-0.6375019687245993
Necroptosis,47,-0.3418497330967981
Necroptosis,48,0.5523236940063696
Necroptosis,49,0.7691266638690448
Ferroptosis,0,-0.4151630991134233
Ferroptosis,1,-0.23061555885393742
Ferroptosis,2,-0.40304250905602923
Ferroptosis,3,0.07464736733452498
Ferroptosis,4,-0.33238375182386803
Ferroptosis,5,0.25374422503677385
Ferroptosis,6,-0.12643188807890943
Ferroptosis,7,0.27286304969737163
Ferroptosis,8,0.2453730686004776
Ferroptosis,9,-0.22110622592889173
Ferroptosis,10,0.35668125200458806
Ferroptosis,11,-0.3119998614475793
Ferroptosis,12,-0.5690667939875798
Ferroptosis,13,0.4104529119845809
Ferroptosis,14,-0.37783899696085976
Ferroptosis,15,0.06007524824717158
Ferroptosis,16,0.08713415234627095
Ferroptosis,17,0.5171963694748107
Ferroptosis,18,0.4373225059586092
Ferroptosis,19,-0.4059633037653745
Ferroptosis,20,-0.40343331104273206
Ferroptosis,21,-0.5953497384913963
Ferroptosis,22,0.23339415784559672
Ferroptosis,23,0.4214092613313336
Ferroptosis,24,-0.7534135306427963
Ferroptosis,25,-0.11233540179427759
Ferroptosis,26,0.39237401025624485
Ferroptosis,27,-0.19525951909535105
Ferroptosis,28,-0.754625268731062
Ferroptosis,29,-0.2796823946675649
Ferroptosis,30,-0.1275938431065158
Ferroptosis,31,-0.22284935413456802
Ferroptosis,32,0.1699413678059874
Ferroptosis,33,-0.25841095267297254
Ferroptosis,34,0.37766049753418046
Ferroptosis,35,0.5591954090124927
Ferroptosis,36,0.36850967706744
Ferroptosis,37,-0.17540069161735194
Ferroptosis,38,-0.25456602975693693
Ferroptosis,39,-0.34901986523453776
Ferroptosis,40,-0.47301375998271444
Ferroptosis,41,0.11868261412219455
Ferroptosis,42,-0.26361335772848915
Ferroptosis,43,0.31068302112670554
Ferroptosis,44,-0.039227027135788954
Ferroptosis,45,-0.08607639870396198
Ferroptosis,46,-0.3786066182718809
Ferroptosis,47,-0.368711486571521
Ferroptosis,48,-0.7666544541331416
Ferroptosis,49,0.11955215366695977
Autophagy,0,-0.231404195093938
Autophagy,1,0.22962361747496954
Autophagy,2,0.5520362651853212
Autophagy,3,-0.01444161734057478
Autophagy,4,0.17105481032625636
Autophagy,5,-0.2560958108111767
Autophagy,6,0.0007394290489696698
Autophagy,7,0.18352729020291003
Autophagy,8,0.23975127161100734
Autophagy,9,-0.11188681486105459
Autophagy,10,-0.43546376977107104
Autophagy,11,0.20697736331326128
Autophagy,12,-0.3362537806696684
Autophagy,13,-0.6205316068935596
Autophagy,14,-0.23545577998991224
Autophagy,15,-0.3420894404080419
Autophagy,16,-0.42725918804440144
Autophagy,17,-0.14539008483637317
Autophagy,18,-0.39284868049559246
Autophagy,19,0.36056448702202193
Autophagy,20,0.3526347740168747
Autophagy,21,0.3491717280803097
Autophagy,22,-0.4951458641566537
Autophagy,23,0.506781803597292
Autophagy,24,-0.42066976027609015
Autophagy,25,-0.2140805137934116
Autophagy,26,-0.15371978057731928
Autophagy,27,-0.378134534791817
Autophagy,28,-0.1397618419147434
Autophagy,29,0.18339128795862986
Autophagy,30,-0.30440350025955065
Autophagy,31,0.35914489269814165
Autophagy,32,-0.6644284964810113
Autophagy,33,0.7790864391401031
Autophagy,34,-0.3195909615458555
Autophagy,35,-0.5574591268736089
Autophagy,36,0.47986166305900024
Autophagy,37,0.10224977746226063
Autophagy,38,-0.38975099793243656
Autophagy,39,-0.32674569054467406
Autophagy,40,0.32097379919213415
Autophagy,41,-0.25889581217619884
Autophagy,42,-0.3262486571544723
Autophagy,43,0.44306793492453417
Autophagy,44,-0.3580914152402063
Autophagy,45,0.18979574459253873
Autophagy,46,-0.6817721964859158
Autophagy,47,-0.2672398400602095
Autophagy,48,0.1417592358434297
Autophagy,49,0.43698774123553397
Mitophagy,0,-0.24199547566082158
Mitophagy,1,-0.3249899871014186
Mitophagy,2,0.5602897068442806
Mitophagy,3,-0.1172384791124562
Mitophagy,4,-0.03855401802692972
Mitophagy,5,-0.28941559990924726
Mitophagy,6,-0.5034000776949239
Mitophagy,7,0.34519004773191914
Mitophagy,8,0.3156993649626103
Mitophagy,9,-0.3728478146227955
Mitophagy,10,-0.15411451588700387
Mitophagy,11,-0.5425027181798943
Mitophagy,12,-0.06429028319934943
Mitophagy,13,0.14718393624630044
Mitophagy,14,-0.17576864883698665
Mitophagy,15,-0.3518486711936125
Mitophagy,16,0.41340164112281974
Mitophagy,17,-0.2081183614872483
Mitophagy,18,-0.03027499541662653
Mitophagy,19,-0.40335063254150083
Mitophagy,20,0.9047686106360786
Mitophagy,21,0.14808561200154208
Mitophagy,22,-0.8313269015728963
Mitophagy,23,-0.3266329418173677
Mitophagy,24,0.20255298033294605
Mitophagy,25,-0.1686526181839913
Mitophagy,26,0.03576243421561104
Mitophagy,27,0.25456343038645646
Mitophagy,28,0.22355509767190496
Mitophagy,29,0.3354877256857189
Mitophagy,30,0.5536100958343111
Mitophagy,31,-0.01956712831688443
Mitophagy,32,-0.2753991615024965
Mitophagy,33,-0.3839812054825691
Mitophagy,34,-0.19114263263591288
Mitophagy,35,0.5699365989109872
Mitophagy,36,-0.32931763310439444
Mitophagy,37,0.49075105323555085
Mitophagy,38,-0.12401654459354118
Mitophagy,39,-0.32690188535379583
Mitophagy,40,0.1858002340412504
Mitophagy,41,-0.3685755423253233
Mitophagy,42,-0.3555384859186701
Mitophagy,43,-0.20989240206576049
Mitophagy,44,0.6878613268671716
Mitophagy,45,0.22445722986264738
Mitophagy,46,0.4142138022343518
Mitophagy,47,-0.0353297130288146
Mitophagy,48,-0.35737067779879594
Mitophagy,49,-0.43781699667160945
MAPK signaling pathway,0,0.19369492362784602
MAPK signaling pathway,1,0.26987839889473897
MAPK signaling pathway,2,0.5335563500927373
MAPK signaling pathway,3,-0.19278002952806816
MAPK signaling pathway,4,0.03964038062522136
MAPK signaling pathway,5,-0.07254119379046073
MAPK signaling pathway,6,0.21254876078247226
MAPK signaling pathway,7,-0.05214597376233163
MAPK signaling pathway,8,0.28360100944231814
MAPK signaling pathway,9,-0.3385316000404407
MAPK signaling pathway,10,-0.14561595771946645
MAPK signaling pathway,11,0.5350153455981012
MAPK signaling pathway,12,-0.2067994022297382
MAPK signaling pathway,13,-0.38986166574247844
MAPK signaling pathway,14,-0.152920916282843
MAPK signaling pathway,15,-0.44664711839028887
MAPK signaling pathway,16,0.34458213508895197
MAPK signaling pathway,17,1.0803126081924221
MAPK signaling pathway,18,-0.6407791599097057
MAPK signaling pathway,19,-0.3380994505854988
MAPK signaling pathway,20,-0.2540680374649054
MAPK signaling pathway,21,0.439313445121685
MAPK signaling pathway,22,0.29432000288344473
MAPK signaling pathway,23,0.07223462955675844
MAPK signaling pathway,24,0.380897484821561
MAPK signaling pathway,25,0.008033232451540702
MAPK signaling pathway,26,-0.11514240837130585
MAPK signaling pathway,27,-0.16110370503869936
MAPK signaling pathway,28,0.0004825190595976761
MAPK signaling pathway,29,-0.11836338231831718
MAPK signaling pathway,30,0.583727312192327
MAPK signaling pathway,31,-0.37099134373840825
MAPK signaling pathway,32,0.6161103409972127
MAPK signaling pathway,33,-0.06582509940602982
MAPK signaling pathway,34,0.30522845353042705
MAPK signaling pathway,35,-0.0469769235739362
MAPK signaling pathway,36,-0.17540807572238853
MAPK signaling pathway,37,-0.3716194773694965
MAPK signaling pathway,38,0.4314889856090683
MAPK signaling pathway,39,-0.259866056858298
MAPK signaling pathway,40,0.05880453529211352
MAPK signaling pathway,41,0.09770326723538228
MAPK signaling pathway,42,-0.1279143421854294
MAPK signaling pathway,43,-0.4333427222370325
MAPK signaling pathway,44,-0.2945975877587649
MAPK signaling pathway,45,-0.4321570927722701
MAPK signaling pathway,46,0.39146149504652555
MAPK signaling pathway,47,-0.22492716143381272
MAPK signaling pathway,48,-0.11862824410868328
MAPK signaling pathway,49,0.09462737128433918
PI3K-Akt signaling pathway,0,-0.10335634712892425
PI3K-Akt signaling pathway,1,0.30133947832822905
PI3K-Akt signaling pathway,2,0.4189111066014357
PI3K-Akt signaling pathway,3,-0.370770250085642
PI3K-Akt signaling pathway,4,0.3315993662650515
PI3K-Akt signaling pathway,5,-0.4290544417625646
PI3K-Akt signaling pathway,6,0.1558809524554059
PI3K-Akt signaling pathway,7,0.046686445814805175
PI3K-Akt signaling pathway,8,0.22348047504183138
PI3K-Akt signaling pathway,9,-0.45103850177919114
PI3K-Akt signaling pathway,10,-0.24453827301758546
PI3K-Akt signaling pathway,11,-0.0893233731556187
PI3K-Akt signaling pathway,12,-0.3337899650857322
PI3K-Akt signaling pathway,13,-0.322626103829347
PI3K-Akt signaling pathway,14,-0.23044441143720368
PI3K-Akt signaling pathway,15,0.4929754811621171
PI3K-Akt signaling pathway,16,-0.2296232337904502
PI3K-Akt signaling pathway,17,-0.7382800749047845
PI3K-Akt signaling pathway,18,-0.44681804488648497
PI3K-Akt signaling pathway,19,-0.36646584863716103
PI3K-Akt signaling pathway,20,-0.3561425403652768
PI3K-Akt signaling pathway,21,-0.44128459296336486
PI3K-Akt signaling pathway,22,-0.21975312319574414
PI3K-Akt signaling pathway,23,-0.019216429320684243
PI3K-Akt signaling pathway,24,-0.3193644867632458
PI3K-Akt signaling pathway,25,-0.29923490270171565
PI3K-Akt signaling pathway,26,0.18428954587734608
PI3K-Akt signaling pathway,27,-0.5338898020112338
PI3K-Akt signaling pathway,28,-0.419670568494138
PI3K-Akt signaling pathway,29,-0.44794536566931076
PI3K-Akt signaling pathway,30,1.0273561228482506
PI3K-Akt signaling pathway,31,-0.12307068343378968
PI3K-Akt signaling pathway,32,-0.37737180815470683
PI3K-Akt signaling pathway,33,0.5204233192831365
PI3K-Akt signaling pathway,34,-0.21934462000500302
PI3K-Akt signaling pathway,35,0.14713719856558746
PI3K-Akt signaling pathway,36,-0.34433047500160957
PI3K-Akt signaling pathway,37,0.09406695234207516
PI3K-Akt signaling pathway,38,-0.10181700710264435
PI3K-Akt signaling pathway,39,-0.30913654814675773
PI3K-Akt signaling pathway,40,-0.43160948449365966
PI3K-Akt signaling pathway,41,-0.08176300991619967
PI3K-Akt signaling pathway,42,0.16977590190776895
PI3K-Akt signaling pathway,43,0.25523490545671845
PI3K-Akt signaling pathway,44,-0.25535465244155797
PI3K-Akt signaling pathway,45,-0.05283304829988857
PI3K-Akt signaling pathway,46,-0.1112484645172534
PI3K-Akt signaling pathway,47,0.14726472669854512
PI3K-Akt signaling pathway,48,-0.307754432148747
PI3K-Akt signaling pathway,49,0.38229582002265206
Ras signaling pathway,0,-0.3800184400951055
Ras signaling pathway,1,-0.0727166785683122
Ras signaling pathway,2,0.32166045411188615
Ras signaling pathway,3,0.1287440578745377
Ras signaling pathway,4,0.22933836752024533
Ras signaling pathway,5,-0.3549677809329496
Ras signaling pathway,6,-0.10074142441332609
Ras signaling pathway,7,0.4282984700851896
Ras signaling pathway,8,0.03864266269416419
Ras signaling pathway,9,0.5357991614852726
Ras signaling pathway,10,-0.1205845576714534
Ras signaling pathway,11,0.010248413998261314
Ras signaling pathway,12,0.34651037148299824
Ras signaling pathway,13,0.3051820496527558
Ras signaling pathway,14,0.3619687514637052
Ras signaling pathway,15,-0.34641927443290693
Ras signaling pathway,16,-0.36636767655519553
Ras signaling pathway,17,-0.3576591392284225
Ras signaling pathway,18,0.004469949460821895
Ras signaling pathway,19,-0.34618237754270814
Ras signaling pathway,20,-0.3492294932502611
Ras signaling pathway,21,-0.4603397280830333
Ras signaling pathway,22,0.2495652702508091
Ras signaling pathway,23,0.33310630649863143
Ras signaling pathway,24,0.398597774068185
Ras signaling pathway,25,-0.36487665102491434
Ras signaling pathway,26,0.23023969325744037
Ras signaling pathway,27,-0.12255041758364062
Ras signaling pathway,28,0.4594925506666866
Ras signaling pathway,29,-0.13694205157695943
Ras signaling pathway,30,0.4467563133765634
Ras signaling pathway,31,-0.2895562451191893
Ras signaling pathway,32,0.1547932900865464
Ras signaling pathway,33,0.11110587894123412
Ras signaling pathway,34,-0.49803721034360027
Ras signaling pathway,35,0.11670510218689581
Ras signaling pathway,36,-0.3337737232002883
Ras signaling pathway,37,-0.2861974745077476
Ras signaling pathway,38,0.4855415203021606
Ras signaling pathway,39,0.34849076059651896
Ras signaling pathway,40,0.11634881786991899
Ras signaling pathway,41,-0.37524391635022114
Ras signaling pathway,42,0.05826338913466403
Ras signaling pathway,43,0.3180226451040634
Ras signaling pathway,44,-0.3610044548094731
Ras signaling pathway,45,0.00450861764020126
Ras signaling pathway,46,0.09074630477271836
Ras signaling pathway,47,-0.4553897558068364
Ras signaling pathway,48,-0.3584706974145454
Ras signaling pathway,49,0.7496970651349706
Rap1 signaling pathway,0,-0.4298253786507019
Rap1 signaling pathway,1,-0.5133469395422321
Rap1 signaling pathway,2,-0.03094134429584902
Rap1 signaling pathway,3,0.34806769626623113
Rap1 signaling pathway,4,0.6258877278485357
Rap1 signaling pathway,5,-0.3788828114874382
Rap1 signaling pathway,6,-0.13941338745175447
Rap1 signaling pathway,7,0.5322661107303119
Rap1 signaling pathway,8,0.5539660938507852
Rap1 signaling pathway,9,-0.3755788372463865
Rap1 signaling pathway,10,0.07810476703649646
Rap1 signaling pathway,11,-0.3124653168787148
Rap1 signaling pathway,12,-0.09553303086719564
Rap1 signaling pathway,13,0.17408736116932405
Rap1 signaling pathway,14,-0.4790573400730409
Rap1 signaling pathway,15,0.34025947487308306
Rap1 signaling pathway,16,0.5669243227223346
Rap1 signaling pathway,17,-0.40294963593198774
Rap1 signaling pathway,18,-0.3470756235067123
Rap1 signaling pathway,19,0.2924175082445226
Rap1 signaling pathway,20,-0.3286203213124591
Rap1 signaling pathway,21,-0.48081756009371845
Rap1 signaling pathway,22,-0.2797572972943509
Rap1 signaling pathway,23,-0.1355872986124576
Rap1 signaling pathway,24,0.005238568120512403
Rap1 signaling pathway,25,-0.6743592263113443
Rap1 signaling pathway,26,0.08270570140438128
Rap1 signaling pathway,27,-0.2966555021058199
Rap1 signaling pathway,28,-0.23110401372379155
Rap1 signaling pathway,29,0.3916466005655398
Rap1 signaling pathway,30,0.3938644368429234
Rap1 signaling pathway,31,-0.0307337628269084
Rap1 signaling pathway,32,-0.3625508403352329
Rap1 signaling pathway,33,0.5326703685372127
Rap1 signaling pathway,34,0.2550387744462031
Rap1 signaling pathway,35,0.4126720558714001
Rap1 signaling pathway,36,0.3188400077820137
Rap1 signaling pathway,37,-0.2500553896936545
Rap1 signaling pathway,38,-0.39649456369873054
Rap1 signaling pathway,39,0.13196099092364977
Rap1 signaling pathway,40,-0.3478846754563487
Rap1 signaling pathway,41,-0.2620088206960969
Rap1 signaling pathway,42,0.3169214679035445
Rap1 signaling pathway,43,-0.009033391448965663
Rap1 signaling pathway,44,0.22469851003453045
Rap1 signaling pathway,45,0.3352546682669161
Rap1 signaling pathway,46,-0.5222701718863714
Rap1 signaling pathway,47,0.2651321938847182
Rap1 signaling pathway,48,0.49744211193433313
Rap1 signaling pathway,49,0.2960850394090254
ErbB signaling pathway,0,0.407446384743349
ErbB signaling pathway,1,-0.4155922085568533
ErbB signaling pathway,2,0.33293674833705267
ErbB signaling pathway,3,-0.3392644763264592
ErbB signaling pathway,4,0.39670883684796043
ErbB signaling pathway,5,0.7242230847993738
ErbB signaling pathway,6,-0.864250026918048
ErbB signaling pathway,7,-0.10064203794563893
ErbB signaling pathway,8,-0.3613017319363028
ErbB signaling pathway,9,0.546273729267237
ErbB signaling pathway,10,-0.2905089609434022
ErbB signaling pathway,11,0.5471169825324461
ErbB signaling pathway,12,-0.8295722395408173
ErbB signaling pathway,13,0.03753474068335037
ErbB signaling pathway,14,0.30070576435383806
ErbB signaling pathway,15,-0.46954671591593145
ErbB signaling pathway,16,-0.35059262444309414
ErbB signaling pathway,17,0.3834788986106929
ErbB signaling pathway,18,0.3974177896929736
ErbB signaling pathway,19,0.49915747843615965
ErbB signaling pathway,20,-0.2380993923359622
ErbB signaling pathway,21,-0.4519082053055623
ErbB signaling pathway,22,0.3455547544685756
ErbB signaling pathway,23,0.3249415209593937
ErbB signaling pathway,24,0.19018915934557432
ErbB signaling pathway,25,-0.028527074746849877
ErbB signaling pathway,26,0.19403963786436837
ErbB signaling pathway,27,-0.4593835444128356
ErbB signaling pathway,28,-0.30116299565696303
ErbB signaling pathway,29,-0.0845184870674251
ErbB signaling pathway,30,0.35414801274182356
ErbB signaling pathway,31,-0.6328561569026735
ErbB signaling pathway,32,-0.34518727453119713
ErbB signaling pathway,33,0.5531647611725024
ErbB signaling pathway,34,-0.056963715679312896
ErbB signaling pathway,35,-0.35191436468939297
ErbB signaling pathway,36,-0.4698351574190624
ErbB signaling pathway,37,-0.0745599941312016
ErbB signaling pathway,38,0.4331866803729564
ErbB signaling pathway,39,-0.49014906468633423
ErbB signaling pathway,40,0.2684420699987479
ErbB signaling pathway,41,-0.13315415923151658
ErbB signaling pathway,42,-0.48711539820658234
ErbB signaling pathway,43,0.04919374525339019
ErbB signaling pathway,44,-0.48570835348057084
ErbB signaling pathway,45,-0.36486395182891074
ErbB signaling pathway,46,-0.156342038683923
ErbB signaling pathway,47,0.1255649087416419
ErbB signaling pathway,48,0.34965976729461956
ErbB signaling pathway,49,-0.3544376787244402
mTOR signaling pathway,0,-0.569313699442207
mTOR signaling pathway,1,-0.43245691930046815
mTOR signaling pathway,2,-0.41077685291981236
mTOR signaling pathway,3,-0.20773638090568342
mTOR signaling pathway,4,-0.3395020975442269
mTOR signaling pathway,5,-0.1183370897139285
mTOR signaling pathway,6,0.2965614489098035
mTOR signaling pathway,7,-0.6125933823712326
mTOR signaling pathway,8,0.319015291530693
mTOR signaling pathway,9,-0.24854546327570776
mTOR signaling pathway,10,-0.3631410069101347
mTOR signaling pathway,11,-0.4644462181131378
mTOR signaling pathway,12,-0.1598106387343124
mTOR signaling pathway,13,-0.42353387525840186
mTOR signaling pathway,14,-0.21890456584286716
mTOR signaling pathway,15,0.052697302577980526
mTOR signaling pathway,16,0.3444429548522978
mTOR signaling pathway,17,0.3680061493205781
mTOR signaling pathway,18,-0.1282368618041715
mTOR signaling pathway,19,0.3403172082582794
mTOR signaling pathway,20,-0.26731707166165364
mTOR signaling pathway,21,-0.8213003924493312
mTOR signaling pathway,22,0.2104288649115318
mTOR signaling pathway,23,-0.3460524084519454
mTOR signaling pathway,24,-0.523261478174584
mTOR signaling pathway,25,-0.5847624727673748
mTOR signaling pathway,26,0.11053351154525659
mTOR signaling pathway,27,-0.4500556335695467
mTOR signaling pathway,28,0.20602257221829345
mTOR signaling pathway,29,-0.514522823791688
mTOR signaling pathway,30,-0.31313251484424837
mTOR signaling pathway,31,-0.2208845738387639
mTOR signaling pathway,32,-0.28148228641801776
mTOR signaling pathway,33,0.38813834238041933
mTOR signaling pathway,34,-0.2762720726017569
mTOR signaling pathway,35,-0.852955358849532
mTOR signaling pathway,36,0.07445974928660598
mTOR signaling pathway,37,-0.010430094236188455
mTOR signaling pathway,38,0.530735822716718
mTOR signaling pathway,39,-0.1777288734870613
mTOR signaling pathway,40,0.658867608015161
mTOR signaling pathway,41,-0.20231470538274277
mTOR signaling pathway,42,-0.6698550409378001
mTOR signaling pathway,43,-0.39321069128406994
mTOR signaling pathway,44,-0.4619116699161595
mTOR signaling pathway,45,-0.022892432964784347
mTOR signaling pathway,46,-0.20873780549721993
mTOR signaling pathway,47,-0.2706411386430953
mTOR signaling pathway,48,0.12722631983828547
mTOR signaling pathway,49,-0.19217242005464197
AMPK signaling pathway,0,0.492817185305565
AMPK signaling pathway,1,-0.09293696825425042
AMPK signaling pathway,2,0.34017432444701184
AMPK signaling pathway,3,-0.09387638833392879
AMPK signaling pathway,4,-0.26833179813732416
AMPK signaling pathway,5,0.35134420250257414
AMPK signaling pathway,6,-0.25843589253066346
AMPK signaling pathway,7,-0.3171235695523438
AMPK signaling pathway,8,0.4462301498906728
AMPK signaling pathway,9,-0.46494234227397896
AMPK signaling pathway,10,-0.2607746964999023
AMPK signaling pathway,11,-0.8407824507309996
AMPK signaling pathway,12,-0.5211322111078122
AMPK signaling pathway,13,-0.046460615581415315
AMPK signaling pathway,14,-0.09707048963322067
AMPK signaling pathway,15,-0.34148838124335024
AMPK signaling pathway,16,-0.19629064002695462
AMPK signaling pathway,17,-0.5349214045118166
AMPK signaling pathway,18,0.48667752390467633
AMPK signaling pathway,19,0.43555562697141603
AMPK signaling pathway,20,0.13175791293706102
AMPK signaling pathway,21,-0.074242214319178
AMPK signaling pathway,22,0.3557665008331875
AMPK signaling pathway,23,0.4330134953703669
AMPK signaling pathway,24,-0.09956997108456689
AMPK signaling pathway,25,0.17148551919600113
AMPK signaling pathway,26,-0.24299213100565326
AMPK signaling pathway,27,0.037300402460186885
AMPK signaling pathway,28,-0.0027650049918329775
AMPK signaling pathway,29,-0.38400466379313125
AMPK signaling pathway,30,0.2820867946824226
AMPK signaling pathway,31,-0.2934842893456422
AMPK signaling pathway,32,-0.2021340687439266
AMPK signaling pathway,33,-0.14055941424277213
AMPK signaling pathway,34,-0.495223816464057
AMPK signaling pathway,35,-0.06354496293904449
AMPK signaling pathway,36,-0.18051835153649756
AMPK signaling pathway,37,-0.3129755395657653
AMPK signaling pathway,38,0.15329745508223258
AMPK signaling pathway,39,-0.23356948807860953
AMPK signaling pathway,40,0.3468260945696209
AMPK signaling pathway,41,-0.00047428029022951365
AMPK signaling pathway,42,-0.0788270739734025
AMPK signaling pathway,43,0.5641156037588773
AMPK signaling pathway,44,0.14371779900341836
AMPK signaling pathway,45,-0.14118233720937903
AMPK signaling pathway,46,0.3284943465641837
AMPK signaling pathway,47,0.5842444958718922
AMPK signaling pathway,48,0.49352204707097064
AMPK signaling pathway,49,0.41234951504443634
FoxO signaling pathway,0,0.5738260682248792
FoxO signaling pathway,1,-0.1854433769653444
FoxO signaling pathway,2,-0.22299747788171873
FoxO signaling pathway,3,-0.2840839022995561
FoxO signaling pathway,4,-0.0010972429632468703
FoxO signaling pathway,5,-0.011619599380018959
FoxO signaling pathway,6,0.029755284774434176
FoxO signaling pathway,7,-0.3599263751179338
FoxO signaling pathway,8,-0.340426126018213
FoxO signaling pathway,9,-0.4333536120123095
FoxO signaling pathway,10,-0.3363217032495973
FoxO signaling pathway,11,-0.6391552418091759
FoxO signaling pathway,12,-0.2332474442776189
FoxO signaling pathway,13,-0.5515246907188044
FoxO signaling pathway,14,0.24570751297610005
FoxO signaling pathway,15,-0.3064104450836525
FoxO signaling pathway,16,0.05170100745079803
FoxO signaling pathway,17,0.6316960442544933
FoxO signaling pathway,18,-0.23295797973492843
FoxO signaling pathway,19,0.18046076355710328
FoxO signaling pathway,20,-0.28586507410857986
FoxO signaling pathway,21,0.13355322211121096
FoxO signaling pathway,22,-0.3655953762689047
FoxO signaling pathway,23,0.0875348872730558
FoxO signaling pathway,24,-0.3285940741412807
FoxO signaling pathway,25,-0.3295330991699024
FoxO signaling pathway,26,0.006516298139666541
FoxO signaling pathway,27,-0.5873200106788161
FoxO signaling pathway,28,0.16757543330717123
FoxO signaling pathway,29,-0.34587001066473483
FoxO signaling pathway,30,-0.05682155302566704
FoxO signaling pathway,31,0.06196753984577241
FoxO signaling pathway,32,-0.021238980043506606
FoxO signaling pathway,33,0.050070413407487316
FoxO signaling pathway,34,0.07727478694312687
FoxO signaling pathway,35,0.3149765152313452
FoxO signaling pathway,36,-0.32429003139064305
FoxO signaling pathway,37,-0.20543464120965943
FoxO signaling pathway,38,0.3092006487535863
FoxO signaling pathway,39,0.14493215616644006
FoxO signaling pathway,40,-0.14624965816535812
FoxO signaling pathway,41,-0.35478798997511696
FoxO signaling pathway,42,-0.3465261961359703
FoxO signaling pathway,43,-0.05204476675340662
FoxO signaling pathway,44,-0.5181514076148506
FoxO signaling pathway,45,-0.34823399408953604
FoxO signaling pathway,46,-0.22240103975884318
FoxO signaling pathway,47,-0.36467369947225575
FoxO signaling pathway,48,-0.22456095767124926
FoxO signaling pathway,49,0.27001712609354034
Hippo signaling pathway,0,-0.08378477569076495
Hippo signaling pathway,1,-0.3118879700438931
Hippo signaling pathway,2,0.08896416424071793
Hippo signaling pathway,3,0.1660837175360177
Hippo signaling pathway,4,0.10163234107447322
Hippo signaling pathway,5,0.0199815800720028
Hippo signaling pathway,6,0.3037949188918268
Hippo signaling pathway,7,0.42025931854854537
Hippo signaling pathway,8,0.12095003383024797
Hippo signaling pathway,9,0.05137672065223277
Hippo signaling pathway,10,-0.23994255069696047
Hippo signaling pathway,11,-0.006157428830956669
Hippo signaling pathway,12,-0.7856185902806937
Hippo signaling pathway,13,0.15040089037306975
Hippo signaling pathway,14,-0.20409565074502978
Hippo signaling pathway,15,0.28954373341148887
Hippo signaling pathway,16,-0.13067559896990957
Hippo signaling pathway,17,-0.0418160841618916
Hippo signaling pathway,18,-0.02927832086264756
Hippo signaling pathway,19,-0.2986975671607911
Hippo signaling pathway,20,-0.5095100400233852
Hippo signaling pathway,21,-0.4200433341595031
Hippo signaling pathway,22,-0.2041064672762002
Hippo signaling pathway,23,-0.1882033130719596
Hippo signaling pathway,24,0.08088202181107468
Hippo signaling pathway,25,-0.5716979604409057
Hippo signaling pathway,26,-0.15376653098601253
Hippo signaling pathway,27,0.05437249250046166
Hippo signaling pathway,28,0.43301459738718373
Hippo signaling pathway,29,-0.5817132305791151
Hippo signaling pathway,30,-0.3919029405538622
Hippo signaling pathway,31,-0.07331185959066033
Hippo signaling pathway,32,0.25732382904788503
Hippo signaling pathway,33,-0.091444249965426
Hippo signaling pathway,34,0.7166999794615724
Hippo signaling pathway,35,0.11442524451364021
Hippo signaling pathway,36,-0.4646310902364875
Hippo signaling pathway,37,-0.05625317940115998
Hippo signaling pathway,38,0.08361125970820629
Hippo signaling pathway,39,0.3491663869428957
Hippo signaling pathway,40,0.3481135017588685
Hippo signaling pathway,41,-0.3219170180003135
Hippo signaling pathway,42,-0.3138242472246716
Hippo signaling pathway,43,0.669042982717931
Hippo signaling pathway,44,0.8119445431915528
Hippo signaling pathway,45,0.31926541808382
Hippo signaling pathway,46,0.019199249316751866
Hippo signaling pathway,47,-0.07747669149254971
Hippo signaling pathway,48,0.45321863733420464
Hippo signaling pathway,49,-0.013621960133331616
Wnt signaling pathway,0,-0.39782131238803464
Wnt signaling pathway,1,-0.2603981945099497
Wnt signaling pathway,2,-0.10254177001063698
Wnt signaling pathway,3,-0.3118051692021296
Wnt signaling pathway,4,-0.4747767763736447
Wnt signaling pathway,5,-0.6987034320126495
Wnt signaling pathway,6,0.1411291092176015
Wnt signaling pathway,7,0.27309259209196834
Wnt signaling pathway,8,0.08062241316559698
Wnt signaling pathway,9,0.07975739180547115
Wnt signaling pathway,10,0.10747745342602114
Wnt signaling pathway,11,-0.13439522336556714
Wnt signaling pathway,12,0.04392569929581577
Wnt signaling pathway,13,-0.37050892110210654
Wnt signaling pathway,14,0.329498511225218
Wnt signaling pathway,15,0.23945964446562218
Wnt signaling pathway,16,-0.16558449161534172
Wnt signaling pathway,17,0.3921221046226509
Wnt signaling pathway,18,-0.23456832728061053
Wnt signaling pathway,19,-0.41712197564465836
Wnt signaling pathway,20,-0.31143951823310934
Wnt signaling pathway,21,-0.33264380845970665
Wnt signaling pathway,22,-0.5150095595541029
Wnt signaling pathway,23,-0.022202661607646786
Wnt signaling pathway,24,-0.5194646914570934
Wnt signaling pathway,25,0.2434161511266828
Wnt signaling pathway,26,-0.3550340767357679
Wnt signaling pathway,27,0.3022873508191787
Wnt signaling pathway,28,-0.3713483919848564
Wnt signaling pathway,29,-0.35589214020428683
Wnt signaling pathway,30,0.21201129428030618
Wnt signaling pathway,31,-0.4332409006355634
Wnt signaling pathway,32,-0.0530911909012007
Wnt signaling pathway,33,-0.03275065418668997
Wnt signaling pathway,34,-0.43232596285517577
Wnt signaling pathway,35,0.01701330111706862
Wnt signaling pathway,36,-0.29550228723890487
Wnt signaling pathway,37,0.4217276393034406
Wnt signaling pathway,38,-0.06793876109101502
Wnt signaling pathway,39,0.4253343289063354
Wnt signaling pathway,40,0.5919184774436254
Wnt signaling pathway,41,-0.08488704428689794
Wnt signaling pathway,42,-0.0628067027332892
Wnt signaling pathway,43,0.16752205735192213
Wnt signaling pathway,44,0.24616666062682283
Wnt signaling pathway,45,-0.13431425192138366
Wnt signaling pathway,46,-0.282362932030785
Wnt signaling pathway,47,-0.5507391477712322
Wnt signaling pathway,48,-0.245974715503434
Wnt signaling pathway,49,0.5746508459214402
Notch signaling pathway,0,-0.25448638745753477
Notch signaling pathway,1,0.15768663496976063
Notch signaling pathway,2,-0.272604602590558
Notch signaling pathway,3,-0.5949292093970684
Notch signaling pathway,4,-0.195663263890338
Notch signaling pathway,5,0.2984345038025656
Notch signaling pathway,6,0.24612461275495767
Notch signaling pathway,7,0.05720373914976144
Notch signaling pathway,8,-0.4081245867036731
Notch signaling pathway,9,-0.7779477156060463
Notch signaling pathway,10,-0.47199617430621255
Notch signaling pathway,11,-0.45221716183549565
Notch signaling pathway,12,-0.030668813887209274
Notch signaling pathway,13,-0.057039613505642114
Notch signaling pathway,14,0.1693921760884721
Notch signaling pathway,15,-0.09330620312961854
Notch signaling pathway,16,0.5378924135778178
Notch signaling pathway,17,-0.18777879163676192
Notch signaling pathway,18,-0.049635233566424464
Notch signaling pathway,19,0.3706416384356541
Notch signaling pathway,20,-0.01647533526882534
Notch signaling pathway,21,-0.4658725307376306
Notch signaling pathway,22,0.31806576346946314
Notch signaling pathway,23,0.44323540553599233
Notch signaling pathway,24,0.056749257661702995
Notch signaling pathway,25,-0.15337714277288533
Notch signaling pathway,26,-0.3397320719598683
Notch signaling pathway,27,0.591845096834746
Notch signaling pathway,28,-0.18546987906832282
Notch signaling pathway,29,-0.28019867503477763
Notch signaling pathway,30,-0.122489386397134
Notch signaling pathway,31,0.4544775114160582
Notch signaling pathway,32,-0.11940748512689162
Notch signaling pathway,33,-0.37180010083387693
Notch signaling pathway,34,-0.46193421084314246
Notch signaling pathway,35,-0.23073500019211518
Notch signaling pathway,36,0.20851132784244245
Notch signaling pathway,37,-0.3136657928509926
Notch signaling pathway,38,0.43270840864274984
Notch signaling pathway,39,-0.43044826622382193
Notch signaling pathway,40,-0.10574821055896155
Notch signaling pathway,41,-0.10025625165638545
Notch signaling pathway,42,-0.5107652177755508
Notch signaling pathway,43,-0.3418749838990477
Notch signaling pathway,44,0.09943108634154148
Notch signaling pathway,45,-0.4412564824242948
Notch signaling pathway,46,-0.2898506493201308
Notch signaling pathway,47,-0.3453025843576155
Notch signaling pathway,48,-0.16344318859353157
Notch signaling pathway,49,-0.09002993534624337
Hedgehog signaling pathway,0,0.8156720768284413
Hedgehog signaling pathway,1,0.7476743084208952
Hedgehog signaling pathway,2,0.0835271284921261
Hedgehog signaling pathway,3,0.43766290354528015
Hedgehog signaling pathway,4,0.05933525963499155
Hedgehog signaling pathway,5,0.36537962376683086
Hedgehog signaling pathway,6,0.4640168476530574
Hedgehog signaling pathway,7,0.010652913371394662
Hedgehog signaling pathway,8,-0.5421679103887627
Hedgehog signaling pathway,9,-0.38119727525807157
Hedgehog signaling pathway,10,0.18462198435530985
Hedgehog signaling pathway,11,-0.5894716976492298
Hedgehog signaling pathway,12,0.6596942912295487
Hedgehog signaling pathway,13,-0.2863946763083288
Hedgehog signaling pathway,14,-0.3470816444800875
Hedgehog signaling pathway,15,0.5430210789212979
Hedgehog signaling pathway,16,0.4828676994542592
Hedgehog signaling pathway,17,0.3524941729208107
Hedgehog signaling pathway,18,0.3126663520684754
Hedgehog signaling pathway,19,-0.24367701494698432
Hedgehog signaling pathway,20,0.44315358835892293
Hedgehog signaling pathway,21,0.015779308890753383
Hedgehog signaling pathway,22,-0.34641151991239905
Hedgehog signaling pathway,23,-0.10696810621300362
Hedgehog signaling pathway,24,0.3625354359826094
Hedgehog signaling pathway,25,-0.15423155240028041
Hedgehog signaling pathway,26,0.42434168938485534
Hedgehog signaling pathway,27,-0.1823077519912531
Hedgehog signaling pathway,28,-0.3908144265636203
Hedgehog signaling pathway,29,-0.07978768580907131
Hedgehog signaling pathway,30,-0.3426585671586145
Hedgehog signaling pathway,31,-0.451000246138185
Hedgehog signaling pathway,32,-0.06842918026095189
Hedgehog signaling pathway,33,0.3539900695164052
Hedgehog signaling pathway,34,-0.3327733311975787
Hedgehog signaling pathway,35,-0.42177414978258654
Hedgehog signaling pathway,36,0.3120065774372989
Hedgehog signaling pathway,37,0.2179327785351573
Hedgehog signaling pathway,38,0.1772464234373481
Hedgehog signaling pathway,39,-0.306250419448566
Hedgehog signaling pathway,40,-0.17234513347176217
Hedgehog signaling pathway,41,-0.7287252452239934
Hedgehog signaling pathway,42,0.7604246361805599
Hedgehog signaling pathway,43,-0.3919619155275059
Hedgehog signaling pathway,44,-0.38944301976098344
Hedgehog signaling pathway,45,-0.17647463469889313
Hedgehog signaling pathway,46,0.3946147583038756
Hedgehog signaling pathway,47,-0.34615886328000967
Hedgehog signaling pathway,48,-0.05039522389691396
Hedgehog signaling pathway,49,0.4475238671279459
JAK-STAT signaling pathway,0,0.38855075933328553
JAK-STAT signaling pathway,1,0.040563852390066865
JAK-STAT signaling pathway,2,-0.045217918174782906
JAK-STAT signaling pathway,3,0.3412202382441806
JAK-STAT signaling pathway,4,0.8598054910321049
JAK-STAT signaling pathway,5,-0.3782615911818942
JAK-STAT signaling pathway,6,0.1238621481835642
JAK-STAT signaling pathway,7,-0.18821725167297193
JAK-STAT signaling pathway,8,-0.024848961723572486
JAK-STAT signaling pathway,9,0.9743206784013249
JAK-STAT signaling pathway,10,0.029395989064626392
JAK-STAT signaling pathway,11,-0.34641893815374025
JAK-STAT signaling pathway,12,0.030054960262430507
JAK-STAT signaling pathway,13,0.46376867292580776
JAK-STAT signaling pathway,14,-0.3990108850119968
JAK-STAT signaling pathway,15,-0.24579723837444611
JAK-STAT signaling pathway,16,0.4889610072120415
JAK-STAT signaling pathway,17,0.06069987121384503
JAK-STAT signaling pathway,18,-0.5255839007704033
JAK-STAT signaling pathway,19,0.3319982283804506
JAK-STAT signaling pathway,20,-0.3070855471615064
JAK-STAT signaling pathway,21,0.29896273807919393
JAK-STAT signaling pathway,22,0.38374136469360115
JAK-STAT signaling pathway,23,0.3748713349963668
JAK-STAT signaling pathway,24,0.35800853269259003
JAK-STAT signaling pathway,25,-0.3454317852481049
JAK-STAT signaling pathway,26,-0.3440583269769373
JAK-STAT signaling pathway,27,-0.08431504211314225
JAK-STAT signaling pathway,28,0.33008325296218266
JAK-STAT signaling pathway,29,0.06702811109566698
JAK-STAT signaling pathway,30,-0.38542023206303666
JAK-STAT signaling pathway,31,-0.367416613574178
JAK-STAT signaling pathway,32,-0.30476979648132274
JAK-STAT signaling pathway,33,0.35006737971923446
JAK-STAT signaling pathway,34,-0.34654647869105965
JAK-STAT signaling pathway,35,-0.5838731418051475
JAK-STAT signaling pathway,36,0.13454837648979925
JAK-STAT signaling pathway,37,-0.23351490104376038
JAK-STAT signaling pathway,38,0.6018381099492561
JAK-STAT signaling pathway,39,-0.2926945395746827
JAK-STAT signaling pathway,40,-0.3412385726406661
JAK-STAT signaling pathway,41,-0.13877582747157902
JAK-STAT signaling pathway,42,-0.3053413016951039
JAK-STAT signaling pathway,43,-0.01672575056931714
JAK-STAT signaling pathway,44,0.5900457404334509
JAK-STAT signaling pathway,45,-0.19921495006752343
JAK-STAT signaling pathway,46,0.18367343698097388
JAK-STAT signaling pathway,47,0.6251175909071347
JAK-STAT signaling pathway,48,-0.4916034958588721
JAK-STAT signaling pathway,49,-0.34832482601570736
TGF-beta signaling pathway,0,0.11351110860323005
TGF-beta signaling pathway,1,-0.2870235251827158
TGF-beta signaling pathway,2,-0.6784671951207646
TGF-beta signaling pathway,3,0.012936191836850257
TGF-beta signaling pathway,4,-0.3233153181509921
TGF-beta signaling pathway,5,0.0873350912304578
TGF-beta signaling pathway,6,-0.13842207042183005
TGF-beta signaling pathway,7,-0.23768953271777105
TGF-beta signaling pathway,8,-0.3260892276452082
TGF-beta signaling pathway,9,0.9941667935878813
TGF-beta signaling pathway,10,-0.048100537408624945
TGF-beta signaling pathway,11,-0.46861739251978907
TGF-beta signaling pathway,12,0.049181350714018274
TGF-beta signaling pathway,13,-0.3124868552980121
TGF-beta signaling pathway,14,0.2341002811722398
TGF-beta signaling pathway,15,0.3086619002905522
TGF-beta signaling pathway,16,-0.3527469104028761
TGF-beta signaling pathway,17,0.22795513597215122
TGF-beta signaling pathway,18,-0.3235358085805396
TGF-beta signaling pathway,19,-0.3491765903459836
TGF-beta signaling pathway,20,0.17974859116695616
TGF-beta signaling pathway,21,0.0019321635550033005
TGF-beta signaling pathway,22,-0.17788830691166083
TGF-beta signaling pathway,23,0.7986636346041642
TGF-beta signaling pathway,24,0.09115228146136979
TGF-beta signaling pathway,25,-0.22702617122379115
TGF-beta signaling pathway,26,-0.030451708683725865
TGF-beta signaling pathway,27,0.7993042638123256
TGF-beta signaling pathway,28,-0.8077635619110066
TGF-beta signaling pathway,29,-0.3265649737239199
TGF-beta signaling pathway,30,-0.3762546917701912
TGF-beta signaling pathway,31,-0.12626569340777788
TGF-beta signaling pathway,32,0.22403383352736314
TGF-beta signaling pathway,33,0.2816739212428704
TGF-beta signaling pathway,34,-0.15291361269882148
TGF-beta signaling pathway,35,-0.13253145925880994
TGF-beta signaling pathway,36,0.372109848995665
TGF-beta signaling pathway,37,-0.29157785958824
TGF-beta signaling pathway,38,0.07698614997541306
TGF-beta signaling pathway,39,0.0335427228903249
TGF-beta signaling pathway,40,-0.024426815714227536
TGF-beta signaling pathway,41,0.7576176204677145
TGF-beta signaling pathway,42,-0.40152999176125526
TGF-beta signaling pathway,43,-0.26330609902140023
TGF-beta signaling pathway,44,0.14883341213623952
TGF-beta signaling pathway,45,-0.10111861953823832
TGF-beta signaling pathway,46,-0.3410087236975328
TGF-beta signaling pathway,47,-0.13154965942194866
TGF-beta signaling pathway,48,-0.19316542524561373
TGF-beta signaling pathway,49,-0.0548555938498092
NF-kappa B signaling pathway,0,-0.3334643324016404
NF-kappa B signaling pathway,1,-0.002426955887834358
NF-kappa B signaling pathway,2,-0.3264564370802079
NF-kappa B signaling pathway,3,-0.030906667508152755
NF-kappa B signaling pathway,4,0.6796279120526458
NF-kappa B signaling pathway,5,0.021951695609031055
NF-kappa B signaling pathway,6,-0.12176054311649094
NF-kappa B signaling pathway,7,0.07315633788475266
NF-kappa B signaling pathway,8,-0.3546094552707332
NF-kappa B signaling pathway,9,0.26717948700857386
NF-kappa B signaling pathway,10,-0.08140295146828283
NF-kappa B signaling pathway,11,0.1461453470784356
NF-kappa B signaling pathway,12,0.39177110700130585
NF-kappa B signaling pathway,13,-0.3995798468967223
NF-kappa B signaling pathway,14,-0.026057401008131427
NF-kappa B signaling pathway,15,0.6069369097756208
NF-kappa B signaling pathway,16,0.11690047407339105
NF-kappa B signaling pathway,17,-0.2794894156547015
NF-kappa B signaling pathway,18,0.7437609962987186
NF-kappa B signaling pathway,19,-0.19593446649932353
NF-kappa B signaling pathway,20,0.08651397263385356
NF-kappa B signaling pathway,21,-0.3562615715210121
NF-kappa B signaling pathway,22,-0.32441580089897604
NF-kappa B signaling pathway,23,0.012824894598175804
NF-kappa B signaling pathway,24,0.8486298605419968
NF-kappa B signaling pathway,25,-0.4331088143240069
NF-kappa B signaling pathway,26,-0.129330912767632
NF-kappa B signaling pathway,27,0.10388714303000007
NF-kappa B signaling pathway,28,0.026784297702886227
NF-kappa B signaling pathway,29,-0.3609324053811891
NF-kappa B signaling pathway,30,-0.20846864917838198
NF-kappa B signaling pathway,31,-0.27132213426433516
NF-kappa B signaling pathway,32,0.1704398104213997
NF-kappa B signaling pathway,33,0.0017156400804893752
NF-kappa B signaling pathway,34,0.1579053069598501
NF-kappa B signaling pathway,35,-0.16305183824658137
NF-kappa B signaling pathway,36,-0.31521842409643597
NF-kappa B signaling pathway,37,0.123377420151744
NF-kappa B signaling pathway,38,0.1333480627214953
NF-kappa B signaling pathway,39,0.6849832620886813
NF-kappa B signaling pathway,40,-0.23442244172916366
NF-kappa B signaling pathway,41,-0.9065831274210772
NF-kappa B signaling pathway,42,-0.9434240128021689
NF-kappa B signaling pathway,43,-0.30168913910778816
NF-kappa B signaling pathway,44,-0.756305810327597
NF-kappa B signaling pathway,45,-0.5304570186059748
NF-kappa B signaling pathway,46,-0.7648527653547473
NF-kappa B signaling pathway,47,-0.5039346417668827
NF-kappa B signaling pathway,48,-0.05856882212939339
NF-kappa B signaling pathway,49,-0.20833594413214163
TNF signaling pathway,0,-0.3159563585221977
TNF signaling pathway,1,-0.3189419767874329
TNF signaling pathway,2,-0.25185049702688034
TNF signaling pathway,3,-0.41327919872581087
TNF signaling pathway,4,-0.1881922677191205
TNF signaling pathway,5,-0.5508767431739627
TNF signaling pathway,6,-0.5048147174241092
TNF signaling pathway,7,-0.5368030774985015
TNF signaling pathway,8,0.3570148823152524
TNF signaling pathway,9,-0.2735446631072912
TNF signaling pathway,10,-0.12621583956936744
TNF signaling pathway,11,-0.3204899589657396
TNF signaling pathway,12,-0.328551231815092
TNF signaling pathway,13,-0.35189285018628336
TNF signaling pathway,14,0.19854361667412118
TNF signaling pathway,15,-0.3808463520365709
TNF signaling pathway,16,-0.057851076582095484
TNF signaling pathway,17,-0.13112864691540935
TNF signaling pathway,18,-0.547741380061331
TNF signaling pathway,19,0.7505673860523419
TNF signaling pathway,20,0.32110909864373643
TNF signaling pathway,21,-0.435046348710295
TNF signaling pathway,22,0.4159060799335219
TNF signaling pathway,23,-0.3046683989803025
TNF signaling pathway,24,-0.2352908474090586
TNF signaling pathway,25,0.22237942419204365
TNF signaling pathway,26,0.7364800884961706
TNF signaling pathway,27,-0.5344014375261753
TNF signaling pathway,28,-0.35972819702710757
TNF signaling pathway,29,-0.34183559832065274
TNF signaling pathway,30,0.10140653052044743
TNF signaling pathway,31,-0.49192787786013964
TNF signaling pathway,32,0.011445784007782532
TNF signaling pathway,33,-0.29156329968190464
TNF signaling pathway,34,-0.6556847915024651
TNF signaling pathway,35,0.3352287467021179
TNF signaling pathway,36,-0.06598712740000576
TNF signaling pathway,37,-0.3399039520595193
TNF signaling pathway,38,-0.2313994916191901
TNF signaling pathway,39,0.06918669730359328
TNF signaling pathway,40,-0.256910697769303
TNF signaling pathway,41,-0.11457932541036302
TNF signaling pathway,42,-0.5966014350871562
TNF signaling pathway,43,0.4330115263640994
TNF signaling pathway,44,0.5523902953165625
TNF signaling pathway,45,-0.3989132845442311
TNF signaling pathway,46,-0.45002489122945255
TNF signaling pathway,47,0.44826713415044483
TNF signaling pathway,48,-0.09036423082217532
TNF signaling pathway,49,0.7999178717785869
VEGF signaling pathway,0,-0.014554056056368381
VEGF signaling pathway,1,0.010357670029614838
VEGF signaling pathway,2,-0.38386587562477686
VEGF signaling pathway,3,-0.3621354851316918
VEGF signaling pathway,4,0.28763318969966156
VEGF signaling pathway,5,-0.36598479973668796
VEGF signaling pathway,6,0.07310184845848368
VEGF signaling pathway,7,0.264459240438333
VEGF signaling pathway,8,0.6957885022493049
VEGF signaling pathway,9,-0.38145388243394035
VEGF signaling pathway,10,-0.428777191571749
VEGF signaling pathway,11,-0.4336477885591763
VEGF signaling pathway,12,0.2903903388439322
VEGF signaling pathway,13,-0.49551952522201326
VEGF signaling pathway,14,0.08175805675515715
VEGF signaling pathway,15,0.2217395596113525
VEGF signaling pathway,16,0.14631533087674833
VEGF signaling pathway,17,0.5483698724811333
VEGF signaling pathway,18,0.3811746627715587
VEGF signaling pathway,19,0.5308594512567659
VEGF signaling pathway,20,0.3454711794963376
VEGF signaling pathway,21,0.0412889998285703
VEGF signaling pathway,22,-0.34704204272131184
VEGF signaling pathway,23,-0.2512662982627509
VEGF signaling pathway,24,-0.3109744632539394
VEGF signaling pathway,25,-0.36790687569052927
VEGF signaling pathway,26,0.5710004611313477
VEGF signaling pathway,27,0.5054101661610886
VEGF signaling pathway,28,-0.3350291429343546
VEGF signaling pathway,29,-0.23052327537183498
VEGF signaling pathway,30,-0.34246266171756157
VEGF signaling pathway,31,-0.10075122591204735
VEGF signaling pathway,32,0.02289699976071216
VEGF signaling pathway,33,-0.49247589238900646
VEGF signaling pathway,34,-0.2688106866738918
VEGF signaling pathway,35,0.109814511161487
VEGF signaling pathway,36,-0.19926304833767156
VEGF signaling pathway,37,0.07464446069569633
VEGF signaling pathway,38,0.7191597992195649
VEGF signaling pathway,39,-0.2062499860942152
VEGF signaling pathway,40,0.7182988854709078
VEGF signaling pathway,41,-0.05201681686702042
VEGF signaling pathway,42,0.2917196925524834
VEGF signaling pathway,43,-0.5517419308692284
VEGF signaling pathway,44,-0.35638884010302263
VEGF signaling pathway,45,0.3072802916128198
VEGF signaling pathway,46,0.3210014930250823
VEGF signaling pathway,47,0.287486590389192
VEGF signaling pathway,48,0.3647755906885075
VEGF signaling pathway,49,-0.23676685135369258
HIF-1 signaling pathway,0,-0.2724555126201366
HIF-1 signaling pathway,1,-0.48235087259484594
HIF-1 signaling pathway,2,0.4116876678315567
HIF-1 signaling pathway,3,0.033164801565165304
HIF-1 signaling pathway,4,0.08775336730680458
HIF-1 signaling pathway,5,-0.4327757339275785
HIF-1 signaling pathway,6,-0.15338096426821654
HIF-1 signaling pathway,7,-0.6821678406866548
HIF-1 signaling pathway,8,-0.07559894697467039
HIF-1 signaling pathway,9,0.22198033973073591
HIF-1 signaling pathway,10,0.030764423426259645
HIF-1 signaling pathway,11,-0.37311125995387523
HIF-1 signaling pathway,12,0.45634196174942
HIF-1 signaling pathway,13,-0.14530576753253757
HIF-1 signaling pathway,14,0.066600175293515
HIF-1 signaling pathway,15,0.8423947292393357
HIF-1 signaling pathway,16,-0.08511136413439692
HIF-1 signaling pathway,17,0.08532816985320713
HIF-1 signaling pathway,18,-0.22823373641269307
HIF-1 signaling pathway,19,-0.25352233377526934
HIF-1 signaling pathway,20,0.2094328991893803
HIF-1 signaling pathway,21,0.1585427294352276
HIF-1 signaling pathway,22,-0.3746831420002619
HIF-1 signaling pathway,23,-0.46035539832917305
HIF-1 signaling pathway,24,0.3459139595160627
HIF-1 signaling pathway,25,0.5346930676039143
HIF-1 signaling pathway,26,-0.19979901058789712
HIF-1 signaling pathway,27,-0.13035553310258785
HIF-1 signaling pathway,28,-0.05839678417923555
HIF-1 signaling pathway,29,0.33065901872757175
HIF-1 signaling pathway,30,-0.3981672577297996
HIF-1 signaling pathway,31,-0.014800516163912694
HIF-1 signaling pathway,32,-0.06511334706215396
HIF-1 signaling pathway,33,0.26919218348934154
HIF-1 signaling pathway,34,0.11048097904233789
HIF-1 signaling pathway,35,0.0901203430140799
HIF-1 signaling pathway,36,-0.38721316240080517
HIF-1 signaling pathway,37,-0.08284632479527755
HIF-1 signaling pathway,38,-0.25574077015283236
HIF-1 signaling pathway,39,0.2030235129539587
HIF-1 signaling pathway,40,-0.3459412520928921
HIF-1 signaling pathway,41,-0.14941903815331437
HIF-1 signaling pathway,42,-0.44134237712386404
HIF-1 signaling pathway,43,-0.44234307564910647
HIF-1 signaling pathway,44,0.17038604207767755
HIF-1 signaling pathway,45,-0.11271489274377997
HIF-1 signaling pathway,46,-1.0519187976586144
HIF-1 signaling pathway,47,-0.5029411854117379
HIF-1 signaling pathway,48,0.21928146082985883
HIF-1 signaling pathway,49,-0.03685067582471005
PD-L1 expression and PD-1 checkpoint pathway in cancer,0,-0.5695472525116856
PD-L1 expression and PD-1 checkpoint pathway in cancer,1,-0.6343146929391521
PD-L1 expression and PD-1 checkpoint pathway in cancer,2,0.22655336059498937
PD-L1 expression and PD-1 checkpoint pathway in cancer,3,-0.5981995165703954
PD-L1 expression and PD-1 checkpoint pathway in cancer,4,0.19726376901728132
PD-L1 expression and PD-1 checkpoint pathway in cancer,5,-0.32924043007344916
PD-L1 expression and PD-1 checkpoint pathway in cancer,6,-0.019757523796829834
PD-L1 expression and PD-1 checkpoint pathway in cancer,7,0.2352744403732597
PD-L1 expression and PD-1 checkpoint pathway in cancer,8,-0.43810619082064584
PD-L1 expression and PD-1 checkpoint pathway in cancer,9,-0.17018489453696423
PD-L1 expression and PD-1 checkpoint pathway in cancer,10,0.4669436088640546
PD-L1 expression and PD-1 checkpoint pathway in cancer,11,-0.4303291843138866
PD-L1 expression and PD-1 checkpoint pathway in cancer,12,-0.43440846401566036
PD-L1 expression and PD-1 checkpoint pathway in cancer,13,0.35245813954318256
PD-L1 expression and PD-1 checkpoint pathway in cancer,14,0.18282865949748867
PD-L1 expression and PD-1 checkpoint pathway in cancer,15,0.4736201571477203
PD-L1 expression and PD-1 checkpoint pathway in cancer,16,-0.14239349916121508
PD-L1 expression and PD-1 checkpoint pathway in cancer,17,-0.24264126917396048
PD-L1 expression and PD-1 checkpoint pathway in cancer,18,0.2967692414321474
PD-L1 expression and PD-1 checkpoint pathway in cancer,19,-0.35970681182247305
PD-L1 expression and PD-1 checkpoint pathway in cancer,20,-0.6503095376646468
PD-L1 expression and PD-1 checkpoint pathway in cancer,21,0.45488227378926993
PD-L1 expression and PD-1 checkpoint pathway in cancer,22,0.31153217476509526
PD-L1 expression and PD-1 checkpoint pathway in cancer,23,0.5458833544793911
PD-L1 expression and PD-1 checkpoint pathway in cancer,24,-0.1237355216641913
PD-L1 expression and PD-1 checkpoint pathway in cancer,25,-0.667265829941853
PD-L1 expression and PD-1 checkpoint pathway in cancer,26,-0.2687759478469636
PD-L1 expression and PD-1 checkpoint pathway in cancer,27,-0.09273670263110567
PD-L1 expression and PD-1 checkpoint pathway in cancer,28,0.0743370907861778
PD-L1 expression and PD-1 checkpoint pathway in cancer,29,-0.28712659372197424
PD-L1 expression and PD-1 checkpoint pathway in cancer,30,-0.08112226326303298
PD-L1 expression and PD-1 checkpoint pathway in cancer,31,0.07250194970008692
PD-L1 expression and PD-1 checkpoint pathway in cancer,32,-0.015420222631352844
PD-L1 expression and PD-1 checkpoint pathway in cancer,33,-0.1186952944955013
PD-L1 expression and PD-1 checkpoint pathway in cancer,34,-0.15829180003944876
PD-L1 expression and PD-1 checkpoint pathway in cancer,35,-0.18397270114604697
PD-L1 expression and PD-1 checkpoint pathway in cancer,36,0.10690369085593082
PD-L1 expression and PD-1 checkpoint pathway in cancer,37,0.1605770680515589
PD-L1 expression and PD-1 checkpoint pathway in cancer,38,-0.5062538493884816
PD-L1 expression and PD-1 checkpoint pathway in cancer,39,-0.32257147937927044
PD-L1 expression and PD-1 checkpoint pathway in cancer,40,-0.07636577239833672
PD-L1 expression and PD-1 checkpoint pathway in cancer,41,-0.5847064999655736
PD-L1 expression and PD-1 checkpoint pathway in cancer,42,-0.044145640543524475
PD-L1 expression and PD-1 checkpoint pathway in cancer,43,-0.10761906310255924
PD-L1 expression and PD-1 checkpoint pathway in cancer,44,0.6259450045822895
PD-L1 expression and PD-1 checkpoint pathway in cancer,45,-0.16195542091192366
PD-L1 expression and PD-1 checkpoint pathway in cancer,46,-0.4285057907860853
PD-L1 expression and PD-1 checkpoint pathway in cancer,47,0.2897881601576645
PD-L1 expression and PD-1 checkpoint pathway in cancer,48,-0.4337445739250833
PD-L1 expression and PD-1 checkpoint pathway in cancer,49,0.6067249626043016
Pathways in cancer,0,0.3518375834872914
Pathways in cancer,1,0.22666208742509802
Pathways in cancer,2,0.46091805679902664
Pathways in cancer,3,-0.3467724352598951
Pathways in cancer,4,-0.31004973887676845
Pathways in cancer,5,-0.22712137016538023
Pathways in cancer,6,-0.3021119680387533
Pathways in cancer,7,-0.7140276621286253
Pathways in cancer,8,0.39871000442519444
Pathways in cancer,9,-0.1382256191152047
Pathways in cancer,10,0.3420402029426085
Pathways in cancer,11,0.15729856937865333
Pathways in cancer,12,0.028155861959452654
Pathways in cancer,13,0.37793452172025865
Pathways in cancer,14,-0.3543607906354572
Pathways in cancer,15,-0.11653720074298246
Pathways in cancer,16,-0.41617936580439974
Pathways in cancer,17,-0.15982803784011343
Pathways in cancer,18,-0.15901722412617963
Pathways in cancer,19,-0.3288124648554946
Pathways in cancer,20,-0.12658275058091345
Pathways in cancer,21,-0.2524410552494038
Pathways in cancer,22,0.21373583377875702
Pathways in cancer,23,-0.4653618939980413
Pathways in cancer,24,0.04401499571371137
Pathways in cancer,25,-0.2815798467946608
Pathways in cancer,26,-0.3439983302586793
Pathways in cancer,27,-0.19519616023132003
Pathways in cancer,28,0.006276931467535321
Pathways in cancer,29,-0.3514412327589249
Pathways in cancer,30,0.19587879483659149
Pathways in cancer,31,-0.41312169933704274
Pathways in cancer,32,0.35264720604772565
Pathways in cancer,33,-0.27309412168542824
Pathways in cancer,34,-0.7464376457984894
Pathways in cancer,35,-0.42849983325947705
Pathways in cancer,36,-0.3241579884808672
Pathways in cancer,37,0.35106536901709784
Pathways in cancer,38,-0.26889734649589625
Pathways in cancer,39,-0.4753663300300495
Pathways in cancer,40,-0.21658483390292987
Pathways in cancer,41,-0.3445801539958193
Pathways in cancer,42,-0.3459306723479365
Pathways in cancer,43,0.49475972619658687
Pathways in cancer,44,-0.3909333437284445
Pathways in cancer,45,0.017584097748342332
Pathways in cancer,46,0.24332843375816404
Pathways in cancer,47,0.3415181908962964
Pathways in cancer,48,0.43322701824259957
Pathways in cancer,49,-0.21493508536020728
Proteoglycans in cancer,0,-0.4443861986857105
Proteoglycans in cancer,1,-0.035618505692534774
Proteoglycans in cancer,2,-0.27972096545819747
Proteoglycans in cancer,3,-0.05056574296084246
Proteoglycans in cancer,4,-0.4773388373552831
Proteoglycans in cancer,5,-0.1358763847518162
Proteoglycans in cancer,6,-0.27848072756700265
Proteoglycans in cancer,7,0.24406708783257286
Proteoglycans in cancer,8,0.1555735940826139
Proteoglycans in cancer,9,0.4392114234200484
Proteoglycans in cancer,10,0.47523387693181096
Proteoglycans in cancer,11,0.2865079163030846
Proteoglycans in cancer,12,-0.12005496727111833
Proteoglycans in cancer,13,-0.19666314231392
Proteoglycans in cancer,14,0.32893471644083294
Proteoglycans in cancer,15,0.011983812448288486
Proteoglycans in cancer,16,0.02448318601428226
Proteoglycans in cancer,17,-0.26863396689204583
Proteoglycans in cancer,18,0.3604390247348658
Proteoglycans in cancer,19,0.4330166022722255
Proteoglycans in cancer,20,0.04774150056826603
Proteoglycans in cancer,21,-0.43324706616786307
Proteoglycans in cancer,22,-0.5952998892908393
Proteoglycans in cancer,23,0.34827007535237753
Proteoglycans in cancer,24,0.08152857220884152
Proteoglycans in cancer,25,0.7966505773384411
Proteoglycans in cancer,26,0.33110725972952554
Proteoglycans in cancer,27,-0.2431548696883466
Proteoglycans in cancer,28,-0.3191373143193953
Proteoglycans in cancer,29,0.09568638082320449
Proteoglycans in cancer,30,0.009947122352378431
Proteoglycans in cancer,31,-0.5324256575179456
Proteoglycans in cancer,32,-0.29952758026525206
Proteoglycans in cancer,33,-0.33196201685100724
Proteoglycans in cancer,34,0.28990034663439435
Proteoglycans in cancer,35,-0.43184621603728734
Proteoglycans in cancer,36,-0.3617951163817351
Proteoglycans in cancer,37,0.37155041874828904
Proteoglycans in cancer,38,0.02149866155790165
Proteoglycans in cancer,39,0.19178054237795134
Proteoglycans in cancer,40,-0.2471919956971485
Proteoglycans in cancer,41,0.5142165998153171
Proteoglycans in cancer,42,0.2797936778149444
Proteoglycans in cancer,43,-0.5882195434645296
Proteoglycans in cancer,44,-0.15205309094426067
Proteoglycans in cancer,45,-0.022058255569551752
Proteoglycans in cancer,46,-0.43333725486974095
Proteoglycans in cancer,47,0.19669807316101062
Proteoglycans in cancer,48,-0.4724516534854889
Proteoglycans in cancer,49,-0.06960743645918288
MicroRNAs in cancer,0,-0.2749549173814858
MicroRNAs in cancer,1,0.3093025404562395
MicroRNAs in cancer,2,-0.3889127515495818
MicroRNAs in cancer,3,0.4312970186925097
MicroRNAs in cancer,4,-0.09927932315195621
MicroRNAs in cancer,5,0.0803953567491785
MicroRNAs in cancer,6,-0.323724439203094
MicroRNAs in cancer,7,-0.4119269931701694
MicroRNAs in cancer,8,0.3400318833028122
MicroRNAs in cancer,9,-0.4324679248999488
MicroRNAs in cancer,10,0.7292685539638675
MicroRNAs in cancer,11,-0.439239399128183
MicroRNAs in cancer,12,0.06128530028101242
MicroRNAs in cancer,13,-0.028475504711892155
MicroRNAs in cancer,14,-0.4363354704335891
MicroRNAs in cancer,15,-0.25085297317388555
MicroRNAs in cancer,16,-0.10717958503428383
MicroRNAs in cancer,17,-0.6315754383355532
MicroRNAs in cancer,18,-0.3426615833079525
MicroRNAs in cancer,19,0.1467132828847453
MicroRNAs in cancer,20,0.4930308569843259
MicroRNAs in cancer,21,-0.4257184937869127
MicroRNAs in cancer,22,0.5751003122366278
MicroRNAs in cancer,23,3.075754894184731e-07
MicroRNAs in cancer,24,-0.37690896017731146
MicroRNAs in cancer,25,-0.11297038378538402
MicroRNAs in cancer,26,-0.07618501988476634
MicroRNAs in cancer,27,0.5378907628722157
MicroRNAs in cancer,28,0.19741231616051075
MicroRNAs in cancer,29,-0.3430699507291325
MicroRNAs in cancer,30,-0.35072538256443364
MicroRNAs in cancer,31,-0.6521747727349867
MicroRNAs in cancer,32,0.0007021576305191737
MicroRNAs in cancer,33,-0.5565539377497696
MicroRNAs in cancer,34,-0.5516471819154276
MicroRNAs in cancer,35,0.3893291770736844
MicroRNAs in cancer,36,0.8547954285329625
MicroRNAs in cancer,37,-0.3306703048781292
MicroRNAs in cancer,38,-0.3196518916751243
MicroRNAs in cancer,39,-0.1882367237080841
MicroRNAs in cancer,40,0.06836492770643135
MicroRNAs in cancer,41,-0.4753742506572032
MicroRNAs in cancer,42,0.562991198160989
MicroRNAs in cancer,43,0.05614517935982753
MicroRNAs in cancer,44,-0.29585083385945854
MicroRNAs in cancer,45,-0.3473291712640329
MicroRNAs in cancer,46,0.13996899715845318
MicroRNAs in cancer,47,-0.047152355684992514
MicroRNAs in cancer,48,-0.06732516527804128
MicroRNAs in cancer,49,-0.429627765860217
Central carbon metabolism in cancer,0,-0.4632189506132894
Central carbon metabolism in cancer,1,0.4314511283812743
Central carbon metabolism in cancer,2,0.29480289143933497
Central carbon metabolism in cancer,3,0.45834037065310207
Central carbon metabolism in cancer,4,0.3092238884609551
Central carbon metabolism in cancer,5,0.3107309935946434
Central carbon metabolism in cancer,6,-0.10921648661920241
Central carbon metabolism in cancer,7,0.325110896890774
Central carbon metabolism in cancer,8,-0.22635257877120837
Central carbon metabolism in cancer,9,0.5911109696463057
Central carbon metabolism in cancer,10,0.8091489770319105
Central carbon metabolism in cancer,11,0.26074526153875177
Central carbon metabolism in cancer,12,-0.28210104460874286
Central carbon metabolism in cancer,13,0.1636038416402783
Central carbon metabolism in cancer,14,0.29985914775016864
Central carbon metabolism in cancer,15,-0.1266191444074065
Central carbon metabolism in cancer,16,-0.19597867545708503
Central carbon metabolism in cancer,17,-0.18513310353425982
Central carbon metabolism in cancer,18,0.42984286553172035
Central carbon metabolism in cancer,19,-0.12705655667760773
Central carbon metabolism in cancer,20,0.17785582180126636
Central carbon metabolism in cancer,21,0.7223101953319551
Central carbon metabolism in cancer,22,-0.3603267548400475
Central carbon metabolism in cancer,23,-0.06287558241576767
Central carbon metabolism in cancer,24,0.36198928591142804
Central carbon metabolism in cancer,25,-0.2886884870379896
Central carbon metabolism in cancer,26,0.45185851652700304
Central carbon metabolism in cancer,27,0.15447822252883556
Central carbon metabolism in cancer,28,0.25050165067226227
Central carbon metabolism in cancer,29,-0.4287368202569821
Central carbon metabolism in cancer,30,0.1766091959642822
Central carbon metabolism in cancer,31,0.7392707074080844
Central carbon metabolism in cancer,32,-0.05237223310475577
Central carbon metabolism in cancer,33,0.2224493389595539
Central carbon metabolism in cancer,34,-0.49774847497035024
Central carbon metabolism in cancer,35,-0.7126233553931101
Central carbon metabolism in cancer,36,-0.012554525216139586
Central carbon metabolism in cancer,37,0.033029194304947294
Central carbon metabolism in cancer,38,0.5149092356739431
Central carbon metabolism in cancer,39,-0.3274036320567883
Central carbon metabolism in cancer,40,-0.6728929297183536
Central carbon metabolism in cancer,41,0.018009652886264636
Central carbon metabolism in cancer,42,-0.35862988414995944
Central carbon metabolism in cancer,43,-0.4669176368054801
Central carbon metabolism in cancer,44,0.02659370776343396
Central carbon metabolism in cancer,45,-0.35045177555577744
Central carbon metabolism in cancer,46,-0.08262505812014823
Central carbon metabolism in cancer,47,-0.31374488757942287
Central carbon metabolism in cancer,48,-0.7083569165880743
Central carbon metabolism in cancer,49,-0.44388182370962975
Transcriptional misregulation in cancer,0,-0.4581560149922073
Transcriptional misregulation in cancer,1,0.3505425036180494
Transcriptional misregulation in cancer,2,-0.2453949888410938
Transcriptional misregulation in cancer,3,-0.327760153905467
Transcriptional misregulation in cancer,4,0.2643919052535845
Transcriptional misregulation in cancer,5,0.348812772997988
Transcriptional misregulation in cancer,6,0.5129798514245815
Transcriptional misregulation in cancer,7,0.48954706600228726
Transcriptional misregulation in cancer,8,-0.30847028487981787
Transcriptional misregulation in cancer,9,0.2779902152288418
Transcriptional misregulation in cancer,10,-0.37363741295710573
Transcriptional misregulation in cancer,11,-0.26837246714501267
Transcriptional misregulation in cancer,12,0.8913834680695256
Transcriptional misregulation in cancer,13,-0.15491226056073576
Transcriptional misregulation in cancer,14,-0.4631252730997213
Transcriptional misregulation in cancer,15,-0.3643145797700324
Transcriptional misregulation in cancer,16,0.45341182804441404
Transcriptional misregulation in cancer,17,-0.19999008808373958
Transcriptional misregulation in cancer,18,-0.11883938349095899
Transcriptional misregulation in cancer,19,0.15467100530843042
Transcriptional misregulation in cancer,20,0.13818674240904094
Transcriptional misregulation in cancer,21,-0.2677134607703262
Transcriptional misregulation in cancer,22,0.28304405013422845
Transcriptional misregulation in cancer,23,-0.346558544807982
Transcriptional misregulation in cancer,24,-0.5370163489917905
Transcriptional misregulation in cancer,25,-0.08177870514704627
Transcriptional misregulation in cancer,26,0.7587844958579056
Transcriptional misregulation in cancer,27,-0.2885835510751321
Transcriptional misregulation in cancer,28,-0.22343472073608134
Transcriptional misregulation in cancer,29,-0.028290509437944557
Transcriptional misregulation in cancer,30,-0.006062112213952938
Transcriptional misregulation in cancer,31,-0.29127362028506154
Transcriptional misregulation in cancer,32,-0.3395138001327731
Transcriptional misregulation in cancer,33,-0.33303922743978376
Transcriptional misregulation in cancer,34,0.6930528499448594
Transcriptional misregulation in cancer,35,-0.6926467443289988
Transcriptional misregulation in cancer,36,0.4330051046528911
Transcriptional misregulation in cancer,37,-0.5045267892191014
Transcriptional misregulation in cancer,38,0.3660702484043772
Transcriptional misregulation in cancer,39,0.006198288083499145
Transcriptional misregulation in cancer,40,0.32088420169436216
Transcriptional misregulation in cancer,41,-0.45157225193939865
Transcriptional misregulation in cancer,42,0.5312808028996682
Transcriptional misregulation in cancer,43,-0.6419860050763821
Transcriptional misregulation in cancer,44,0.3475523441393342
Transcriptional misregulation in cancer,45,-0.09555093540250958
Transcriptional misregulation in cancer,46,-0.2025077894366538
Transcriptional misregulation in cancer,47,0.5995781808677536
Transcriptional misregulation in cancer,48,0.03030950305623236
Transcriptional misregulation in cancer,49,-0.6141769164358544
Chemical carcinogenesis,0,-0.4486260269087504
Chemical carcinogenesis,1,-0.2927062997821837
Chemical carcinogenesis,2,-0.016939271533022653
Chemical carcinogenesis,3,0.08109510969597399
Chemical carcinogenesis,4,-0.6973712522573046
Chemical carcinogenesis,5,0.4201134482207168
Chemical carcinogenesis,6,0.2605229071337683
Chemical carcinogenesis,7,-0.32375463120516257
Chemical carcinogenesis,8,-0.45999094154834885
Chemical carcinogenesis,9,0.5157854022736049
Chemical carcinogenesis,10,-0.350794174533565
Chemical carcinogenesis,11,-0.018309397773258462
Chemical carcinogenesis,12,-0.22245983552158144
Chemical carcinogenesis,13,-0.10187880399309308
Chemical carcinogenesis,14,0.1355094484899074
Chemical carcinogenesis,15,-0.2797124433022904
Chemical carcinogenesis,16,0.4332740800697207
Chemical carcinogenesis,17,-0.17759279120406424
Chemical carcinogenesis,18,-0.44068999392511615
Chemical carcinogenesis,19,-0.1821850527945586
Chemical carcinogenesis,20,0.3958596607519208
Chemical carcinogenesis,21,-0.3167175257963445
Chemical carcinogenesis,22,0.4169559142738414
Chemical carcinogenesis,23,0.2118779578384925
Chemical carcinogenesis,24,-0.3518577255165356
Chemical carcinogenesis,25,-0.3451860113380495
Chemical carcinogenesis,26,-0.26824102087833523
Chemical carcinogenesis,27,-0.15513990902898733
Chemical carcinogenesis,28,-0.5106285862345213
Chemical carcinogenesis,29,0.06673573800850036
Chemical carcinogenesis,30,-0.06336233476303746
Chemical carcinogenesis,31,0.1531939773562253
Chemical carcinogenesis,32,-0.3394824496543656
Chemical carcinogenesis,33,-0.3073286599703773
Chemical carcinogenesis,34,-0.345863557234548
Chemical carcinogenesis,35,-0.3832880288345669
Chemical carcinogenesis,36,-0.1351077608798534
Chemical carcinogenesis,37,-0.020007253367336008
Chemical carcinogenesis,38,0.01758569871414485
Chemical carcinogenesis,39,0.09892303043847872
Chemical carcinogenesis,40,-0.23282432094699168
Chemical carcinogenesis,41,-0.22204748844617428
Chemical carcinogenesis,42,0.07755351639930705
Chemical carcinogenesis,43,0.38464083205757116
Chemical carcinogenesis,44,0.1202745993176921
Chemical carcinogenesis,45,0.20873352605567186
Chemical carcinogenesis,46,0.43301188250946676
Chemical carcinogenesis,47,0.057479852728867
Chemical carcinogenesis,48,0.038145065901742436
Chemical carcinogenesis,49,-0.039498739832191876
Viral carcinogenesis,0,-0.47186652348303443
Viral carcinogenesis,1,0.4970333170252579
Viral carcinogenesis,2,0.4538650363620384
Viral carcinogenesis,3,-0.053483470902528196
Viral carcinogenesis,4,-0.3822747302262117
Viral carcinogenesis,5,-0.19134940882414944
Viral carcinogenesis,6,-0.1724410610960982
Viral carcinogenesis,7,-0.2678379006638263
Viral carcinogenesis,8,0.14603459335814142
Viral carcinogenesis,9,0.5954156457932185
Viral carcinogenesis,10,-0.3915877170539468
Viral carcinogenesis,11,0.334234014910722
Viral carcinogenesis,12,-0.38930106887738813
Viral carcinogenesis,13,0.11146642801237738
Viral carcinogenesis,14,-0.29171062234828715
Viral carcinogenesis,15,-0.3266045490498155
Viral carcinogenesis,16,0.19413044362188217
Viral carcinogenesis,17,-0.4368248230853146
Viral carcinogenesis,18,0.4081606770879612
Viral carcinogenesis,19,0.14455417986059593
Viral carcinogenesis,20,0.3436960717659825
Viral carcinogenesis,21,-0.34499399807415965
Viral carcinogenesis,22,0.43322222293626855
Viral carcinogenesis,23,0.25500936925864104
Viral carcinogenesis,24,0.6587692760031083
Viral carcinogenesis,25,-0.34721512333396387
Viral carcinogenesis,26,0.32283019957097203
Viral carcinogenesis,27,-0.1146595303244294
Viral carcinogenesis,28,0.2720460979654977
Viral carcinogenesis,29,-0.4435657748521477
Viral carcinogenesis,30,-0.28714714388617707
Viral carcinogenesis,31,0.4887693443005964
Viral carcinogenesis,32,0.5513196679839907
Viral carcinogenesis,33,-0.016093934296418626
Viral carcinogenesis,34,-0.4251277056667041
Viral carcinogenesis,35,-0.024168676231761513
Viral carcinogenesis,36,-0.3796321651092467
Viral carcinogenesis,37,0.28019475186468223
Viral carcinogenesis,38,0.3107742568344734
Viral carcinogenesis,39,-0.2613114517959908
Viral carcinogenesis,40,0.2137972513314636
Viral carcinogenesis,41,-0.2889835444882656
Viral carcinogenesis,42,0.44755335225801607
Viral carcinogenesis,43,-0.007629808163425509
Viral carcinogenesis,44,-0.02896928401981922
Viral carcinogenesis,45,-0.47763717483567364
Viral carcinogenesis,46,-0.06499894078352036
Viral carcinogenesis,47,-0.4420560329699623
Viral carcinogenesis,48,0.36265514848699915
Viral carcinogenesis,49,0.4266247818397565
Non-small cell lung cancer,0,0.06630185396962354
Non-small cell lung cancer,1,0.3281742946846108
Non-small cell lung cancer,2,-0.32281676602644366
Non-small cell lung cancer,3,-0.008851248226868832
Non-small cell lung cancer,4,-0.14590081382063874
Non-small cell lung cancer,5,-0.43264171392264006
Non-small cell lung cancer,6,-0.31966174764436417
Non-small cell lung cancer,7,0.6802372374650945
Non-small cell lung cancer,8,-0.04492536255444392
Non-small cell lung cancer,9,-0.4597998806194941
Non-small cell lung cancer,10,-0.7954620463001789
Non-small cell lung cancer,11,-0.007382193406139045
Non-small cell lung cancer,12,-0.254799336429282
Non-small cell lung cancer,13,0.37391201579561617
Non-small cell lung cancer,14,0.5239041110153844
Non-small cell lung cancer,15,-0.16018297887160565
Non-small cell lung cancer,16,0.11727372302197464
Non-small cell lung cancer,17,0.45206022336070384
Non-small cell lung cancer,18,0.25977906572952786
Non-small cell lung cancer,19,0.2820716640839775
Non-small cell lung cancer,20,-0.32307067208363893
Non-small cell lung cancer,21,-0.27221455830303176
Non-small cell lung cancer,22,0.24618050012706738
Non-small cell lung cancer,23,-0.37224252915073497
Non-small cell lung cancer,24,-0.34770116956251074
Non-small cell lung cancer,25,-0.15105365932471462
Non-small cell lung cancer,26,-0.019984706559315456
Non-small cell lung cancer,27,0.26585966493621616
Non-small cell lung cancer,28,0.3435396967699477
Non-small cell lung cancer,29,-0.20519966296243575
Non-small cell lung cancer,30,0.1563196781044317
Non-small cell lung cancer,31,-0.0963913440612501
Non-small cell lung cancer,32,-0.5466491573373227
Non-small cell lung cancer,33,-0.23459549613024566
Non-small cell lung cancer,34,-0.47867541729095847
Non-small cell lung cancer,35,-0.34365862380868345
Non-small cell lung cancer,36,-0.018215642901661545
Non-small cell lung cancer,37,-0.6287782679105731
Non-small cell lung cancer,38,0.15362419449601983
Non-small cell lung cancer,39,-0.4330815759458586
Non-small cell lung cancer,40,0.07699278783614225
Non-small cell lung cancer,41,1.0489210991751672
Non-small cell lung cancer,42,-0.033698362164840304
Non-small cell lung cancer,43,-0.19577365515800815
Non-small cell lung cancer,44,-0.4007802474136353
Non-small cell lung cancer,45,0.5684656191648133
Non-small cell lung cancer,46,0.056374525979170156
Non-small cell lung cancer,47,-0.1875405621081272
Non-small cell lung cancer,48,0.26349209791407324
Non-small cell lung cancer,49,-0.4374796352194555
Small cell lung cancer,0,-0.19714188756292356
Small cell lung cancer,1,-0.06636006776753062
Small cell lung cancer,2,-0.03289922353341694
Small cell lung cancer,3,-0.24548784768120563
Small cell lung cancer,4,-0.3490422683331692
Small cell lung cancer,5,-0.33539445458319983
Small cell lung cancer,6,-0.24686367878065646
Small cell lung cancer,7,-0.043083757614552506
Small cell lung cancer,8,0.09217624712910666
Small cell lung cancer,9,0.4158786620503354
Small cell lung cancer,10,-0.06574213572360064
Small cell lung cancer,11,-0.36773478712611657
Small cell lung cancer,12,0.24013541263426796
Small cell lung cancer,13,0.290250120183625
Small cell lung cancer,14,0.2267253104147407
Small cell lung cancer,15,0.0013511070959407409
Small cell lung cancer,16,-0.2565254849429462
Small cell lung cancer,17,0.009643405981792905
Small cell lung cancer,18,0.10614264019032854
Small cell lung cancer,19,-0.5092464727242824
Small cell lung cancer,20,-0.8610667688414155
Small cell lung cancer,21,0.8757727068052098
Small cell lung cancer,22,0.27561567997007685
Small cell lung cancer,23,-0.4425458907514241
Small cell lung cancer,24,-0.17465893893521728
Small cell lung cancer,25,-0.19150934003792536
Small cell lung cancer,26,0.3931454818091954
Small cell lung cancer,27,-0.18121552206064512
Small cell lung cancer,28,-0.34019807466464747
Small cell lung cancer,29,0.20173484695401073
Small cell lung cancer,30,0.39711325176877155
Small cell lung cancer,31,-0.02542029283260662
Small cell lung cancer,32,-0.254484151333505
Small cell lung cancer,33,-0.5485269301403477
Small cell lung cancer,34,0.39629083714203645
Small cell lung cancer,35,0.31011485430907193
Small cell lung cancer,36,0.31956810948724523
Small cell lung cancer,37,-0.29535993278394806
Small cell lung cancer,38,0.39683553271589855
Small cell lung cancer,39,-0.26342180000473836
Small cell lung cancer,40,0.2924256561571102
Small cell lung cancer,41,-0.18579902368860096
Small cell lung cancer,42,-0.3291775456229
Small cell lung cancer,43,-0.06319854433504851
Small cell lung cancer,44,-0.10446035856716838
Small cell lung cancer,45,-0.245771263664928
Small cell lung cancer,46,-0.045057208113019054
Small cell lung cancer,47,0.01565781117674014
Small cell lung cancer,48,0.5325317698150952
Small cell lung cancer,49,-0.018110300278816993
Breast cancer,0,-0.3464443109941624
Breast cancer,1,-0.3094068505750688
Breast cancer,2,0.3383378942211043
Breast cancer,3,-0.010131109414662618
Breast cancer,4,0.3610537172181193
Breast cancer,5,-0.4226538212923576
Breast cancer,6,-0.34709950699532194
Breast cancer,7,0.26856205720605536
Breast cancer,8,-0.4340995613317946
Breast cancer,9,0.45654490197105124
Breast cancer,10,-0.42722635779116347
Breast cancer,11,0.1334116601369534
Breast cancer,12,-0.5511652808715995
Breast cancer,13,-0.011280603131921047
Breast cancer,14,-0.34476873296493293
Breast cancer,15,0.054395448536487326
Breast cancer,16,0.06720569883051448
Breast cancer,17,0.6176172014254755
Breast cancer,18,0.10729699951933493
Breast cancer,19,0.4472321987382426
Breast cancer,20,0.28619186112198985
Breast cancer,21,-0.3310574365524481
Breast cancer,22,-0.5343136756752348
Breast cancer,23,-0.5706833659182607
Breast cancer,24,-0.30363239450754975
Breast cancer,25,0.0031264139735874925
Breast cancer,26,-0.3462839603759146
Breast cancer,27,0.14225623009493232
Breast cancer,28,0.08531515711661714
Breast cancer,29,-0.11243999386642367
Breast cancer,30,-0.16356363505509602
Breast cancer,31,-0.20082513493821497
Breast cancer,32,0.3124982027690699
Breast cancer,33,0.027375208317311994
Breast cancer,34,-0.3438343608697971
Breast cancer,35,-0.34632140295725033
Breast cancer,36,0.06024639601479628
Breast cancer,37,0.43331655274541425
Breast cancer,38,0.43330406203123184
Breast cancer,39,0.18568870205635174
Breast cancer,40,0.08905874299486663
Breast cancer,41,-0.2488290308571945
Breast cancer,42,0.5136128652107439
Breast cancer,43,-0.3525883931315483
Breast cancer,44,0.330734926943007
Breast cancer,45,-0.3235933390172067
Breast cancer,46,-0.08216067498583868
Breast cancer,47,-0.4896946374731998
Breast cancer,48,-0.2744936255797798
Breast cancer,49,-0.28566502138981376
Colorectal cancer,0,-0.5112085454346732
Colorectal cancer,1,0.18638941420155278
Colorectal cancer,2,0.08381862913646634
Colorectal cancer,3,0.11301846061269302
Colorectal cancer,4,0.2501340855687006
Colorectal cancer,5,-0.4440098009080941
Colorectal cancer,6,0.15432772439206782
Colorectal cancer,7,-0.19179164755389075
Colorectal cancer,8,0.08019327591789077
Colorectal cancer,9,-0.31090189811328817
Colorectal cancer,10,0.3456055812625647
Colorectal cancer,11,-0.3967407354635131
Colorectal cancer,12,-0.5297125423885936
Colorectal cancer,13,-0.22119028423656875
Colorectal cancer,14,0.0215872027721809
Colorectal cancer,15,0.35717262768995617
Colorectal cancer,16,-0.5619480761412439
Colorectal cancer,17,0.7676329863616678
Colorectal cancer,18,0.17632566997096846
Colorectal cancer,19,0.3460722293001761
Colorectal cancer,20,0.4226289171989914
Colorectal cancer,21,0.2618762144947639
Colorectal cancer,22,0.3393587264250819
Colorectal cancer,23,0.5774750536129627
Colorectal cancer,24,-0.15426920356581497
Colorectal cancer,25,-0.07570878558414676
Colorectal cancer,26,0.1046015245931925
Colorectal cancer,27,0.33819654958499046
Colorectal cancer,28,-0.24010849858933653
Colorectal cancer,29,-0.4568958110737207
Colorectal cancer,30,-0.4581762170991534
Colorectal cancer,31,-0.27865604060267074
Colorectal cancer,32,-0.1162287809180867
Colorectal cancer,33,0.21299844579557198
Colorectal cancer,34,0.009505085919636742
Colorectal cancer,35,0.5636834059912966
Colorectal cancer,36,-0.7720458574250815
Colorectal cancer,37,0.38865140534650044
Colorectal cancer,38,-0.4648614207642645
Colorectal cancer,39,-0.7413749464024524
Colorectal cancer,40,0.47496346415442436
Colorectal cancer,41,-0.3177770229391066
Colorectal cancer,42,-0.18770276586442092
Colorectal cancer,43,0.10841807123915072
Colorectal cancer,44,0.07176979429685687
Colorectal cancer,45,0.12234987863559357
Colorectal cancer,46,-0.0760832883944442
Colorectal cancer,47,0.5561539026501645
Colorectal cancer,48,0.366875938791674
Colorectal cancer,49,0.24265298274003422
Gastric cancer,0,0.3465721648322954
Gastric cancer,1,0.03766448831264132
Gastric cancer,2,-0.35346204781756785
Gastric cancer,3,0.3495186581176729
Gastric cancer,4,0.5999517007193111
Gastric cancer,5,0.5059092126420519
Gastric cancer,6,0.3228355062037651
Gastric cancer,7,0.20329512917376527
Gastric cancer,8,0.520604714203207
Gastric cancer,9,0.43298946719933407
Gastric cancer,10,-0.33350891036180297
Gastric cancer,11,-0.10360060447871763
Gastric cancer,12,0.15059764975171996
Gastric cancer,13,-0.28573762370117894
Gastric cancer,14,0.24780271865898876
Gastric cancer,15,0.7241961918559909
Gastric cancer,16,-0.3548003415075089
Gastric cancer,17,-0.36886408632425927
Gastric cancer,18,-0.2534327513493158
Gastric cancer,19,-0.4359692702671746
Gastric cancer,20,-0.08530407791373734
Gastric cancer,21,0.3876219939058858
Gastric cancer,22,-0.08975179023938357
Gastric cancer,23,-0.46544670372754865
Gastric cancer,24,0.2455823636497721
Gastric cancer,25,0.517140616664612
Gastric cancer,26,-0.09636894024829132
Gastric cancer,27,0.3780763864624227
Gastric cancer,28,-0.18247059660482634
Gastric cancer,29,-0.43342779789417973
Gastric cancer,30,-0.34050910254216515
Gastric cancer,31,0.34445044271049075
Gastric cancer,32,-0.5612561160897742
Gastric cancer,33,0.30215228233158054
Gastric cancer,34,-0.0885643104744706
Gastric cancer,35,-0.3508665021929693
Gastric cancer,36,-0.29228140886953646
Gastric cancer,37,-0.26613814840758243
Gastric cancer,38,0.6386805374828635
Gastric cancer,39,-0.012270190392337565
Gastric cancer,40,0.03559583217128302
Gastric cancer,41,-0.1961574636755823
Gastric cancer,42,0.3846974592435427
Gastric cancer,43,-0.13453027412007856
Gastric cancer,44,-0.34131633615482393
Gastric cancer,45,-0.4598304894118713
Gastric cancer,46,0.06553657593309044
Gastric cancer,47,0.032648495481970095
Gastric cancer,48,-0.5552543066595604
Gastric cancer,49,0.15801725283805895
Hepatocellular carcinoma,0,0.5695783537689312
Hepatocellular carcinoma,1,0.24008530761483216
Hepatocellular carcinoma,2,0.44726626331371966
Hepatocellular carcinoma,3,-0.3061200490019237
Hepatocellular carcinoma,4,-0.08302330022784156
Hepatocellular carcinoma,5,-0.02051440438292857
Hepatocellular carcinoma,6,-0.4671586687599698
Hepatocellular carcinoma,7,-0.1789979942731501
Hepatocellular carcinoma,8,-0.124088956176165
Hepatocellular carcinoma,9,-0.502081601875507
Hepatocellular carcinoma,10,-0.4179442921570796
Hepatocellular carcinoma,11,-0.0031845645164146844
Hepatocellular carcinoma,12,-0.07465012745813637
Hepatocellular carcinoma,13,0.4044724135378829
Hepatocellular carcinoma,14,-0.07864740476581501
Hepatocellular carcinoma,15,-0.34164624505097885
Hepatocellular carcinoma,16,-0.47253334788934276
Hepatocellular carcinoma,17,-0.10651935610963728
Hepatocellular carcinoma,18,0.064440906208931
Hepatocellular carcinoma,19,-0.5665219891757762
Hepatocellular carcinoma,20,-0.08762241843175216
Hepatocellular carcinoma,21,-0.01226551022787805
Hepatocellular carcinoma,22,-0.09282987120391226
Hepatocellular carcinoma,23,-0.40716252401960323
Hepatocellular carcinoma,24,-0.2199627288144914
Hepatocellular carcinoma,25,0.13262142993939166
Hepatocellular carcinoma,26,0.03578415897599756
Hepatocellular carcinoma,27,0.505808958671411
Hepatocellular carcinoma,28,-0.6437959297662745
Hepatocellular carcinoma,29,-0.18851338895619607
Hepatocellular carcinoma,30,-0.143681933103167
Hepatocellular carcinoma,31,-0.509586252425542
Hepatocellular carcinoma,32,-0.011513347049696188
Hepatocellular carcinoma,33,0.19756424416136664
Hepatocellular carcinoma,34,-0.018166996539220943
Hepatocellular carcinoma,35,0.4164104917246533
Hepatocellular carcinoma,36,0.05167167368925308
Hepatocellular carcinoma,37,0.3553827097160571
Hepatocellular carcinoma,38,-0.5597073004419936
Hepatocellular carcinoma,39,-0.41657886149654555
Hepatocellular carcinoma,40,0.32367502670599413
Hepatocellular carcinoma,41,0.35593499961535147
Hepatocellular carcinoma,42,-0.33814281934869767
Hepatocellular carcinoma,43,0.05330238902766464
Hepatocellular carcinoma,44,-0.3207879743883744
Hepatocellular carcinoma,45,-0.44938105545843265
Hepatocellular carcinoma,46,-0.33030310757331344
Hepatocellular carcinoma,47,-0.3090267351365453
Hepatocellular carcinoma,48,-0.435677092281338
Hepatocellular carcinoma,49,0.1513099756713711
Pancreatic cancer,0,-0.4369317070434112
Pancreatic cancer,1,-0.3140261211113625
Pancreatic cancer,2,-0.1683261587275039
Pancreatic cancer,3,-0.33010221246793936
Pancreatic cancer,4,-0.3850754382542454
Pancreatic cancer,5,-0.13318905995380195
Pancreatic cancer,6,0.1838347014897204
Pancreatic cancer,7,-0.6197189630147175
Pancreatic cancer,8,-0.1265977515838821
Pancreatic cancer,9,0.5340287295316446
Pancreatic cancer,10,0.051486343227167906
Pancreatic cancer,11,0.8527691843057382
Pancreatic cancer,12,-0.02153891545912703
Pancreatic cancer,13,0.32598077798903313
Pancreatic cancer,14,0.48832099391243877
Pancreatic cancer,15,-0.08831408642066572
Pancreatic cancer,16,0.012808546228756285
Pancreatic cancer,17,-0.46834351612700703
Pancreatic cancer,18,0.0498646439939225
Pancreatic cancer,19,0.09288244862295122
Pancreatic cancer,20,-0.24631349007206071
Pancreatic cancer,21,-0.2862943271607499
Pancreatic cancer,22,0.35848332389844906
Pancreatic cancer,23,-0.04889859919023525
Pancreatic cancer,24,-0.19485130412924323
Pancreatic cancer,25,0.21378236557966543
Pancreatic cancer,26,0.1640920027089127
Pancreatic cancer,27,-0.25715999466698725
Pancreatic cancer,28,-0.3226569421991211
Pancreatic cancer,29,0.12663661812871538
Pancreatic cancer,30,0.14183874383292733
Pancreatic cancer,31,-0.4041540201335179
Pancreatic cancer,32,-0.4901459972951112
Pancreatic cancer,33,-0.45200093999888985
Pancreatic cancer,34,0.30007387006079667
Pancreatic cancer,35,0.14334884767607733
Pancreatic cancer,36,-0.3458696630804126
Pancreatic cancer,37,0.3460597698785387
Pancreatic cancer,38,-0.3234470420941079
Pancreatic cancer,39,-0.3994646441435707
Pancreatic cancer,40,-0.3807175813545912
Pancreatic cancer,41,0.20276734220821951
Pancreatic cancer,42,-0.1190028924803048
Pancreatic cancer,43,0.582790706796747
Pancreatic cancer,44,-0.4812349782711829
Pancreatic cancer,45,-0.2598198238895159
Pancreatic cancer,46,-0.32125482654189996
Pancreatic cancer,47,-0.2448861516033414
Pancreatic cancer,48,0.5702053879219504
Pancreatic cancer,49,0.20259787003106083
T cell receptor signaling pathway,0,0.22815918537953273
T cell receptor signaling pathway,1,-0.3269758350104479
T cell receptor signaling pathway,2,-0.42160634835160077
T cell receptor signaling pathway,3,-0.4670223605135438
T cell receptor signaling pathway,4,-0.7907671538247142
T cell receptor signaling pathway,5,-0.30921606307725713
T cell receptor signaling pathway,6,0.5770572963555558
T cell receptor signaling pathway,7,0.08325427202815534
T cell receptor signaling pathway,8,-0.5664017523779314
T cell receptor signaling pathway,9,-0.08538982292134795
T cell receptor signaling pathway,10,0.2319049775055152
T cell receptor signaling pathway,11,-0.260651257785057
T cell receptor signaling pathway,12,-0.16371440081780203
T cell receptor signaling pathway,13,-0.426252951734426
T cell receptor signaling pathway,14,-0.045488319045681715
T cell receptor signaling pathway,15,0.10817670880041617
T cell receptor signaling pathway,16,-0.3357629428127175
T cell receptor signaling pathway,17,-0.09114392625784654
T cell receptor signaling pathway,18,0.26784465472829044
T cell receptor signaling pathway,19,-0.616060910661016
T cell receptor signaling pathway,20,-0.23584218401500892
T cell receptor signaling pathway,21,-0.45110088101763635
T cell receptor signaling pathway,22,0.3401368507330757
T cell receptor signaling pathway,23,0.48088913102051417
T cell receptor signaling pathway,24,-0.19926306855196613
T cell receptor signaling pathway,25,0.43350089522156576
T cell receptor signaling pathway,26,0.014575804874013212
T cell receptor signaling pathway,27,0.3406998485210284
T cell receptor signaling pathway,28,0.2720499936336743
T cell receptor signaling pathway,29,0.49405949017757766
T cell receptor signaling pathway,30,-0.4584172075334973
T cell receptor signaling pathway,31,0.4326630620746099
T cell receptor signaling pathway,32,0.38601605476632506
T cell receptor signaling pathway,33,-0.45083897206985996
T cell receptor signaling pathway,34,0.3330559931506527
T cell receptor signaling pathway,35,0.32534908371410143
T cell receptor signaling pathway,36,0.21828441909264384
T cell receptor signaling pathway,37,-0.34324340883694904
T cell receptor signaling pathway,38,-0.04407214609871102
T cell receptor signaling pathway,39,0.04424573428566834
T cell receptor signaling pathway,40,0.05059232079116607
T cell receptor signaling pathway,41,0.6948392880259318
T cell receptor signaling pathway,42,0.19144427522937418
T cell receptor signaling pathway,43,0.08623606796855218
T cell receptor signaling pathway,44,-0.10908527430208882
T cell receptor signaling pathway,45,-0.7747402798602028
T cell receptor signaling pathway,46,-0.4555233663404439
T cell receptor signaling pathway,47,0.5082027018344738
T cell receptor signaling pathway,48,-0.08153178246391928
T cell receptor signaling pathway,49,0.33008494411440875
B cell receptor signaling pathway,0,-0.5394424793459538
B cell receptor signaling pathway,1,0.392574332496001
B cell receptor signaling pathway,2,0.19634372413931617
B cell receptor signaling pathway,3,-0.3073909511474454
B cell receptor signaling pathway,4,0.5373076688341005
B cell receptor signaling pathway,5,-0.4418682906433803
B cell receptor signaling pathway,6,-0.1749309056452303
B cell receptor signaling pathway,7,-0.4009250163240954
B cell receptor signaling pathway,8,-0.19521150882385513
B cell receptor signaling pathway,9,-0.2534815288676767
B cell receptor signaling pathway,10,0.36126599667252735
B cell receptor signaling pathway,11,0.7713179510898345
B cell receptor signaling pathway,12,0.3761360833895867
B cell receptor signaling pathway,13,0.1921324206162698
B cell receptor signaling pathway,14,0.9141518312257344
B cell receptor signaling pathway,15,-0.4022795339263502
B cell receptor signaling pathway,16,-0.004921961256789001
B cell receptor signaling pathway,17,0.6315009370419422
B cell receptor signaling pathway,18,0.48214462827929117
B cell receptor signaling pathway,19,0.2177333178216294
B cell receptor signaling pathway,20,-0.3318059838746533
B cell receptor signaling pathway,21,-0.24163179699098497
B cell receptor signaling pathway,22,-0.10727988067560433
B cell receptor signaling pathway,23,-0.4417310953843471
B cell receptor signaling pathway,24,-0.29078403845950196
B cell receptor signaling pathway,25,-0.431566211664875
B cell receptor signaling pathway,26,-0.4465202713887504
B cell receptor signaling pathway,27,0.4029767348007533
B cell receptor signaling pathway,28,-0.17198050293738815
B cell receptor signaling pathway,29,0.7787663307079671
B cell receptor signaling pathway,30,0.24682862815177145
B cell receptor signaling pathway,31,-0.21820156227004214
B cell receptor signaling pathway,32,-0.35106310228103593
B cell receptor signaling pathway,33,-0.4256495127505087
B cell receptor signaling pathway,34,-0.5190475908211913
B cell receptor signaling pathway,35,0.08760028678015694
B cell receptor signaling pathway,36,-0.038292853548901856
B cell receptor signaling pathway,37,0.47977366429544654
B cell receptor signaling pathway,38,0.025266136446231456
B cell receptor signaling pathway,39,-0.1319609703139502
B cell receptor signaling pathway,40,0.3839819988429757
B cell receptor signaling pathway,41,-0.18988996278561232
B cell receptor signaling pathway,42,-0.07574360783291598
B cell receptor signaling pathway,43,-0.4203611065365098
B cell receptor signaling pathway,44,0.5039255549770507
B cell receptor signaling pathway,45,0.03120506605888599
B cell receptor signaling pathway,46,0.05236836986222096
B cell receptor signaling pathway,47,0.050634614659538044
B cell receptor signaling pathway,48,0.13865249664781665
B cell receptor signaling pathway,49,-0.19801553013023515
Natural killer cell mediated cytotoxicity,0,0.12272367885618765
Natural killer cell mediated cytotoxicity,1,-0.4580719867366871
Natural killer cell mediated cytotoxicity,2,0.39937080659319163
Natural killer cell mediated cytotoxicity,3,-0.0470864033795117
Natural killer cell mediated cytotoxicity,4,-0.18450567892381145
Natural killer cell mediated cytotoxicity,5,-0.06730811291389655
Natural killer cell mediated cytotoxicity,6,0.07487275777593856
Natural killer cell mediated cytotoxicity,7,-0.554424378155461
Natural killer cell mediated cytotoxicity,8,0.6265716031407031
Natural killer cell mediated cytotoxicity,9,-0.5365596461983547
Natural killer cell mediated cytotoxicity,10,0.17301944263445668
Natural killer cell mediated cytotoxicity,11,0.27977460142209903
Natural killer cell mediated cytotoxicity,12,-0.33514974291080046
Natural killer cell mediated cytotoxicity,13,-0.37160415787336915
Natural killer cell mediated cytotoxicity,14,-0.33974136322723014
Natural killer cell mediated cytotoxicity,15,-0.26456983870245954
Natural killer cell mediated cytotoxicity,16,-0.4701399333968358
Natural killer cell mediated cytotoxicity,17,-0.54261421810779
Natural killer cell mediated cytotoxicity,18,-0.24354404037614485
Natural killer cell mediated cytotoxicity,19,0.08291615771485238
Natural killer cell mediated cytotoxicity,20,0.6752292730044829
Natural killer cell mediated cytotoxicity,21,0.01617554772771612
Natural killer cell mediated cytotoxicity,22,-0.7082923825642722
Natural killer cell mediated cytotoxicity,23,0.5175601010450297
Natural killer cell mediated cytotoxicity,24,-0.46264163233610545
Natural killer cell mediated cytotoxicity,25,-0.35540210477014383
Natural killer cell mediated cytotoxicity,26,-0.096587442034288
Natural killer cell mediated cytotoxicity,27,-0.2091376938356096
Natural killer cell mediated cytotoxicity,28,-0.31460708305989105
Natural killer cell mediated cytotoxicity,29,-0.11326474904523029
Natural killer cell mediated cytotoxicity,30,0.34600164968172664
Natural killer cell mediated cytotoxicity,31,-0.5891989726540002
Natural killer cell mediated cytotoxicity,32,0.3708504589874494
Natural killer cell mediated cytotoxicity,33,0.1985712773836545
Natural killer cell mediated cytotoxicity,34,0.5647127294591924
Natural killer cell mediated cytotoxicity,35,0.6148990426548614
Natural killer cell mediated cytotoxicity,36,-0.39557728174076934
Natural killer cell mediated cytotoxicity,37,0.16557861124328804
Natural killer cell mediated cytotoxicity,38,0.04981784870452847
Natural killer cell mediated cytotoxicity,39,-0.7789266260836234
Natural killer cell mediated cytotoxicity,40,-0.14405270751562804
Natural killer cell mediated cytotoxicity,41,0.07742103874751219
Natural killer cell mediated cytotoxicity,42,0.2114269356207324
Natural killer cell mediated cytotoxicity,43,-0.2796732786388451
Natural killer cell mediated cytotoxicity,44,0.5059227758191793
Natural killer cell mediated cytotoxicity,45,-0.07170027549932978
Natural killer cell mediated cytotoxicity,46,0.4541109241844405
Natural killer cell mediated cytotoxicity,47,0.4194763798040222
Natural killer cell mediated cytotoxicity,48,-0.41782996594891453
Natural killer cell mediated cytotoxicity,49,-0.32041958648234836
Antigen processing and presentation,0,0.32370947333754485
Antigen processing and presentation,1,0.2396942803391237
Antigen processing and presentation,2,0.301018897252772
Antigen processing and presentation,3,0.5515702316543692
Antigen processing and presentation,4,0.3852742658338852
Antigen processing and presentation,5,-0.5774829274580315
Antigen processing and presentation,6,0.32775209601976585
Antigen processing and presentation,7,0.45803639926536277
Antigen processing and presentation,8,0.6573180635230653
Antigen processing and presentation,9,0.03384285122611944
Antigen processing and presentation,10,0.6692556603013753
Antigen processing and presentation,11,0.34673323901283054
Antigen processing and presentation,12,-0.30096193521710274
Antigen processing and presentation,13,0.41007643368662794
Antigen processing and presentation,14,-0.030767956928169103
Antigen processing and presentation,15,-0.2091507420105626
Antigen processing and presentation,16,0.3197905494388177
Antigen processing and presentation,17,-0.32516583009652456
Antigen processing and presentation,18,-0.01598585781196439
Antigen processing and presentation,19,-0.030794363459051184
Antigen processing and presentation,20,-0.21708468690395766
Antigen processing and presentation,21,-0.27326601670247247
Antigen processing and presentation,22,0.3160963096821683
Antigen processing and presentation,23,-0.05257352586444132
Antigen processing and presentation,24,-0.06132896700126284
Antigen processing and presentation,25,0.4146396517994355
Antigen processing and presentation,26,0.3864882760566989
Antigen processing and presentation,27,0.7682990381152399
Antigen processing and presentation,28,-0.27130134591898075
Antigen processing and presentation,29,0.4804671323532309
Antigen processing and presentation,30,-0.15457345759372565
Antigen processing and presentation,31,0.17988298686952592
Antigen processing and presentation,32,-0.4471593705599574
Antigen processing and presentation,33,-0.008737234245182827
Antigen processing and presentation,34,0.38967981483598113
Antigen processing and presentation,35,-0.43502312936872806
Antigen processing and presentation,36,0.23925836680173782
Antigen processing and presentation,37,0.4942732602648261
Antigen processing and presentation,38,-0.2181058991150694
Antigen processing and presentation,39,0.05075446041786358
Antigen processing and presentation,40,-0.34271829581659596
Antigen processing and presentation,41,0.3618470068094666
Antigen processing and presentation,42,0.54448851231817
Antigen processing and presentation,43,0.2498394379176802
Antigen processing and presentation,44,-0.16192459954475746
Antigen processing and presentation,45,0.36770197033462854
Antigen processing and presentation,46,-0.148239952778819
Antigen processing and presentation,47,-0.2914208678550592
Antigen processing and presentation,48,0.020454835188335067
Antigen processing and presentation,49,-0.2575171879486651
Cytokine-cytokine receptor interaction,0,-0.5954357870715941
Cytokine-cytokine receptor interaction,1,0.3819067706046828
Cytokine-cytokine receptor interaction,2,0.3691808210223041
Cytokine-cytokine receptor interaction,3,-0.2875844233171643
Cytokine-cytokine receptor interaction,4,0.016070561147607715
Cytokine-cytokine receptor interaction,5,0.4354766529134201
Cytokine-cytokine receptor interaction,6,0.3270286414234156
Cytokine-cytokine receptor interaction,7,0.07109354114933508
Cytokine-cytokine receptor interaction,8,-0.34803688968247304
Cytokine-cytokine receptor interaction,9,-0.03793127337819336
Cytokine-cytokine receptor interaction,10,-0.296735771141694
Cytokine-cytokine receptor interaction,11,-0.6644397784456393
Cytokine-cytokine receptor interaction,12,-0.5186343992903859
Cytokine-cytokine receptor interaction,13,-0.13134358041332903
Cytokine-cytokine receptor interaction,14,0.62106207091486
Cytokine-cytokine receptor interaction,15,0.6052930290807662
Cytokine-cytokine receptor interaction,16,-0.14997449932283174
Cytokine-cytokine receptor interaction,17,0.30196073659267175
Cytokine-cytokine receptor interaction,18,-0.28911137744894366
Cytokine-cytokine receptor interaction,19,-0.30061031986929576
Cytokine-cytokine receptor interaction,20,-0.4131439012062259
Cytokine-cytokine receptor interaction,21,0.4490989434654704
Cytokine-cytokine receptor interaction,22,-0.4438786872574061
Cytokine-cytokine receptor interaction,23,-0.39392095345852746
Cytokine-cytokine receptor interaction,24,0.3291460356485854
Cytokine-cytokine receptor interaction,25,0.18383493343062363
Cytokine-cytokine receptor interaction,26,0.29396255953473804
Cytokine-cytokine receptor interaction,27,-0.3330950819359772
Cytokine-cytokine receptor interaction,28,-0.5366570559549257
Cytokine-cytokine receptor interaction,29,0.44438953856466956
Cytokine-cytokine receptor interaction,30,0.007019043511596211
Cytokine-cytokine receptor interaction,31,-0.3088089241198083
Cytokine-cytokine receptor interaction,32,-0.2799004959557879
Cytokine-cytokine receptor interaction,33,-0.3237508071028721
Cytokine-cytokine receptor interaction,34,-0.5286953557577242
Cytokine-cytokine receptor interaction,35,0.13784132938066196
Cytokine-cytokine receptor interaction,36,0.037619000544572755
Cytokine-cytokine receptor interaction,37,0.6646859345835754
Cytokine-cytokine receptor interaction,38,-0.24990478136965105
Cytokine-cytokine receptor interaction,39,0.4330114491085384
Cytokine-cytokine receptor interaction,40,0.21910293571868966
Cytokine-cytokine receptor interaction,41,-0.26039433683921714
Cytokine-cytokine receptor interaction,42,0.13962420716485635
Cytokine-cytokine receptor interaction,43,0.19606980635371846
Cytokine-cytokine receptor interaction,44,0.6382877321076006
Cytokine-cytokine receptor interaction,45,0.1706621679367778
Cytokine-cytokine receptor interaction,46,-0.0641893411339661
Cytokine-cytokine receptor interaction,47,0.2924414605243892
Cytokine-cytokine receptor interaction,48,-0.38113161307207494
Cytokine-cytokine receptor interaction,49,-0.207413833920704
Chemokine signaling pathway,0,-0.20689730230021436
Chemokine signaling pathway,1,-0.3382708766879182
Chemokine signaling pathway,2,-0.3348592003367721
Chemokine signaling pathway,3,0.07837173849647333
Chemokine signaling pathway,4,-0.33593527623308495
Chemokine signaling pathway,5,0.31503602073555287
Chemokine signaling pathway,6,-0.4262859608982119
Chemokine signaling pathway,7,-0.42661918376944935
Chemokine signaling pathway,8,0.48986935396592385
Chemokine signaling pathway,9,-0.7726667619498176
Chemokine signaling pathway,10,-0.34737151236288594
Chemokine signaling pathway,11,-0.2509219267107762
Chemokine signaling pathway,12,-0.22896095376443035
Chemokine signaling pathway,13,-0.3056851433951496
Chemokine signaling pathway,14,0.05009666504954126
Chemokine signaling pathway,15,0.3838211634982619
Chemokine signaling pathway,16,0.022927244167406366
Chemokine signaling pathway,17,-0.6621256147060667
Chemokine signaling pathway,18,-0.18891073160074018
Chemokine signaling pathway,19,-0.29783706015974987
Chemokine signaling pathway,20,-0.34641700748591897
Chemokine signaling pathway,21,0.42965629091492386
Chemokine signaling pathway,22,-0.25774470070258004
Chemokine signaling pathway,23,0.7258538023280079
Chemokine signaling pathway,24,0.2993930137652277
Chemokine signaling pathway,25,0.2484483785929843
Chemokine signaling pathway,26,-0.3231177989901701
Chemokine signaling pathway,27,0.13203512147064667
Chemokine signaling pathway,28,0.4458904749747302
Chemokine signaling pathway,29,0.43297695442910483
Chemokine signaling pathway,30,0.17261034506797474
Chemokine signaling pathway,31,-0.48646302689664683
Chemokine signaling pathway,32,-0.08041784418402827
Chemokine signaling pathway,33,-0.3655804329536812
Chemokine signaling pathway,34,-0.6096893477469741
Chemokine signaling pathway,35,-0.3322350339630482
Chemokine signaling pathway,36,-0.22451840427487452
Chemokine signaling pathway,37,-0.2262667265913752
Chemokine signaling pathway,38,0.4143417446765121
Chemokine signaling pathway,39,-0.22500806735007312
Chemokine signaling pathway,40,-0.316559020827649
Chemokine signaling pathway,41,-0.08347473237203105
Chemokine signaling pathway,42,-0.5340764618562197
Chemokine signaling pathway,43,-0.29579751270061727
Chemokine signaling pathway,44,0.4629836137488288
Chemokine signaling pathway,45,0.27307554465999156
Chemokine signaling pathway,46,0.2967568440780172
Chemokine signaling pathway,47,0.7383923207942598
Chemokine signaling pathway,48,0.14673736095480774
Chemokine signaling pathway,49,0.4453247364518685
ECM-receptor interaction,0,0.3335204752013283
ECM-receptor interaction,1,0.274785591681068
ECM-receptor interaction,2,0.22197741401576676
ECM-receptor interaction,3,-0.5297955834534822
ECM-receptor interaction,4,-0.2389514315137254
ECM-receptor interaction,5,-0.28432795604446703
ECM-receptor interaction,6,0.3142196597465273
ECM-receptor interaction,7,0.011051082265954595
ECM-receptor interaction,8,-0.5219158266301848
ECM-receptor interaction,9,-0.34475841147001957
ECM-receptor interaction,10,-0.43198042918676594
ECM-receptor interaction,11,-0.08430000612794607
ECM-receptor interaction,12,-0.06316840810828439
ECM-receptor interaction,13,-0.29057567186443956
ECM-receptor interaction,14,0.14242115063566102
ECM-receptor interaction,15,-0.5021719552300211
ECM-receptor interaction,16,-0.2898197579375562
ECM-receptor interaction,17,0.34621837070852646
ECM-receptor interaction,18,-0.7128904173376852
ECM-receptor interaction,19,-0.6773272778341937
ECM-receptor interaction,20,-0.2348149121419893
ECM-receptor interaction,21,0.1524094490051232
ECM-receptor interaction,22,-0.4615796263532338
ECM-receptor interaction,23,-0.5143857242054826
ECM-receptor interaction,24,-0.3463814282363752
ECM-receptor interaction,25,-0.10990630267528317
ECM-receptor interaction,26,-0.07856789186222621
ECM-receptor interaction,27,-0.2677020969208615
ECM-receptor interaction,28,0.03678606155667984
ECM-receptor interaction,29,0.2736282986652598
ECM-receptor interaction,30,-0.30419172051690124
ECM-receptor interaction,31,-0.18908113727838827
ECM-receptor interaction,32,-0.08073592871873767
ECM-receptor interaction,33,-0.4993061968794549
ECM-receptor interaction,34,0.07490092054925454
ECM-receptor interaction,35,-0.26173178506274897
ECM-receptor interaction,36,0.06141559624761461
ECM-receptor interaction,37,0.42017624987817365
ECM-receptor interaction,38,-0.22426326364463348
ECM-receptor interaction,39,-0.290431587274637
ECM-receptor interaction,40,0.5124706269555868
ECM-receptor interaction,41,-0.34520122920240726
ECM-receptor interaction,42,-0.9559342811481628
ECM-receptor interaction,43,-0.5134137886051364
ECM-receptor interaction,44,0.018121106975875267
ECM-receptor interaction,45,0.33141416804506163
ECM-receptor interaction,46,-0.39070325242061765
ECM-receptor interaction,47,0.286060648625438
ECM-receptor interaction,48,0.5869302690363036
ECM-receptor interaction,49,0.27760380667707657
Focal adhesion,0,-0.061205104429040244
Focal adhesion,1,-0.4132606404120151
Focal adhesion,2,0.1348114396194796
Focal adhesion,3,0.22665935521981903
Focal adhesion,4,-0.33554685564120895
Focal adhesion,5,-0.38074585762587626
Focal adhesion,6,0.21252749609802468
Focal adhesion,7,-0.34837022383772825
Focal adhesion,8,0.4301516850473891
Focal adhesion,9,0.4739722261522431
Focal adhesion,10,-0.22520555047091723
Focal adhesion,11,0.1293395803590389
Focal adhesion,12,0.15816630854783326
Focal adhesion,13,0.4260784984273234
Focal adhesion,14,-0.6749997157192842
Focal adhesion,15,0.1427773223060558
Focal adhesion,16,-0.004068871367762805
Focal adhesion,17,-0.3949782749045102
Focal adhesion,18,0.4193746491025596
Focal adhesion,19,-0.11600841802211576
Focal adhesion,20,0.04037875436050398
Focal adhesion,21,0.10225104252310133
Focal adhesion,22,0.1180324278313368
Focal adhesion,23,0.2179915934137616
Focal adhesion,24,-0.2838911267728047
Focal adhesion,25,-0.3733134984720321
Focal adhesion,26,0.2555858804438792
Focal adhesion,27,0.06196540996083999
Focal adhesion,28,0.55885552657108
Focal adhesion,29,-0.7556251973856375
Focal adhesion,30,0.10158987967058525
Focal adhesion,31,0.46469169629884144
Focal adhesion,32,0.5370813959904839
Focal adhesion,33,-0.4474889278319756
Focal adhesion,34,0.45484941235016463
Focal adhesion,35,0.35033997471516193
Focal adhesion,36,-0.3046756798477598
Focal adhesion,37,0.07329870622317942
Focal adhesion,38,-0.08929029144491207
Focal adhesion,39,-0.08434656421103381
Focal adhesion,40,0.27634376490670365
Focal adhesion,41,-0.11654302862578846
Focal adhesion,42,-0.010137687590057252
Focal adhesion,43,0.08350569363516573
Focal adhesion,44,-0.35104382756721086
Focal adhesion,45,-0.0794876155377463
Focal adhesion,46,-0.3192484364374122
Focal adhesion,47,-0.2742900254062189
Focal adhesion,48,-0.3468961756769632
Focal adhesion,49,-0.2410206147234401
Cell adhesion molecules,0,-0.07335328409074345
Cell adhesion molecules,1,-0.14890841910838948
Cell adhesion molecules,2,0.26950443839957994
Cell adhesion molecules,3,0.08996738554846608
Cell adhesion molecules,4,-0.3583328170851389
Cell adhesion molecules,5,-0.1824334179362572
Cell adhesion molecules,6,-0.1562781436133856
Cell adhesion molecules,7,0.13310205525278307
Cell adhesion molecules,8,0.32822295570734794
Cell adhesion molecules,9,0.26263290614748913
Cell adhesion molecules,10,0.023771262045815453
Cell adhesion molecules,11,-0.14303646040890783
Cell adhesion molecules,12,-0.2669358494015445
Cell adhesion molecules,13,-0.39581746863297396
Cell adhesion molecules,14,0.11522478127973163
Cell adhesion molecules,15,-0.1829476342123415
Cell adhesion molecules,16,0.043272356168437484
Cell adhesion molecules,17,-0.4637505875532467
Cell adhesion molecules,18,-0.053032567961518506
Cell adhesion molecules,19,0.17772857594287894
Cell adhesion molecules,20,-0.3191179234125273
Cell adhesion molecules,21,-0.08572240670565451
Cell adhesion molecules,22,0.3746524242150822
Cell adhesion molecules,23,0.1477489886307301
Cell adhesion molecules,24,0.4270935963203909
Cell adhesion molecules,25,-0.11163553216745417
Cell adhesion molecules,26,0.4822413549586807
Cell adhesion molecules,27,0.2533483212920466
Cell adhesion molecules,28,-0.30716027754079955
Cell adhesion molecules,29,0.19221900892535898
Cell adhesion molecules,30,-0.7907135728665284
Cell adhesion molecules,31,-0.3835236036593079
Cell adhesion molecules,32,-0.5281363041957625
Cell adhesion molecules,33,0.6251830148866839
Cell adhesion molecules,34,0.10125306726411652
Cell adhesion molecules,35,-0.3635916003503502
Cell adhesion molecules,36,0.14807536751443817
Cell adhesion molecules,37,0.26757149906106464
Cell adhesion molecules,38,0.19467312469569176
Cell adhesion molecules,39,-0.27206874646294044
Cell adhesion molecules,40,0.32629327649130546
Cell adhesion molecules,41,-0.6105890220580033
Cell adhesion molecules,42,0.5081343763367481
Cell adhesion molecules,43,0.3827215052676139
Cell adhesion molecules,44,0.1350507372570665
Cell adhesion molecules,45,0.19605691165667008
Cell adhesion molecules,46,-0.1796200137685735
Cell adhesion molecules,47,-0.4043452133769505
Cell adhesion molecules,48,0.019069464295526282
Cell adhesion molecules,49,-0.2775212966872889
Regulation of actin cytoskeleton,0,0.33386392810060855
Regulation of actin cytoskeleton,1,0.3445588219692193
Regulation of actin cytoskeleton,2,0.33053756855148503
Regulation of actin cytoskeleton,3,-0.24398097173975625
Regulation of actin cytoskeleton,4,0.5280501622166703
Regulation of actin cytoskeleton,5,1.1639239723800994
Regulation of actin cytoskeleton,6,-0.4810519840552716
Regulation of actin cytoskeleton,7,-0.24992964942818668
Regulation of actin cytoskeleton,8,-0.36051383718758095
Regulation of actin cytoskeleton,9,0.8938378236475735
Regulation of actin cytoskeleton,10,0.4557891598459376
Regulation of actin cytoskeleton,11,0.27347458393020874
Regulation of actin cytoskeleton,12,0.08411759339700789
Regulation of actin cytoskeleton,13,0.34514671916329864
Regulation of actin cytoskeleton,14,-0.40616961504455595
Regulation of actin cytoskeleton,15,-0.3648975334466077
Regulation of actin cytoskeleton,16,0.7425093747536409
Regulation of actin cytoskeleton,17,-0.10309472307892996
Regulation of actin cytoskeleton,18,-0.15327804963438352
Regulation of actin cytoskeleton,19,-0.2155566535584979
Regulation of actin cytoskeleton,20,0.147575527895277
Regulation of actin cytoskeleton,21,0.08593435505190034
Regulation of actin cytoskeleton,22,0.11637918915867661
Regulation of actin cytoskeleton,23,0.1687341892194485
Regulation of actin cytoskeleton,24,-0.21769590939548464
Regulation of actin cytoskeleton,25,0.3544664262531464
Regulation of actin cytoskeleton,26,0.09320549307890727
Regulation of actin cytoskeleton,27,-0.09239497911147435
Regulation of actin cytoskeleton,28,0.4321851509181073
Regulation of actin cytoskeleton,29,-0.5199819129605343
Regulation of actin cytoskeleton,30,-0.20704472108277366
Regulation of actin cytoskeleton,31,-0.31856810066680824
Regulation of actin cytoskeleton,32,0.8114341536347198
Regulation of actin cytoskeleton,33,-0.3481214666906807
Regulation of actin cytoskeleton,34,-0.38770142921241835
Regulation of actin cytoskeleton,35,0.047211502525184995
Regulation of actin cytoskeleton,36,-0.3224547637580243
Regulation of actin cytoskeleton,37,0.5164158986096515
Regulation of actin cytoskeleton,38,-0.43284369856177696
Regulation of actin cytoskeleton,39,-0.4210526661225167
Regulation of actin cytoskeleton,40,-0.46727943531328464
Regulation of actin cytoskeleton,41,-0.10024030838567875
Regulation of actin cytoskeleton,42,-0.1452905865348995
Regulation of actin cytoskeleton,43,-0.4108134539836381
Regulation of actin cytoskeleton,44,-0.19391796405056402
Regulation of actin cytoskeleton,45,0.21350675805044983
Regulation of actin cytoskeleton,46,-0.5118608487897105
Regulation of actin cytoskeleton,47,-0.15638766356561246
Regulation of actin cytoskeleton,48,-0.1601933563985424
Regulation of actin cytoskeleton,49,0.028532699643979306
Glycolysis / Gluconeogenesis,0,0.5393228159055691
Glycolysis / Gluconeogenesis,1,0.5599631851849669
Glycolysis / Gluconeogenesis,2,-0.4333531912391163
Glycolysis / Gluconeogenesis,3,0.3708708571268795
Glycolysis / Gluconeogenesis,4,-0.34793911837595576
Glycolysis / Gluconeogenesis,5,0.1344554260297929
Glycolysis / Gluconeogenesis,6,-0.6905130406880786
Glycolysis / Gluconeogenesis,7,-0.4332081391547996
Glycolysis / Gluconeogenesis,8,-0.38488724186740225
Glycolysis / Gluconeogenesis,9,0.031747505484576756
Glycolysis / Gluconeogenesis,10,-0.2802600923159031
Glycolysis / Gluconeogenesis,11,-0.2860256388954528
Glycolysis / Gluconeogenesis,12,-0.34374285983881725
Glycolysis / Gluconeogenesis,13,-0.10728916747749304
Glycolysis / Gluconeogenesis,14,0.23168178288028213
Glycolysis / Gluconeogenesis,15,0.38545631363866495
Glycolysis / Gluconeogenesis,16,-0.4036265685362399
Glycolysis / Gluconeogenesis,17,-0.18684618503526257
Glycolysis / Gluconeogenesis,18,0.08156482942403535
Glycolysis / Gluconeogenesis,19,-0.4285320281606544
Glycolysis / Gluconeogenesis,20,-0.1458305931658362
Glycolysis / Gluconeogenesis,21,0.427337005619282
Glycolysis / Gluconeogenesis,22,-0.8755442103994406
Glycolysis / Gluconeogenesis,23,-0.17947916204909503
Glycolysis / Gluconeogenesis,24,0.5144512109555188
Glycolysis / Gluconeogenesis,25,0.6623185566121519
Glycolysis / Gluconeogenesis,26,-0.10671301267276592
Glycolysis / Gluconeogenesis,27,0.33398183220106903
Glycolysis / Gluconeogenesis,28,-0.7777038449144822
Glycolysis / Gluconeogenesis,29,0.4356950889830066
Glycolysis / Gluconeogenesis,30,0.34474932545998344
Glycolysis / Gluconeogenesis,31,0.5005935924560941
Glycolysis / Gluconeogenesis,32,0.18957618893147676
Glycolysis / Gluconeogenesis,33,-0.20526974306738557
Glycolysis / Gluconeogenesis,34,0.2959202944550877
Glycolysis / Gluconeogenesis,35,-0.8688530335356288
Glycolysis / Gluconeogenesis,36,0.25372457501615586
Glycolysis / Gluconeogenesis,37,0.16441183525522712
Glycolysis / Gluconeogenesis,38,0.41870363565869695
Glycolysis / Gluconeogenesis,39,-0.22656042187850767
Glycolysis / Gluconeogenesis,40,-0.039135457835734425
Glycolysis / Gluconeogenesis,41,-0.1931416433387557
Glycolysis / Gluconeogenesis,42,-0.2633739259726796
Glycolysis / Gluconeogenesis,43,-0.25485488054706
Glycolysis / Gluconeogenesis,44,-0.07556220513593048
Glycolysis / Gluconeogenesis,45,-0.6296178493068885
Glycolysis / Gluconeogenesis,46,0.173918990794481
Glycolysis / Gluconeogenesis,47,-0.17413473033285243
Glycolysis / Gluconeogenesis,48,-0.4329750141938258
Glycolysis / Gluconeogenesis,49,0.30389930767110795
Oxidative phosphorylation,0,-0.42814976309046643
Oxidative phosphorylation,1,0.08383781331248155
Oxidative phosphorylation,2,-0.5029091905571128
Oxidative phosphorylation,3,0.10959596669746557
Oxidative phosphorylation,4,0.5713534968289922
Oxidative phosphorylation,5,-0.4821422976083296
Oxidative phosphorylation,6,-0.016125006189417798
Oxidative phosphorylation,7,-0.1956914536678394
Oxidative phosphorylation,8,-0.2205012253591752
Oxidative phosphorylation,9,-0.38880186168193975
Oxidative phosphorylation,10,-0.568847751093748
Oxidative phosphorylation,11,-0.1762423520043562
Oxidative phosphorylation,12,0.08223155912966992
Oxidative phosphorylation,13,-0.1918009382144391
Oxidative phosphorylation,14,0.18493487136111036
Oxidative phosphorylation,15,-0.38413863916445196
Oxidative phosphorylation,16,0.3760600462485364
Oxidative phosphorylation,17,-0.27680368317899917
Oxidative phosphorylation,18,-0.00028710063626819816
Oxidative phosphorylation,19,0.20953948420461715
Oxidative phosphorylation,20,-0.28491838346042764
Oxidative phosphorylation,21,-0.27797070910460864
Oxidative phosphorylation,22,0.4330135702860469
Oxidative phosphorylation,23,-0.17874870314749042
Oxidative phosphorylation,24,0.04784533822183394
Oxidative phosphorylation,25,-0.14888019762611188
Oxidative phosphorylation,26,-0.34639360058548396
Oxidative phosphorylation,27,-0.34965399575972217
Oxidative phosphorylation,28,0.23510843027672773
Oxidative phosphorylation,29,-0.22387132148816544
Oxidative phosphorylation,30,0.1435220417552036
Oxidative phosphorylation,31,0.33970977033897887
Oxidative phosphorylation,32,-0.09285555199365589
Oxidative phosphorylation,33,-0.3433546340556505
Oxidative phosphorylation,34,0.8941537814129585
Oxidative phosphorylation,35,0.017979967350863088
Oxidative phosphorylation,36,0.00806465810347934
Oxidative phosphorylation,37,-0.11704096676421638
Oxidative phosphorylation,38,0.43058466125985706
Oxidative phosphorylation,39,-0.4604073491635538
Oxidative phosphorylation,40,0.3041807372330154
Oxidative phosphorylation,41,0.21491284764233587
Oxidative phosphorylation,42,-0.04954284488463758
Oxidative phosphorylation,43,-0.21259806660188274
Oxidative phosphorylation,44,0.24390059749990306
Oxidative phosphorylation,45,-0.433057700756099
Oxidative phosphorylation,46,0.45410648407418985
Oxidative phosphorylation,47,-0.020748429991639946
Oxidative phosphorylation,48,-0.3676706789826272
Oxidative phosphorylation,49,0.4219109928604155
DNA replication,0,0.030431345903241848
DNA replication,1,-0.24740227269214649
DNA replication,2,-0.24144524328593236
DNA replication,3,-0.2524571665130572
DNA replication,4,-0.5203234031975889
DNA replication,5,-0.46512061122606535
DNA replication,6,0.021764920988695473
DNA replication,7,0.32237172412734694
DNA replication,8,-0.12920473151586137
DNA replication,9,0.08184624657328665
DNA replication,10,0.4185373975221337
DNA replication,11,-0.5218005854672552
DNA replication,12,-0.2926380509018235
DNA replication,13,0.4329528397839371
DNA replication,14,-0.04025121286305896
DNA replication,15,0.9411894436593617
DNA replication,16,0.057561444569557266
DNA replication,17,-0.042625432492645714
DNA replication,18,-0.6040399674924475
DNA replication,19,0.24671282537128847
DNA replication,20,-0.0802192113922749
DNA replication,21,0.01798759235155973
DNA replication,22,0.27459289026766337
DNA replication,23,0.38643378049033905
DNA replication,24,-0.062133596504289006
DNA replication,25,-0.24309644093213378
DNA replication,26,-0.021564727580053487
DNA replication,27,-0.19771757855459032
DNA replication,28,-0.17712180032950203
DNA replication,29,0.45454017584195117
DNA replication,30,-0.03306602370758952
DNA replication,31,-0.28164072764676606
DNA replication,32,-0.4143721422671964
DNA replication,33,0.23831756329559683
DNA replication,34,-0.3682048961730654
DNA replication,35,-0.09043589866771377
DNA replication,36,-0.5864757404903779
DNA replication,37,-0.4729181251399085
DNA replication,38,0.08678325964273712
DNA replication,39,-0.45935778266535787
DNA replication,40,0.026865032114892082
DNA replication,41,-0.08705957572496487
DNA replication,42,0.4371127206834483
DNA replication,43,-0.4887384693720026
DNA replication,44,-0.6041064732310665
DNA replication,45,-0.8213407824521528
DNA replication,46,-0.34364348219144747
DNA replication,47,-0.36121122357280766
DNA replication,48,-0.38667233643400384
DNA replication,49,-0.28696120109963724
Mismatch repair,0,-0.16603582428909652
Mismatch repair,1,-0.4876326882534069
Mismatch repair,2,0.10307998294098242
Mismatch repair,3,0.3265355666506783
Mismatch repair,4,-0.0332066175453902
Mismatch repair,5,-0.17045591053768294
Mismatch repair,6,-0.2074013452614853
Mismatch repair,7,-0.44197007009737027
Mismatch repair,8,-0.09099492957634611
Mismatch repair,9,-0.6108195289558622
Mismatch repair,10,-0.3299661578930666
Mismatch repair,11,-0.1785238120776927
Mismatch repair,12,-0.6296583020940826
Mismatch repair,13,0.11019906633427404
Mismatch repair,14,0.5711289018183496
Mismatch repair,15,-0.5483977286707539
Mismatch repair,16,-0.46139203781398974
Mismatch repair,17,-0.31875100387842115
Mismatch repair,18,0.12818456294378805
Mismatch repair,19,0.031565397378679846
Mismatch repair,20,0.08495060517814035
Mismatch repair,21,-0.02567919391720678
Mismatch repair,22,0.4158694695691768
Mismatch repair,23,-0.3230183404362572
Mismatch repair,24,0.022297809162201143
Mismatch repair,25,0.1645609528976464
Mismatch repair,26,0.030642204221969917
Mismatch repair,27,0.09665196458106615
Mismatch repair,28,0.8459368210593853
Mismatch repair,29,0.10549193606219096
Mismatch repair,30,-0.011614216960427064
Mismatch repair,31,0.2696714703218004
Mismatch repair,32,-0.433003318677315
Mismatch repair,33,0.4413338755123522
Mismatch repair,34,-0.3368948505039758
Mismatch repair,35,0.06206952277903946
Mismatch repair,36,0.47380340829695144
Mismatch repair,37,0.13305305632410708
Mismatch repair,38,0.15824491023690787
Mismatch repair,39,0.18718220625378335
Mismatch repair,40,-0.5433073636690965
Mismatch repair,41,0.45704053447143667
Mismatch repair,42,-0.04195027832899707
Mismatch repair,43,-0.48227498566961924
Mismatch repair,44,-0.24330848213984044
Mismatch repair,45,-0.344361745595016
Mismatch repair,46,-0.4331539702711405
Mismatch repair,47,-0.26635790778598
Mismatch repair,48,-0.11285433663676113
Mismatch repair,49,-0.10247391052511437
Base excision repair,0,0.005414127149758737
Base excision repair,1,-0.21891226157909047
Base excision repair,2,-0.3255713113496286
Base excision repair,3,0.29426426314867227
Base excision repair,4,-0.47196511846195777
Base excision repair,5,-0.3751820634181126
Base excision repair,6,-0.3210887211393153
Base excision repair,7,0.6355435255770074
Base excision repair,8,0.06297014834767128
Base excision repair,9,-0.523992916001511
Base excision repair,10,-0.05993651614106683
Base excision repair,11,-0.05832925476400676
Base excision repair,12,0.5925943017680313
Base excision repair,13,-0.3043740302922603
Base excision repair,14,-0.08817604974428409
Base excision repair,15,-0.31498223914972884
Base excision repair,16,-0.16028739526744445
Base excision repair,17,-0.3465139393975761
Base excision repair,18,-0.526435059920511
Base excision repair,19,-0.675434669853048
Base excision repair,20,-0.47812569474509226
Base excision repair,21,-0.4330426866863579
Base excision repair,22,-0.20627787184620475
Base excision repair,23,-0.29700186698785047
Base excision repair,24,0.15000461190281855
Base excision repair,25,0.038816442391904266
Base excision repair,26,-0.09975731228361909
Base excision repair,27,-0.30163158227989073
Base excision repair,28,-0.41347575935064473
Base excision repair,29,0.474732416589966
Base excision repair,30,0.29525711874970717
Base excision repair,31,0.33960266969944075
Base excision repair,32,0.1179356735333163
Base excision repair,33,-0.1639200007697952
Base excision repair,34,0.409207106936209
Base excision repair,35,0.5341158744290557
Base excision repair,36,-0.22920382520541666
Base excision repair,37,-0.45208880975811716
Base excision repair,38,-0.09952360802770227
Base excision repair,39,0.28082121834097296
Base excision repair,40,0.33522458435786034
Base excision repair,41,-0.3431916435954797
Base excision repair,42,-0.4319433470832952
Base excision repair,43,-0.34870152451970876
Base excision repair,44,-0.15588865165793098
Base excision repair,45,-0.1789429060700068
Base excision repair,46,0.08500809995376972
Base excision repair,47,0.4900872338779678
Base excision repair,48,0.456204496225076
Base excision repair,49,0.5782881087657125
Homologous recombination,0,1.0241937982520741
Homologous recombination,1,-0.35706384904991917
Homologous recombination,2,-0.5225887546995418
Homologous recombination,3,0.0912342753276531
Homologous recombination,4,0.3584282072755257
Homologous recombination,5,-0.1566454943046822
Homologous recombination,6,-0.35750579202933985
Homologous recombination,7,-0.5791954544497739
Homologous recombination,8,0.00941164194342261
Homologous recombination,9,0.15982497308788307
Homologous recombination,10,0.18772100271393904
Homologous recombination,11,-0.1244798411841514
Homologous recombination,12,0.09558585402882988
Homologous recombination,13,-0.11474894937384528
Homologous recombination,14,0.6349075731087497
Homologous recombination,15,0.041752458692637544
Homologous recombination,16,0.21695730571356342
Homologous recombination,17,0.025998257748589153
Homologous recombination,18,0.4966048549048151
Homologous recombination,19,0.3999603624588697
Homologous recombination,20,0.2501113145962344
Homologous recombination,21,0.5832981711921537
Homologous recombination,22,0.5202871728655676
Homologous recombination,23,-0.41713345951425573
Homologous recombination,24,-0.507406934768537
Homologous recombination,25,0.10548593023711493
Homologous recombination,26,0.35836024161803776
Homologous recombination,27,0.10901980623579575
Homologous recombination,28,0.4345178759232875
Homologous recombination,29,0.2422693467599057
Homologous recombination,30,-0.7502819948087363
Homologous recombination,31,0.8643897319781477
Homologous recombination,32,-0.34480034488996264
Homologous recombination,33,-0.23781880356386348
Homologous recombination,34,-0.6812049657368
Homologous recombination,35,0.11657406149695862
Homologous recombination,36,-0.4888569911997127
Homologous recombination,37,0.31205219584158767
Homologous recombination,38,0.24095498100605522
Homologous recombination,39,0.6926556836122825
Homologous recombination,40,-0.1876016086781635
Homologous recombination,41,-0.42043579481315774
Homologous recombination,42,-0.042306830017647644
Homologous recombination,43,0.4269545987768044
Homologous recombination,44,-0.13347427527957187
Homologous recombination,45,-0.3794516113506068
Homologous recombination,46,-0.07401768506990877
Homologous recombination,47,0.02032087269937802
Homologous recombination,48,-0.26606733086093426
Homologous recombination,49,0.3312240096685615
