pathway,rep,mean_diff
Cell cycle,0,-0.8101777720427323
Cell cycle,1,-0.17848780386064247
Cell cycle,2,-0.7607111919376793
Cell cycle,3,-0.7239075997005231
Cell cycle,4,-0.5985696478603758
Cell cycle,5,0.394735925302109
Cell cycle,6,-0.38600834884515717
Cell cycle,7,-1.0554129713121432
Cell cycle,8,0.8524770417826009
Cell cycle,9,-1.0606268175208804
Cell cycle,10,-0.6203723217045412
Cell cycle,11,0.5573305141883178
Cell cycle,12,0.10974232752287388
Cell cycle,13,-0.6910009788417268
Cell cycle,14,0.46409239026064686
Cell cycle,15,0.5008227794766404
Cell cycle,16,-0.011830598123893837
Cell cycle,17,-0.14028017017250635
Cell cycle,18,-0.5820764447514633
Cell cycle,19,-0.949234837839029
Cell cycle,20,-1.075675981202568
Cell cycle,21,0.2068687342546503
Cell cycle,22,-0.6006236198552102
Cell cycle,23,-0.5373679731192794
Cell cycle,24,-0.07752181248653814
Cell cycle,25,-0.9075199853622022
Cell cycle,26,0.011176922760933548
Cell cycle,27,-0.11018959331748177
Cell cycle,28,-0.17588647237674476
Cell cycle,29,-0.37007999987347495
Cell cycle,30,0.15105884359629757
Cell cycle,31,-0.800958799324004
Cell cycle,32,-0.5165897745758574
Cell cycle,33,0.9413915322828
Cell cycle,34,0.18237964141081436
Cell cycle,35,-0.29625433959818237
Cell cycle,36,0.5742251620154096
Cell cycle,37,-0.16385528741525815
Cell cycle,38,0.5297220720895365
Cell cycle,39,-0.9595071475836628
Cell cycle,40,0.8071328050287058
Cell cycle,41,-0.8653564836359274
Cell cycle,42,1.0528412691082978
Cell cycle,43,-0.20741197491264893
Cell cycle,44,-0.33877684474475267
Cell cycle,45,-0.6420540040998252
Cell cycle,46,-0.680245590956309
Cell cycle,47,0.14834441862937087
Cell cycle,48,0.13035004327038435
Cell cycle,49,-0.11843056208223222
p53 signaling pathway,0,0.5379406708982711
p53 signaling pathway,1,-0.9556070110622694
p53 signaling pathway,2,-0.8218031340128549
p53 signaling pathway,3,-0.09427372001911141
p53 signaling pathway,4,-0.1345876379217726
p53 signaling pathway,5,-0.8815793661806812
p53 signaling pathway,6,-1.2232563014019242
p53 signaling pathway,7,-0.26714330916345264
p53 signaling pathway,8,0.3027929513591462
p53 signaling pathway,9,0.6790570787350845
p53 signaling pathway,10,-0.7442123857492687
p53 signaling pathway,11,0.3773229693592307
p53 signaling pathway,12,0.5112098945678655
p53 signaling pathway,13,0.17278419620075444
p53 signaling pathway,14,0.2585399575315497
p53 signaling pathway,15,0.36214582727497663
p53 signaling pathway,16,-1.0357395736503028
p53 signaling pathway,17,-1.0337647424405827
p53 signaling pathway,18,-0.4844316319252093
p53 signaling pathway,19,0.12228583296331355
p53 signaling pathway,20,0.8709845798081174
p53 signaling pathway,21,0.610129606204065
p53 signaling pathway,22,-0.233741144362325
p53 signaling pathway,23,-0.2999085473425717
p53 signaling pathway,24,-0.21447972586425146
p53 signaling pathway,25,-0.0711838964199913
p53 signaling pathway,26,0.2659335777087229
p53 signaling pathway,27,0.8209369045545674
p53 signaling pathway,28,0.5404110881611368
p53 signaling pathway,29,-1.3680089582910717
p53 signaling pathway,30,-0.5741245026692361
p53 signaling pathway,31,-0.268897448079227
p53 signaling pathway,32,-0.2310007053808738
p53 signaling pathway,33,0.20339912050181636
p53 signaling pathway,34,-0.5326153455249215
p53 signaling pathway,35,-0.6336070267032641
p53 signaling pathway,36,0.2660801239818547
p53 signaling pathway,37,-0.3040705453704319
p53 signaling pathway,38,0.467583270911078
p53 signaling pathway,39,0.22564257772715865
p53 signaling pathway,40,0.8687856247184738
p53 signaling pathway,41,-0.6851801053839703
p53 signaling pathway,42,0.4524756898272821
p53 signaling pathway,43,-0.1546507247765267
p53 signaling pathway,44,-0.2872873359983556
p53 signaling pathway,45,-0.959883961930313
p53 signaling pathway,46,0.2609165174051222
p53 signaling pathway,47,-0.1617448149019285
p53 signaling pathway,48,-0.3910066609349387
p53 signaling pathway,49,-1.3005153806865954
Cellular senescence,0,-0.2291240708138415
Cellular senescence,1,-0.5754021048124787
Cellular senescence,2,-0.5724847825827666
Cellular senescence,3,0.27943509869735217
Cellular senescence,4,-0.20806086830295878
Cellular senescence,5,0.24609398741568383
Cellular senescence,6,-0.5717193817457089
Cellular senescence,7,-0.009149525410133037
Cellular senescence,8,0.09152803603839531
Cellular senescence,9,1.1184920753469667
Cellular senescence,10,-0.08304252458006975
Cellular senescence,11,-0.03917279829792096
Cellular senescence,12,0.4290022634957034
Cellular senescence,13,0.2742049680885268
Cellular senescence,14,-0.8033617285797847
Cellular senescence,15,0.24399092571078365
Cellular senescence,16,-0.8096963486261475
Cellular senescence,17,-0.12287034584309307
Cellular senescence,18,-0.44557828738315597
Cellular senescence,19,0.16820422503469457
Cellular senescence,20,0.6578567657481411
Cellular senescence,21,-0.7484725171585102
Cellular senescence,22,-1.0010593706990796
Cellular senescence,23,0.0822482241188062
Cellular senescence,24,0.08340602794634004
Cellular senescence,25,-0.7498392586141076
Cellular senescence,26,-0.5316669517318166
Cellular senescence,27,-0.487324244710752
Cellular senescence,28,-0.3492400838429553
Cellular senescence,29,0.14178073366405144
Cellular senescence,30,-0.5476755171367137
Cellular senescence,31,-1.0481898830435732
Cellular senescence,32,0.6033979955487101
Cellular senescence,33,-0.41119086824540557
Cellular senescence,34,0.21602417020082634
Cellular senescence,35,0.6584975462721521
Cellular senescence,36,0.11243048943598546
Cellular senescence,37,-0.1289468979846416
Cellular senescence,38,-0.33563719512493995
Cellular senescence,39,-0.08318676889604959
Cellular senescence,40,-0.5654842954385666
Cellular senescence,41,-0.7953181887838988
Cellular senescence,42,0.513446154866711
Cellular senescence,43,-1.3338382577882073
Cellular senescence,44,-1.0251966079272707
Cellular senescence,45,0.049418414822786645
Cellular senescence,46,-0.8282170350841902
Cellular senescence,47,0.3453199412111105
Cellular senescence,48,-0.6349994659623671
Cellular senescence,49,-0.646798316189238
Apoptosis,0,0.20175789504073283
Apoptosis,1,-0.7997025935260126
Apoptosis,2,0.42008345008650494
Apoptosis,3,-0.8579875874541089
Apoptosis,4,-0.8807796198690603
Apoptosis,5,-0.17541782062598288
Apoptosis,6,-0.439432392530112
Apoptosis,7,0.36507793570862745
Apoptosis,8,-0.27210852477774855
Apoptosis,9,0.1686350228682819
Apoptosis,10,0.07458576262500591
Apoptosis,11,-1.0987921575701924
Apoptosis,12,-0.34524133445275557
Apoptosis,13,0.5876192022102642
Apoptosis,14,-0.6901936109351927
Apoptosis,15,-0.157143885719697
Apoptosis,16,0.13641715984465794
Apoptosis,17,0.23162573006851722
Apoptosis,18,-0.01907237482431652
Apoptosis,19,-0.6773497856388979
Apoptosis,20,-0.6814728134271738
Apoptosis,21,0.1247795586183088
Apoptosis,22,-0.1607791749310165
Apoptosis,23,0.8584846632987894
Apoptosis,24,-0.024224772968375857
Apoptosis,25,-1.1336087278068798
Apoptosis,26,0.749492854967768
Apoptosis,27,0.17348404641410758
Apoptosis,28,0.15362944731760117
Apoptosis,29,-0.6869822718082761
Apoptosis,30,0.842675616753669
Apoptosis,31,-0.6844772661451104
Apoptosis,32,-0.34673112680467244
Apoptosis,33,-0.1648431953935689
Apoptosis,34,0.8066149102952319
Apoptosis,35,-0.9686794166321756
Apoptosis,36,-0.7209508386069823
Apoptosis,37,-0.06621017654035853
Apoptosis,38,0.7582583732451172
Apoptosis,39,-0.9400858695948805
Apoptosis,40,0.4908283749500306
Apoptosis,41,-0.6081964669256643
Apoptosis,42,-0.7602880981288389
Apoptosis,43,-0.8972795621934418
Apoptosis,44,-0.33196174689150604
Apoptosis,45,-0.5122821380228787
Apoptosis,46,-0.4854746079234975
Apoptosis,47,-1.1062793114788831
Apoptosis,48,0.7591054320769991
Apoptosis,49,-0.32876650125166806
Necroptosis,0,-0.7977709915587099
Necroptosis,1,0.27810714530878583
Necroptosis,2,0.39952405668215835
Necroptosis,3,-0.40066297798397627
Necroptosis,4,-0.035897229631217505
Necroptosis,5,-0.5772078759582041
Necroptosis,6,-0.43862527401107665
Necroptosis,7,-0.6747241735157431
Necroptosis,8,0.303741468885677
Necroptosis,9,0.7889467461204127
Necroptosis,10,-0.3358563908434784
Necroptosis,11,0.5202398042074015
Necroptosis,12,-1.116916622320188
Necroptosis,13,0.433098753112514
Necroptosis,14,-0.6229858085726052
Necroptosis,15,-0.00948969695982696
Necroptosis,16,0.25648795699130617
Necroptosis,17,-0.8168622759796195
Necroptosis,18,0.27386666768539947
Necroptosis,19,-0.08069321841724142
Necroptosis,20,-0.6814943830502288
Necroptosis,21,-0.38959788730514244
Necroptosis,22,-0.6384438441723431
Necroptosis,23,-0.04404678735242254
Necroptosis,24,0.656507222598372
Necroptosis,25,-0.9559287568612131
Necroptosis,26,-0.3604116888640226
Necroptosis,27,-1.107427829128156
Necroptosis,28,-0.38091760072964037
Necroptosis,29,-0.30814116265173835
Necroptosis,30,0.15742623676498854
Necroptosis,31,-1.0100211398099423
Necroptosis,32,0.49366385841106547
Necroptosis,33,0.4702660618570362
Necroptosis,34,0.08074563418650463
Necroptosis,35,-0.01622975090083545
Necroptosis,36,0.33990658648881955
Necroptosis,37,-0.6736326967649826
Necroptosis,38,-0.5305610820707776
Necroptosis,39,-0.8187745885987616
Necroptosis,40,-0.13172677029584418
Necroptosis,41,-0.0360043356609263
Necroptosis,42,0.27930987156414017
Necroptosis,43,1.0938010587702773
Necroptosis,44,0.32841274064594483
Necroptosis,45,-0.9737321331774369
Necroptosis,46,-0.6172837922098694
Necroptosis,47,0.45517650189504577
Necroptosis,48,0.41695599502565306
Necroptosis,49,-1.2984337401077706
Ferroptosis,0,-0.26266302411653863
Ferroptosis,1,0.25899597724451157
Ferroptosis,2,-0.25865492617934793
Ferroptosis,3,0.8532113500200773
Ferroptosis,4,-0.42815822510012913
Ferroptosis,5,-0.00847322042035021
Ferroptosis,6,-0.061719445084195024
Ferroptosis,7,0.6658737244603788
Ferroptosis,8,-0.8413965119912887
Ferroptosis,9,-1.0193168174975533
Ferroptosis,10,1.1391448187229976
Ferroptosis,11,0.3380436969324313
Ferroptosis,12,-0.4520020754545667
Ferroptosis,13,-0.8668754492882129
Ferroptosis,14,-0.2070096962506837
Ferroptosis,15,0.14463700724583614
Ferroptosis,16,0.45829107672333386
Ferroptosis,17,-0.6458583994868867
Ferroptosis,18,0.012104128047921887
Ferroptosis,19,0.12005125118716609
Ferroptosis,20,1.0437981643443055
Ferroptosis,21,0.9581679689123769
Ferroptosis,22,-0.2591376176777659
Ferroptosis,23,0.8046592327576922
Ferroptosis,24,0.7386352904766839
Ferroptosis,25,-1.1297329188228271
Ferroptosis,26,0.5697901085169184
Ferroptosis,27,0.7211742254758777
Ferroptosis,28,-0.25284773376964653
Ferroptosis,29,-0.08692269183111184
Ferroptosis,30,0.46557271798924277
Ferroptosis,31,0.5368351474071971
Ferroptosis,32,-0.19348322351014785
Ferroptosis,33,0.6076779474469317
Ferroptosis,34,0.6471516515394043
Ferroptosis,35,-0.5917933378488557
Ferroptosis,36,0.3456300881236929
Ferroptosis,37,-1.0312155767010354
Ferroptosis,38,-0.3491563111027235
Ferroptosis,39,1.0453121796966713
Ferroptosis,40,0.5715714175266046
Ferroptosis,41,0.27593158354092684
Ferroptosis,42,-0.15660194730111274
Ferroptosis,43,-0.5151803853188304
Ferroptosis,44,-0.8582404856589652
Ferroptosis,45,-0.7384875596687627
Ferroptosis,46,-1.4823648223683588
Ferroptosis,47,-0.5851178301234848
Ferroptosis,48,0.32179820263982895
Ferroptosis,49,-0.2997214414236368
Autophagy,0,-0.009385659033012375
Autophagy,1,-0.5342307806916271
Autophagy,2,-0.9895800881191293
Autophagy,3,0.5134896855052159
Autophagy,4,-0.4303208984415947
Autophagy,5,-0.2868100677124289
Autophagy,6,0.785498844367692
Autophagy,7,0.12156268191946093
Autophagy,8,-0.34167323996048465
Autophagy,9,0.8511654883605789
Autophagy,10,0.5622079457932501
Autophagy,11,-1.1923639226877578
Autophagy,12,0.2683919593369493
Autophagy,13,-1.4830238547291756
Autophagy,14,-0.848456086047839
Autophagy,15,-0.9921098898302028
Autophagy,16,0.15379795088737236
Autophagy,17,-0.019597500756667746
Autophagy,18,-1.0766469591188754
Autophagy,19,-0.14067140454407948
Autophagy,20,-0.9714271891330555
Autophagy,21,0.11761549310210043
Autophagy,22,-1.0313140233199247
Autophagy,23,-1.1458943990270491
Autophagy,24,-0.98664031648473
Autophagy,25,-0.16654396311056943
Autophagy,26,-1.2940773683967906
Autophagy,27,-0.4916431877553373
Autophagy,28,-0.9514586399453056
Autophagy,29,0.594942528267475
Autophagy,30,-0.7439711948510496
Autophagy,31,-1.135772995751538
Autophagy,32,-0.34966245067490986
Autophagy,33,0.7218956679562794
Autophagy,34,-0.8583981988009743
Autophagy,35,-0.06728655251956704
Autophagy,36,-0.017021451079201718
Autophagy,37,-1.0200024095018423
Autophagy,38,0.9287799214614442
Autophagy,39,0.5400774667187458
Autophagy,40,-0.7478065736637403
Autophagy,41,-0.04531892360103513
Autophagy,42,0.38059616987474676
Autophagy,43,0.4258568898937134
Autophagy,44,-0.3452281721932857
Autophagy,45,-0.047766643339285514
Autophagy,46,-0.651212201704778
Autophagy,47,-1.0275737357196901
Autophagy,48,-0.3139877541252285
Autophagy,49,-0.16019987822940235
Mitophagy,0,-0.8397121511250182
Mitophagy,1,-0.46833226126097766
Mitophagy,2,-0.099029185582676
Mitophagy,3,0.5650669675675023
Mitophagy,4,0.07741821989900563
Mitophagy,5,0.6776852459919864
Mitophagy,6,-0.12362735355016333
Mitophagy,7,0.3887912330397559
Mitophagy,8,-1.2493679854706312
Mitophagy,9,1.006794779957695
Mitophagy,10,-0.3286398393109919
Mitophagy,11,-0.1942061589436971
Mitophagy,12,-0.9671662151514765
Mitophagy,13,-0.4764486111682248
Mitophagy,14,0.06128893269463157
Mitophagy,15,-0.20916982864844674
Mitophagy,16,0.48365924661059917
Mitophagy,17,-0.3986520948383835
Mitophagy,18,-1.1980348293228729
Mitophagy,19,0.020756425838002385
Mitophagy,20,-0.1630035449134295
Mitophagy,21,-1.3489978852335545
Mitophagy,22,0.005435507977387843
Mitophagy,23,0.8407116713588404
Mitophagy,24,-0.13873634425848846
Mitophagy,25,0.7776406563175433
Mitophagy,26,-0.5493084492099356
Mitophagy,27,-0.8856893538382717
Mitophagy,28,0.2452107899580181
Mitophagy,29,0.7650415689461532
Mitophagy,30,0.16679330524648475
Mitophagy,31,-0.540761961236682
Mitophagy,32,0.21410050383815754
Mitophagy,33,0.2855512605271152
Mitophagy,34,-0.34982837512207376
Mitophagy,35,1.0081667315253062
Mitophagy,36,0.837959903338383
Mitophagy,37,0.12096452980496905
Mitophagy,38,-0.7206729632008596
Mitophagy,39,-0.7636319450000902
Mitophagy,40,0.3012997924793546
Mitophagy,41,-0.4847820550112251
Mitophagy,42,-0.22691195365811997
Mitophagy,43,-0.8837473610151951
Mitophagy,44,0.13215958127841892
Mitophagy,45,-0.8655542223436078
Mitophagy,46,0.19727068374257334
Mitophagy,47,-0.6205684630792525
Mitophagy,48,-1.0419962215855023
Mitophagy,49,0.534437132476612
MAPK signaling pathway,0,-0.8459965528233244
MAPK signaling pathway,1,-0.5050149185001375
MAPK signaling pathway,2,0.4521150701917239
MAPK signaling pathway,3,-0.5307571019183654
MAPK signaling pathway,4,-0.10814189044505503
MAPK signaling pathway,5,-0.10401643398417289
MAPK signaling pathway,6,-0.5136588231953061
MAPK signaling pathway,7,0.5542492768318544
MAPK signaling pathway,8,-0.6382110235427899
MAPK signaling pathway,9,-0.6885527447831186
MAPK signaling pathway,10,-0.07962012418827949
MAPK signaling pathway,11,-0.04646543964200141
MAPK signaling pathway,12,-0.07266646463977403
MAPK signaling pathway,13,-0.36001223047191727
MAPK signaling pathway,14,0.34960919618583014
MAPK signaling pathway,15,-0.013056804301112626
MAPK signaling pathway,16,-0.231689033892298
MAPK signaling pathway,17,-0.4181830448775132
MAPK signaling pathway,18,-0.6717684046747696
MAPK signaling pathway,19,0.3470100784734882
MAPK signaling pathway,20,0.05206507958028947
MAPK signaling pathway,21,0.09472095188870203
MAPK signaling pathway,22,-1.0359045466164158
MAPK signaling pathway,23,-0.2949438810376644
MAPK signaling pathway,24,-0.19016495019037968
MAPK signaling pathway,25,0.002017917279401207
MAPK signaling pathway,26,-0.9326304628289662
MAPK signaling pathway,27,0.3448175665587354
MAPK signaling pathway,28,-0.9326467510268411
MAPK signaling pathway,29,0.21240053859020933
MAPK signaling pathway,30,0.20615491676644068
MAPK signaling pathway,31,-0.37585394746248396
MAPK signaling pathway,32,-0.9671148478563756
MAPK signaling pathway,33,0.3372360951313121
MAPK signaling pathway,34,0.0798013782704449
MAPK signaling pathway,35,-0.07991158703820309
MAPK signaling pathway,36,-0.14222620740694905
MAPK signaling pathway,37,-1.094543766179423
MAPK signaling pathway,38,-0.5731121009533791
MAPK signaling pathway,39,0.9406610273836017
MAPK signaling pathway,40,-0.8119966368596032
MAPK signaling pathway,41,0.4212561467278777
MAPK signaling pathway,42,-0.8854748715644212
MAPK signaling pathway,43,-0.13242985760288334
MAPK signaling pathway,44,-0.3783581149328903
MAPK signaling pathway,45,0.1008423963819968
MAPK signaling pathway,46,-0.03824495849096987
MAPK signaling pathway,47,-0.3778391824057258
MAPK signaling pathway,48,0.21786115979360454
MAPK signaling pathway,49,0.45513791665046543
PI3K-Akt signaling pathway,0,0.2964152544540079
PI3K-Akt signaling pathway,1,-0.5529799303354196
PI3K-Akt signaling pathway,2,0.30030807451325464
PI3K-Akt signaling pathway,3,0.11806630021129982
PI3K-Akt signaling pathway,4,-0.283117291054295
PI3K-Akt signaling pathway,5,0.060406006468026324
PI3K-Akt signaling pathway,6,-0.8894799335350037
PI3K-Akt signaling pathway,7,-1.1017973968361536
PI3K-Akt signaling pathway,8,-0.248547905298949
PI3K-Akt signaling pathway,9,-0.4119382688747566
PI3K-Akt signaling pathway,10,0.009359582919175102
PI3K-Akt signaling pathway,11,-0.47549340884192715
PI3K-Akt signaling pathway,12,0.279800279421188
PI3K-Akt signaling pathway,13,-0.2382587058407386
PI3K-Akt signaling pathway,14,0.24431586975529043
PI3K-Akt signaling pathway,15,-0.7585294161005207
PI3K-Akt signaling pathway,16,-0.5682091145692972
PI3K-Akt signaling pathway,17,-0.0667190224603798
PI3K-Akt signaling pathway,18,-1.3380407858485088
PI3K-Akt signaling pathway,19,-0.2839997061065168
PI3K-Akt signaling pathway,20,-0.15214696221785426
PI3K-Akt signaling pathway,21,0.45066349496168917
PI3K-Akt signaling pathway,22,0.27203513295437676
PI3K-Akt signaling pathway,23,0.10714421120187329
PI3K-Akt signaling pathway,24,0.22751811831733512
PI3K-Akt signaling pathway,25,-0.6818498760515334
PI3K-Akt signaling pathway,26,-0.3276824368951052
PI3K-Akt signaling pathway,27,-0.17305818813295096
PI3K-Akt signaling pathway,28,0.3243592302986382
PI3K-Akt signaling pathway,29,-0.23227582308294123
PI3K-Akt signaling pathway,30,0.3195655880226521
PI3K-Akt signaling pathway,31,-0.7139039879584886
PI3K-Akt signaling pathway,32,-0.20990800114245076
PI3K-Akt signaling pathway,33,0.46915012279507917
PI3K-Akt signaling pathway,34,-0.3108250489694863
PI3K-Akt signaling pathway,35,-0.9343381508544315
PI3K-Akt signaling pathway,36,-0.898416419394103
PI3K-Akt signaling pathway,37,-0.6351940651847465
PI3K-Akt signaling pathway,38,0.27924904218544055
PI3K-Akt signaling pathway,39,0.48514274877742397
PI3K-Akt signaling pathway,40,-0.12864283603434834
PI3K-Akt signaling pathway,41,-0.05021702436915873
PI3K-Akt signaling pathway,42,0.4735971527452352
PI3K-Akt signaling pathway,43,1.018815623762904
PI3K-Akt signaling pathway,44,-0.09477811286273376
PI3K-Akt signaling pathway,45,-0.21648131074827007
PI3K-Akt signaling pathway,46,-0.05927379289905141
PI3K-Akt signaling pathway,47,-1.1638581713872467
PI3K-Akt signaling pathway,48,-0.3793529758563523
PI3K-Akt signaling pathway,49,-0.6721048129316728
Ras signaling pathway,0,-0.9095055106583856
Ras signaling pathway,1,-0.33398696337051476
Ras signaling pathway,2,-0.7202726444873698
Ras signaling pathway,3,-0.520121985391529
Ras signaling pathway,4,-0.3025715449171134
Ras signaling pathway,5,-0.6345053660283729
Ras signaling pathway,6,0.0007879506625295685
Ras signaling pathway,7,-0.052750752944535254
Ras signaling pathway,8,0.062205074518132245
Ras signaling pathway,9,-0.12958660605246403
Ras signaling pathway,10,-0.3525675349128271
Ras signaling pathway,11,-0.9529505557797134
Ras signaling pathway,12,-0.17114676508385454
Ras signaling pathway,13,-0.8277478451507485
Ras signaling pathway,14,-0.6530494042505173
Ras signaling pathway,15,0.01663726851289398
Ras signaling pathway,16,-0.2354763660675617
Ras signaling pathway,17,-0.22239232306461637
Ras signaling pathway,18,-0.3025199880567128
Ras signaling pathway,19,-0.18536540859558467
Ras signaling pathway,20,-0.6893190473223225
Ras signaling pathway,21,0.7086806382559586
Ras signaling pathway,22,-1.1145290369696563
Ras signaling pathway,23,-0.8554638466938635
Ras signaling pathway,24,-0.7358492673358722
Ras signaling pathway,25,-0.910599801647887
Ras signaling pathway,26,-1.1603548514845063
Ras signaling pathway,27,0.666893044787854
Ras signaling pathway,28,-0.7892594840155834
Ras signaling pathway,29,-0.8684847021403261
Ras signaling pathway,30,0.2071757145446157
Ras signaling pathway,31,0.47596206157245036
Ras signaling pathway,32,0.4659713280494177
Ras signaling pathway,33,-0.24209928838356137
Ras signaling pathway,34,0.3216728638335466
Ras signaling pathway,35,0.5144425466641634
Ras signaling pathway,36,0.1550821643471004
Ras signaling pathway,37,0.06794053971592395
Ras signaling pathway,38,-0.7204361156391376
Ras signaling pathway,39,0.03422325796734949
Ras signaling pathway,40,0.06604758349038874
Ras signaling pathway,41,0.2275966962293096
Ras signaling pathway,42,-0.07135208812927994
Ras signaling pathway,43,-0.16747711985712882
Ras signaling pathway,44,-0.5566787263459267
Ras signaling pathway,45,-0.5064470949268266
Ras signaling pathway,46,-0.08363432377501066
Ras signaling pathway,47,0.15288819399121475
Ras signaling pathway,48,-0.19894418159815452
Ras signaling pathway,49,-0.8345273850417572
Rap1 signaling pathway,0,0.8193203493615338
Rap1 signaling pathway,1,-0.8702268330284031
Rap1 signaling pathway,2,-0.553073918686642
Rap1 signaling pathway,3,0.0507870400657105
Rap1 signaling pathway,4,-0.623203156941943
Rap1 signaling pathway,5,0.7558443817612202
Rap1 signaling pathway,6,0.6518759268449174
Rap1 signaling pathway,7,0.6553007367414353
Rap1 signaling pathway,8,-0.7277236668525039
Rap1 signaling pathway,9,-0.2981130694090841
Rap1 signaling pathway,10,0.5294713642896313
Rap1 signaling pathway,11,-0.48808739186514943
Rap1 signaling pathway,12,0.7795099426156042
Rap1 signaling pathway,13,-0.16920792585854733
Rap1 signaling pathway,14,0.6028207274492017
Rap1 signaling pathway,15,-0.9509200255158077
Rap1 signaling pathway,16,0.2879029410661218
Rap1 signaling pathway,17,-0.008315212256878878
Rap1 signaling pathway,18,0.2138414648318715
Rap1 signaling pathway,19,1.0723959465351858
Rap1 signaling pathway,20,0.2673171584140844
Rap1 signaling pathway,21,0.557853318355709
Rap1 signaling pathway,22,-1.0784757844096808
Rap1 signaling pathway,23,0.5845820960195759
Rap1 signaling pathway,24,-0.47088960284975134
Rap1 signaling pathway,25,-0.3216321315181471
Rap1 signaling pathway,26,0.32675790623743856
Rap1 signaling pathway,27,0.21018748636890758
Rap1 signaling pathway,28,-0.05404185875731136
Rap1 signaling pathway,29,-1.421659287086575
Rap1 signaling pathway,30,0.17741792166427905
Rap1 signaling pathway,31,-0.25045664123416655
Rap1 signaling pathway,32,-0.9183447638530957
Rap1 signaling pathway,33,0.5125149284552537
Rap1 signaling pathway,34,0.615444795270883
Rap1 signaling pathway,35,-0.8693586681524228
Rap1 signaling pathway,36,-0.7937028867283212
Rap1 signaling pathway,37,-0.8605664284567348
Rap1 signaling pathway,38,-0.16940558432569286
Rap1 signaling pathway,39,0.12281101641241869
Rap1 signaling pathway,40,-0.3928428821292325
Rap1 signaling pathway,41,0.11975505782082468
Rap1 signaling pathway,42,-0.1426666371812548
Rap1 signaling pathway,43,-0.6113638696626195
Rap1 signaling pathway,44,-0.22115575748811594
Rap1 signaling pathway,45,-0.4944386682593737
Rap1 signaling pathway,46,-0.880648127986071
Rap1 signaling pathway,47,-0.1337652288266604
Rap1 signaling pathway,48,0.6633729170181992
Rap1 signaling pathway,49,0.3260641137272882
ErbB signaling pathway,0,-0.5174774982181568
ErbB signaling pathway,1,-0.8895467710834909
ErbB signaling pathway,2,-0.6166931664081551
ErbB signaling pathway,3,0.02263305245212134
ErbB signaling pathway,4,0.1798693894727388
ErbB signaling pathway,5,-0.1986485351143104
ErbB signaling pathway,6,-0.5567378385843181
ErbB signaling pathway,7,-0.34661512476673595
ErbB signaling pathway,8,-0.629814124911166
ErbB signaling pathway,9,0.004989636325643476
ErbB signaling pathway,10,0.38814259406998075
ErbB signaling pathway,11,0.11198143818629905
ErbB signaling pathway,12,0.15183481024310638
ErbB signaling pathway,13,0.09661737762789865
ErbB signaling pathway,14,-0.4542445655326535
ErbB signaling pathway,15,0.2932857605358473
ErbB signaling pathway,16,0.289091464373039
ErbB signaling pathway,17,0.9275509312058368
ErbB signaling pathway,18,-0.6668358646306449
ErbB signaling pathway,19,-0.6381150055527818
ErbB signaling pathway,20,-0.8868687962788062
ErbB signaling pathway,21,-0.109096130503463
ErbB signaling pathway,22,-0.3241058524467838
ErbB signaling pathway,23,-0.21781961398042632
ErbB signaling pathway,24,-1.1375238117958184
ErbB signaling pathway,25,0.09418313703949024
ErbB signaling pathway,26,-1.0133632827989203
ErbB signaling pathway,27,0.4223995220799426
ErbB signaling pathway,28,-0.8957255820974913
ErbB signaling pathway,29,-0.31919276467481933
ErbB signaling pathway,30,0.3254230780995352
ErbB signaling pathway,31,0.2690683507438783
ErbB signaling pathway,32,0.48432371341137687
ErbB signaling pathway,33,-0.508336563916393
ErbB signaling pathway,34,0.01748723198281038
ErbB signaling pathway,35,-0.13709058086047649
ErbB signaling pathway,36,0.16900420630553126
ErbB signaling pathway,37,0.03492038781671096
ErbB signaling pathway,38,0.24858710641900414
ErbB signaling pathway,39,1.114315557748305
ErbB signaling pathway,40,0.5281288636232547
ErbB signaling pathway,41,0.22825364381167024
ErbB signaling pathway,42,-0.9791833307148079
ErbB signaling pathway,43,0.2347918510904159
ErbB signaling pathway,44,-0.7013713468351791
ErbB signaling pathway,45,-0.6391632920827264
ErbB signaling pathway,46,0.5866739904610963
ErbB signaling pathway,47,-0.2503435491527277
ErbB signaling pathway,48,0.510869091158248
ErbB signaling pathway,49,-0.26425808380243493
mTOR signaling pathway,0,0.24250959809442454
mTOR signaling pathway,1,0.21877320248577115
mTOR signaling pathway,2,0.4206262016930057
mTOR signaling pathway,3,-1.0686542730221917
mTOR signaling pathway,4,-1.1420491711583585
mTOR signaling pathway,5,-0.061810086665531914
mTOR signaling pathway,6,0.6784623332516799
mTOR signaling pathway,7,-0.25636325888906364
mTOR signaling pathway,8,-0.9494469164872288
mTOR signaling pathway,9,0.21762977730379307
mTOR signaling pathway,10,0.1982509779920512
mTOR signaling pathway,11,0.00942653738937449
mTOR signaling pathway,12,-0.6161186184223661
mTOR signaling pathway,13,-0.13063981915627773
mTOR signaling pathway,14,-0.12960618021956283
mTOR signaling pathway,15,0.8407546566430409
mTOR signaling pathway,16,0.05812533685125962
mTOR signaling pathway,17,0.6184463813217844
mTOR signaling pathway,18,-0.04221651991832072
mTOR signaling pathway,19,0.32009864056018
mTOR signaling pathway,20,0.9478764602778132
mTOR signaling pathway,21,0.8174814355218835
mTOR signaling pathway,22,-0.0035894797644264453
mTOR signaling pathway,23,-0.09980982208478041
mTOR signaling pathway,24,0.21554507494236833
mTOR signaling pathway,25,-0.6916644778809165
mTOR signaling pathway,26,-0.5319449405381943
mTOR signaling pathway,27,-0.18221555571675968
mTOR signaling pathway,28,-0.9078089945669757
mTOR signaling pathway,29,0.06679940128101233
mTOR signaling pathway,30,-0.8066459971322727
mTOR signaling pathway,31,-0.4184941756152046
mTOR signaling pathway,32,0.08636715433526451
mTOR signaling pathway,33,-0.2338927416989564
mTOR signaling pathway,34,0.09083613770305907
mTOR signaling pathway,35,-0.06862521719898135
mTOR signaling pathway,36,-0.5283768852179265
mTOR signaling pathway,37,-0.08010513726517385
mTOR signaling pathway,38,0.10857237565203762
mTOR signaling pathway,39,-0.17366102433985092
mTOR signaling pathway,40,-0.8805743768797858
mTOR signaling pathway,41,-0.7795917191288786
mTOR signaling pathway,42,0.6987836320870954
mTOR signaling pathway,43,-0.0537514864219546
mTOR signaling pathway,44,0.15677949213453382
mTOR signaling pathway,45,-0.9668363621111594
mTOR signaling pathway,46,-0.359989128318865
mTOR signaling pathway,47,-0.5847290537853135
mTOR signaling pathway,48,0.1195705285018878
mTOR signaling pathway,49,0.8802076952386915
AMPK signaling pathway,0,0.9013402749129485
AMPK signaling pathway,1,-0.9514568790811893
AMPK signaling pathway,2,-0.013058140740644986
AMPK signaling pathway,3,-0.48201704181714117
AMPK signaling pathway,4,-0.4654940039267893
AMPK signaling pathway,5,-0.033495274549599774
AMPK signaling pathway,6,-0.05057592186197457
AMPK signaling pathway,7,-0.03162013963668763
AMPK signaling pathway,8,-1.1010605593433238
AMPK signaling pathway,9,-0.4847561904277692
AMPK signaling pathway,10,0.14224752447434613
AMPK signaling pathway,11,-0.45081741049779256
AMPK signaling pathway,12,-0.4053739684711548
AMPK signaling pathway,13,0.23711917743685024
AMPK signaling pathway,14,-0.7631514833172599
AMPK signaling pathway,15,0.1161602651855489
AMPK signaling pathway,16,0.4388959291168169
AMPK signaling pathway,17,0.07027791985402056
AMPK signaling pathway,18,-0.1651149595276012
AMPK signaling pathway,19,0.3549169058857959
AMPK signaling pathway,20,0.45146951310705785
AMPK signaling pathway,21,-0.3354441713156372
AMPK signaling pathway,22,-0.36322120909345457
AMPK signaling pathway,23,-0.29503044547355156
AMPK signaling pathway,24,-0.5319147976101636
AMPK signaling pathway,25,0.4917180424671234
AMPK signaling pathway,26,0.7831493572155316
AMPK signaling pathway,27,-0.17431654270573219
AMPK signaling pathway,28,0.10716532269206422
AMPK signaling pathway,29,-0.5108017532561566
AMPK signaling pathway,30,-0.5193241782645195
AMPK signaling pathway,31,0.28214184152559757
AMPK signaling pathway,32,-0.6782833062047767
AMPK signaling pathway,33,0.9726104147330733
AMPK signaling pathway,34,-0.6381349625758134
AMPK signaling pathway,35,-0.2164467375444323
AMPK signaling pathway,36,0.3554180609987864
AMPK signaling pathway,37,0.0388190859324285
AMPK signaling pathway,38,0.3264215931952642
AMPK signaling pathway,39,-0.6986128362394438
AMPK signaling pathway,40,-0.9156788240548137
AMPK signaling pathway,41,-1.1774720522825541
AMPK signaling pathway,42,-0.00037040849176388224
AMPK signaling pathway,43,-0.8085448446446202
AMPK signaling pathway,44,0.05758640915983732
AMPK signaling pathway,45,0.8816615042751882
AMPK signaling pathway,46,-0.7091430686295918
AMPK signaling pathway,47,-0.9956114979923074
AMPK signaling pathway,48,-0.4772381450902779
AMPK signaling pathway,49,-0.7976041058731216
FoxO signaling pathway,0,-0.0528900966159709
FoxO signaling pathway,1,-0.7667031741062105
FoxO signaling pathway,2,-0.5350152891834258
FoxO signaling pathway,3,0.24321405116304415
FoxO signaling pathway,4,-0.944932845599434
FoxO signaling pathway,5,0.08368389525955858
FoxO signaling pathway,6,-0.5326996837408994
FoxO signaling pathway,7,-0.6159013749805424
FoxO signaling pathway,8,0.09485536753422494
FoxO signaling pathway,9,-1.0674025458715768
FoxO signaling pathway,10,0.6816643868081006
FoxO signaling pathway,11,-0.6840995549610333
FoxO signaling pathway,12,-0.24608671105466035
FoxO signaling pathway,13,0.6629615578327253
FoxO signaling pathway,14,0.3926963059247067
FoxO signaling pathway,15,0.531256571173003
FoxO signaling pathway,16,-0.7457240587478036
FoxO signaling pathway,17,-0.1632669867203338
FoxO signaling pathway,18,-0.14252406898785813
FoxO signaling pathway,19,-0.47115921281121637
FoxO signaling pathway,20,0.12432125563245466
FoxO signaling pathway,21,-0.7850835126502107
FoxO signaling pathway,22,-0.5050671640567407
FoxO signaling pathway,23,-1.037247370730294
FoxO signaling pathway,24,-0.38391835830345
FoxO signaling pathway,25,-0.36766401255396686
FoxO signaling pathway,26,-0.8603160050754903
FoxO signaling pathway,27,0.5602243692446808
FoxO signaling pathway,28,-0.11070899529408251
FoxO signaling pathway,29,-0.05384426781612117
FoxO signaling pathway,30,-0.7614844213256632
FoxO signaling pathway,31,-1.1314303197699624
FoxO signaling pathway,32,0.6638997447937184
FoxO signaling pathway,33,0.06871574332927541
FoxO signaling pathway,34,0.359751017418669
FoxO signaling pathway,35,-0.952805578586315
FoxO signaling pathway,36,-0.02390418739401809
FoxO signaling pathway,37,-0.45776232504916264
FoxO signaling pathway,38,0.2170767037718507
FoxO signaling pathway,39,0.04988841211432969
FoxO signaling pathway,40,0.5216649715975922
FoxO signaling pathway,41,-1.107555786066264
FoxO signaling pathway,42,0.45002238580493037
FoxO signaling pathway,43,-1.227985994666077
FoxO signaling pathway,44,-0.548672628336555
FoxO signaling pathway,45,-0.15446191771403547
FoxO signaling pathway,46,-0.4164696476962359
FoxO signaling pathway,47,0.15351540456199192
FoxO signaling pathway,48,0.2939291501055662
FoxO signaling pathway,49,-0.964266026105958
Hippo signaling pathway,0,-0.5429127475589589
Hippo signaling pathway,1,-1.0843942648687608
Hippo signaling pathway,2,0.1040610242345682
Hippo signaling pathway,3,-1.1307392189257084
Hippo signaling pathway,4,-0.3028175475565402
Hippo signaling pathway,5,0.2196736582461325
Hippo signaling pathway,6,0.15903927029759052
Hippo signaling pathway,7,-0.5443754547179297
Hippo signaling pathway,8,-0.05416939281797328
Hippo signaling pathway,9,-0.34489286569361466
Hippo signaling pathway,10,-0.15313783552321367
Hippo signaling pathway,11,-0.25865423157334266
Hippo signaling pathway,12,-0.05647648016025009
Hippo signaling pathway,13,-0.9352309803529888
Hippo signaling pathway,14,0.19114673794358672
Hippo signaling pathway,15,0.15804452653471568
Hippo signaling pathway,16,0.9164572981625172
Hippo signaling pathway,17,-1.2278467416797516
Hippo signaling pathway,18,-0.5616123849208301
Hippo signaling pathway,19,-0.039178215009457645
Hippo signaling pathway,20,0.2958895939066468
Hippo signaling pathway,21,0.34309788115482
Hippo signaling pathway,22,-0.17440432528610622
Hippo signaling pathway,23,-0.49169692265126086
Hippo signaling pathway,24,-0.05278188139454754
Hippo signaling pathway,25,-0.49620102378133113
Hippo signaling pathway,26,-0.17027659966179864
Hippo signaling pathway,27,0.2441078860448036
Hippo signaling pathway,28,-0.3500338457313706
Hippo signaling pathway,29,-0.5445353607728204
Hippo signaling pathway,30,0.1782791026438844
Hippo signaling pathway,31,-0.21916267915639223
Hippo signaling pathway,32,0.5237717352491672
Hippo signaling pathway,33,-0.8859375814785165
Hippo signaling pathway,34,-0.793982693710362
Hippo signaling pathway,35,-0.9087795095660774
Hippo signaling pathway,36,-0.5856437095608711
Hippo signaling pathway,37,-0.26361526621488734
Hippo signaling pathway,38,-0.4398935532155218
Hippo signaling pathway,39,-0.9334119764840101
Hippo signaling pathway,40,-0.6291683336681552
Hippo signaling pathway,41,-0.33231676762571905
Hippo signaling pathway,42,0.8435989591313005
Hippo signaling pathway,43,-0.2511044982988411
Hippo signaling pathway,44,0.5936476097164147
Hippo signaling pathway,45,0.7015611360960029
Hippo signaling pathway,46,0.03644735641096365
Hippo signaling pathway,47,0.2730604991068886
Hippo signaling pathway,48,0.09435388132520937
Hippo signaling pathway,49,-0.42999857314250556
Wnt signaling pathway,0,0.12553683479267763
Wnt signaling pathway,1,0.15203483100489734
Wnt signaling pathway,2,-0.9224430163536196
Wnt signaling pathway,3,-0.34774954838774697
Wnt signaling pathway,4,-0.8278436572325096
Wnt signaling pathway,5,-1.1757708847206514
Wnt signaling pathway,6,-0.9879115855118806
Wnt signaling pathway,7,-0.762612443003722
Wnt signaling pathway,8,-0.5097150256734372
Wnt signaling pathway,9,-0.2833361681621971
Wnt signaling pathway,10,-0.48134016218977616
Wnt signaling pathway,11,-0.7227016721244762
Wnt signaling pathway,12,0.270814981765
Wnt signaling pathway,13,0.05540558991938607
Wnt signaling pathway,14,-0.9538332535180386
Wnt signaling pathway,15,0.3958930625059028
Wnt signaling pathway,16,-1.0448855989116081
Wnt signaling pathway,17,0.1104116139928833
Wnt signaling pathway,18,-0.12008728464661195
Wnt signaling pathway,19,-0.12093939103992349
Wnt signaling pathway,20,-0.7125027875879251
Wnt signaling pathway,21,-0.622082981127606
Wnt signaling pathway,22,-0.20158170530230463
Wnt signaling pathway,23,-0.8668708680474189
Wnt signaling pathway,24,-0.8289460462116301
Wnt signaling pathway,25,0.18751041190128756
Wnt signaling pathway,26,-0.313083237219682
Wnt signaling pathway,27,-1.165936029839638
Wnt signaling pathway,28,0.6517315369386542
Wnt signaling pathway,29,0.05231680111022552
Wnt signaling pathway,30,0.16264757808091757
Wnt signaling pathway,31,-0.9266589767237317
Wnt signaling pathway,32,-0.0010758104042788708
Wnt signaling pathway,33,0.7995866791151394
Wnt signaling pathway,34,-0.7151982292809917
Wnt signaling pathway,35,-0.267929227695324
Wnt signaling pathway,36,0.10370953259907231
Wnt signaling pathway,37,-0.1609428034650443
Wnt signaling pathway,38,-1.1785013246123845
Wnt signaling pathway,39,-0.5750338805553619
Wnt signaling pathway,40,-0.2059790692428236
Wnt signaling pathway,41,0.5660058429863104
Wnt signaling pathway,42,0.233755201041315
Wnt signaling pathway,43,-0.8351838500788208
Wnt signaling pathway,44,-1.06114025886953
Wnt signaling pathway,45,-0.9206131254754668
Wnt signaling pathway,46,0.1550391579089185
Wnt signaling pathway,47,-0.5918093571098906
Wnt signaling pathway,48,-0.12056899607768982
Wnt signaling pathway,49,0.086894061727774
Notch signaling pathway,0,0.24813843207975123
Notch signaling pathway,1,-0.6833075564630687
Notch signaling pathway,2,0.6819426982214642
Notch signaling pathway,3,-0.6668816522546573
Notch signaling pathway,4,-0.862994578134985
Notch signaling pathway,5,-0.06795599320130916
Notch signaling pathway,6,0.9444447730934808
Notch signaling pathway,7,-0.6090153089061063
Notch signaling pathway,8,-0.34098443046694316
Notch signaling pathway,9,-0.4766235960513325
Notch signaling pathway,10,-0.6344955757290821
Notch signaling pathway,11,0.053885909538364654
Notch signaling pathway,12,-0.9624217877063458
Notch signaling pathway,13,0.04945163601722503
Notch signaling pathway,14,-0.05635809884867783
Notch signaling pathway,15,0.6923100536885392
Notch signaling pathway,16,0.33234975395574523
Notch signaling pathway,17,-0.16364576148675603
Notch signaling pathway,18,0.44610785595798597
Notch signaling pathway,19,0.5370003389620402
Notch signaling pathway,20,-1.412024556263313
Notch signaling pathway,21,0.021097353552823862
Notch signaling pathway,22,-0.9467884241792389
Notch signaling pathway,23,0.13446636259643052
Notch signaling pathway,24,-0.47296137384289494
Notch signaling pathway,25,0.4450734053472317
Notch signaling pathway,26,-0.22236466756182
Notch signaling pathway,27,-0.3167191693169783
Notch signaling pathway,28,0.3759735443713284
Notch signaling pathway,29,-1.1263926531778115
Notch signaling pathway,30,0.6496316226348917
Notch signaling pathway,31,-0.7203518453243435
Notch signaling pathway,32,-0.35141576553047593
Notch signaling pathway,33,0.21669126612257994
Notch signaling pathway,34,0.8229456071235516
Notch signaling pathway,35,-0.4298642846173858
Notch signaling pathway,36,0.21395612522309657
Notch signaling pathway,37,0.894931555267523
Notch signaling pathway,38,-0.6046840338314682
Notch signaling pathway,39,-1.0628324661395068
Notch signaling pathway,40,-0.47361192250905637
Notch signaling pathway,41,-0.38479032258302126
Notch signaling pathway,42,0.2834824436538616
Notch signaling pathway,43,-0.9999135498345396
Notch signaling pathway,44,-0.12721473659907473
Notch signaling pathway,45,-0.6010934542433035
Notch signaling pathway,46,0.39936552502236916
Notch signaling pathway,47,-0.8546229286565297
Notch signaling pathway,48,-0.7618152366342777
Notch signaling pathway,49,-0.047452046724700055
Hedgehog signaling pathway,0,0.010973193602261816
Hedgehog signaling pathway,1,0.3887628587122157
Hedgehog signaling pathway,2,-0.728594054910656
Hedgehog signaling pathway,3,0.9507966453882825
Hedgehog signaling pathway,4,-0.16183787673287905
Hedgehog signaling pathway,5,-0.8873657081747812
Hedgehog signaling pathway,6,0.9552650963907979
Hedgehog signaling pathway,7,-0.06267126402831712
Hedgehog signaling pathway,8,0.29726885760916977
Hedgehog signaling pathway,9,-0.2953544416832654
Hedgehog signaling pathway,10,0.1454941954340559
Hedgehog signaling pathway,11,0.3355903284433027
Hedgehog signaling pathway,12,-0.9915741678915998
Hedgehog signaling pathway,13,-0.36924419360799826
Hedgehog signaling pathway,14,-0.3956216497915449
Hedgehog signaling pathway,15,-0.7320712072508379
Hedgehog signaling pathway,16,-0.2727545067033791
Hedgehog signaling pathway,17,-1.1957311576307452
Hedgehog signaling pathway,18,1.154903709175708
Hedgehog signaling pathway,19,0.12649618488469874
Hedgehog signaling pathway,20,0.5122939411957813
Hedgehog signaling pathway,21,0.2870301062021393
Hedgehog signaling pathway,22,-0.3166284060873674
Hedgehog signaling pathway,23,-0.6882523866463318
Hedgehog signaling pathway,24,-0.15154132098674128
Hedgehog signaling pathway,25,0.743809713079242
Hedgehog signaling pathway,26,-0.19986756881459514
Hedgehog signaling pathway,27,-0.8272423038831317
Hedgehog signaling pathway,28,0.26113825954164566
Hedgehog signaling pathway,29,-0.27571511224591294
Hedgehog signaling pathway,30,0.3430001835565313
Hedgehog signaling pathway,31,-0.13905701935452475
Hedgehog signaling pathway,32,-0.5886841121984416
Hedgehog signaling pathway,33,-0.5800644539911087
Hedgehog signaling pathway,34,-0.007899931570232041
Hedgehog signaling pathway,35,-1.019386624405199
Hedgehog signaling pathway,36,-0.2797055502973449
Hedgehog signaling pathway,37,-1.0116452515905703
Hedgehog signaling pathway,38,0.414629971090442
Hedgehog signaling pathway,39,-1.3327227557574122
Hedgehog signaling pathway,40,-0.9734818733995438
Hedgehog signaling pathway,41,-0.1457606012050278
Hedgehog signaling pathway,42,0.3382873185137839
Hedgehog signaling pathway,43,-0.7681424479993741
Hedgehog signaling pathway,44,-0.3190012885266509
Hedgehog signaling pathway,45,0.7503614190836128
Hedgehog signaling pathway,46,-0.9178487482410325
Hedgehog signaling pathway,47,0.30848642859797226
Hedgehog signaling pathway,48,-0.8227546743187205
Hedgehog signaling pathway,49,0.3761363623523244
JAK-STAT signaling pathway,0,-0.03408869499510092
JAK-STAT signaling pathway,1,-0.031616343938157807
JAK-STAT signaling pathway,2,-0.5054517860823244
JAK-STAT signaling pathway,3,-0.24454893614676926
JAK-STAT signaling pathway,4,-0.9742525429241691
JAK-STAT signaling pathway,5,-0.9189126084520935
JAK-STAT signaling pathway,6,0.09841681286979273
JAK-STAT signaling pathway,7,-0.7189278577163533
JAK-STAT signaling pathway,8,-0.4171198276768102
JAK-STAT signaling pathway,9,-0.6642055820673443
JAK-STAT signaling pathway,10,0.46668251107299075
JAK-STAT signaling pathway,11,-0.1013578261083838
JAK-STAT signaling pathway,12,-0.16887174937877455
JAK-STAT signaling pathway,13,-1.006162252332455
JAK-STAT signaling pathway,14,-0.5323628206718484
JAK-STAT signaling pathway,15,-0.9535949853684595
JAK-STAT signaling pathway,16,0.2120126314345373
JAK-STAT signaling pathway,17,0.059049018345073576
JAK-STAT signaling pathway,18,0.8956375360397701
JAK-STAT signaling pathway,19,0.5413070129802148
JAK-STAT signaling pathway,20,-0.6049342845933183
JAK-STAT signaling pathway,21,-0.7139381167337551
JAK-STAT signaling pathway,22,-0.7061020507368372
JAK-STAT signaling pathway,23,-0.44030368123476626
JAK-STAT signaling pathway,24,0.7362264270896149
JAK-STAT signaling pathway,25,-0.21406467649352404
JAK-STAT signaling pathway,26,0.30726721774256116
JAK-STAT signaling pathway,27,-0.36053021905132066
JAK-STAT signaling pathway,28,-0.6938263095656314
JAK-STAT signaling pathway,29,-0.6651548363370087
JAK-STAT signaling pathway,30,-0.6474285581475047
JAK-STAT signaling pathway,31,0.2121054139403736
JAK-STAT signaling pathway,32,-0.7665430102204516
JAK-STAT signaling pathway,33,-0.24525433886164955
JAK-STAT signaling pathway,34,0.698716619957499
JAK-STAT signaling pathway,35,-1.139842633188278
JAK-STAT signaling pathway,36,0.12265946833578355
JAK-STAT signaling pathway,37,-0.1564431112958947
JAK-STAT signaling pathway,38,-0.2560880587876848
JAK-STAT signaling pathway,39,0.12629732939405305
JAK-STAT signaling pathway,40,0.6037230836617334
JAK-STAT signaling pathway,41,0.3165600301390438
JAK-STAT signaling pathway,42,-0.7622747677712678
JAK-STAT signaling pathway,43,-1.0237640919837554
JAK-STAT signaling pathway,44,0.3562767194330964
JAK-STAT signaling pathway,45,0.13550089868566553
JAK-STAT signaling pathway,46,0.17336426875303784
JAK-STAT signaling pathway,47,0.42333638406165364
JAK-STAT signaling pathway,48,0.1960585605364085
JAK-STAT signaling pathway,49,0.385343620333127
TGF-beta signaling pathway,0,-0.05491220488119816
TGF-beta signaling pathway,1,-0.771252005951225
TGF-beta signaling pathway,2,0.6954662420671304
TGF-beta signaling pathway,3,-0.46886702643401656
TGF-beta signaling pathway,4,0.1087985972781822
TGF-beta signaling pathway,5,0.18689082223222925
TGF-beta signaling pathway,6,-0.7347587798396574
TGF-beta signaling pathway,7,-0.7151860961490781
TGF-beta signaling pathway,8,0.7020418645405292
TGF-beta signaling pathway,9,-0.13677675609133852
TGF-beta signaling pathway,10,-0.7649846734961634
TGF-beta signaling pathway,11,0.11175963469449368
TGF-beta signaling pathway,12,-1.7308114324817352
TGF-beta signaling pathway,13,0.21777703103942042
TGF-beta signaling pathway,14,-0.937398324053738
TGF-beta signaling pathway,15,-0.21539716958779487
TGF-beta signaling pathway,16,-0.04506081896776171
TGF-beta signaling pathway,17,-0.7906122197671609
TGF-beta signaling pathway,18,0.8729657840325541
TGF-beta signaling pathway,19,0.16886414657642237
TGF-beta signaling pathway,20,-0.7163638575601854
TGF-beta signaling pathway,21,-0.26818368657641467
TGF-beta signaling pathway,22,0.0020916143783019994
TGF-beta signaling pathway,23,0.4007250635217983
TGF-beta signaling pathway,24,-0.9257530218377354
TGF-beta signaling pathway,25,-0.227362928319451
TGF-beta signaling pathway,26,0.5615660983159629
TGF-beta signaling pathway,27,-0.1966641557521459
TGF-beta signaling pathway,28,-0.3106661466245094
TGF-beta signaling pathway,29,0.31724512628212703
TGF-beta signaling pathway,30,0.3169702442692285
TGF-beta signaling pathway,31,-0.6198746852951043
TGF-beta signaling pathway,32,0.4873151161785717
TGF-beta signaling pathway,33,0.36900812686916057
TGF-beta signaling pathway,34,-0.2534894923708054
TGF-beta signaling pathway,35,0.24676862967515834
TGF-beta signaling pathway,36,-0.20691452180999592
TGF-beta signaling pathway,37,-0.9252762211674158
TGF-beta signaling pathway,38,-1.2789680214461452
TGF-beta signaling pathway,39,-0.05831326921543367
TGF-beta signaling pathway,40,-0.31129065738540623
TGF-beta signaling pathway,41,0.7367960442732291
TGF-beta signaling pathway,42,-0.17729680262028402
TGF-beta signaling pathway,43,0.08486346778031567
TGF-beta signaling pathway,44,0.6041352811960834
TGF-beta signaling pathway,45,-1.094169728188006
TGF-beta signaling pathway,46,-0.6559784105495592
TGF-beta signaling pathway,47,-0.9432166105488264
TGF-beta signaling pathway,48,-0.4712638979903826
TGF-beta signaling pathway,49,-0.8873796749329295
NF-kappa B signaling pathway,0,-0.4960258206776025
NF-kappa B signaling pathway,1,-0.44673999909871553
NF-kappa B signaling pathway,2,0.13993527908686515
NF-kappa B signaling pathway,3,0.49477793596844943
NF-kappa B signaling pathway,4,0.19070518925309812
NF-kappa B signaling pathway,5,0.8199540855057207
NF-kappa B signaling pathway,6,-0.5327865554691084
NF-kappa B signaling pathway,7,0.6407938818597158
NF-kappa B signaling pathway,8,0.3687368353091608
NF-kappa B signaling pathway,9,-0.573063005384027
NF-kappa B signaling pathway,10,0.2022496051443911
NF-kappa B signaling pathway,11,-0.6608434436516593
NF-kappa B signaling pathway,12,-0.7475844146456276
NF-kappa B signaling pathway,13,-0.8248985962232808
NF-kappa B signaling pathway,14,0.24134694814957897
NF-kappa B signaling pathway,15,-0.1797507073402429
NF-kappa B signaling pathway,16,-0.4984253170692644
NF-kappa B signaling pathway,17,-0.39918404809697516
NF-kappa B signaling pathway,18,-0.16692104207865793
NF-kappa B signaling pathway,19,0.34271613709902005
NF-kappa B signaling pathway,20,-0.6428323159606748
NF-kappa B signaling pathway,21,0.2234795422729007
NF-kappa B signaling pathway,22,0.23522250302212977
NF-kappa B signaling pathway,23,-1.1375031867932015
NF-kappa B signaling pathway,24,-0.6101034719023519
NF-kappa B signaling pathway,25,-0.018624622450299638
NF-kappa B signaling pathway,26,0.7015685314975281
NF-kappa B signaling pathway,27,-1.0866182128258461
NF-kappa B signaling pathway,28,0.2598905396339193
NF-kappa B signaling pathway,29,0.5406790158632887
NF-kappa B signaling pathway,30,-1.0321868778793875
NF-kappa B signaling pathway,31,0.467919755893688
NF-kappa B signaling pathway,32,-0.038393199413848556
NF-kappa B signaling pathway,33,0.39063510643826754
NF-kappa B signaling pathway,34,0.15160140758406204
NF-kappa B signaling pathway,35,-0.40284377690667156
NF-kappa B signaling pathway,36,0.7519182785150799
NF-kappa B signaling pathway,37,-0.07097649637706024
NF-kappa B signaling pathway,38,-0.6856474978563692
NF-kappa B signaling pathway,39,-0.10515951645130156
NF-kappa B signaling pathway,40,0.01781170352889546
NF-kappa B signaling pathway,41,-0.4174959837679729
NF-kappa B signaling pathway,42,-0.025520454208162693
NF-kappa B signaling pathway,43,-0.840888934083962
NF-kappa B signaling pathway,44,0.5705612823945192
NF-kappa B signaling pathway,45,-0.6576518938448683
NF-kappa B signaling pathway,46,-0.5534861963028885
NF-kappa B signaling pathway,47,0.06002494254637901
NF-kappa B signaling pathway,48,-0.36417077771860945
NF-kappa B signaling pathway,49,-0.36007854843072273
TNF signaling pathway,0,-0.2975242698098515
TNF signaling pathway,1,0.3150772465448546
TNF signaling pathway,2,-0.6547099584187491
TNF signaling pathway,3,-0.9379680763202215
TNF signaling pathway,4,-0.2634485971609995
TNF signaling pathway,5,-0.5170746016269577
TNF signaling pathway,6,-0.8858503837762877
TNF signaling pathway,7,-1.450630117714033
TNF signaling pathway,8,0.06552944694284954
TNF signaling pathway,9,-0.8571869515459762
TNF signaling pathway,10,-0.6556815029006924
TNF signaling pathway,11,-0.3105952429857276
TNF signaling pathway,12,0.8178587602699772
TNF signaling pathway,13,-0.08016801257884497
TNF signaling pathway,14,0.23708688599935718
TNF signaling pathway,15,-0.3255630654569794
TNF signaling pathway,16,-0.4076750653685717
TNF signaling pathway,17,-0.6556935451389503
TNF signaling pathway,18,0.5287124110004804
TNF signaling pathway,19,0.441650269614111
TNF signaling pathway,20,0.10504707709961586
TNF signaling pathway,21,-1.477129178533743
TNF signaling pathway,22,-0.42467594982043666
TNF signaling pathway,23,-0.24487121342546148
TNF signaling pathway,24,-0.73330261517385
TNF signaling pathway,25,-0.4114678016086544
TNF signaling pathway,26,-0.3806970113779358
TNF signaling pathway,27,0.3776494814275593
TNF signaling pathway,28,-0.050203046960110215
TNF signaling pathway,29,-0.9198759843748286
TNF signaling pathway,30,-0.1670026550127871
TNF signaling pathway,31,0.8208395148297422
TNF signaling pathway,32,0.14557046549872554
TNF signaling pathway,33,-0.15379482865213034
TNF signaling pathway,34,-0.0478171156747388
TNF signaling pathway,35,-0.11138727477561602
TNF signaling pathway,36,-0.5072999454189582
TNF signaling pathway,37,-0.8991945725090648
TNF signaling pathway,38,0.8398706100102002
TNF signaling pathway,39,-0.7056946083561391
TNF signaling pathway,40,-0.2242337992002546
TNF signaling pathway,41,0.6037551119206815
TNF signaling pathway,42,-0.16948457753388438
TNF signaling pathway,43,0.33923503784094233
TNF signaling pathway,44,-0.009464647572010564
TNF signaling pathway,45,-0.4018906426008196
TNF signaling pathway,46,0.23578858239749195
TNF signaling pathway,47,-0.6232125334713594
TNF signaling pathway,48,-0.6063916390546962
TNF signaling pathway,49,-0.4151299938340195
VEGF signaling pathway,0,0.6478445230062561
VEGF signaling pathway,1,0.09304317744476784
VEGF signaling pathway,2,-0.12145466932863869
VEGF signaling pathway,3,-0.0001094850148201168
VEGF signaling pathway,4,-0.14052334878736464
VEGF signaling pathway,5,0.42895139005960675
VEGF signaling pathway,6,-0.21117066242246477
VEGF signaling pathway,7,-0.4994639086903864
VEGF signaling pathway,8,-0.09369508953259878
VEGF signaling pathway,9,-1.211216449476541
VEGF signaling pathway,10,0.0919257640857122
VEGF signaling pathway,11,-0.060422624896947524
VEGF signaling pathway,12,-0.5852468401269597
VEGF signaling pathway,13,-0.6167584499074916
VEGF signaling pathway,14,0.7120697151739005
VEGF signaling pathway,15,-0.8897966369814628
VEGF signaling pathway,16,-0.07695409785230473
VEGF signaling pathway,17,0.1967065837099199
VEGF signaling pathway,18,0.3447566613376572
VEGF signaling pathway,19,0.5506291635272895
VEGF signaling pathway,20,-0.16798766744747304
VEGF signaling pathway,21,-0.0757936558736791
VEGF signaling pathway,22,-0.8775736928184315
VEGF signaling pathway,23,-0.9564291492752899
VEGF signaling pathway,24,-0.7807701530367035
VEGF signaling pathway,25,-0.42038747576887364
VEGF signaling pathway,26,-0.163716657810455
VEGF signaling pathway,27,0.5334913218650796
VEGF signaling pathway,28,-0.23761191174515547
VEGF signaling pathway,29,-0.3460984054735623
VEGF signaling pathway,30,-0.36252689383840214
VEGF signaling pathway,31,-0.7908791296427856
VEGF signaling pathway,32,-0.8123750346247203
VEGF signaling pathway,33,-1.1829576034892226
VEGF signaling pathway,34,-0.6344260147298527
VEGF signaling pathway,35,0.2481114483367061
VEGF signaling pathway,36,-0.38084751915399456
VEGF signaling pathway,37,0.3232040351514153
VEGF signaling pathway,38,0.9347710578186552
VEGF signaling pathway,39,-0.2992942100298185
VEGF signaling pathway,40,-0.07091657150875974
VEGF signaling pathway,41,-0.42446999988024137
VEGF signaling pathway,42,0.784319143024971
VEGF signaling pathway,43,0.046881086769706024
VEGF signaling pathway,44,0.4955257615001478
VEGF signaling pathway,45,0.4342271207228745
VEGF signaling pathway,46,-0.7309428990369328
VEGF signaling pathway,47,-0.8235476757847666
VEGF signaling pathway,48,0.10599765497115723
VEGF signaling pathway,49,0.1341657606337837
HIF-1 signaling pathway,0,0.024100843350734924
HIF-1 signaling pathway,1,-1.0698958080633518
HIF-1 signaling pathway,2,1.1482128941994882
HIF-1 signaling pathway,3,0.033220047407616936
HIF-1 signaling pathway,4,-0.7445248983783724
HIF-1 signaling pathway,5,-0.13159377543220394
HIF-1 signaling pathway,6,-0.8571222163752579
HIF-1 signaling pathway,7,0.8135740803014725
HIF-1 signaling pathway,8,-0.521026587860644
HIF-1 signaling pathway,9,0.03952357933269961
HIF-1 signaling pathway,10,-0.4860318251263771
HIF-1 signaling pathway,11,0.3476346734792506
HIF-1 signaling pathway,12,0.21457946403381795
HIF-1 signaling pathway,13,0.6442286528001814
HIF-1 signaling pathway,14,0.23785834030504205
HIF-1 signaling pathway,15,-0.4807162550788179
HIF-1 signaling pathway,16,0.6832067061311518
HIF-1 signaling pathway,17,-0.1935674371123272
HIF-1 signaling pathway,18,0.6199862049981164
HIF-1 signaling pathway,19,-1.0654936003249906
HIF-1 signaling pathway,20,0.13910172253563075
HIF-1 signaling pathway,21,-0.08714007475123098
HIF-1 signaling pathway,22,-0.048458739809453415
HIF-1 signaling pathway,23,-0.32660172283294253
HIF-1 signaling pathway,24,0.495231253047985
HIF-1 signaling pathway,25,0.17888817192451706
HIF-1 signaling pathway,26,-0.2059886625957567
HIF-1 signaling pathway,27,-0.12995847630301943
HIF-1 signaling pathway,28,-0.41808813554259205
HIF-1 signaling pathway,29,0.1005500847727175
HIF-1 signaling pathway,30,-0.5749181245922135
HIF-1 signaling pathway,31,-0.9978835638984047
HIF-1 signaling pathway,32,-0.7766426891895954
HIF-1 signaling pathway,33,0.4463442860166116
HIF-1 signaling pathway,34,-0.7088155734251743
HIF-1 signaling pathway,35,0.8580958300861187
HIF-1 signaling pathway,36,0.7258714676285126
HIF-1 signaling pathway,37,0.3351498173190598
HIF-1 signaling pathway,38,0.11521087435771861
HIF-1 signaling pathway,39,0.3972615938760174
HIF-1 signaling pathway,40,0.5064416506796688
HIF-1 signaling pathway,41,0.13101831998386868
HIF-1 signaling pathway,42,-0.24482567147412745
HIF-1 signaling pathway,43,0.06859225276018796
HIF-1 signaling pathway,44,-0.04717885147606976
HIF-1 signaling pathway,45,-0.2928151683204471
HIF-1 signaling pathway,46,-0.471363490202137
HIF-1 signaling pathway,47,0.24952266006442447
HIF-1 signaling pathway,48,0.5287434760951616
HIF-1 signaling pathway,49,0.0012019102565767048
PD-L1 expression and PD-1 checkpoint pathway in cancer,0,0.5665717346318737
PD-L1 expression and PD-1 checkpoint pathway in cancer,1,-0.8055033471651848
PD-L1 expression and PD-1 checkpoint pathway in cancer,2,-0.5696511119680296
PD-L1 expression and PD-1 checkpoint pathway in cancer,3,0.7117839634165034
PD-L1 expression and PD-1 checkpoint pathway in cancer,4,-0.9045575353613097
PD-L1 expression and PD-1 checkpoint pathway in cancer,5,0.5210059445080559
PD-L1 expression and PD-1 checkpoint pathway in cancer,6,-0.936521794497888
PD-L1 expression and PD-1 checkpoint pathway in cancer,7,-0.181239162042006
PD-L1 expression and PD-1 checkpoint pathway in cancer,8,-0.4276830181150068
PD-L1 expression and PD-1 checkpoint pathway in cancer,9,-0.07789205547073244
PD-L1 expression and PD-1 checkpoint pathway in cancer,10,-0.15412466986844858
PD-L1 expression and PD-1 checkpoint pathway in cancer,11,-0.12715005354396702
PD-L1 expression and PD-1 checkpoint pathway in cancer,12,-0.7395163749214977
PD-L1 expression and PD-1 checkpoint pathway in cancer,13,-0.5631576093370453
PD-L1 expression and PD-1 checkpoint pathway in cancer,14,0.7124774458294514
PD-L1 expression and PD-1 checkpoint pathway in cancer,15,-0.44431404182606055
PD-L1 expression and PD-1 checkpoint pathway in cancer,16,0.36349367352802187
PD-L1 expression and PD-1 checkpoint pathway in cancer,17,0.3444395566817127
PD-L1 expression and PD-1 checkpoint pathway in cancer,18,-0.4022541023305174
PD-L1 expression and PD-1 checkpoint pathway in cancer,19,0.578215944935952
PD-L1 expression and PD-1 checkpoint pathway in cancer,20,-0.11043572446026367
PD-L1 expression and PD-1 checkpoint pathway in cancer,21,-1.0661051931514478
PD-L1 expression and PD-1 checkpoint pathway in cancer,22,-0.4944244211165579
PD-L1 expression and PD-1 checkpoint pathway in cancer,23,-1.4981920886458295
PD-L1 expression and PD-1 checkpoint pathway in cancer,24,-0.965664008190025
PD-L1 expression and PD-1 checkpoint pathway in cancer,25,0.2328629396109563
PD-L1 expression and PD-1 checkpoint pathway in cancer,26,0.29604838694769214
PD-L1 expression and PD-1 checkpoint pathway in cancer,27,0.8580985197741373
PD-L1 expression and PD-1 checkpoint pathway in cancer,28,-0.8546187746214248
PD-L1 expression and PD-1 checkpoint pathway in cancer,29,-0.2855733631901596
PD-L1 expression and PD-1 checkpoint pathway in cancer,30,-0.40984799414864664
PD-L1 expression and PD-1 checkpoint pathway in cancer,31,-0.6805579195124879
PD-L1 expression and PD-1 checkpoint pathway in cancer,32,-0.4927244858117812
PD-L1 expression and PD-1 checkpoint pathway in cancer,33,-0.4869767023536368
PD-L1 expression and PD-1 checkpoint pathway in cancer,34,-0.0334372299165111
PD-L1 expression and PD-1 checkpoint pathway in cancer,35,-0.6027680830946427
PD-L1 expression and PD-1 checkpoint pathway in cancer,36,0.31501100318667563
PD-L1 expression and PD-1 checkpoint pathway in cancer,37,0.15665606737065577
PD-L1 expression and PD-1 checkpoint pathway in cancer,38,-0.13081959089171485
PD-L1 expression and PD-1 checkpoint pathway in cancer,39,-1.084086469800578
PD-L1 expression and PD-1 checkpoint pathway in cancer,40,0.18326174999404665
PD-L1 expression and PD-1 checkpoint pathway in cancer,41,-0.03744630728574408
PD-L1 expression and PD-1 checkpoint pathway in cancer,42,-0.8053140981995824
PD-L1 expression and PD-1 checkpoint pathway in cancer,43,0.8057199477288208
PD-L1 expression and PD-1 checkpoint pathway in cancer,44,0.5545584253008728
PD-L1 expression and PD-1 checkpoint pathway in cancer,45,-0.08933216811242581
PD-L1 expression and PD-1 checkpoint pathway in cancer,46,-0.008567986848710435
PD-L1 expression and PD-1 checkpoint pathway in cancer,47,0.675541761382333
PD-L1 expression and PD-1 checkpoint pathway in cancer,48,-1.1464094770329643
PD-L1 expression and PD-1 checkpoint pathway in cancer,49,-0.9668641030381676
Pathways in cancer,0,0.8347671483309869
Pathways in cancer,1,0.08361397911480503
Pathways in cancer,2,-0.43230667790431354
Pathways in cancer,3,0.2882555191035885
Pathways in cancer,4,-1.0085450493931352
Pathways in cancer,5,-0.44826000578793435
Pathways in cancer,6,0.7763398701784909
Pathways in cancer,7,-0.6030160121804162
Pathways in cancer,8,-0.2774747563548087
Pathways in cancer,9,-0.18958242328206285
Pathways in cancer,10,-0.2820376699233
Pathways in cancer,11,-0.681773870660814
Pathways in cancer,12,-1.1144649072811146
Pathways in cancer,13,-0.11136420194334745
Pathways in cancer,14,-0.8525466392773311
Pathways in cancer,15,-1.3260690268640742
Pathways in cancer,16,-0.15497598419081388
Pathways in cancer,17,-0.1297224065879049
Pathways in cancer,18,-0.5298777148638866
Pathways in cancer,19,-0.8899643694729269
Pathways in cancer,20,-0.22593769964548957
Pathways in cancer,21,-0.495624951255207
Pathways in cancer,22,0.06553459249960632
Pathways in cancer,23,-0.5221342695476552
Pathways in cancer,24,-0.3822691209107431
Pathways in cancer,25,-1.0577459991186564
Pathways in cancer,26,-0.5921594485026832
Pathways in cancer,27,-0.7495938840223738
Pathways in cancer,28,0.18766943739656233
Pathways in cancer,29,0.18488999845829215
Pathways in cancer,30,0.2916620885407392
Pathways in cancer,31,-0.4859061992166057
Pathways in cancer,32,-0.3279856711518485
Pathways in cancer,33,-0.13487616171827888
Pathways in cancer,34,-0.7305859125568358
Pathways in cancer,35,-1.0323575582378712
Pathways in cancer,36,-0.9604199480842839
Pathways in cancer,37,-0.02606599660167059
Pathways in cancer,38,-0.09285874440561788
Pathways in cancer,39,-0.6176462393130452
Pathways in cancer,40,-0.14945185898698002
Pathways in cancer,41,0.17866650964634967
Pathways in cancer,42,-0.6764781328173153
Pathways in cancer,43,0.14297170788202732
Pathways in cancer,44,-0.4154892500649736
Pathways in cancer,45,-0.432967860909292
Pathways in cancer,46,-0.7782329351851275
Pathways in cancer,47,-0.009989051655687142
Pathways in cancer,48,0.6265885248479375
Pathways in cancer,49,0.030262282187885257
Proteoglycans in cancer,0,-0.2079107417633179
Proteoglycans in cancer,1,0.05795765210145101
Proteoglycans in cancer,2,-0.582962742525287
Proteoglycans in cancer,3,-1.0552440106292886
Proteoglycans in cancer,4,-0.5018630511367939
Proteoglycans in cancer,5,-0.9196526452358477
Proteoglycans in cancer,6,0.028783617445686673
Proteoglycans in cancer,7,0.0021773810381495937
Proteoglycans in cancer,8,-0.5467773366672
Proteoglycans in cancer,9,0.04858517311205009
Proteoglycans in cancer,10,-0.8860072685160943
Proteoglycans in cancer,11,0.37488872524792194
Proteoglycans in cancer,12,-0.2924304535850585
Proteoglycans in cancer,13,-0.5868757692928556
Proteoglycans in cancer,14,-0.3026130606618639
Proteoglycans in cancer,15,-0.23458454046309268
Proteoglycans in cancer,16,-0.2031938621260562
Proteoglycans in cancer,17,-0.8189061445518718
Proteoglycans in cancer,18,-0.4070317418706427
Proteoglycans in cancer,19,-0.2933925148781086
Proteoglycans in cancer,20,-0.6179895198112147
Proteoglycans in cancer,21,0.43640480605666915
Proteoglycans in cancer,22,-0.8657717173703665
Proteoglycans in cancer,23,0.24080298922653376
Proteoglycans in cancer,24,0.2621385179117104
Proteoglycans in cancer,25,-0.8180365948915725
Proteoglycans in cancer,26,1.0289601636141952
Proteoglycans in cancer,27,-0.7598762287100098
Proteoglycans in cancer,28,-1.2030028375786512
Proteoglycans in cancer,29,0.2481836896086843
Proteoglycans in cancer,30,0.19706100495992265
Proteoglycans in cancer,31,-0.6851872097393268
Proteoglycans in cancer,32,0.48626818953532885
Proteoglycans in cancer,33,-0.9574722515388736
Proteoglycans in cancer,34,0.18961200452936133
Proteoglycans in cancer,35,-0.1578524037312349
Proteoglycans in cancer,36,-0.028075732605622766
Proteoglycans in cancer,37,0.31990153023087453
Proteoglycans in cancer,38,-0.2538820126511539
Proteoglycans in cancer,39,-1.0619527850095625
Proteoglycans in cancer,40,-0.6373934270015877
Proteoglycans in cancer,41,-0.4589116486715423
Proteoglycans in cancer,42,0.2629029935082674
Proteoglycans in cancer,43,-0.6466702784205859
Proteoglycans in cancer,44,0.30532058688619423
Proteoglycans in cancer,45,0.02666814957658195
Proteoglycans in cancer,46,-0.9119078251460004
Proteoglycans in cancer,47,-0.4782752756943493
Proteoglycans in cancer,48,0.17841149955557725
Proteoglycans in cancer,49,0.4422806703051715
MicroRNAs in cancer,0,-1.5784607355089373
MicroRNAs in cancer,1,-0.9989553640786112
MicroRNAs in cancer,2,0.25658357356775857
MicroRNAs in cancer,3,-0.6967239647803339
MicroRNAs in cancer,4,0.03145893910758967
MicroRNAs in cancer,5,-0.09216395863919896
MicroRNAs in cancer,6,-1.1029887282978275
MicroRNAs in cancer,7,-0.1375840694793332
MicroRNAs in cancer,8,-0.08350557177118156
MicroRNAs in cancer,9,0.46204222246136833
MicroRNAs in cancer,10,-0.7943011153316322
MicroRNAs in cancer,11,-1.0104785193653272
MicroRNAs in cancer,12,-1.1547269741059167
MicroRNAs in cancer,13,0.11019212199772158
MicroRNAs in cancer,14,-0.037973305998113334
MicroRNAs in cancer,15,-0.1491601562974147
MicroRNAs in cancer,16,-0.42934898214637474
MicroRNAs in cancer,17,-0.6900921629898962
MicroRNAs in cancer,18,-0.5845734604210817
MicroRNAs in cancer,19,0.14152356562939378
MicroRNAs in cancer,20,-0.4492749290913635
MicroRNAs in cancer,21,-1.2673466626288303
MicroRNAs in cancer,22,0.041249464040830214
MicroRNAs in cancer,23,0.17138676615583037
MicroRNAs in cancer,24,-0.2038210447040969
MicroRNAs in cancer,25,0.30021816643282967
MicroRNAs in cancer,26,-1.2944290590880372
MicroRNAs in cancer,27,-0.08433632299685262
MicroRNAs in cancer,28,0.984917269599759
MicroRNAs in cancer,29,-1.2640232696521747
MicroRNAs in cancer,30,-0.15070219858295214
MicroRNAs in cancer,31,-0.4596172048546241
MicroRNAs in cancer,32,-0.5252916428772227
MicroRNAs in cancer,33,0.19519796225755864
MicroRNAs in cancer,34,-1.0787363301432378
MicroRNAs in cancer,35,0.11078694253383234
MicroRNAs in cancer,36,0.6257052120134436
MicroRNAs in cancer,37,0.2546473954717682
MicroRNAs in cancer,38,-0.18327103861046348
MicroRNAs in cancer,39,0.39770351814840255
MicroRNAs in cancer,40,0.4766042369651869
MicroRNAs in cancer,41,-0.4705512264514219
MicroRNAs in cancer,42,-0.24106335554313657
MicroRNAs in cancer,43,0.22862578730400257
MicroRNAs in cancer,44,-0.5148360574860081
MicroRNAs in cancer,45,-0.24210599984988013
MicroRNAs in cancer,46,-0.2050362468815404
MicroRNAs in cancer,47,0.08515828460391482
MicroRNAs in cancer,48,-0.13419736980886499
MicroRNAs in cancer,49,-1.0024578709424534
Central carbon metabolism in cancer,0,0.8505038788949495
Central carbon metabolism in cancer,1,0.40912482867289457
Central carbon metabolism in cancer,2,-0.8793850508436309
Central carbon metabolism in cancer,3,0.126377297954958
Central carbon metabolism in cancer,4,-0.9658860794983961
Central carbon metabolism in cancer,5,0.4474124956994131
Central carbon metabolism in cancer,6,-0.33226148541372375
Central carbon metabolism in cancer,7,-0.66849547581025
Central carbon metabolism in cancer,8,-1.0912835833219876
Central carbon metabolism in cancer,9,0.04913281480821273
Central carbon metabolism in cancer,10,0.027338601070342278
Central carbon metabolism in cancer,11,-0.44142919868711467
Central carbon metabolism in cancer,12,0.003960781047931766
Central carbon metabolism in cancer,13,0.7695875194373282
Central carbon metabolism in cancer,14,-0.7035023447075763
Central carbon metabolism in cancer,15,-0.25506611894920395
Central carbon metabolism in cancer,16,-0.360192482240957
Central carbon metabolism in cancer,17,0.6570123624150598
Central carbon metabolism in cancer,18,-0.47608134427615856
Central carbon metabolism in cancer,19,-0.7607353410925571
Central carbon metabolism in cancer,20,-0.4131296943597989
Central carbon metabolism in cancer,21,0.10867435723594986
Central carbon metabolism in cancer,22,0.3363447778186569
Central carbon metabolism in cancer,23,-0.45193648406812154
Central carbon metabolism in cancer,24,-0.647391861432835
Central carbon metabolism in cancer,25,0.8366160886422995
Central carbon metabolism in cancer,26,0.39442122497146964
Central carbon metabolism in cancer,27,-0.2158409878012814
Central carbon metabolism in cancer,28,0.47593305347511555
Central carbon metabolism in cancer,29,-0.6113760511615037
Central carbon metabolism in cancer,30,-0.19990317035103897
Central carbon metabolism in cancer,31,-0.32558818162113534
Central carbon metabolism in cancer,32,0.6539393071382926
Central carbon metabolism in cancer,33,-0.41854972816702724
Central carbon metabolism in cancer,34,-0.287731195492258
Central carbon metabolism in cancer,35,0.21110287113394033
Central carbon metabolism in cancer,36,-0.44076177279546647
Central carbon metabolism in cancer,37,-0.3821191493978878
Central carbon metabolism in cancer,38,-0.6776905541432026
Central carbon metabolism in cancer,39,-0.35600208715384796
Central carbon metabolism in cancer,40,-1.3669642033729803
Central carbon metabolism in cancer,41,0.2482225323834655
Central carbon metabolism in cancer,42,-0.28699141318825555
Central carbon metabolism in cancer,43,-0.33313226649552785
Central carbon metabolism in cancer,44,-0.7553494801970433
Central carbon metabolism in cancer,45,-0.6036102994429897
Central carbon metabolism in cancer,46,-0.620526523019326
Central carbon metabolism in cancer,47,0.3830863405952853
Central carbon metabolism in cancer,48,0.749151301142419
Central carbon metabolism in cancer,49,-0.6853071041805634
Transcriptional misregulation in cancer,0,0.006548677788504986
Transcriptional misregulation in cancer,1,-0.8204785433487952
Transcriptional misregulation in cancer,2,-0.814450016700227
Transcriptional misregulation in cancer,3,-0.3697228631962918
Transcriptional misregulation in cancer,4,0.0042502284197104
Transcriptional misregulation in cancer,5,-1.1500320403822903
Transcriptional misregulation in cancer,6,-0.7135031567797339
Transcriptional misregulation in cancer,7,0.027197726189490085
Transcriptional misregulation in cancer,8,0.7196938517932638
Transcriptional misregulation in cancer,9,-0.4673867827866086
Transcriptional misregulation in cancer,10,-0.018521220750745596
Transcriptional misregulation in cancer,11,0.47232197006667165
Transcriptional misregulation in cancer,12,-0.9606611040897044
Transcriptional misregulation in cancer,13,0.01853073967069984
Transcriptional misregulation in cancer,14,-0.6452659552545479
Transcriptional misregulation in cancer,15,0.20515885009511486
Transcriptional misregulation in cancer,16,0.26227283884888847
Transcriptional misregulation in cancer,17,-0.8671006885769134
Transcriptional misregulation in cancer,18,-0.03430335404187177
Transcriptional misregulation in cancer,19,-0.7063992686923616
Transcriptional misregulation in cancer,20,-0.1280546221422288
Transcriptional misregulation in cancer,21,0.433258375598788
Transcriptional misregulation in cancer,22,-0.1781894590054416
Transcriptional misregulation in cancer,23,-0.2160131997000956
Transcriptional misregulation in cancer,24,0.6827564293142481
Transcriptional misregulation in cancer,25,-0.2832724382458726
Transcriptional misregulation in cancer,26,0.07488596152891303
Transcriptional misregulation in cancer,27,-0.2928099679600517
Transcriptional misregulation in cancer,28,-0.018787614452299935
Transcriptional misregulation in cancer,29,-0.7842082254932459
Transcriptional misregulation in cancer,30,-0.12225991235605091
Transcriptional misregulation in cancer,31,-0.32860870558816724
Transcriptional misregulation in cancer,32,0.39799668235214547
Transcriptional misregulation in cancer,33,0.05874128274634198
Transcriptional misregulation in cancer,34,-0.5715693538193439
Transcriptional misregulation in cancer,35,-0.8745679672895046
Transcriptional misregulation in cancer,36,-0.6328556979204054
Transcriptional misregulation in cancer,37,-0.3904438217403738
Transcriptional misregulation in cancer,38,0.00912821700568247
Transcriptional misregulation in cancer,39,0.23233908006967802
Transcriptional misregulation in cancer,40,0.018057396133468656
Transcriptional misregulation in cancer,41,-0.6092114164479159
Transcriptional misregulation in cancer,42,-0.31597517759179694
Transcriptional misregulation in cancer,43,-0.021791557024244797
Transcriptional misregulation in cancer,44,0.41185570242488
Transcriptional misregulation in cancer,45,0.4002991553150005
Transcriptional misregulation in cancer,46,-0.08975454098583112
Transcriptional misregulation in cancer,47,-0.6458208565688992
Transcriptional misregulation in cancer,48,0.0027453784986518903
Transcriptional misregulation in cancer,49,-0.42010793729750623
Chemical carcinogenesis,0,-0.18153228158134188
Chemical carcinogenesis,1,-0.3199646511499897
Chemical carcinogenesis,2,-0.9612214688088578
Chemical carcinogenesis,3,0.08802850952224453
Chemical carcinogenesis,4,0.6232250414693262
Chemical carcinogenesis,5,-1.1488632728603227
Chemical carcinogenesis,6,-0.10644195012359162
Chemical carcinogenesis,7,-0.6946288741143247
Chemical carcinogenesis,8,0.2558081994549223
Chemical carcinogenesis,9,-0.4110741303663431
Chemical carcinogenesis,10,-0.6371987477953183
Chemical carcinogenesis,11,-0.4939541802483497
Chemical carcinogenesis,12,-0.6899372782483554
Chemical carcinogenesis,13,0.4831774088138671
Chemical carcinogenesis,14,0.8231798348134136
Chemical carcinogenesis,15,-0.25274056722454274
Chemical carcinogenesis,16,0.1059212143489574
Chemical carcinogenesis,17,0.3233495383987407
Chemical carcinogenesis,18,-0.908662278341713
Chemical carcinogenesis,19,-0.6786767697624546
Chemical carcinogenesis,20,0.47564539802836714
Chemical carcinogenesis,21,0.1761391310847125
Chemical carcinogenesis,22,-0.6858546184475491
Chemical carcinogenesis,23,0.3257125309127289
Chemical carcinogenesis,24,-0.3523368433219721
Chemical carcinogenesis,25,-0.9992466250351042
Chemical carcinogenesis,26,-0.33274642580032665
Chemical carcinogenesis,27,-0.9191862472935614
Chemical carcinogenesis,28,-1.0493264801897701
Chemical carcinogenesis,29,-0.2016565006824506
Chemical carcinogenesis,30,-0.7450003831722942
Chemical carcinogenesis,31,0.2626177211458953
Chemical carcinogenesis,32,-0.09566358546256024
Chemical carcinogenesis,33,-0.7545978882607823
Chemical carcinogenesis,34,-0.06770874896929305
Chemical carcinogenesis,35,-0.678639637576774
Chemical carcinogenesis,36,-0.6616006196878522
Chemical carcinogenesis,37,0.6716428973126102
Chemical carcinogenesis,38,-0.686336875047213
Chemical carcinogenesis,39,-0.17412208759139916
Chemical carcinogenesis,40,-0.3718333029305062
Chemical carcinogenesis,41,-0.2835473167056239
Chemical carcinogenesis,42,-0.8549915648512705
Chemical carcinogenesis,43,0.5207090275914452
Chemical carcinogenesis,44,-0.9043610558139739
Chemical carcinogenesis,45,0.907116810154595
Chemical carcinogenesis,46,0.6881737962029107
Chemical carcinogenesis,47,-0.8897974425219494
Chemical carcinogenesis,48,-0.7534227035533123
Chemical carcinogenesis,49,-0.26841185413290614
Viral carcinogenesis,0,0.0532792101281228
Viral carcinogenesis,1,-0.3279995638834979
Viral carcinogenesis,2,-0.4695818110020181
Viral carcinogenesis,3,-0.17212126084178841
Viral carcinogenesis,4,-1.2302538753385377
Viral carcinogenesis,5,-0.8122151058567147
Viral carcinogenesis,6,0.0574495653310627
Viral carcinogenesis,7,-1.0938368842491173
Viral carcinogenesis,8,0.2629135782616748
Viral carcinogenesis,9,-0.8703511864515978
Viral carcinogenesis,10,0.09812160420207623
Viral carcinogenesis,11,-0.5996554652335284
Viral carcinogenesis,12,0.05254622791462772
Viral carcinogenesis,13,-0.21366424762924033
Viral carcinogenesis,14,-0.8857008467858893
Viral carcinogenesis,15,0.45476935477986474
Viral carcinogenesis,16,0.2185462400772575
Viral carcinogenesis,17,-0.8772413096721867
Viral carcinogenesis,18,0.15881832102983223
Viral carcinogenesis,19,-0.8712691152226275
Viral carcinogenesis,20,-0.21130036390390516
Viral carcinogenesis,21,-1.1542295502884865
Viral carcinogenesis,22,0.021054202862858952
Viral carcinogenesis,23,-0.41843199114688256
Viral carcinogenesis,24,0.596554592639395
Viral carcinogenesis,25,0.041319733613288
Viral carcinogenesis,26,0.3232771922921937
Viral carcinogenesis,27,0.45315087668537557
Viral carcinogenesis,28,0.08176069797911278
Viral carcinogenesis,29,-0.4565233895855598
Viral carcinogenesis,30,0.33612143302327535
Viral carcinogenesis,31,0.1689268797255683
Viral carcinogenesis,32,-0.5617807603983261
Viral carcinogenesis,33,0.4318185579036818
Viral carcinogenesis,34,0.2449451552442714
Viral carcinogenesis,35,0.5077840124951143
Viral carcinogenesis,36,0.5917245963425846
Viral carcinogenesis,37,0.03425531162104731
Viral carcinogenesis,38,-0.5847518038117726
Viral carcinogenesis,39,0.2650589122881069
Viral carcinogenesis,40,-0.5724536118312297
Viral carcinogenesis,41,-0.5596558796730369
Viral carcinogenesis,42,-1.1947466717714867
Viral carcinogenesis,43,-0.2852756388691404
Viral carcinogenesis,44,0.04454417419689606
Viral carcinogenesis,45,0.22159062670345692
Viral carcinogenesis,46,-0.2169515449208861
Viral carcinogenesis,47,-0.5174776780968913
Viral carcinogenesis,48,0.41090539119243863
Viral carcinogenesis,49,0.1830680364122395
Non-small cell lung cancer,0,0.031368873919020664
Non-small cell lung cancer,1,-0.33756502138273814
Non-small cell lung cancer,2,-0.928680365931388
Non-small cell lung cancer,3,-0.448200172105395
Non-small cell lung cancer,4,-1.2011257909590733
Non-small cell lung cancer,5,-1.0586907811183728
Non-small cell lung cancer,6,-1.0070273516709483
Non-small cell lung cancer,7,-0.8533933781800106
Non-small cell lung cancer,8,0.21069446181045587
Non-small cell lung cancer,9,-1.0655880871781462
Non-small cell lung cancer,10,0.22413881866667373
Non-small cell lung cancer,11,-0.7641052814273246
Non-small cell lung cancer,12,-0.10004066920558093
Non-small cell lung cancer,13,0.12048499108005337
Non-small cell lung cancer,14,-0.518386962140064
Non-small cell lung cancer,15,-0.4911034535235996
Non-small cell lung cancer,16,-0.9145511195792574
Non-small cell lung cancer,17,-1.0991586835059914
Non-small cell lung cancer,18,0.20406345923501404
Non-small cell lung cancer,19,-0.10183010387528468
Non-small cell lung cancer,20,-0.08423022255279738
Non-small cell lung cancer,21,-0.6334583190881795
Non-small cell lung cancer,22,-0.06365902802282174
Non-small cell lung cancer,23,-0.2175723567190957
Non-small cell lung cancer,24,0.43691721581317233
Non-small cell lung cancer,25,-1.0569917848424624
Non-small cell lung cancer,26,-0.36902860022721984
Non-small cell lung cancer,27,-0.07326394594972847
Non-small cell lung cancer,28,-1.301765267003955
Non-small cell lung cancer,29,0.3697160680580537
Non-small cell lung cancer,30,-0.52115446070089
Non-small cell lung cancer,31,0.3585982591511115
Non-small cell lung cancer,32,0.31584487143965423
Non-small cell lung cancer,33,-0.12979310978217995
Non-small cell lung cancer,34,0.23929080189301316
Non-small cell lung cancer,35,0.40363165014333846
Non-small cell lung cancer,36,0.07159729619803784
Non-small cell lung cancer,37,0.13800977191304947
Non-small cell lung cancer,38,-0.03364043620614221
Non-small cell lung cancer,39,0.5737414192628653
Non-small cell lung cancer,40,-0.13848721320742322
Non-small cell lung cancer,41,0.5195934228793868
Non-small cell lung cancer,42,-0.23648884522082197
Non-small cell lung cancer,43,0.24355590650209646
Non-small cell lung cancer,44,-0.5514777303797941
Non-small cell lung cancer,45,-0.9614945539908218
Non-small cell lung cancer,46,0.4930967443575291
Non-small cell lung cancer,47,-0.9363259740868768
Non-small cell lung cancer,48,0.10427003102291313
Non-small cell lung cancer,49,-1.0409276490838988
Small cell lung cancer,0,-0.6489425290814176
Small cell lung cancer,1,1.0462105283720153
Small cell lung cancer,2,0.025682410787848605
Small cell lung cancer,3,-0.1809528723544851
Small cell lung cancer,4,-0.15211124070280244
Small cell lung cancer,5,0.6311390545837858
Small cell lung cancer,6,-0.6005623504257657
Small cell lung cancer,7,-0.22213154507236738
Small cell lung cancer,8,0.4175658860424481
Small cell lung cancer,9,0.32479723012021855
Small cell lung cancer,10,0.5173218627190577
Small cell lung cancer,11,-0.2786456157060856
Small cell lung cancer,12,0.6243462264706868
Small cell lung cancer,13,0.02178216593787475
Small cell lung cancer,14,-0.4833443633313414
Small cell lung cancer,15,-0.5580665047007665
Small cell lung cancer,16,0.3021357235818164
Small cell lung cancer,17,0.3262136397083888
Small cell lung cancer,18,-0.3189667322886056
Small cell lung cancer,19,-0.5753908850074605
Small cell lung cancer,20,0.9580442877585285
Small cell lung cancer,21,-0.8377808900789678
Small cell lung cancer,22,0.249527932031045
Small cell lung cancer,23,-0.003711872856304352
Small cell lung cancer,24,0.6359841951943683
Small cell lung cancer,25,0.3003728200788286
Small cell lung cancer,26,0.6529755254480734
Small cell lung cancer,27,0.731055342684944
Small cell lung cancer,28,-0.015839994303906216
Small cell lung cancer,29,0.1742891773704849
Small cell lung cancer,30,0.07876605697630466
Small cell lung cancer,31,-0.07391392096750402
Small cell lung cancer,32,0.3806316889479284
Small cell lung cancer,33,-0.09964877993364896
Small cell lung cancer,34,-0.6516689986267543
Small cell lung cancer,35,0.3208077527459675
Small cell lung cancer,36,0.24351528586384658
Small cell lung cancer,37,-0.5347153244102132
Small cell lung cancer,38,-0.10660507946020636
Small cell lung cancer,39,0.39141999544138883
Small cell lung cancer,40,0.35310266208196694
Small cell lung cancer,41,-0.993380979941473
Small cell lung cancer,42,-1.0755737149735598
Small cell lung cancer,43,-0.6742352140955421
Small cell lung cancer,44,-0.6279364813891825
Small cell lung cancer,45,-0.8109701463246642
Small cell lung cancer,46,-0.5457730004055673
Small cell lung cancer,47,-0.20658183517137943
Small cell lung cancer,48,-0.6448452410348208
Small cell lung cancer,49,0.6356407943705161
Breast cancer,0,-0.8906496561447743
Breast cancer,1,-0.0005577076503660294
Breast cancer,2,0.13886655214634566
Breast cancer,3,-0.15668746845186002
Breast cancer,4,-0.20915933444771012
Breast cancer,5,0.3624257573990779
Breast cancer,6,-0.3313798574313185
Breast cancer,7,-1.033031658148257
Breast cancer,8,0.43134692855689283
Breast cancer,9,0.2954621405391188
Breast cancer,10,0.5942462380080126
Breast cancer,11,-0.22379319021987976
Breast cancer,12,0.06295510202807167
Breast cancer,13,-0.39026223357879786
Breast cancer,14,-0.37722143190641305
Breast cancer,15,-0.6558690179298088
Breast cancer,16,0.4368318962906991
Breast cancer,17,-0.0007285742351022528
Breast cancer,18,-0.15787548720362332
Breast cancer,19,-0.2994563557313085
Breast cancer,20,-0.9704939776786704
Breast cancer,21,0.46515132941075676
Breast cancer,22,-0.619956532504184
Breast cancer,23,-0.6548864874375313
Breast cancer,24,-0.8606123145489655
Breast cancer,25,0.6592142242607031
Breast cancer,26,0.5320843020947712
Breast cancer,27,-1.0953244606608337
Breast cancer,28,0.015638674734469893
Breast cancer,29,-0.59425872500273
Breast cancer,30,0.4611628882624994
Breast cancer,31,0.01891066247591207
Breast cancer,32,-0.40695851295417484
Breast cancer,33,-0.23763650616832338
Breast cancer,34,0.3032220491324992
Breast cancer,35,-0.5347907414272816
Breast cancer,36,0.7795876684314801
Breast cancer,37,-0.26245080582246116
Breast cancer,38,0.5570318260861465
Breast cancer,39,-0.3080419363770142
Breast cancer,40,0.07143582993031453
Breast cancer,41,-0.0624308656130166
Breast cancer,42,0.6070423022294148
Breast cancer,43,0.5306806286385053
Breast cancer,44,-0.6928070925021553
Breast cancer,45,-1.0013424812560876
Breast cancer,46,0.1846115924551587
Breast cancer,47,0.41487766445250257
Breast cancer,48,-0.769858705655493
Breast cancer,49,-0.8684742651710561
Colorectal cancer,0,-0.2851623024484457
Colorectal cancer,1,-0.297029930355695
Colorectal cancer,2,-0.7166153661204704
Colorectal cancer,3,-0.9462786610758134
Colorectal cancer,4,-0.5990301433431615
Colorectal cancer,5,0.031303469786285766
Colorectal cancer,6,0.7122085763470725
Colorectal cancer,7,0.9105791716872195
Colorectal cancer,8,-0.7399968381428328
Colorectal cancer,9,-0.3243598600298425
Colorectal cancer,10,0.25001376940896924
Colorectal cancer,11,0.4673652822267377
Colorectal cancer,12,0.10219344444892699
Colorectal cancer,13,-0.8601269838316032
Colorectal cancer,14,0.16057045643172738
Colorectal cancer,15,-0.042321674408263066
Colorectal cancer,16,-0.4171740146720072
Colorectal cancer,17,-0.15140993865472677
Colorectal cancer,18,-0.8676575593358204
Colorectal cancer,19,0.6714704165537232
Colorectal cancer,20,-0.8237188953920932
Colorectal cancer,21,0.5223064557794748
Colorectal cancer,22,-0.01447647996311692
Colorectal cancer,23,-0.23076457672504164
Colorectal cancer,24,-0.018370457932669004
Colorectal cancer,25,-0.40689835543694697
Colorectal cancer,26,-0.05258117274789026
Colorectal cancer,27,-0.47991530526274173
Colorectal cancer,28,-0.6951809964115376
Colorectal cancer,29,-0.15868567861490548
Colorectal cancer,30,-0.5436736724714808
Colorectal cancer,31,0.21957583230052763
Colorectal cancer,32,-1.2035536345358495
Colorectal cancer,33,-0.9384433924117213
Colorectal cancer,34,-1.1914273040820982
Colorectal cancer,35,-0.970997154462163
Colorectal cancer,36,0.5351831396191048
Colorectal cancer,37,0.5886172039838047
Colorectal cancer,38,-0.6276978544235439
Colorectal cancer,39,-0.37762601923599654
Colorectal cancer,40,0.2570220551236771
Colorectal cancer,41,-0.24705998440280627
Colorectal cancer,42,0.6946401595698798
Colorectal cancer,43,0.21647360082549455
Colorectal cancer,44,-0.9919833331498425
Colorectal cancer,45,-0.5227941796865767
Colorectal cancer,46,0.3490037537211247
Colorectal cancer,47,-0.48269307454679516
Colorectal cancer,48,-1.2070861181686017
Colorectal cancer,49,0.17877918674361798
Gastric cancer,0,-0.8006595741973969
Gastric cancer,1,-0.4457514222393743
Gastric cancer,2,0.010303897676981644
Gastric cancer,3,-0.6743091846011648
Gastric cancer,4,0.07574459674723327
Gastric cancer,5,-0.7758681812456183
Gastric cancer,6,0.47448639440450846
Gastric cancer,7,-0.6589494240868167
Gastric cancer,8,-0.24437941984844355
Gastric cancer,9,-0.9823782062450155
Gastric cancer,10,-0.4431509204132861
Gastric cancer,11,0.2917989942133442
Gastric cancer,12,-0.23728627815391695
Gastric cancer,13,-0.394842126662922
Gastric cancer,14,-0.7940823599940943
Gastric cancer,15,-0.35986369440890476
Gastric cancer,16,-0.04188104758406765
Gastric cancer,17,-0.24616082378703172
Gastric cancer,18,-0.8431992731351413
Gastric cancer,19,-0.48840588226231196
Gastric cancer,20,0.11835248201548725
Gastric cancer,21,0.7468525941986076
Gastric cancer,22,-0.08613765564892487
Gastric cancer,23,-0.7010936636436307
Gastric cancer,24,-0.44485196623096296
Gastric cancer,25,0.836239260014895
Gastric cancer,26,-0.599215158032205
Gastric cancer,27,-0.05677807893360356
Gastric cancer,28,0.3989402493614022
Gastric cancer,29,-0.08381670747675793
Gastric cancer,30,0.7574671349742433
Gastric cancer,31,-0.9521837222760118
Gastric cancer,32,-0.10131473576948649
Gastric cancer,33,0.7284192344852554
Gastric cancer,34,1.2215249777115642
Gastric cancer,35,-0.9334542507626402
Gastric cancer,36,-0.7124366369542547
Gastric cancer,37,-1.1239016568884788
Gastric cancer,38,-0.5227762086551149
Gastric cancer,39,-0.692490505534203
Gastric cancer,40,-0.7054812903644108
Gastric cancer,41,-0.5940514042702117
Gastric cancer,42,-0.5364163878995719
Gastric cancer,43,-0.9401608908601745
Gastric cancer,44,-0.6070529557935075
Gastric cancer,45,-0.10290980996533375
Gastric cancer,46,-0.3513924748447357
Gastric cancer,47,0.09125712794930138
Gastric cancer,48,-0.9507796064263364
Gastric cancer,49,-1.2378082005005713
Hepatocellular carcinoma,0,-0.5813427540616805
Hepatocellular carcinoma,1,-0.49442032514045914
Hepatocellular carcinoma,2,-0.02324008409208922
Hepatocellular carcinoma,3,0.47039001696538096
Hepatocellular carcinoma,4,0.5146446858493195
Hepatocellular carcinoma,5,-0.15989972109493283
Hepatocellular carcinoma,6,-0.9146690325721629
Hepatocellular carcinoma,7,0.23839761667627246
Hepatocellular carcinoma,8,0.922604907196011
Hepatocellular carcinoma,9,0.177895828801649
Hepatocellular carcinoma,10,-1.0693653650648707
Hepatocellular carcinoma,11,0.08536826711677736
Hepatocellular carcinoma,12,-0.19162420110673742
Hepatocellular carcinoma,13,-0.43554802656541136
Hepatocellular carcinoma,14,0.495328625443959
Hepatocellular carcinoma,15,-1.1189080301292509
Hepatocellular carcinoma,16,0.34242479297640566
Hepatocellular carcinoma,17,0.4916567404869658
Hepatocellular carcinoma,18,-0.5608509817921039
Hepatocellular carcinoma,19,0.3923149568836498
Hepatocellular carcinoma,20,0.3599176240876108
Hepatocellular carcinoma,21,-0.25199711548934006
Hepatocellular carcinoma,22,-0.3361843550842185
Hepatocellular carcinoma,23,-1.0241685869508337
Hepatocellular carcinoma,24,-1.7734121828446407
Hepatocellular carcinoma,25,0.14880012867818068
Hepatocellular carcinoma,26,-0.47441818927428203
Hepatocellular carcinoma,27,0.673505376737136
Hepatocellular carcinoma,28,-0.9943777705648312
Hepatocellular carcinoma,29,-0.7684755622129414
Hepatocellular carcinoma,30,-0.17192845615779295
Hepatocellular carcinoma,31,-0.2195098064663063
Hepatocellular carcinoma,32,-0.7174501452815245
Hepatocellular carcinoma,33,-0.6523087220941266
Hepatocellular carcinoma,34,0.21715431421288678
Hepatocellular carcinoma,35,-0.3787682020718533
Hepatocellular carcinoma,36,0.27670343029399896
Hepatocellular carcinoma,37,-0.7705947196233645
Hepatocellular carcinoma,38,0.42140722318306345
Hepatocellular carcinoma,39,-0.11290323295116013
Hepatocellular carcinoma,40,-0.23669909785532417
Hepatocellular carcinoma,41,0.3281676183391925
Hepatocellular carcinoma,42,-0.6391397396691769
Hepatocellular carcinoma,43,-0.7333759753302038
Hepatocellular carcinoma,44,0.2685374284707298
Hepatocellular carcinoma,45,0.2356547556758537
Hepatocellular carcinoma,46,-0.11163336070996892
Hepatocellular carcinoma,47,-0.2753833599209725
Hepatocellular carcinoma,48,-0.09154096649820151
Hepatocellular carcinoma,49,0.2509972695777726
Pancreatic cancer,0,0.35145784373013744
Pancreatic cancer,1,0.33751442711906454
Pancreatic cancer,2,-0.15593397688550528
Pancreatic cancer,3,1.2587140114337805
Pancreatic cancer,4,0.6255218157393334
Pancreatic cancer,5,-0.24132048088168231
Pancreatic cancer,6,0.04578163541126254
Pancreatic cancer,7,0.41030356245409855
Pancreatic cancer,8,-0.8379481251009389
Pancreatic cancer,9,-0.3276503590063064
Pancreatic cancer,10,0.3875732476774903
Pancreatic cancer,11,-0.6633443793632878
Pancreatic cancer,12,-0.23005325170224614
Pancreatic cancer,13,-0.10717229291791541
Pancreatic cancer,14,0.11023319166260445
Pancreatic cancer,15,-0.505350761070875
Pancreatic cancer,16,-0.04277462879939022
Pancreatic cancer,17,-0.8603108753791651
Pancreatic cancer,18,0.312427816388399
Pancreatic cancer,19,0.3605399132108045
Pancreatic cancer,20,-0.6599859364785657
Pancreatic cancer,21,0.08159920468647439
Pancreatic cancer,22,0.21211557835489284
Pancreatic cancer,23,-1.0581151870892664
Pancreatic cancer,24,0.3272483216135661
Pancreatic cancer,25,0.5645173794321421
Pancreatic cancer,26,-0.6211759710593483
Pancreatic cancer,27,0.659675293123258
Pancreatic cancer,28,0.960593269509229
Pancreatic cancer,29,0.6132375670933204
Pancreatic cancer,30,0.33515448030645223
Pancreatic cancer,31,0.695706045503806
Pancreatic cancer,32,0.15930376180602823
Pancreatic cancer,33,-0.8590262801020756
Pancreatic cancer,34,1.1062502937138299
Pancreatic cancer,35,0.8685799380919117
Pancreatic cancer,36,-0.437154785795406
Pancreatic cancer,37,-0.6464417578414394
Pancreatic cancer,38,0.6318443799518829
Pancreatic cancer,39,-0.29579508419432166
Pancreatic cancer,40,0.2595912065854636
Pancreatic cancer,41,0.35926088394042094
Pancreatic cancer,42,-0.761586313568377
Pancreatic cancer,43,-0.40518501557302056
Pancreatic cancer,44,-0.3808313137484165
Pancreatic cancer,45,-0.6007592387478965
Pancreatic cancer,46,-0.024966156478404347
Pancreatic cancer,47,0.3158115353237954
Pancreatic cancer,48,-0.40117616890911745
Pancreatic cancer,49,0.5155548974731439
T cell receptor signaling pathway,0,0.2782241192820242
T cell receptor signaling pathway,1,-1.391824081858604
T cell receptor signaling pathway,2,-0.6428031996266746
T cell receptor signaling pathway,3,-0.8488844001958804
T cell receptor signaling pathway,4,0.1413299857498682
T cell receptor signaling pathway,5,-0.2641163052001319
T cell receptor signaling pathway,6,-0.7577604849579638
T cell receptor signaling pathway,7,-0.9838162956420271
T cell receptor signaling pathway,8,0.7669946387203604
T cell receptor signaling pathway,9,-0.5284320650819684
T cell receptor signaling pathway,10,0.0062983700486998195
T cell receptor signaling pathway,11,-0.9717451907468562
T cell receptor signaling pathway,12,-1.0197901789960722
T cell receptor signaling pathway,13,-0.9770520184761949
T cell receptor signaling pathway,14,-0.1556593143538608
T cell receptor signaling pathway,15,-0.5491238033434599
T cell receptor signaling pathway,16,-0.3076641930289741
T cell receptor signaling pathway,17,0.0992822717082618
T cell receptor signaling pathway,18,0.42362026924698964
T cell receptor signaling pathway,19,-0.4955304429814309
T cell receptor signaling pathway,20,-0.33866219400516756
T cell receptor signaling pathway,21,0.3983004637584434
T cell receptor signaling pathway,22,-0.9791637540715401
T cell receptor signaling pathway,23,0.28355729256639634
T cell receptor signaling pathway,24,-0.5330057530465088
T cell receptor signaling pathway,25,0.6157184258624133
T cell receptor signaling pathway,26,-0.3575531925641577
T cell receptor signaling pathway,27,-0.060100783177829825
T cell receptor signaling pathway,28,-0.2145620654036835
T cell receptor signaling pathway,29,0.627634567690269
T cell receptor signaling pathway,30,-0.37539980118860694
T cell receptor signaling pathway,31,-0.07859597958043629
T cell receptor signaling pathway,32,0.796965862818606
T cell receptor signaling pathway,33,-0.586514198187847
T cell receptor signaling pathway,34,-0.5187643525167346
T cell receptor signaling pathway,35,-0.5410385692898402
T cell receptor signaling pathway,36,-0.22862724075327145
T cell receptor signaling pathway,37,-0.5413426340350576
T cell receptor signaling pathway,38,0.39535686817009796
T cell receptor signaling pathway,39,0.6274196108284675
T cell receptor signaling pathway,40,0.26351797780664904
T cell receptor signaling pathway,41,0.21222333602713853
T cell receptor signaling pathway,42,0.08196206827313762
T cell receptor signaling pathway,43,-0.2252659027259303
T cell receptor signaling pathway,44,-0.5492337652323509
T cell receptor signaling pathway,45,-0.5690352663892285
T cell receptor signaling pathway,46,-0.0818291429411376
T cell receptor signaling pathway,47,0.1573776170812057
T cell receptor signaling pathway,48,-0.9038123295954831
T cell receptor signaling pathway,49,0.2764708567922121
B cell receptor signaling pathway,0,0.10963199316573743
B cell receptor signaling pathway,1,0.6521165097033819
B cell receptor signaling pathway,2,0.15249650556290595
B cell receptor signaling pathway,3,-0.5964971555086673
B cell receptor signaling pathway,4,0.7082694400781125
B cell receptor signaling pathway,5,-0.5414742818861927
B cell receptor signaling pathway,6,-0.6583977692242762
B cell receptor signaling pathway,7,-0.062093463824966
B cell receptor signaling pathway,8,0.46327134311107454
B cell receptor signaling pathway,9,0.45360976039720136
B cell receptor signaling pathway,10,-0.4528860830517443
B cell receptor signaling pathway,11,0.5469873249963633
B cell receptor signaling pathway,12,-0.20397949029301332
B cell receptor signaling pathway,13,-0.9576871426484229
B cell receptor signaling pathway,14,0.7628294344209191
B cell receptor signaling pathway,15,0.7963580361841027
B cell receptor signaling pathway,16,-0.09916275959042897
B cell receptor signaling pathway,17,0.4482760188407326
B cell receptor signaling pathway,18,-0.40389233752377574
B cell receptor signaling pathway,19,-0.7658186931842411
B cell receptor signaling pathway,20,0.46175031464594285
B cell receptor signaling pathway,21,-0.25071830313170584
B cell receptor signaling pathway,22,-0.016037747449164058
B cell receptor signaling pathway,23,-0.704512882027619
B cell receptor signaling pathway,24,-0.6714895535980453
B cell receptor signaling pathway,25,0.3623946766851691
B cell receptor signaling pathway,26,-1.0291060691146752
B cell receptor signaling pathway,27,-0.20032219131979506
B cell receptor signaling pathway,28,-0.9094326971180647
B cell receptor signaling pathway,29,-0.8275051503723356
B cell receptor signaling pathway,30,-0.8626026620083166
B cell receptor signaling pathway,31,-0.28809177611922576
B cell receptor signaling pathway,32,0.4574161749825616
B cell receptor signaling pathway,33,0.29150722344086405
B cell receptor signaling pathway,34,0.025083748965674946
B cell receptor signaling pathway,35,-0.2867488340230946
B cell receptor signaling pathway,36,0.5199962858189007
B cell receptor signaling pathway,37,0.28873882561831354
B cell receptor signaling pathway,38,-0.46033863534540886
B cell receptor signaling pathway,39,-0.6080071712321433
B cell receptor signaling pathway,40,0.32730388247862763
B cell receptor signaling pathway,41,-0.020664176851320618
B cell receptor signaling pathway,42,-0.19281992858325453
B cell receptor signaling pathway,43,0.38487586198486573
B cell receptor signaling pathway,44,0.005030041233166471
B cell receptor signaling pathway,45,0.09116946483407314
B cell receptor signaling pathway,46,-0.6222117370826242
B cell receptor signaling pathway,47,-1.048422969546702
B cell receptor signaling pathway,48,-0.20714295059469334
B cell receptor signaling pathway,49,-0.5316865530079445
Natural killer cell mediated cytotoxicity,0,0.46202941052883717
Natural killer cell mediated cytotoxicity,1,-0.4932937357056607
Natural killer cell mediated cytotoxicity,2,-0.7891146077032686
Natural killer cell mediated cytotoxicity,3,0.3288680500490117
Natural killer cell mediated cytotoxicity,4,0.31739466836797925
Natural killer cell mediated cytotoxicity,5,0.4438058519598275
Natural killer cell mediated cytotoxicity,6,-1.1591045789479515
Natural killer cell mediated cytotoxicity,7,0.025265515552795728
Natural killer cell mediated cytotoxicity,8,0.3721104901017178
Natural killer cell mediated cytotoxicity,9,-0.4614892681362637
Natural killer cell mediated cytotoxicity,10,-0.11426131869295018
Natural killer cell mediated cytotoxicity,11,0.4296486232850186
Natural killer cell mediated cytotoxicity,12,0.4042425250195483
Natural killer cell mediated cytotoxicity,13,0.17577103593474774
Natural killer cell mediated cytotoxicity,14,0.21656966150064694
Natural killer cell mediated cytotoxicity,15,0.38684692678870947
Natural killer cell mediated cytotoxicity,16,-0.753983797121106
Natural killer cell mediated cytotoxicity,17,0.5670772976428015
Natural killer cell mediated cytotoxicity,18,-0.43746127003701485
Natural killer cell mediated cytotoxicity,19,0.25844709689521445
Natural killer cell mediated cytotoxicity,20,0.7176359628996102
Natural killer cell mediated cytotoxicity,21,0.17385849647209128
Natural killer cell mediated cytotoxicity,22,-0.6320781449049682
Natural killer cell mediated cytotoxicity,23,-0.17300166934061864
Natural killer cell mediated cytotoxicity,24,-0.46589973808383267
Natural killer cell mediated cytotoxicity,25,-0.06859053845696672
Natural killer cell mediated cytotoxicity,26,-0.34302799838515996
Natural killer cell mediated cytotoxicity,27,-0.35214517772924975
Natural killer cell mediated cytotoxicity,28,0.43757139128826306
Natural killer cell mediated cytotoxicity,29,0.23419475762563863
Natural killer cell mediated cytotoxicity,30,-0.12572552070660353
Natural killer cell mediated cytotoxicity,31,0.13021936616639895
Natural killer cell mediated cytotoxicity,32,-0.8408545148726434
Natural killer cell mediated cytotoxicity,33,0.9000853606828563
Natural killer cell mediated cytotoxicity,34,-0.3618800128704452
Natural killer cell mediated cytotoxicity,35,-0.061837868690883604
Natural killer cell mediated cytotoxicity,36,-0.35418999577591365
Natural killer cell mediated cytotoxicity,37,-0.03429179543283435
Natural killer cell mediated cytotoxicity,38,0.32833657026196256
Natural killer cell mediated cytotoxicity,39,-0.5938955943344104
Natural killer cell mediated cytotoxicity,40,0.5333505497034515
Natural killer cell mediated cytotoxicity,41,-0.2681550783206891
Natural killer cell mediated cytotoxicity,42,0.2770287598884191
Natural killer cell mediated cytotoxicity,43,0.6301244104178018
Natural killer cell mediated cytotoxicity,44,0.38704133103913796
Natural killer cell mediated cytotoxicity,45,0.37349353779216665
Natural killer cell mediated cytotoxicity,46,-0.46855704969809586
Natural killer cell mediated cytotoxicity,47,0.037652332071914985
Natural killer cell mediated cytotoxicity,48,-1.2724021908792567
Natural killer cell mediated cytotoxicity,49,-0.2371637025364307
Antigen processing and presentation,0,-0.022984355767461037
Antigen processing and presentation,1,-1.0390449630019132
Antigen processing and presentation,2,-0.7886650673060974
Antigen processing and presentation,3,0.3324410419093252
Antigen processing and presentation,4,0.39195185170095337
Antigen processing and presentation,5,-0.14023024409754087
Antigen processing and presentation,6,-1.354373844146076
Antigen processing and presentation,7,-1.0459211978188088
Antigen processing and presentation,8,-0.6756715673564602
Antigen processing and presentation,9,-0.028582930103190556
Antigen processing and presentation,10,0.5324540442316029
Antigen processing and presentation,11,0.6033888124392915
Antigen processing and presentation,12,-0.9093218615457636
Antigen processing and presentation,13,-0.34357410328174265
Antigen processing and presentation,14,-0.5939864758843807
Antigen processing and presentation,15,-0.33670848366916245
Antigen processing and presentation,16,-0.2290848068829621
Antigen processing and presentation,17,-0.2591373544472512
Antigen processing and presentation,18,0.4463082042137998
Antigen processing and presentation,19,-0.7180637415507882
Antigen processing and presentation,20,1.192572031931901
Antigen processing and presentation,21,-0.8177455986087483
Antigen processing and presentation,22,-0.5460012452569938
Antigen processing and presentation,23,-0.11043278187221625
Antigen processing and presentation,24,-0.31405908079548595
Antigen processing and presentation,25,-0.44901232862434953
Antigen processing and presentation,26,0.4652713057402794
Antigen processing and presentation,27,-0.10095350692972253
Antigen processing and presentation,28,-0.25018264651250677
Antigen processing and presentation,29,0.2370657173122603
Antigen processing and presentation,30,-0.3733703758132362
Antigen processing and presentation,31,-0.6742151701883144
Antigen processing and presentation,32,0.1416412146718381
Antigen processing and presentation,33,0.8221930447327868
Antigen processing and presentation,34,0.3711652321912323
Antigen processing and presentation,35,-0.9804620024044266
Antigen processing and presentation,36,0.18943659021566317
Antigen processing and presentation,37,-0.07429820590446735
Antigen processing and presentation,38,-0.15573987518049218
Antigen processing and presentation,39,0.13395405310923533
Antigen processing and presentation,40,-0.2342822366994272
Antigen processing and presentation,41,-0.77473689694925
Antigen processing and presentation,42,0.5330566952636917
Antigen processing and presentation,43,-0.7697693182846475
Antigen processing and presentation,44,-0.13625195340712637
Antigen processing and presentation,45,-0.8483258520016694
Antigen processing and presentation,46,0.21293258418528654
Antigen processing and presentation,47,0.8661888125238041
Antigen processing and presentation,48,-1.272871111985841
Antigen processing and presentation,49,-0.46546406969321186
Cytokine-cytokine receptor interaction,0,-1.0862556296556178
Cytokine-cytokine receptor interaction,1,0.08017167515533
Cytokine-cytokine receptor interaction,2,0.3584015610943718
Cytokine-cytokine receptor interaction,3,-0.7697141220965998
Cytokine-cytokine receptor interaction,4,-0.2217931845153355
Cytokine-cytokine receptor interaction,5,-0.42242540333067735
Cytokine-cytokine receptor interaction,6,0.18654888136673553
Cytokine-cytokine receptor interaction,7,-0.5396231525333065
Cytokine-cytokine receptor interaction,8,-0.2491790581172738
Cytokine-cytokine receptor interaction,9,-0.5009459284871016
Cytokine-cytokine receptor interaction,10,-0.6962080054291003
Cytokine-cytokine receptor interaction,11,-1.263280255825392
Cytokine-cytokine receptor interaction,12,-0.13261898942094577
Cytokine-cytokine receptor interaction,13,0.06295025392349343
Cytokine-cytokine receptor interaction,14,0.7899968418443759
Cytokine-cytokine receptor interaction,15,0.3720315874600659
Cytokine-cytokine receptor interaction,16,-0.5602360200008233
Cytokine-cytokine receptor interaction,17,-0.7706477546920352
Cytokine-cytokine receptor interaction,18,-0.9186920374321135
Cytokine-cytokine receptor interaction,19,0.23127486479613313
Cytokine-cytokine receptor interaction,20,0.08470717306559962
Cytokine-cytokine receptor interaction,21,-0.14817568999256653
Cytokine-cytokine receptor interaction,22,-1.207385706339849
Cytokine-cytokine receptor interaction,23,-0.2866945524870156
Cytokine-cytokine receptor interaction,24,0.11068304033561353
Cytokine-cytokine receptor interaction,25,0.20066563125350484
Cytokine-cytokine receptor interaction,26,-0.39080417922432564
Cytokine-cytokine receptor interaction,27,-0.0035133454867333005
Cytokine-cytokine receptor interaction,28,-0.21671416756276657
Cytokine-cytokine receptor interaction,29,-0.8819188872725605
Cytokine-cytokine receptor interaction,30,-0.9670134159750043
Cytokine-cytokine receptor interaction,31,-0.3404837414730141
Cytokine-cytokine receptor interaction,32,0.8096886311756394
Cytokine-cytokine receptor interaction,33,-0.29650162604380603
Cytokine-cytokine receptor interaction,34,0.1801959382370658
Cytokine-cytokine receptor interaction,35,-0.11174105002852334
Cytokine-cytokine receptor interaction,36,0.036272520776778616
Cytokine-cytokine receptor interaction,37,-0.25597819973266434
Cytokine-cytokine receptor interaction,38,-0.9182990631234563
Cytokine-cytokine receptor interaction,39,0.015564346097274154
Cytokine-cytokine receptor interaction,40,0.14726032352958368
Cytokine-cytokine receptor interaction,41,-0.6670564204674769
Cytokine-cytokine receptor interaction,42,0.30966636405867903
Cytokine-cytokine receptor interaction,43,-0.5797327122894805
Cytokine-cytokine receptor interaction,44,0.050290188796708366
Cytokine-cytokine receptor interaction,45,-0.024418410760479167
Cytokine-cytokine receptor interaction,46,-0.7770536573113753
Cytokine-cytokine receptor interaction,47,-0.8571021492279507
Cytokine-cytokine receptor interaction,48,-0.7677862227729758
Cytokine-cytokine receptor interaction,49,-0.41531094991224693
Chemokine signaling pathway,0,-0.9857429965706674
Chemokine signaling pathway,1,0.1475801635504556
Chemokine signaling pathway,2,0.9627973200520759
Chemokine signaling pathway,3,0.16703763912068156
Chemokine signaling pathway,4,0.21837535570917999
Chemokine signaling pathway,5,-0.12818967074958465
Chemokine signaling pathway,6,0.30915268981177113
Chemokine signaling pathway,7,0.023359782992805077
Chemokine signaling pathway,8,-0.8836803931957836
Chemokine signaling pathway,9,0.15369193215265434
Chemokine signaling pathway,10,0.19092007709802652
Chemokine signaling pathway,11,-0.7305849160844827
Chemokine signaling pathway,12,0.2135831964568676
Chemokine signaling pathway,13,0.18789551437141003
Chemokine signaling pathway,14,0.420634004108191
Chemokine signaling pathway,15,-0.15024504122626228
Chemokine signaling pathway,16,0.7040166238468376
Chemokine signaling pathway,17,-1.097258900813047
Chemokine signaling pathway,18,-0.31883598153058235
Chemokine signaling pathway,19,1.1675295988655598
Chemokine signaling pathway,20,0.4367608627575901
Chemokine signaling pathway,21,-0.3408666847708892
Chemokine signaling pathway,22,-0.16095545436873804
Chemokine signaling pathway,23,-0.8568966825412067
Chemokine signaling pathway,24,0.04333948268674588
Chemokine signaling pathway,25,0.5424208368233407
Chemokine signaling pathway,26,-0.6191791912324663
Chemokine signaling pathway,27,0.03084763679736957
Chemokine signaling pathway,28,0.7329557850464763
Chemokine signaling pathway,29,0.6419591166733704
Chemokine signaling pathway,30,0.0048725494983222345
Chemokine signaling pathway,31,-1.2299749302756575
Chemokine signaling pathway,32,-0.4668063375099097
Chemokine signaling pathway,33,-0.8695214939334092
Chemokine signaling pathway,34,0.554217701899263
Chemokine signaling pathway,35,-1.2011695209228967
Chemokine signaling pathway,36,1.0030006498432624
Chemokine signaling pathway,37,-0.19583109932936293
Chemokine signaling pathway,38,-0.7744749100282744
Chemokine signaling pathway,39,0.581973430239682
Chemokine signaling pathway,40,-0.5521258947106154
Chemokine signaling pathway,41,-0.8737099700994103
Chemokine signaling pathway,42,-0.6224674132052752
Chemokine signaling pathway,43,-0.8796311428447506
Chemokine signaling pathway,44,-0.39203829329552764
Chemokine signaling pathway,45,0.45958210191160226
Chemokine signaling pathway,46,-0.2867214284363794
Chemokine signaling pathway,47,-0.6492489448484869
Chemokine signaling pathway,48,-0.21158866943885118
Chemokine signaling pathway,49,-1.360715089232391
ECM-receptor interaction,0,0.2912630920057194
ECM-receptor interaction,1,-0.8677567168088354
ECM-receptor interaction,2,-0.1593238205919296
ECM-receptor interaction,3,0.6615812951257335
ECM-receptor interaction,4,-0.7452967401018086
ECM-receptor interaction,5,0.3985910456580666
ECM-receptor interaction,6,0.00543999291961364
ECM-receptor interaction,7,0.5281631341383256
ECM-receptor interaction,8,0.3195096159990783
ECM-receptor interaction,9,0.14449333806908207
ECM-receptor interaction,10,-0.3740560097369185
ECM-receptor interaction,11,0.4930846971577496
ECM-receptor interaction,12,-0.3661155611210968
ECM-receptor interaction,13,0.23498579981089635
ECM-receptor interaction,14,-0.7380923180857619
ECM-receptor interaction,15,-0.5481881642918265
ECM-receptor interaction,16,0.2808567317361787
ECM-receptor interaction,17,0.6128668861140334
ECM-receptor interaction,18,0.9908969384733772
ECM-receptor interaction,19,-0.2625066703187789
ECM-receptor interaction,20,0.3122890029641153
ECM-receptor interaction,21,0.7781682600302936
ECM-receptor interaction,22,0.2819789725066879
ECM-receptor interaction,23,0.35764848269151933
ECM-receptor interaction,24,0.053632488355429636
ECM-receptor interaction,25,-0.2262622270576874
ECM-receptor interaction,26,-0.08777727363458793
ECM-receptor interaction,27,0.03962416729994887
ECM-receptor interaction,28,0.5257830863839918
ECM-receptor interaction,29,-0.5345662429691357
ECM-receptor interaction,30,-1.116870526579748
ECM-receptor interaction,31,0.7849396115505671
ECM-receptor interaction,32,-0.10055732594482392
ECM-receptor interaction,33,0.9417023602031047
ECM-receptor interaction,34,-0.15623625041625264
ECM-receptor interaction,35,-0.3510912675898721
ECM-receptor interaction,36,0.4339619470019611
ECM-receptor interaction,37,-0.21492386627325338
ECM-receptor interaction,38,-0.22433522208703155
ECM-receptor interaction,39,-0.6596901994717189
ECM-receptor interaction,40,-0.6838568527819724
ECM-receptor interaction,41,-0.14260175396192337
ECM-receptor interaction,42,0.09709301535529187
ECM-receptor interaction,43,-0.8064925830751964
ECM-receptor interaction,44,-0.20988131694228293
ECM-receptor interaction,45,-0.14342980825955445
ECM-receptor interaction,46,0.11492853253404596
ECM-receptor interaction,47,0.46160002177419823
ECM-receptor interaction,48,-0.6188389217692056
ECM-receptor interaction,49,-0.33350316185568196
Focal adhesion,0,0.3409251017502499
Focal adhesion,1,0.6784255977224506
Focal adhesion,2,-0.46722408638370744
Focal adhesion,3,-0.5031965355919502
Focal adhesion,4,-0.6081434829110965
Focal adhesion,5,-0.9218719007453491
Focal adhesion,6,-0.7210666275819346
Focal adhesion,7,-0.5615442457904097
Focal adhesion,8,-0.6281127884776055
Focal adhesion,9,-0.4845877293415912
Focal adhesion,10,-0.2788812320658053
Focal adhesion,11,0.053392784569918875
Focal adhesion,12,0.6518998283100806
Focal adhesion,13,-0.8925184053079195
Focal adhesion,14,0.7841525734915067
Focal adhesion,15,-0.2808471941449766
Focal adhesion,16,-1.191266289268551
Focal adhesion,17,0.6089691811834437
Focal adhesion,18,-1.0155276510148885
Focal adhesion,19,-0.2564502738763139
Focal adhesion,20,-1.096895470792342
Focal adhesion,21,0.252598215468508
Focal adhesion,22,-0.8031049477589692
Focal adhesion,23,-0.5091198986595193
Focal adhesion,24,0.8589884070708773
Focal adhesion,25,0.5964490627239476
Focal adhesion,26,0.8815062467414987
Focal adhesion,27,0.3577751476548222
Focal adhesion,28,-0.1605250395565908
Focal adhesion,29,-0.581337630151207
Focal adhesion,30,-0.47264032492928504
Focal adhesion,31,0.09791766426844048
Focal adhesion,32,-1.3132165635029824
Focal adhesion,33,0.000577273554131722
Focal adhesion,34,-1.6175319926742056
Focal adhesion,35,-0.059016006367632365
Focal adhesion,36,-0.80992289677308
Focal adhesion,37,-0.6263934686082678
Focal adhesion,38,-0.35749565261501914
Focal adhesion,39,-0.6602662704394814
Focal adhesion,40,-0.6397082599380163
Focal adhesion,41,0.03347490106451045
Focal adhesion,42,-0.5645535644469158
Focal adhesion,43,-0.8039773641552161
Focal adhesion,44,-0.2471156558711023
Focal adhesion,45,-0.4370062019530776
Focal adhesion,46,-0.05207300103328018
Focal adhesion,47,-0.2811344898558947
Focal adhesion,48,0.24669661239073287
Focal adhesion,49,-0.6427868208733878
Cell adhesion molecules,0,-0.39839740158755477
Cell adhesion molecules,1,-0.049256098301067475
Cell adhesion molecules,2,-0.6108664486355925
Cell adhesion molecules,3,0.18086311916524564
Cell adhesion molecules,4,-0.21390320043301675
Cell adhesion molecules,5,0.45142327828075923
Cell adhesion molecules,6,0.10423843537738563
Cell adhesion molecules,7,-0.10258349683646253
Cell adhesion molecules,8,-0.4682949348998232
Cell adhesion molecules,9,0.2459234007962519
Cell adhesion molecules,10,-0.7176760476650024
Cell adhesion molecules,11,-0.1881417271681342
Cell adhesion molecules,12,-0.04620203158899866
Cell adhesion molecules,13,0.7499723090708127
Cell adhesion molecules,14,-0.9383822101940259
Cell adhesion molecules,15,-0.933357174491296
Cell adhesion molecules,16,-1.0346619242604296
Cell adhesion molecules,17,0.12598140566902527
Cell adhesion molecules,18,-0.7574084372716275
Cell adhesion molecules,19,-0.4813154074500022
Cell adhesion molecules,20,0.5279042597170366
Cell adhesion molecules,21,0.008490964012672242
Cell adhesion molecules,22,0.22364506254634203
Cell adhesion molecules,23,-0.43166157348701123
Cell adhesion molecules,24,0.0015304688372106967
Cell adhesion molecules,25,0.43482178909631974
Cell adhesion molecules,26,-0.37652913618848133
Cell adhesion molecules,27,-0.004504190232814731
Cell adhesion molecules,28,-0.4623807517700891
Cell adhesion molecules,29,1.0334055732454526
Cell adhesion molecules,30,-0.24703049186904694
Cell adhesion molecules,31,-0.4630251492313516
Cell adhesion molecules,32,-0.9292730038305613
Cell adhesion molecules,33,0.39599733288964667
Cell adhesion molecules,34,-0.08660930271770398
Cell adhesion molecules,35,-0.04699511503948224
Cell adhesion molecules,36,-0.12184751124667878
Cell adhesion molecules,37,-0.8879676746760753
Cell adhesion molecules,38,0.013999391804057041
Cell adhesion molecules,39,-0.3862659075923765
Cell adhesion molecules,40,-0.15313608514115742
Cell adhesion molecules,41,-0.05320714852998328
Cell adhesion molecules,42,0.3503124621804892
Cell adhesion molecules,43,-0.6705507046870062
Cell adhesion molecules,44,0.965496835259126
Cell adhesion molecules,45,-0.3665670068162662
Cell adhesion molecules,46,-0.054618033173152364
Cell adhesion molecules,47,0.13220500687698855
Cell adhesion molecules,48,-0.10190159123644921
Cell adhesion molecules,49,-0.44659165265851586
Regulation of actin cytoskeleton,0,0.2263162117069967
Regulation of actin cytoskeleton,1,-1.1795810481991442
Regulation of actin cytoskeleton,2,0.06539676601708652
Regulation of actin cytoskeleton,3,-0.45493338275571077
Regulation of actin cytoskeleton,4,-0.280964876374028
Regulation of actin cytoskeleton,5,0.21213385696104148
Regulation of actin cytoskeleton,6,-0.012553560139079212
Regulation of actin cytoskeleton,7,-0.6796541599343591
Regulation of actin cytoskeleton,8,-0.8580756830464464
Regulation of actin cytoskeleton,9,-0.5334127689142595
Regulation of actin cytoskeleton,10,-0.7747483599775433
Regulation of actin cytoskeleton,11,0.02553495997388444
Regulation of actin cytoskeleton,12,-0.2721374795666815
Regulation of actin cytoskeleton,13,0.8133085939092484
Regulation of actin cytoskeleton,14,-1.5651133589764377
Regulation of actin cytoskeleton,15,1.0784025829441024
Regulation of actin cytoskeleton,16,-0.3645343263782609
Regulation of actin cytoskeleton,17,0.17034111172749236
Regulation of actin cytoskeleton,18,-0.3237932912941582
Regulation of actin cytoskeleton,19,-0.39343169818665213
Regulation of actin cytoskeleton,20,0.4572410931845734
Regulation of actin cytoskeleton,21,-0.4243965648072635
Regulation of actin cytoskeleton,22,0.027592976541315692
Regulation of actin cytoskeleton,23,-0.25976617345227787
Regulation of actin cytoskeleton,24,-0.684265401416353
Regulation of actin cytoskeleton,25,0.38926242554022056
Regulation of actin cytoskeleton,26,-1.0536619865298205
Regulation of actin cytoskeleton,27,-0.499760830238052
Regulation of actin cytoskeleton,28,-1.0874985116738212
Regulation of actin cytoskeleton,29,-0.47133563157311875
Regulation of actin cytoskeleton,30,-0.05349988683566109
Regulation of actin cytoskeleton,31,0.715235357951664
Regulation of actin cytoskeleton,32,-0.6957783778742006
Regulation of actin cytoskeleton,33,-0.9304667905637255
Regulation of actin cytoskeleton,34,-0.604164142496475
Regulation of actin cytoskeleton,35,-0.8638045197039929
Regulation of actin cytoskeleton,36,0.12075679154974783
Regulation of actin cytoskeleton,37,-1.0173045641053848
Regulation of actin cytoskeleton,38,-0.25050165208910546
Regulation of actin cytoskeleton,39,-0.13226679033438524
Regulation of actin cytoskeleton,40,-0.1304574404833287
Regulation of actin cytoskeleton,41,-0.03018249975284705
Regulation of actin cytoskeleton,42,-0.884065296044557
Regulation of actin cytoskeleton,43,-0.6098261390004418
Regulation of actin cytoskeleton,44,-0.2591302976760363
Regulation of actin cytoskeleton,45,0.24787594927716977
Regulation of actin cytoskeleton,46,0.8072104219732951
Regulation of actin cytoskeleton,47,-0.15095509686181777
Regulation of actin cytoskeleton,48,-0.8914318091157718
Regulation of actin cytoskeleton,49,-1.3952163431636508
Glycolysis / Gluconeogenesis,0,-0.41254607156613554
Glycolysis / Gluconeogenesis,1,-0.6222301662034118
Glycolysis / Gluconeogenesis,2,-0.8876038814515255
Glycolysis / Gluconeogenesis,3,-0.8112765757696903
Glycolysis / Gluconeogenesis,4,0.6424288397461546
Glycolysis / Gluconeogenesis,5,-0.8591837026255263
Glycolysis / Gluconeogenesis,6,-0.014314518008132562
Glycolysis / Gluconeogenesis,7,-0.7081437756746953
Glycolysis / Gluconeogenesis,8,-1.0998253640440794
Glycolysis / Gluconeogenesis,9,-0.44582003548689564
Glycolysis / Gluconeogenesis,10,-0.17223618457990225
Glycolysis / Gluconeogenesis,11,-0.37593323933216427
Glycolysis / Gluconeogenesis,12,0.9821167711420384
Glycolysis / Gluconeogenesis,13,0.07383484255275269
Glycolysis / Gluconeogenesis,14,0.18957584825382567
Glycolysis / Gluconeogenesis,15,0.28489524959025997
Glycolysis / Gluconeogenesis,16,0.1532214495534138
Glycolysis / Gluconeogenesis,17,-0.5099118249318121
Glycolysis / Gluconeogenesis,18,-0.06547765582529423
Glycolysis / Gluconeogenesis,19,0.4386701713183824
Glycolysis / Gluconeogenesis,20,0.37457146360975835
Glycolysis / Gluconeogenesis,21,-0.6252896856748278
Glycolysis / Gluconeogenesis,22,-0.34657080377206145
Glycolysis / Gluconeogenesis,23,0.13863836520353043
Glycolysis / Gluconeogenesis,24,0.1238487805289546
Glycolysis / Gluconeogenesis,25,0.5526012954155086
Glycolysis / Gluconeogenesis,26,-0.4641793307869854
Glycolysis / Gluconeogenesis,27,0.5033324463037475
Glycolysis / Gluconeogenesis,28,-1.0544717415466858
Glycolysis / Gluconeogenesis,29,0.2025325961134102
Glycolysis / Gluconeogenesis,30,0.024671691099047426
Glycolysis / Gluconeogenesis,31,1.1369031510588363
Glycolysis / Gluconeogenesis,32,-0.060033019514013436
Glycolysis / Gluconeogenesis,33,-0.39430681195058936
Glycolysis / Gluconeogenesis,34,-0.09590354372307344
Glycolysis / Gluconeogenesis,35,-0.1336256532651403
Glycolysis / Gluconeogenesis,36,0.020246891708708775
Glycolysis / Gluconeogenesis,37,-0.7754042325279283
Glycolysis / Gluconeogenesis,38,-0.4749617817711378
Glycolysis / Gluconeogenesis,39,0.8568382223065631
Glycolysis / Gluconeogenesis,40,-0.2660059925909757
Glycolysis / Gluconeogenesis,41,0.16040065235825166
Glycolysis / Gluconeogenesis,42,-0.451216244653533
Glycolysis / Gluconeogenesis,43,0.014697806145968509
Glycolysis / Gluconeogenesis,44,-0.6488378024360308
Glycolysis / Gluconeogenesis,45,-0.8376534893168023
Glycolysis / Gluconeogenesis,46,0.376553426749837
Glycolysis / Gluconeogenesis,47,0.6451129011959951
Glycolysis / Gluconeogenesis,48,0.16974798976418018
Glycolysis / Gluconeogenesis,49,-0.5336404088080553
Oxidative phosphorylation,0,0.38013131477746104
Oxidative phosphorylation,1,0.33779813896148725
Oxidative phosphorylation,2,-0.3941881145904482
Oxidative phosphorylation,3,-0.33694120992042753
Oxidative phosphorylation,4,-0.1794908416767067
Oxidative phosphorylation,5,0.7930627718041675
Oxidative phosphorylation,6,0.8432390325706894
Oxidative phosphorylation,7,0.2545929286152041
Oxidative phosphorylation,8,-0.28380434646290886
Oxidative phosphorylation,9,0.20187421196180977
Oxidative phosphorylation,10,0.35039150189838897
Oxidative phosphorylation,11,-0.38132579503477626
Oxidative phosphorylation,12,-0.909708349243693
Oxidative phosphorylation,13,0.6503100250452267
Oxidative phosphorylation,14,0.0854059274911131
Oxidative phosphorylation,15,0.6798826723488995
Oxidative phosphorylation,16,0.6968561677994852
Oxidative phosphorylation,17,0.2982295827246315
Oxidative phosphorylation,18,0.35947605983807207
Oxidative phosphorylation,19,0.32163087338800866
Oxidative phosphorylation,20,-0.783150040105171
Oxidative phosphorylation,21,0.25023963303036256
Oxidative phosphorylation,22,-0.06828411246767535
Oxidative phosphorylation,23,0.18849428665621337
Oxidative phosphorylation,24,0.25414959508863577
Oxidative phosphorylation,25,-0.9432501728562126
Oxidative phosphorylation,26,-0.4710637334580416
Oxidative phosphorylation,27,-0.7059055160496435
Oxidative phosphorylation,28,0.05198043868395252
Oxidative phosphorylation,29,-0.632208211167992
Oxidative phosphorylation,30,-0.09666676591453352
Oxidative phosphorylation,31,0.19704193720166052
Oxidative phosphorylation,32,-1.1488915732290659
Oxidative phosphorylation,33,-0.2143958431364639
Oxidative phosphorylation,34,-0.2422138319194939
Oxidative phosphorylation,35,0.0035135652032161624
Oxidative phosphorylation,36,-0.16347277595916154
Oxidative phosphorylation,37,-0.024879458981106967
Oxidative phosphorylation,38,1.2422968864186694
Oxidative phosphorylation,39,-0.6955746679971458
Oxidative phosphorylation,40,0.2905111581771715
Oxidative phosphorylation,41,-0.46915208684207427
Oxidative phosphorylation,42,-0.2776175031319018
Oxidative phosphorylation,43,-0.4397469023386429
Oxidative phosphorylation,44,0.12880541821740016
Oxidative phosphorylation,45,-0.6764676037890284
Oxidative phosphorylation,46,-1.1674397365414573
Oxidative phosphorylation,47,-0.1108810284577033
Oxidative phosphorylation,48,-0.5416109487169821
Oxidative phosphorylation,49,-0.6783986241501786
DNA replication,0,-0.1788185131239825
DNA replication,1,-0.0512838762444406
DNA replication,2,0.4634828606161947
DNA replication,3,-0.009085176187528188
DNA replication,4,0.3800141799131914
DNA replication,5,-0.5636204874794258
DNA replication,6,-0.13800136621707848
DNA replication,7,-0.1374167988205002
DNA replication,8,-0.09186072666776382
DNA replication,9,0.0351344161941073
DNA replication,10,-0.7299300026942235
DNA replication,11,0.2492551299787531
DNA replication,12,0.4716622213500941
DNA replication,13,-1.0017589540097356
DNA replication,14,-0.17542975486558193
DNA replication,15,-0.20850840805656676
DNA replication,16,-0.7623766654499988
DNA replication,17,0.2582109469688856
DNA replication,18,-0.33645358560238475
DNA replication,19,0.9065781333769597
DNA replication,20,0.8070708067332678
DNA replication,21,-0.3004368306275674
DNA replication,22,0.5099305392916853
DNA replication,23,0.07617051927039253
DNA replication,24,-0.7889489266152788
DNA replication,25,0.5073198508816393
DNA replication,26,0.3521311524610513
DNA replication,27,-0.7050860529578726
DNA replication,28,0.8017037725464775
DNA replication,29,-0.2217457571992201
DNA replication,30,0.29247437867842035
DNA replication,31,0.5053310752484619
DNA replication,32,-0.6834471294657922
DNA replication,33,0.32913808031370306
DNA replication,34,0.6581203052451337
DNA replication,35,0.7481747595226316
DNA replication,36,-0.5613936011661371
DNA replication,37,0.7047634857642482
DNA replication,38,-0.045350680479451656
DNA replication,39,0.1645602172567609
DNA replication,40,-0.16868954459076868
DNA replication,41,0.19193062896493396
DNA replication,42,-0.8935537574852781
DNA replication,43,0.2489821942051181
DNA replication,44,-0.37730905212639476
DNA replication,45,-0.07867846693798039
DNA replication,46,0.5874710570832489
DNA replication,47,0.015018486096993836
DNA replication,48,-0.6997577206642205
DNA replication,49,0.6291190872746187
Mismatch repair,0,0.6267714650427737
Mismatch repair,1,0.24642302932887444
Mismatch repair,2,-0.9776858896497216
Mismatch repair,3,-1.2645417584642555
Mismatch repair,4,-0.6968864420343113
Mismatch repair,5,0.4914149572706219
Mismatch repair,6,-0.5838989970749341
Mismatch repair,7,-0.8509926184705341
Mismatch repair,8,0.5101677280426605
Mismatch repair,9,-0.8780198140161495
Mismatch repair,10,0.7210301259133653
Mismatch repair,11,0.4588561238164846
Mismatch repair,12,-0.9847853854719671
Mismatch repair,13,0.5398595710040195
Mismatch repair,14,0.6491658299930475
Mismatch repair,15,-0.8594430353996289
Mismatch repair,16,-0.2659819367290674
Mismatch repair,17,0.4748883360550292
Mismatch repair,18,-0.08281247168978931
Mismatch repair,19,-0.007756785630182297
Mismatch repair,20,-0.7204158158677956
Mismatch repair,21,-0.867933375663109
Mismatch repair,22,0.7595858381619497
Mismatch repair,23,-0.4335957422923949
Mismatch repair,24,-0.3561538958892647
Mismatch repair,25,-1.0872479335159566
Mismatch repair,26,-0.5899147126263516
Mismatch repair,27,0.45498389299223213
Mismatch repair,28,-0.21535877836068804
Mismatch repair,29,0.5080891088314559
Mismatch repair,30,-1.043082876484544
Mismatch repair,31,-0.04832149998551074
Mismatch repair,32,-0.7045111578849246
Mismatch repair,33,-0.7888785283978846
Mismatch repair,34,0.6443328299859806
Mismatch repair,35,-0.9165983336337437
Mismatch repair,36,0.3203253721182755
Mismatch repair,37,-0.8539386951004873
Mismatch repair,38,0.3425713216158255
Mismatch repair,39,-0.7035263931038573
Mismatch repair,40,-0.992694635947283
Mismatch repair,41,0.2167572461894277
Mismatch repair,42,0.42842087026729636
Mismatch repair,43,-0.38640264080490805
Mismatch repair,44,-0.02729423897304617
Mismatch repair,45,-0.722455070047539
Mismatch repair,46,-0.8552427346162128
Mismatch repair,47,-0.11297859611502804
Mismatch repair,48,-0.41106395979296406
Mismatch repair,49,0.09579503980290363
Base excision repair,0,-0.6208805847627548
Base excision repair,1,-0.4011100290566941
Base excision repair,2,-0.3402024711653554
Base excision repair,3,-0.9748034727781907
Base excision repair,4,0.5387544871818721
Base excision repair,5,-0.47448336840793454
Base excision repair,6,-0.4679990177332747
Base excision repair,7,-0.18059678861023998
Base excision repair,8,-0.24137276353852427
Base excision repair,9,-0.4353831462667514
Base excision repair,10,-0.9451678790208256
Base excision repair,11,-0.016293818000086457
Base excision repair,12,-0.30062378307426496
Base excision repair,13,0.41808120698891466
Base excision repair,14,-0.41452333670823316
Base excision repair,15,0.6849235852226941
Base excision repair,16,0.6607711292998343
Base excision repair,17,0.44141175249821624
Base excision repair,18,-0.08323627536040427
Base excision repair,19,0.2332181743137343
Base excision repair,20,-0.5767840839204428
Base excision repair,21,-0.31136913437364183
Base excision repair,22,0.6199482390852548
Base excision repair,23,-0.7879509674809869
Base excision repair,24,0.8838430380634259
Base excision repair,25,0.96531103155502
Base excision repair,26,-0.30159957879164434
Base excision repair,27,-0.4533179755974007
Base excision repair,28,-0.8684512811554548
Base excision repair,29,-0.9909872205907034
Base excision repair,30,1.1036216915412305
Base excision repair,31,-0.532593542801633
Base excision repair,32,0.5850703012117305
Base excision repair,33,0.011205728900814851
Base excision repair,34,-0.9232456136026507
Base excision repair,35,0.05741507482790412
Base excision repair,36,-0.23344403137784048
Base excision repair,37,-0.004822430722883159
Base excision repair,38,0.8950031840845853
Base excision repair,39,0.22691288849148655
Base excision repair,40,-0.48932613222109045
Base excision repair,41,-0.5765859047906677
Base excision repair,42,-0.9770217453819862
Base excision repair,43,-0.0918198527750321
Base excision repair,44,0.37322669595144303
Base excision repair,45,-0.3741788445574528
Base excision repair,46,0.4006709084515186
Base excision repair,47,-0.2652137563594733
Base excision repair,48,-0.03456862646346879
Base excision repair,49,0.27714878880752314
Homologous recombination,0,0.3678959469620187
Homologous recombination,1,0.33706509712644633
Homologous recombination,2,0.26126946208515395
Homologous recombination,3,-0.17211963649668852
Homologous recombination,4,0.15362580078235014
Homologous recombination,5,0.29986872834030953
Homologous recombination,6,0.7473591425007953
Homologous recombination,7,0.3385505613465707
Homologous recombination,8,0.3143897610153847
Homologous recombination,9,-0.0675820505660635
Homologous recombination,10,0.21579839512710897
Homologous recombination,11,0.936089749155746
Homologous recombination,12,-0.6181966012760524
Homologous recombination,13,-0.1614733173410059
Homologous recombination,14,-0.48574412936061945
Homologous recombination,15,-0.22385218195935114
Homologous recombination,16,0.44966886294476105
Homologous recombination,17,-0.10266409489604657
Homologous recombination,18,0.3285512990761324
Homologous recombination,19,0.1671816342057156
Homologous recombination,20,0.004822579202952692
Homologous recombination,21,-0.3297966771269331
Homologous recombination,22,0.1208909863671446
Homologous recombination,23,0.47876408233639955
Homologous recombination,24,0.5944004545534468
Homologous recombination,25,-0.15798817209024812
Homologous recombination,26,-0.38758834707749135
Homologous recombination,27,-0.04785392698594248
Homologous recombination,28,0.681028307243325
Homologous recombination,29,-0.917919023207426
Homologous recombination,30,-0.4968732664203196
Homologous recombination,31,-0.17410910027186785
Homologous recombination,32,0.29200378459933635
Homologous recombination,33,0.2322404524042124
Homologous recombination,34,-0.5190381981416339
Homologous recombination,35,0.5554497548275974
Homologous recombination,36,-0.05691287851916135
Homologous recombination,37,0.6838968543516859
Homologous recombination,38,0.15126037831571912
Homologous recombination,39,0.2250263786824953
Homologous recombination,40,-0.3985122109860266
Homologous recombination,41,-0.77280871370416
Homologous recombination,42,0.2545183014496175
Homologous recombination,43,-0.109781933412837
Homologous recombination,44,-0.041552686506187445
Homologous recombination,45,-0.4652984446432059
Homologous recombination,46,-0.5970648571704743
Homologous recombination,47,0.5225253724803779
Homologous recombination,48,0.6768808226433088
Homologous recombination,49,0.6256865268853062
