pathway,rep,mean_diff
Cell cycle,0,0.10449785379644916
Cell cycle,1,-0.10254897005674433
Cell cycle,2,-0.06613665322311028
Cell cycle,3,-0.08839875094146318
Cell cycle,4,-0.003450997794701013
Cell cycle,5,0.020328419097073766
Cell cycle,6,0.23274780205829726
Cell cycle,7,-0.36966217004130897
Cell cycle,8,0.46988260734843995
Cell cycle,9,-0.6014083015303568
Cell cycle,10,-0.11933716511435385
Cell cycle,11,0.6628809508094123
Cell cycle,12,0.3370164064834445
Cell cycle,13,-0.5087645108153837
Cell cycle,14,0.3595523426399405
Cell cycle,15,0.3439988292562986
Cell cycle,16,0.4735287099215515
Cell cycle,17,0.6653548064826804
Cell cycle,18,-0.33354779360895825
Cell cycle,19,-0.6134526983871533
Cell cycle,20,-0.40612562115383805
Cell cycle,21,0.632795248096012
Cell cycle,22,-0.1226223300017209
Cell cycle,23,-0.19335793232986087
Cell cycle,24,-0.24355469244681022
Cell cycle,25,-0.7070070436929061
Cell cycle,26,0.014087294118858246
Cell cycle,27,-0.30437667151337816
Cell cycle,28,0.04430463386534293
Cell cycle,29,-0.010911844793537892
Cell cycle,30,0.3118660401030526
Cell cycle,31,-0.18087511533750833
Cell cycle,32,-0.35744536341721944
Cell cycle,33,0.4040734124506402
Cell cycle,34,0.5143680555306281
Cell cycle,35,0.20543635838829138
Cell cycle,36,0.5928555806170116
Cell cycle,37,-0.003382258580938801
Cell cycle,38,0.35196281649645433
Cell cycle,39,0.11149349662248083
Cell cycle,40,0.5412834971668431
Cell cycle,41,-0.447227342524172
Cell cycle,42,0.5931253979524777
Cell cycle,43,0.12440428928384177
Cell cycle,44,0.13771503414771813
Cell cycle,45,-0.1409693556221071
Cell cycle,46,-0.18369567363835432
Cell cycle,47,-0.1658106973932001
Cell cycle,48,0.30394522859155765
Cell cycle,49,-0.1020261198455702
p53 signaling pathway,0,0.5209635459003291
p53 signaling pathway,1,-0.4625034812626149
p53 signaling pathway,2,0.0682113909049144
p53 signaling pathway,3,-0.027820960816415764
p53 signaling pathway,4,-0.31783372264816995
p53 signaling pathway,5,0.02534001266101351
p53 signaling pathway,6,-0.24613821011980927
p53 signaling pathway,7,-0.19675921164751273
p53 signaling pathway,8,0.48031191303812326
p53 signaling pathway,9,0.1123336824200113
p53 signaling pathway,10,0.2946400920247574
p53 signaling pathway,11,0.6133321459972294
p53 signaling pathway,12,0.46663767086515257
p53 signaling pathway,13,0.37384508024990964
p53 signaling pathway,14,0.6583476829175302
p53 signaling pathway,15,-0.19766142392991434
p53 signaling pathway,16,-0.5522055977414164
p53 signaling pathway,17,-0.6051943493966925
p53 signaling pathway,18,0.3166453357204349
p53 signaling pathway,19,0.05051717545492663
p53 signaling pathway,20,0.5924508175819388
p53 signaling pathway,21,0.34904798311110924
p53 signaling pathway,22,0.17230064323379737
p53 signaling pathway,23,0.7012575570069316
p53 signaling pathway,24,0.1728133009529996
p53 signaling pathway,25,0.42149947071227356
p53 signaling pathway,26,0.3867607184610456
p53 signaling pathway,27,0.4367149824096869
p53 signaling pathway,28,-0.08991008578349538
p53 signaling pathway,29,-0.3758070400798821
p53 signaling pathway,30,0.11739819160801623
p53 signaling pathway,31,0.15949298708443418
p53 signaling pathway,32,0.5095228938629174
p53 signaling pathway,33,-0.2408607101964526
p53 signaling pathway,34,-0.40634323891781554
p53 signaling pathway,35,-0.33369750427273953
p53 signaling pathway,36,0.266411294932792
p53 signaling pathway,37,0.16878857510251502
p53 signaling pathway,38,0.1669515731259995
p53 signaling pathway,39,0.5187977916150011
p53 signaling pathway,40,0.05034935522721704
p53 signaling pathway,41,-0.643495101676617
p53 signaling pathway,42,0.254907238040197
p53 signaling pathway,43,-0.5230207802870827
p53 signaling pathway,44,0.2694975388069676
p53 signaling pathway,45,-0.17206569788532303
p53 signaling pathway,46,0.48936993748079916
p53 signaling pathway,47,0.019809101007376373
p53 signaling pathway,48,-0.179544174801603
p53 signaling pathway,49,0.13651987657311487
Cellular senescence,0,-0.260613267517633
Cellular senescence,1,-0.3422941056809063
Cellular senescence,2,-0.017029052468059424
Cellular senescence,3,0.058079917362262964
Cellular senescence,4,-0.38293090147189374
Cellular senescence,5,0.1930688188236378
Cellular senescence,6,-0.06696757830060855
Cellular senescence,7,0.13100556584732462
Cellular senescence,8,0.04733713360347903
Cellular senescence,9,0.4393849526015997
Cellular senescence,10,-0.3916076757826028
Cellular senescence,11,-0.32328609421690835
Cellular senescence,12,0.19211721937082285
Cellular senescence,13,0.4104926132084551
Cellular senescence,14,0.2674084358236847
Cellular senescence,15,0.09723101948406364
Cellular senescence,16,0.08294527516528924
Cellular senescence,17,0.07677605404294358
Cellular senescence,18,0.2101566531183522
Cellular senescence,19,0.09702998799040462
Cellular senescence,20,0.03571439110164981
Cellular senescence,21,-0.6440191358884644
Cellular senescence,22,0.09181856197785526
Cellular senescence,23,0.07986028157810818
Cellular senescence,24,0.23877102877795267
Cellular senescence,25,-0.26603262153312557
Cellular senescence,26,0.22346563323006619
Cellular senescence,27,0.19891593167250357
Cellular senescence,28,-0.024418280758666075
Cellular senescence,29,-0.20579708996902787
Cellular senescence,30,0.08656654190616954
Cellular senescence,31,-0.17615893203619568
Cellular senescence,32,0.6671160526250004
Cellular senescence,33,0.03334021926669317
Cellular senescence,34,0.23161457329747528
Cellular senescence,35,0.4912553623976607
Cellular senescence,36,-0.25713356692371303
Cellular senescence,37,0.3689579999041564
Cellular senescence,38,0.04108950973341572
Cellular senescence,39,-0.5256094692667225
Cellular senescence,40,0.2850025031055268
Cellular senescence,41,-0.17082302788033626
Cellular senescence,42,0.3775856347424891
Cellular senescence,43,-0.0625300619247021
Cellular senescence,44,-0.4549843847430167
Cellular senescence,45,-0.18102978770610817
Cellular senescence,46,0.25468110726737303
Cellular senescence,47,0.17718246468333212
Cellular senescence,48,-0.3588738802341115
Cellular senescence,49,0.07808957572949954
Apoptosis,0,-0.016965428088876758
Apoptosis,1,-0.22225646883208924
Apoptosis,2,0.6159683033607084
Apoptosis,3,0.19035023326989486
Apoptosis,4,-0.34862489698476534
Apoptosis,5,0.10274839693001625
Apoptosis,6,-0.11156753877728481
Apoptosis,7,0.4002498498527183
Apoptosis,8,0.12159205064239419
Apoptosis,9,0.437257423737976
Apoptosis,10,0.16726902678274888
Apoptosis,11,-0.46969692897760995
Apoptosis,12,0.08065277938383253
Apoptosis,13,0.3762211857423479
Apoptosis,14,0.18964533493561464
Apoptosis,15,-0.427346335925001
Apoptosis,16,0.7081583589589306
Apoptosis,17,0.09247260670840504
Apoptosis,18,-0.28524760198073107
Apoptosis,19,-0.3095043022305539
Apoptosis,20,-0.24551704399280666
Apoptosis,21,-0.1923520662448197
Apoptosis,22,0.5091450129741703
Apoptosis,23,-0.14273898449809877
Apoptosis,24,0.31776210917323655
Apoptosis,25,-0.37307943354308876
Apoptosis,26,0.3393752667252024
Apoptosis,27,0.3372623878044904
Apoptosis,28,0.06650848142905486
Apoptosis,29,-0.41924264329728783
Apoptosis,30,0.6797610730441185
Apoptosis,31,-0.31793787365518167
Apoptosis,32,-0.24268758337343208
Apoptosis,33,-0.06466824011420308
Apoptosis,34,0.7259903104102812
Apoptosis,35,-0.6726848203417484
Apoptosis,36,-0.3835862447183528
Apoptosis,37,0.2185907563203723
Apoptosis,38,0.6253422742596767
Apoptosis,39,-0.3834889978960062
Apoptosis,40,0.3438981294132431
Apoptosis,41,-0.2402982811228206
Apoptosis,42,-0.23948455940904217
Apoptosis,43,0.24372637092565844
Apoptosis,44,0.06870526526363689
Apoptosis,45,-0.12275575671728436
Apoptosis,46,-0.10329632495761527
Apoptosis,47,-0.14117117766260684
Apoptosis,48,0.6208728873553846
Apoptosis,49,-0.6054658484406041
Necroptosis,0,0.06722977005949875
Necroptosis,1,0.4408643606703789
Necroptosis,2,0.128984427281504
Necroptosis,3,-0.17750517580264985
Necroptosis,4,0.011347051477775993
Necroptosis,5,0.21073033893905366
Necroptosis,6,0.2031129940037918
Necroptosis,7,-0.2876557605017476
Necroptosis,8,0.12404522354490241
Necroptosis,9,0.3284902961499309
Necroptosis,10,-0.007177679594247758
Necroptosis,11,0.007771833720292607
Necroptosis,12,-0.6830928725403649
Necroptosis,13,-0.4851543684036391
Necroptosis,14,-0.12731066614062847
Necroptosis,15,0.3203456250041608
Necroptosis,16,0.5216352621794668
Necroptosis,17,-0.22896372000578924
Necroptosis,18,0.22239088364770246
Necroptosis,19,0.09026457532058926
Necroptosis,20,-0.3707932585283103
Necroptosis,21,-0.1575283852719578
Necroptosis,22,-0.0866705198762263
Necroptosis,23,0.34712329878426007
Necroptosis,24,0.26746776798188115
Necroptosis,25,-0.47881330996340044
Necroptosis,26,-0.30247337417286946
Necroptosis,27,-0.6148570483966925
Necroptosis,28,-0.06638845200961568
Necroptosis,29,0.055506158560737366
Necroptosis,30,0.2577871609842468
Necroptosis,31,-0.189179574068631
Necroptosis,32,-0.4055135027396826
Necroptosis,33,0.36492618901149093
Necroptosis,34,0.13370562610279957
Necroptosis,35,0.024319019934498864
Necroptosis,36,0.3512869948311525
Necroptosis,37,0.2603939907355117
Necroptosis,38,-0.3289442959634591
Necroptosis,39,0.20218552861844513
Necroptosis,40,-0.22254792924586286
Necroptosis,41,-0.061388828597958314
Necroptosis,42,0.5044967042213205
Necroptosis,43,0.48827292267836414
Necroptosis,44,-0.039787673800054844
Necroptosis,45,-0.9175797834044845
Necroptosis,46,-0.242341923322817
Necroptosis,47,0.5299730642753049
Necroptosis,48,0.32631191844136276
Necroptosis,49,-0.6311548308119813
Ferroptosis,0,0.16697659853018637
Ferroptosis,1,-0.1083810214821691
Ferroptosis,2,-0.09995917536453265
Ferroptosis,3,0.3380082640438875
Ferroptosis,4,-0.2335424759878103
Ferroptosis,5,0.25214546609029015
Ferroptosis,6,-0.21353844945469336
Ferroptosis,7,0.1500466858812293
Ferroptosis,8,-0.012225514008485762
Ferroptosis,9,-0.3953416413109357
Ferroptosis,10,0.504101758894179
Ferroptosis,11,0.05501196261252298
Ferroptosis,12,0.007100718160428483
Ferroptosis,13,-0.21012725309041855
Ferroptosis,14,-0.14787331289802252
Ferroptosis,15,0.3200191747349275
Ferroptosis,16,0.38003238276770857
Ferroptosis,17,0.37178451928466116
Ferroptosis,18,0.3073022601693799
Ferroptosis,19,0.26833959276109765
Ferroptosis,20,0.6286886331249144
Ferroptosis,21,0.35574521813104254
Ferroptosis,22,0.1885698293627275
Ferroptosis,23,0.6282796064291477
Ferroptosis,24,-0.11117864892072896
Ferroptosis,25,-0.5146340107944398
Ferroptosis,26,0.10137730907753437
Ferroptosis,27,0.68123364024669
Ferroptosis,28,0.15979803229391157
Ferroptosis,29,0.29582489308690474
Ferroptosis,30,0.251421287632209
Ferroptosis,31,-0.13851611315346424
Ferroptosis,32,-0.16400652910462302
Ferroptosis,33,0.48269456923288406
Ferroptosis,34,0.394297811970927
Ferroptosis,35,-0.40872098626699127
Ferroptosis,36,0.32968301163704905
Ferroptosis,37,-0.6627710461834277
Ferroptosis,38,0.1488932894960737
Ferroptosis,39,0.5535485101277924
Ferroptosis,40,0.30407681603636216
Ferroptosis,41,0.7454211063715468
Ferroptosis,42,-0.49530889350647056
Ferroptosis,43,0.26240288475165074
Ferroptosis,44,-0.46992495956964825
Ferroptosis,45,-0.6699632427086875
Ferroptosis,46,-0.9412524732699392
Ferroptosis,47,-0.2243194657049209
Ferroptosis,48,0.36855935909295784
Ferroptosis,49,-0.1319249352699663
Autophagy,0,0.33743154728658165
Autophagy,1,0.009534354313149699
Autophagy,2,-0.40842405515478963
Autophagy,3,0.5594650069592886
Autophagy,4,0.12221579532489725
Autophagy,5,-0.5767276549015278
Autophagy,6,0.4632136393198898
Autophagy,7,0.19284348198285023
Autophagy,8,0.28889216546397684
Autophagy,9,0.2909836339711845
Autophagy,10,0.1291275165634093
Autophagy,11,-0.19511504358031564
Autophagy,12,-0.03183090433709084
Autophagy,13,-0.2892308685765563
Autophagy,14,0.2697727821189222
Autophagy,15,-0.7191310052451996
Autophagy,16,-0.3228449626061798
Autophagy,17,-0.04172843631358869
Autophagy,18,-0.23113575082590834
Autophagy,19,0.10711686062093805
Autophagy,20,-0.10608850229964598
Autophagy,21,0.6575462478643573
Autophagy,22,-0.6273334510518443
Autophagy,23,0.1586823678389198
Autophagy,24,0.19092813055702432
Autophagy,25,-0.4253369478505361
Autophagy,26,-0.36439184782974404
Autophagy,27,0.3836360032883156
Autophagy,28,0.47534923349243363
Autophagy,29,0.793243437354823
Autophagy,30,-0.49269705458178226
Autophagy,31,-0.8331796819795801
Autophagy,32,0.024185650221847974
Autophagy,33,0.5086754649512892
Autophagy,34,-0.07819881999475281
Autophagy,35,-0.6512021639171286
Autophagy,36,0.26646988771938085
Autophagy,37,-0.371536404923485
Autophagy,38,0.4577868071318296
Autophagy,39,0.25101034761751523
Autophagy,40,-0.043942424280896245
Autophagy,41,0.20507995910123142
Autophagy,42,0.41539435340702857
Autophagy,43,0.23399126558700664
Autophagy,44,-0.5037407869741592
Autophagy,45,0.06964509757667597
Autophagy,46,0.4144272724389875
Autophagy,47,-0.2038653401683514
Autophagy,48,0.3473738316498699
Autophagy,49,0.2849393564604592
Mitophagy,0,-0.3364593132980705
Mitophagy,1,-0.427700923572557
Mitophagy,2,0.08339307268361532
Mitophagy,3,0.47836254183121435
Mitophagy,4,0.05335838788200249
Mitophagy,5,0.663255883402544
Mitophagy,6,0.12934614387831178
Mitophagy,7,0.21115795275203592
Mitophagy,8,-0.43286850408859845
Mitophagy,9,0.37106708695183466
Mitophagy,10,-0.06907244854693355
Mitophagy,11,0.038785349417012574
Mitophagy,12,-0.5394352409248568
Mitophagy,13,0.15261124865447154
Mitophagy,14,-0.07743766094996378
Mitophagy,15,-0.04630802192968668
Mitophagy,16,0.197882622881706
Mitophagy,17,-0.6692733506494314
Mitophagy,18,-0.7303586401511579
Mitophagy,19,0.06962544479830149
Mitophagy,20,0.1659853576421386
Mitophagy,21,-0.003630643978557062
Mitophagy,22,0.07478742998847046
Mitophagy,23,0.09531834205821577
Mitophagy,24,-0.06085556651407635
Mitophagy,25,0.5586961376144486
Mitophagy,26,-0.16622249697799896
Mitophagy,27,-0.43494308095779693
Mitophagy,28,0.7361552915408074
Mitophagy,29,0.5289795318468107
Mitophagy,30,0.45155207825334015
Mitophagy,31,-0.2933034316841002
Mitophagy,32,0.17205198233278945
Mitophagy,33,0.4385498429150693
Mitophagy,34,-0.253189359568848
Mitophagy,35,0.37471297944562937
Mitophagy,36,0.6457868383219283
Mitophagy,37,0.2470699463133041
Mitophagy,38,0.2088273072008504
Mitophagy,39,-0.13179841584993965
Mitophagy,40,0.5011455351551262
Mitophagy,41,0.03617080645124043
Mitophagy,42,0.5420546282868003
Mitophagy,43,-0.2309414599352673
Mitophagy,44,0.6132470199531934
Mitophagy,45,-0.6784590642997146
Mitophagy,46,0.3567726877427661
Mitophagy,47,-0.020737349720113707
Mitophagy,48,-0.3267893396518089
Mitophagy,49,0.5455645557141817
MAPK signaling pathway,0,-0.6572235691177681
MAPK signaling pathway,1,-0.28576721344319883
MAPK signaling pathway,2,0.4187660778076975
MAPK signaling pathway,3,-0.03146873257046769
MAPK signaling pathway,4,-0.17859644500113903
MAPK signaling pathway,5,0.2806630004994003
MAPK signaling pathway,6,-0.09475166178086883
MAPK signaling pathway,7,-0.2875866149087778
MAPK signaling pathway,8,-0.3321474067564184
MAPK signaling pathway,9,-0.07832460312597406
MAPK signaling pathway,10,-0.4344925577281211
MAPK signaling pathway,11,0.255272147327817
MAPK signaling pathway,12,0.4757669652682679
MAPK signaling pathway,13,0.23925897832145196
MAPK signaling pathway,14,0.41828208467034317
MAPK signaling pathway,15,0.32351738502176414
MAPK signaling pathway,16,0.18635921360450503
MAPK signaling pathway,17,-0.27076333837381894
MAPK signaling pathway,18,0.005127920792811304
MAPK signaling pathway,19,0.5451013413996193
MAPK signaling pathway,20,0.13278000248951707
MAPK signaling pathway,21,0.2595766449528996
MAPK signaling pathway,22,-0.03660731068932119
MAPK signaling pathway,23,0.07276426666495099
MAPK signaling pathway,24,0.2269522061900504
MAPK signaling pathway,25,0.4428601659144489
MAPK signaling pathway,26,-0.5122606371260547
MAPK signaling pathway,27,0.36157770872080286
MAPK signaling pathway,28,0.00426795964221688
MAPK signaling pathway,29,0.6498376014773175
MAPK signaling pathway,30,0.17563575982391147
MAPK signaling pathway,31,-0.03860573620509771
MAPK signaling pathway,32,-0.7432748908082011
MAPK signaling pathway,33,0.19462037974408042
MAPK signaling pathway,34,0.3410706184977148
MAPK signaling pathway,35,-0.05520987164536751
MAPK signaling pathway,36,0.2907717349151253
MAPK signaling pathway,37,-0.37319937452655166
MAPK signaling pathway,38,0.05736117540017518
MAPK signaling pathway,39,0.5280279225992829
MAPK signaling pathway,40,0.17529327800626499
MAPK signaling pathway,41,0.12345942880631969
MAPK signaling pathway,42,-0.20136804873911676
MAPK signaling pathway,43,0.2269905621793989
MAPK signaling pathway,44,0.2051240138687155
MAPK signaling pathway,45,0.2009149083384037
MAPK signaling pathway,46,0.04380996926194838
MAPK signaling pathway,47,0.07375979101348212
MAPK signaling pathway,48,0.2599491985432898
MAPK signaling pathway,49,-0.2500819003083584
PI3K-Akt signaling pathway,0,0.3612853213188847
PI3K-Akt signaling pathway,1,0.24249224842379422
PI3K-Akt signaling pathway,2,-0.04305160214227039
PI3K-Akt signaling pathway,3,0.3454460793075727
PI3K-Akt signaling pathway,4,-0.10839849921614292
PI3K-Akt signaling pathway,5,0.266683354285942
PI3K-Akt signaling pathway,6,0.05281601458845654
PI3K-Akt signaling pathway,7,0.05942718495070016
PI3K-Akt signaling pathway,8,0.17609995036765042
PI3K-Akt signaling pathway,9,0.07687815343077767
PI3K-Akt signaling pathway,10,0.39078626243455666
PI3K-Akt signaling pathway,11,-0.20502920309178024
PI3K-Akt signaling pathway,12,0.48622014825535675
PI3K-Akt signaling pathway,13,-0.09286133631279606
PI3K-Akt signaling pathway,14,-0.12688381225655504
PI3K-Akt signaling pathway,15,0.28568392464101733
PI3K-Akt signaling pathway,16,-0.09633347324380864
PI3K-Akt signaling pathway,17,-0.12752537377963216
PI3K-Akt signaling pathway,18,-0.2914836401527205
PI3K-Akt signaling pathway,19,-0.18064325134472603
PI3K-Akt signaling pathway,20,0.5632743801342698
PI3K-Akt signaling pathway,21,0.540542129885241
PI3K-Akt signaling pathway,22,0.6312641265473968
PI3K-Akt signaling pathway,23,0.1447164018904893
PI3K-Akt signaling pathway,24,0.35219437730567626
PI3K-Akt signaling pathway,25,-0.32743087479842675
PI3K-Akt signaling pathway,26,0.09732186503306904
PI3K-Akt signaling pathway,27,0.20286761010267051
PI3K-Akt signaling pathway,28,0.04608900295124806
PI3K-Akt signaling pathway,29,-0.2587905290500538
PI3K-Akt signaling pathway,30,0.22278864890489705
PI3K-Akt signaling pathway,31,0.04878135440245704
PI3K-Akt signaling pathway,32,-0.42621831949119693
PI3K-Akt signaling pathway,33,0.4241608422197667
PI3K-Akt signaling pathway,34,-0.07925218657857608
PI3K-Akt signaling pathway,35,-0.05192156638040202
PI3K-Akt signaling pathway,36,-0.21349208203277606
PI3K-Akt signaling pathway,37,-0.17312682484165098
PI3K-Akt signaling pathway,38,0.3981584647238117
PI3K-Akt signaling pathway,39,0.5150072603811489
PI3K-Akt signaling pathway,40,0.18834457104838365
PI3K-Akt signaling pathway,41,0.04378237354525687
PI3K-Akt signaling pathway,42,-0.04794614273253953
PI3K-Akt signaling pathway,43,0.6249640847596631
PI3K-Akt signaling pathway,44,0.3742620864103025
PI3K-Akt signaling pathway,45,-0.16933220678701943
PI3K-Akt signaling pathway,46,-0.12203701057635713
PI3K-Akt signaling pathway,47,-0.5186710781346753
PI3K-Akt signaling pathway,48,-0.18192820217348282
PI3K-Akt signaling pathway,49,-0.19051784909903613
Ras signaling pathway,0,-0.35335058319082396
Ras signaling pathway,1,-0.08893499868366181
Ras signaling pathway,2,0.20886192054394706
Ras signaling pathway,3,0.04453619463867713
Ras signaling pathway,4,0.39133867839232717
Ras signaling pathway,5,0.18534556977087147
Ras signaling pathway,6,-0.1401408574074559
Ras signaling pathway,7,-0.6480612918111593
Ras signaling pathway,8,-0.008333538061030408
Ras signaling pathway,9,0.31537805322738804
Ras signaling pathway,10,0.23707930648208106
Ras signaling pathway,11,0.4405160832111298
Ras signaling pathway,12,-0.03489383253628737
Ras signaling pathway,13,0.3074736826477744
Ras signaling pathway,14,-0.25541305788040175
Ras signaling pathway,15,-0.13376459194790105
Ras signaling pathway,16,0.3928713555961876
Ras signaling pathway,17,0.003174676646575498
Ras signaling pathway,18,-0.4679392951642847
Ras signaling pathway,19,0.33093263548046
Ras signaling pathway,20,-0.5234471133490316
Ras signaling pathway,21,0.1784991753188915
Ras signaling pathway,22,-0.4841798172844789
Ras signaling pathway,23,-0.7690798909423986
Ras signaling pathway,24,-0.23040110512116285
Ras signaling pathway,25,-0.6491494934089549
Ras signaling pathway,26,-0.1938476208118681
Ras signaling pathway,27,0.5290181627947504
Ras signaling pathway,28,-0.2576046059527971
Ras signaling pathway,29,-0.32238378975179294
Ras signaling pathway,30,0.32760549034026654
Ras signaling pathway,31,0.3962024666037446
Ras signaling pathway,32,0.6313822062345988
Ras signaling pathway,33,0.15891601075811235
Ras signaling pathway,34,0.27511885656226315
Ras signaling pathway,35,0.33184708108574806
Ras signaling pathway,36,0.3104233772991606
Ras signaling pathway,37,0.7038048191102556
Ras signaling pathway,38,-0.20167616770523755
Ras signaling pathway,39,0.165999865719592
Ras signaling pathway,40,0.05010571759824685
Ras signaling pathway,41,0.23232046126279815
Ras signaling pathway,42,-0.18151521857088412
Ras signaling pathway,43,-0.07554610809411617
Ras signaling pathway,44,-0.2855118734079119
Ras signaling pathway,45,-0.019113822778164462
Ras signaling pathway,46,0.2857531766181827
Ras signaling pathway,47,0.33444151063421823
Ras signaling pathway,48,0.03989560505306661
Ras signaling pathway,49,-0.48842151631644337
Rap1 signaling pathway,0,0.6326436418219219
Rap1 signaling pathway,1,-0.2674815963846137
Rap1 signaling pathway,2,-0.15743053781333277
Rap1 signaling pathway,3,0.21558232011670742
Rap1 signaling pathway,4,-0.0011272429041395285
Rap1 signaling pathway,5,0.3805770314794673
Rap1 signaling pathway,6,0.5765037649966606
Rap1 signaling pathway,7,0.10740824727875119
Rap1 signaling pathway,8,-0.1418552423317433
Rap1 signaling pathway,9,0.22172573577810373
Rap1 signaling pathway,10,0.17237344194635168
Rap1 signaling pathway,11,-0.5463893516084429
Rap1 signaling pathway,12,0.5950794648734228
Rap1 signaling pathway,13,0.054558902064778904
Rap1 signaling pathway,14,0.5118669649464461
Rap1 signaling pathway,15,-0.6769113494413328
Rap1 signaling pathway,16,0.33674326785715925
Rap1 signaling pathway,17,0.16175712940850337
Rap1 signaling pathway,18,0.20125292005093476
Rap1 signaling pathway,19,0.7887311137216926
Rap1 signaling pathway,20,0.4000688191220878
Rap1 signaling pathway,21,0.4869974862532842
Rap1 signaling pathway,22,-0.6109420754704037
Rap1 signaling pathway,23,0.4596122138022131
Rap1 signaling pathway,24,0.18336733969966404
Rap1 signaling pathway,25,0.0936084103218404
Rap1 signaling pathway,26,0.30570200612105763
Rap1 signaling pathway,27,0.31036246768216247
Rap1 signaling pathway,28,-0.19812442455769855
Rap1 signaling pathway,29,-0.019169465635790972
Rap1 signaling pathway,30,-0.08679825098798558
Rap1 signaling pathway,31,-0.17350248574185861
Rap1 signaling pathway,32,0.20582327090198965
Rap1 signaling pathway,33,0.3359361268756413
Rap1 signaling pathway,34,0.2496992660386837
Rap1 signaling pathway,35,0.03436270202785691
Rap1 signaling pathway,36,-0.21000457313874332
Rap1 signaling pathway,37,-0.6827725075543642
Rap1 signaling pathway,38,0.5856729036995032
Rap1 signaling pathway,39,0.29374323767031685
Rap1 signaling pathway,40,-0.22105741337389956
Rap1 signaling pathway,41,-0.16792515176672582
Rap1 signaling pathway,42,-0.44842594961425086
Rap1 signaling pathway,43,-0.09276971347354968
Rap1 signaling pathway,44,0.3316215976932817
Rap1 signaling pathway,45,-0.0880793584359139
Rap1 signaling pathway,46,-0.5270736280726764
Rap1 signaling pathway,47,-0.1149915891455443
Rap1 signaling pathway,48,0.4697239588432366
Rap1 signaling pathway,49,-0.029375083910611853
ErbB signaling pathway,0,-0.0003158819398512197
ErbB signaling pathway,1,-0.2868510056240914
ErbB signaling pathway,2,0.23619607523100258
ErbB signaling pathway,3,0.21900653585851043
ErbB signaling pathway,4,0.4200059311569546
ErbB signaling pathway,5,-0.24336354120249715
ErbB signaling pathway,6,-0.3563498472123311
ErbB signaling pathway,7,-0.10984958345297276
ErbB signaling pathway,8,-0.20027790245365648
ErbB signaling pathway,9,0.12496774683398877
ErbB signaling pathway,10,0.3542128756369502
ErbB signaling pathway,11,0.41358207229059357
ErbB signaling pathway,12,0.26046758184194585
ErbB signaling pathway,13,-0.18658568300422
ErbB signaling pathway,14,0.23304995878285273
ErbB signaling pathway,15,0.2758625104896403
ErbB signaling pathway,16,0.4316767313931119
ErbB signaling pathway,17,0.4263919921772672
ErbB signaling pathway,18,-0.21929763837770455
ErbB signaling pathway,19,-0.39208839249735516
ErbB signaling pathway,20,-0.32217585477589183
ErbB signaling pathway,21,0.05311721205349802
ErbB signaling pathway,22,0.21063332487914552
ErbB signaling pathway,23,0.0835031108987268
ErbB signaling pathway,24,-0.18181650661048213
ErbB signaling pathway,25,0.3192538471678414
ErbB signaling pathway,26,-0.672129654424795
ErbB signaling pathway,27,0.29933535102390807
ErbB signaling pathway,28,-0.7623705757153407
ErbB signaling pathway,29,-0.1811777347307179
ErbB signaling pathway,30,0.4058377386770077
ErbB signaling pathway,31,0.7553528982770783
ErbB signaling pathway,32,0.4870354390637373
ErbB signaling pathway,33,-0.3261446298477946
ErbB signaling pathway,34,-0.25685593386786826
ErbB signaling pathway,35,-0.04687356347125605
ErbB signaling pathway,36,0.13861091848997376
ErbB signaling pathway,37,0.2111483730838454
ErbB signaling pathway,38,0.36951982939823197
ErbB signaling pathway,39,0.6965389975812699
ErbB signaling pathway,40,0.19985900659591382
ErbB signaling pathway,41,0.24209754752488952
ErbB signaling pathway,42,0.08894244035743386
ErbB signaling pathway,43,0.16903117574725557
ErbB signaling pathway,44,-0.18783662117698585
ErbB signaling pathway,45,-0.41653358806895713
ErbB signaling pathway,46,0.5821401718897
ErbB signaling pathway,47,0.24866615116504812
ErbB signaling pathway,48,-0.03559495587084546
ErbB signaling pathway,49,0.3145075731877895
mTOR signaling pathway,0,0.5373514406118016
mTOR signaling pathway,1,0.2753881421434661
mTOR signaling pathway,2,0.06262437206169712
mTOR signaling pathway,3,-0.43254961662460684
mTOR signaling pathway,4,-0.37848426301780874
mTOR signaling pathway,5,0.04302792953421191
mTOR signaling pathway,6,0.6581769537778664
mTOR signaling pathway,7,-0.2844799437513995
mTOR signaling pathway,8,-0.33307031941358795
mTOR signaling pathway,9,0.27433174475030053
mTOR signaling pathway,10,0.1608753573683101
mTOR signaling pathway,11,-0.30120644586179873
mTOR signaling pathway,12,-0.36497387330246767
mTOR signaling pathway,13,0.08333159271794449
mTOR signaling pathway,14,0.22486846793796514
mTOR signaling pathway,15,0.2899189310951103
mTOR signaling pathway,16,0.6520876514829439
mTOR signaling pathway,17,0.45616068794297837
mTOR signaling pathway,18,-0.4193643877799892
mTOR signaling pathway,19,0.46486591275152694
mTOR signaling pathway,20,0.4891967831456617
mTOR signaling pathway,21,0.5299347168162476
mTOR signaling pathway,22,-0.8493993646434764
mTOR signaling pathway,23,0.35318964163249295
mTOR signaling pathway,24,-0.2401038829117027
mTOR signaling pathway,25,-0.02229149512271599
mTOR signaling pathway,26,-0.38817417921896813
mTOR signaling pathway,27,0.30398063191192637
mTOR signaling pathway,28,0.07411890952866501
mTOR signaling pathway,29,0.17701676545982314
mTOR signaling pathway,30,-0.24274324227756242
mTOR signaling pathway,31,-0.20742077557754668
mTOR signaling pathway,32,0.2513740272938848
mTOR signaling pathway,33,-0.06019906536569406
mTOR signaling pathway,34,0.6009588383578606
mTOR signaling pathway,35,0.24617864296257416
mTOR signaling pathway,36,-0.29006862981209136
mTOR signaling pathway,37,0.1918846145012581
mTOR signaling pathway,38,0.0660564268223426
mTOR signaling pathway,39,0.12178503123101697
mTOR signaling pathway,40,0.02965191617349126
mTOR signaling pathway,41,0.21990444182304644
mTOR signaling pathway,42,-0.29175822114816724
mTOR signaling pathway,43,0.28971022457749146
mTOR signaling pathway,44,-0.05995854003789476
mTOR signaling pathway,45,-0.034802613287190316
mTOR signaling pathway,46,0.06654073086812358
mTOR signaling pathway,47,-0.19996902676518477
mTOR signaling pathway,48,0.4977937300957066
mTOR signaling pathway,49,0.29239973289689025
AMPK signaling pathway,0,0.5950975159921902
AMPK signaling pathway,1,0.12048268555498523
AMPK signaling pathway,2,-0.011353567066354278
AMPK signaling pathway,3,-0.2978548581253271
AMPK signaling pathway,4,-0.40017113030832563
AMPK signaling pathway,5,0.4749169686806034
AMPK signaling pathway,6,0.243282970763239
AMPK signaling pathway,7,0.043129960654047034
AMPK signaling pathway,8,-0.5163640529906945
AMPK signaling pathway,9,-0.36016021738387516
AMPK signaling pathway,10,-0.16275526465615012
AMPK signaling pathway,11,0.1304445395462447
AMPK signaling pathway,12,0.2359962982474764
AMPK signaling pathway,13,0.47538245094737863
AMPK signaling pathway,14,-0.2581250965024695
AMPK signaling pathway,15,0.4623131783013821
AMPK signaling pathway,16,-0.14003380116400346
AMPK signaling pathway,17,0.370800573366729
AMPK signaling pathway,18,0.12151924302564161
AMPK signaling pathway,19,-0.16584316207305788
AMPK signaling pathway,20,-0.09104889759035888
AMPK signaling pathway,21,-0.2215792486995828
AMPK signaling pathway,22,0.16803953896770374
AMPK signaling pathway,23,0.03876611326270297
AMPK signaling pathway,24,0.14812702310422893
AMPK signaling pathway,25,0.23693768413757135
AMPK signaling pathway,26,0.32573425148258817
AMPK signaling pathway,27,0.11314897368519133
AMPK signaling pathway,28,0.11048915257800708
AMPK signaling pathway,29,-0.26295348309157895
AMPK signaling pathway,30,-0.26531302607319995
AMPK signaling pathway,31,0.2836076257891023
AMPK signaling pathway,32,-0.7263335656321918
AMPK signaling pathway,33,0.6812442482253617
AMPK signaling pathway,34,-0.3217173206044623
AMPK signaling pathway,35,0.1404120916297969
AMPK signaling pathway,36,0.5339306304235683
AMPK signaling pathway,37,0.21212528202405465
AMPK signaling pathway,38,0.5369840940359197
AMPK signaling pathway,39,-0.1622970866676076
AMPK signaling pathway,40,-0.3535339921541642
AMPK signaling pathway,41,0.04032081038626107
AMPK signaling pathway,42,0.10727527749399804
AMPK signaling pathway,43,0.3478719445801589
AMPK signaling pathway,44,0.21374443368957047
AMPK signaling pathway,45,0.5351457657139145
AMPK signaling pathway,46,-0.41638470018171947
AMPK signaling pathway,47,-0.13214628499767647
AMPK signaling pathway,48,0.058563056440954504
AMPK signaling pathway,49,0.13513646141152774
FoxO signaling pathway,0,-0.1040980676250077
FoxO signaling pathway,1,-0.2535021918874407
FoxO signaling pathway,2,0.06354442693389027
FoxO signaling pathway,3,0.1141243484134158
FoxO signaling pathway,4,-0.14935057709420624
FoxO signaling pathway,5,0.7731197502582408
FoxO signaling pathway,6,-0.4595829848634846
FoxO signaling pathway,7,-0.1508577616717806
FoxO signaling pathway,8,0.022599565408540197
FoxO signaling pathway,9,-0.5260670872985028
FoxO signaling pathway,10,-0.020576206804405483
FoxO signaling pathway,11,-0.4170695984560788
FoxO signaling pathway,12,0.1810329564483289
FoxO signaling pathway,13,0.5046188322526332
FoxO signaling pathway,14,-0.32554122895388016
FoxO signaling pathway,15,0.26565509333662723
FoxO signaling pathway,16,-0.424164651561355
FoxO signaling pathway,17,0.20982717742057191
FoxO signaling pathway,18,0.027183541544844043
FoxO signaling pathway,19,-0.565227841627698
FoxO signaling pathway,20,0.6026996523468765
FoxO signaling pathway,21,-0.22332260570010598
FoxO signaling pathway,22,0.0635992649407533
FoxO signaling pathway,23,-0.3595490545147628
FoxO signaling pathway,24,-0.3449004699832762
FoxO signaling pathway,25,-0.1920807786019503
FoxO signaling pathway,26,0.2336595771562835
FoxO signaling pathway,27,0.21737674162233067
FoxO signaling pathway,28,-0.1261702193616052
FoxO signaling pathway,29,0.22147715700171972
FoxO signaling pathway,30,0.33319867923073754
FoxO signaling pathway,31,-0.23076982507479454
FoxO signaling pathway,32,0.5606720976766639
FoxO signaling pathway,33,-0.27138732219977285
FoxO signaling pathway,34,0.05186855077546851
FoxO signaling pathway,35,0.23799311590450983
FoxO signaling pathway,36,0.34465066101093356
FoxO signaling pathway,37,0.4107583318535441
FoxO signaling pathway,38,-0.3468785763300637
FoxO signaling pathway,39,0.36812075345164846
FoxO signaling pathway,40,0.13771134822507966
FoxO signaling pathway,41,0.13776498313023866
FoxO signaling pathway,42,0.5011728844135055
FoxO signaling pathway,43,0.026263415811250995
FoxO signaling pathway,44,0.030596180336410754
FoxO signaling pathway,45,-0.06168637799755376
FoxO signaling pathway,46,0.06816326255321253
FoxO signaling pathway,47,0.35204989352659033
FoxO signaling pathway,48,0.5163253056771357
FoxO signaling pathway,49,-0.16661497961094354
Hippo signaling pathway,0,-0.16874587906447486
Hippo signaling pathway,1,-0.018950172329571177
Hippo signaling pathway,2,0.23739431869259153
Hippo signaling pathway,3,-0.27328584121004806
Hippo signaling pathway,4,0.14420501312581852
Hippo signaling pathway,5,0.26623559191314355
Hippo signaling pathway,6,0.18045663026847197
Hippo signaling pathway,7,0.08917500453830217
Hippo signaling pathway,8,-0.10357425753131952
Hippo signaling pathway,9,-0.06414997615756235
Hippo signaling pathway,10,-0.3626513970764794
Hippo signaling pathway,11,-0.016848872921820128
Hippo signaling pathway,12,-0.20138516007331336
Hippo signaling pathway,13,-0.2235564069398096
Hippo signaling pathway,14,-0.2181697925253529
Hippo signaling pathway,15,0.4008837207701599
Hippo signaling pathway,16,0.4250576584474508
Hippo signaling pathway,17,-0.5867784385355251
Hippo signaling pathway,18,-0.33751324038403396
Hippo signaling pathway,19,0.004045012939157712
Hippo signaling pathway,20,0.4881242309175273
Hippo signaling pathway,21,0.39941502752363645
Hippo signaling pathway,22,-0.15695541236002344
Hippo signaling pathway,23,-0.4515183624657677
Hippo signaling pathway,24,0.34295136714184216
Hippo signaling pathway,25,0.09935754517004633
Hippo signaling pathway,26,0.0737593992380459
Hippo signaling pathway,27,0.3924344499002471
Hippo signaling pathway,28,0.4508521578464697
Hippo signaling pathway,29,-0.14599205212525626
Hippo signaling pathway,30,0.07989832978856437
Hippo signaling pathway,31,-0.288376976787995
Hippo signaling pathway,32,0.09671391727187881
Hippo signaling pathway,33,-0.3262268759911775
Hippo signaling pathway,34,0.34638168264066005
Hippo signaling pathway,35,-0.05510560216833164
Hippo signaling pathway,36,-0.009667206595753616
Hippo signaling pathway,37,0.5149093912375035
Hippo signaling pathway,38,-0.24372783323005007
Hippo signaling pathway,39,-0.23756904889798067
Hippo signaling pathway,40,0.0404545243095915
Hippo signaling pathway,41,0.5281687448580311
Hippo signaling pathway,42,0.612828521383028
Hippo signaling pathway,43,0.1981085502373687
Hippo signaling pathway,44,0.5260785999883888
Hippo signaling pathway,45,0.21391148096378754
Hippo signaling pathway,46,0.17991169247624633
Hippo signaling pathway,47,0.10765934920495608
Hippo signaling pathway,48,0.06875911139125347
Hippo signaling pathway,49,0.1784425216285555
Wnt signaling pathway,0,0.22796640829813267
Wnt signaling pathway,1,0.2785163816802206
Wnt signaling pathway,2,0.04186415930240639
Wnt signaling pathway,3,0.026833595993827366
Wnt signaling pathway,4,-0.29273679520229
Wnt signaling pathway,5,-0.9233648619381556
Wnt signaling pathway,6,-0.546956329096135
Wnt signaling pathway,7,-0.6714646417407302
Wnt signaling pathway,8,0.1653276774660829
Wnt signaling pathway,9,0.41651210241236936
Wnt signaling pathway,10,-0.3504510621165157
Wnt signaling pathway,11,-0.3639055769917371
Wnt signaling pathway,12,0.41451356386029314
Wnt signaling pathway,13,0.33903145549098884
Wnt signaling pathway,14,0.15055003099834138
Wnt signaling pathway,15,0.4172967343961765
Wnt signaling pathway,16,-0.4945238647297656
Wnt signaling pathway,17,0.43551678763573964
Wnt signaling pathway,18,-0.19574716392031927
Wnt signaling pathway,19,-0.3254296271470133
Wnt signaling pathway,20,0.15264663137718104
Wnt signaling pathway,21,0.45252294515213065
Wnt signaling pathway,22,0.01619910816534907
Wnt signaling pathway,23,-0.17652311609796892
Wnt signaling pathway,24,-0.23559706549027928
Wnt signaling pathway,25,0.009416264960165437
Wnt signaling pathway,26,-0.16769843214868188
Wnt signaling pathway,27,-0.38945236451001075
Wnt signaling pathway,28,-0.251917423830825
Wnt signaling pathway,29,0.04447907963878851
Wnt signaling pathway,30,0.17495228821648934
Wnt signaling pathway,31,-0.6939504952864547
Wnt signaling pathway,32,-0.20730859328346987
Wnt signaling pathway,33,0.3876798233331387
Wnt signaling pathway,34,0.3374708426413543
Wnt signaling pathway,35,0.1793637317766801
Wnt signaling pathway,36,0.032724595033665885
Wnt signaling pathway,37,0.17362912014581816
Wnt signaling pathway,38,-0.5260105606685113
Wnt signaling pathway,39,-0.05509196769434424
Wnt signaling pathway,40,0.20393916388021976
Wnt signaling pathway,41,0.3782098164189174
Wnt signaling pathway,42,0.11304312355612098
Wnt signaling pathway,43,-0.348481529707034
Wnt signaling pathway,44,0.3165018134443971
Wnt signaling pathway,45,-0.3082658762721328
Wnt signaling pathway,46,0.421307178494292
Wnt signaling pathway,47,0.4276733386175663
Wnt signaling pathway,48,0.23664061784310225
Wnt signaling pathway,49,-0.05659967065611253
Notch signaling pathway,0,0.302892525259051
Notch signaling pathway,1,-0.4484122277667334
Notch signaling pathway,2,0.588474423366368
Notch signaling pathway,3,-0.214741133500511
Notch signaling pathway,4,-0.06992102749377345
Notch signaling pathway,5,-0.024116549774730423
Notch signaling pathway,6,0.7352680359108663
Notch signaling pathway,7,-0.0835907632880736
Notch signaling pathway,8,-0.23663599421639864
Notch signaling pathway,9,-0.2306646673329501
Notch signaling pathway,10,0.21128155249943167
Notch signaling pathway,11,0.6766583467614533
Notch signaling pathway,12,-0.43482520965399335
Notch signaling pathway,13,0.3939081294567386
Notch signaling pathway,14,-0.12498911115693213
Notch signaling pathway,15,-0.07374734700205002
Notch signaling pathway,16,0.5702671523287446
Notch signaling pathway,17,-0.15787063733261786
Notch signaling pathway,18,0.25110239522023736
Notch signaling pathway,19,0.888269445875265
Notch signaling pathway,20,-0.6367710088785515
Notch signaling pathway,21,-0.10302810761377998
Notch signaling pathway,22,-0.6422180521783798
Notch signaling pathway,23,0.29439495381852365
Notch signaling pathway,24,-0.07796556750905617
Notch signaling pathway,25,0.3273895721317508
Notch signaling pathway,26,0.3471282403040895
Notch signaling pathway,27,0.052834676262138384
Notch signaling pathway,28,0.1774278108931954
Notch signaling pathway,29,-0.34750921629597264
Notch signaling pathway,30,0.21249646616321913
Notch signaling pathway,31,-0.07748404675104377
Notch signaling pathway,32,-0.04270797337663669
Notch signaling pathway,33,0.3496629020251686
Notch signaling pathway,34,0.0038338073840977955
Notch signaling pathway,35,0.36143597843347514
Notch signaling pathway,36,0.21035716404341406
Notch signaling pathway,37,0.4815046818059926
Notch signaling pathway,38,-0.3578417934636007
Notch signaling pathway,39,-0.21851193824735737
Notch signaling pathway,40,-0.3004506179698017
Notch signaling pathway,41,0.02540998485099907
Notch signaling pathway,42,0.5602640962184219
Notch signaling pathway,43,-0.6793726287897481
Notch signaling pathway,44,-0.15740867110315712
Notch signaling pathway,45,0.46648352583338054
Notch signaling pathway,46,0.10938940139857954
Notch signaling pathway,47,0.1728438954734277
Notch signaling pathway,48,-0.7024988564731434
Notch signaling pathway,49,0.19976183990937213
Hedgehog signaling pathway,0,0.2744939447177596
Hedgehog signaling pathway,1,-0.0004380749294915133
Hedgehog signaling pathway,2,-0.07209287671714883
Hedgehog signaling pathway,3,0.786943610331554
Hedgehog signaling pathway,4,0.2232027147003381
Hedgehog signaling pathway,5,-0.10849743101883974
Hedgehog signaling pathway,6,0.49519521762243857
Hedgehog signaling pathway,7,0.18167562090958603
Hedgehog signaling pathway,8,0.06006586119946471
Hedgehog signaling pathway,9,-0.13077769404074338
Hedgehog signaling pathway,10,0.3208068343500884
Hedgehog signaling pathway,11,0.13427131068146247
Hedgehog signaling pathway,12,-0.1784507766304612
Hedgehog signaling pathway,13,-0.2330442068467118
Hedgehog signaling pathway,14,-0.1167485740203855
Hedgehog signaling pathway,15,-0.06062135761508461
Hedgehog signaling pathway,16,-0.4430294614250335
Hedgehog signaling pathway,17,-0.07982148498926714
Hedgehog signaling pathway,18,0.5027601696262435
Hedgehog signaling pathway,19,0.5931567315407387
Hedgehog signaling pathway,20,0.34029428955715035
Hedgehog signaling pathway,21,0.4853328169160015
Hedgehog signaling pathway,22,0.03768209075668613
Hedgehog signaling pathway,23,0.016413365795612866
Hedgehog signaling pathway,24,-0.2952029374951957
Hedgehog signaling pathway,25,0.38482463043999315
Hedgehog signaling pathway,26,0.38754042795889754
Hedgehog signaling pathway,27,0.13253214817226922
Hedgehog signaling pathway,28,0.1064812517217333
Hedgehog signaling pathway,29,-0.2221381221326944
Hedgehog signaling pathway,30,0.4150155474910801
Hedgehog signaling pathway,31,0.5009628958517228
Hedgehog signaling pathway,32,-0.025518033780654925
Hedgehog signaling pathway,33,-0.2574301859271218
Hedgehog signaling pathway,34,0.2859132672294238
Hedgehog signaling pathway,35,-0.0647716094684271
Hedgehog signaling pathway,36,-0.4975001724574242
Hedgehog signaling pathway,37,-0.40629860746885305
Hedgehog signaling pathway,38,-0.07948952840384498
Hedgehog signaling pathway,39,-0.08693686975354419
Hedgehog signaling pathway,40,-0.4001148188359619
Hedgehog signaling pathway,41,0.29495458649775597
Hedgehog signaling pathway,42,0.4157333276420184
Hedgehog signaling pathway,43,0.25432362275769027
Hedgehog signaling pathway,44,-0.10722378923075561
Hedgehog signaling pathway,45,0.7570808990865389
Hedgehog signaling pathway,46,-0.22557544457292383
Hedgehog signaling pathway,47,0.3322902647978883
Hedgehog signaling pathway,48,0.09609363216738873
Hedgehog signaling pathway,49,0.09789306102858564
JAK-STAT signaling pathway,0,-0.10366679728193423
JAK-STAT signaling pathway,1,0.2129373498067252
JAK-STAT signaling pathway,2,0.0530401615235566
JAK-STAT signaling pathway,3,-0.16527853735449982
JAK-STAT signaling pathway,4,-0.00584657143556802
JAK-STAT signaling pathway,5,-0.6105371175542543
JAK-STAT signaling pathway,6,0.09173193108318393
JAK-STAT signaling pathway,7,0.10528536475055976
JAK-STAT signaling pathway,8,-0.11979713655308066
JAK-STAT signaling pathway,9,0.07900343654280209
JAK-STAT signaling pathway,10,-0.047865965675270405
JAK-STAT signaling pathway,11,0.3285313245041705
JAK-STAT signaling pathway,12,0.2025792498259118
JAK-STAT signaling pathway,13,-0.7011284925918075
JAK-STAT signaling pathway,14,-0.13883330125223425
JAK-STAT signaling pathway,15,-0.19926572283089172
JAK-STAT signaling pathway,16,0.48060098684179786
JAK-STAT signaling pathway,17,-0.12815331185537032
JAK-STAT signaling pathway,18,0.4513286012006896
JAK-STAT signaling pathway,19,0.43080934935746995
JAK-STAT signaling pathway,20,0.020951918061287086
JAK-STAT signaling pathway,21,0.32943813333718486
JAK-STAT signaling pathway,22,-0.1252444575709547
JAK-STAT signaling pathway,23,-0.1239750027352239
JAK-STAT signaling pathway,24,0.5342349278238575
JAK-STAT signaling pathway,25,-0.06691133859048662
JAK-STAT signaling pathway,26,0.29556000413581157
JAK-STAT signaling pathway,27,0.08982410075378741
JAK-STAT signaling pathway,28,-0.3184717126556261
JAK-STAT signaling pathway,29,-0.006294754757572456
JAK-STAT signaling pathway,30,-0.35221189444948586
JAK-STAT signaling pathway,31,0.2785249946982492
JAK-STAT signaling pathway,32,-0.1191118917776648
JAK-STAT signaling pathway,33,0.5612102077124296
JAK-STAT signaling pathway,34,0.5130080723552809
JAK-STAT signaling pathway,35,-0.6195930524536659
JAK-STAT signaling pathway,36,0.2827382298818625
JAK-STAT signaling pathway,37,-0.06912286075882326
JAK-STAT signaling pathway,38,0.1976253762719989
JAK-STAT signaling pathway,39,0.2615486883816033
JAK-STAT signaling pathway,40,0.5155107873453495
JAK-STAT signaling pathway,41,0.4647679698634153
JAK-STAT signaling pathway,42,-0.22681451293499333
JAK-STAT signaling pathway,43,0.026847590944021744
JAK-STAT signaling pathway,44,0.020443285938494912
JAK-STAT signaling pathway,45,-0.04851279950030762
JAK-STAT signaling pathway,46,0.09229455411000388
JAK-STAT signaling pathway,47,0.2758011096523858
JAK-STAT signaling pathway,48,0.25878116589874517
JAK-STAT signaling pathway,49,-0.18803470452013643
TGF-beta signaling pathway,0,0.24177755516123445
TGF-beta signaling pathway,1,-0.026636632774486916
TGF-beta signaling pathway,2,0.2817884652776698
TGF-beta signaling pathway,3,-0.2841044448148102
TGF-beta signaling pathway,4,0.39249208924500195
TGF-beta signaling pathway,5,0.3968091695515894
TGF-beta signaling pathway,6,0.08720141269288861
TGF-beta signaling pathway,7,0.11459865791841561
TGF-beta signaling pathway,8,0.30448610314020597
TGF-beta signaling pathway,9,0.41645457417031445
TGF-beta signaling pathway,10,0.025833975340874817
TGF-beta signaling pathway,11,-0.09257144903994285
TGF-beta signaling pathway,12,-0.29010629537522625
TGF-beta signaling pathway,13,0.18844633538664818
TGF-beta signaling pathway,14,0.23738855980495785
TGF-beta signaling pathway,15,0.37919902801745914
TGF-beta signaling pathway,16,0.03366103886501804
TGF-beta signaling pathway,17,-0.2746697540821923
TGF-beta signaling pathway,18,0.6363337606947217
TGF-beta signaling pathway,19,0.07258496325417786
TGF-beta signaling pathway,20,0.04036071876029469
TGF-beta signaling pathway,21,0.00900496170942108
TGF-beta signaling pathway,22,0.10056031568484962
TGF-beta signaling pathway,23,-0.2325555603549435
TGF-beta signaling pathway,24,-0.23541514733834396
TGF-beta signaling pathway,25,-0.03410045286662229
TGF-beta signaling pathway,26,0.5381459658832711
TGF-beta signaling pathway,27,0.24853865131216568
TGF-beta signaling pathway,28,0.3398267506721363
TGF-beta signaling pathway,29,0.11887238832503885
TGF-beta signaling pathway,30,0.4786738059783845
TGF-beta signaling pathway,31,-0.04228174307347765
TGF-beta signaling pathway,32,0.8267769331152719
TGF-beta signaling pathway,33,0.3130308148209505
TGF-beta signaling pathway,34,0.5096565502786
TGF-beta signaling pathway,35,-0.2567681840236916
TGF-beta signaling pathway,36,0.4011674115500715
TGF-beta signaling pathway,37,-0.5828749630754558
TGF-beta signaling pathway,38,-0.4021318607555643
TGF-beta signaling pathway,39,-0.33436277626872385
TGF-beta signaling pathway,40,-0.05396582640968762
TGF-beta signaling pathway,41,0.06445605926771036
TGF-beta signaling pathway,42,-0.40873506142410304
TGF-beta signaling pathway,43,0.2648652829518579
TGF-beta signaling pathway,44,0.34048107160266355
TGF-beta signaling pathway,45,-0.2008070415285198
TGF-beta signaling pathway,46,-0.12269106001007746
TGF-beta signaling pathway,47,-0.4298224784758189
TGF-beta signaling pathway,48,-0.17241981877155102
TGF-beta signaling pathway,49,0.21231698720270492
NF-kappa B signaling pathway,0,-0.41652265842942854
NF-kappa B signaling pathway,1,-0.15496489101167915
NF-kappa B signaling pathway,2,0.17870685235143344
NF-kappa B signaling pathway,3,0.7844915437018324
NF-kappa B signaling pathway,4,0.28302359496884494
NF-kappa B signaling pathway,5,0.6679253693015672
NF-kappa B signaling pathway,6,-0.23692954466510222
NF-kappa B signaling pathway,7,0.47543063662364726
NF-kappa B signaling pathway,8,0.26928565515826336
NF-kappa B signaling pathway,9,0.28267137028676537
NF-kappa B signaling pathway,10,0.4050034642736497
NF-kappa B signaling pathway,11,-0.06003420259929392
NF-kappa B signaling pathway,12,-0.3236202842390715
NF-kappa B signaling pathway,13,0.4013647419665146
NF-kappa B signaling pathway,14,-0.07214605948523972
NF-kappa B signaling pathway,15,0.11944711751221038
NF-kappa B signaling pathway,16,0.20297333136950152
NF-kappa B signaling pathway,17,0.09373109447610917
NF-kappa B signaling pathway,18,0.19801780110076156
NF-kappa B signaling pathway,19,-0.05965930911854121
NF-kappa B signaling pathway,20,-0.3543243755930109
NF-kappa B signaling pathway,21,0.386957874060189
NF-kappa B signaling pathway,22,0.01871623544908751
NF-kappa B signaling pathway,23,-0.9092945312384377
NF-kappa B signaling pathway,24,-0.16205140957921324
NF-kappa B signaling pathway,25,-0.6701005333841835
NF-kappa B signaling pathway,26,-0.38249918404578953
NF-kappa B signaling pathway,27,0.13866907561063901
NF-kappa B signaling pathway,28,0.33695095803895525
NF-kappa B signaling pathway,29,0.1185071873533157
NF-kappa B signaling pathway,30,0.16724020093965639
NF-kappa B signaling pathway,31,0.05617211865501168
NF-kappa B signaling pathway,32,0.2580799443094161
NF-kappa B signaling pathway,33,0.3284744148370425
NF-kappa B signaling pathway,34,0.18166211953329947
NF-kappa B signaling pathway,35,-0.04150144032160509
NF-kappa B signaling pathway,36,0.775981242868103
NF-kappa B signaling pathway,37,-0.17579260467939306
NF-kappa B signaling pathway,38,-0.3868680526725427
NF-kappa B signaling pathway,39,0.027402259499798073
NF-kappa B signaling pathway,40,-0.17450745419081393
NF-kappa B signaling pathway,41,0.15807216801516977
NF-kappa B signaling pathway,42,0.0953852566708381
NF-kappa B signaling pathway,43,-0.11955023522109745
NF-kappa B signaling pathway,44,0.5151840825676135
NF-kappa B signaling pathway,45,-0.12096965551055103
NF-kappa B signaling pathway,46,-0.017706659571809055
NF-kappa B signaling pathway,47,0.11843744315146677
NF-kappa B signaling pathway,48,-0.32926958546678986
NF-kappa B signaling pathway,49,-0.24788959175687758
TNF signaling pathway,0,0.24448839418021312
TNF signaling pathway,1,-0.13739406670940338
TNF signaling pathway,2,0.1010878607981772
TNF signaling pathway,3,-0.2276995070573577
TNF signaling pathway,4,-0.05401495624001736
TNF signaling pathway,5,0.22337504178002104
TNF signaling pathway,6,-0.025208799049439963
TNF signaling pathway,7,-0.256296542572834
TNF signaling pathway,8,0.2970321579505515
TNF signaling pathway,9,-0.39829854975439416
TNF signaling pathway,10,-0.23099472635754992
TNF signaling pathway,11,-0.0008740927091610163
TNF signaling pathway,12,-0.15654610985814976
TNF signaling pathway,13,0.37526621988999875
TNF signaling pathway,14,-0.11441323853578976
TNF signaling pathway,15,0.37063346893033006
TNF signaling pathway,16,-0.4528606436692699
TNF signaling pathway,17,-0.10066374336351458
TNF signaling pathway,18,0.08370132152343376
TNF signaling pathway,19,-0.023571524900119323
TNF signaling pathway,20,0.11703097943066196
TNF signaling pathway,21,-0.3894357391945477
TNF signaling pathway,22,0.02527866041327282
TNF signaling pathway,23,0.028078124561349484
TNF signaling pathway,24,-0.14127477609763922
TNF signaling pathway,25,0.21756116226708921
TNF signaling pathway,26,0.33835578927124443
TNF signaling pathway,27,-0.013704347888069792
TNF signaling pathway,28,0.17776389474807433
TNF signaling pathway,29,-0.16984258831730448
TNF signaling pathway,30,0.15306021211314777
TNF signaling pathway,31,0.5102427356427697
TNF signaling pathway,32,0.05403603453418028
TNF signaling pathway,33,0.028982702536744055
TNF signaling pathway,34,0.19290471185246735
TNF signaling pathway,35,0.0730697667829359
TNF signaling pathway,36,0.006359690097874579
TNF signaling pathway,37,0.023929199974855722
TNF signaling pathway,38,0.751565717104896
TNF signaling pathway,39,0.020422932320021778
TNF signaling pathway,40,0.39558464544051397
TNF signaling pathway,41,0.25228013414700745
TNF signaling pathway,42,0.3110173026732241
TNF signaling pathway,43,0.23801045509531177
TNF signaling pathway,44,0.3239312824232039
TNF signaling pathway,45,0.12028949962297023
TNF signaling pathway,46,0.18680812353821513
TNF signaling pathway,47,-0.26059855180358965
TNF signaling pathway,48,0.04557054943170935
TNF signaling pathway,49,-0.18558431912839357
VEGF signaling pathway,0,0.564583230931377
VEGF signaling pathway,1,0.19071942229385738
VEGF signaling pathway,2,-0.07826005563991223
VEGF signaling pathway,3,0.08916585784476191
VEGF signaling pathway,4,0.1564131053771842
VEGF signaling pathway,5,0.2210429189644007
VEGF signaling pathway,6,0.4062570884220634
VEGF signaling pathway,7,-0.4567770651173423
VEGF signaling pathway,8,-0.12727343551031722
VEGF signaling pathway,9,-0.21599486932763529
VEGF signaling pathway,10,0.5338761879281229
VEGF signaling pathway,11,6.230358359192068e-05
VEGF signaling pathway,12,0.24207802975011813
VEGF signaling pathway,13,-0.32585604606666035
VEGF signaling pathway,14,0.31307153323537745
VEGF signaling pathway,15,-0.9481863814418731
VEGF signaling pathway,16,-0.42752802886741165
VEGF signaling pathway,17,0.29821280446913817
VEGF signaling pathway,18,0.09570217523810266
VEGF signaling pathway,19,-0.12307189122662976
VEGF signaling pathway,20,-0.25696697243376043
VEGF signaling pathway,21,-0.17460868350742922
VEGF signaling pathway,22,0.029680574579065526
VEGF signaling pathway,23,-0.6330329350206122
VEGF signaling pathway,24,-0.12979000063525417
VEGF signaling pathway,25,-0.17198603874375126
VEGF signaling pathway,26,-0.1374300742619162
VEGF signaling pathway,27,0.5505166725197383
VEGF signaling pathway,28,-0.019316061520605624
VEGF signaling pathway,29,-0.1672967480079138
VEGF signaling pathway,30,0.01586705047911667
VEGF signaling pathway,31,0.1712647075294307
VEGF signaling pathway,32,-0.30236356756471106
VEGF signaling pathway,33,0.12517327024360309
VEGF signaling pathway,34,0.0697198443303313
VEGF signaling pathway,35,0.4489438319328857
VEGF signaling pathway,36,0.07573933175814018
VEGF signaling pathway,37,0.35710213971380156
VEGF signaling pathway,38,0.5984393445668618
VEGF signaling pathway,39,0.42617633189758636
VEGF signaling pathway,40,-0.41365375567528373
VEGF signaling pathway,41,-0.11791185575456284
VEGF signaling pathway,42,0.5507040845696964
VEGF signaling pathway,43,0.31923806049874087
VEGF signaling pathway,44,0.22224471050650346
VEGF signaling pathway,45,0.022679966882384404
VEGF signaling pathway,46,-0.4846728157163019
VEGF signaling pathway,47,-0.15800487163246166
VEGF signaling pathway,48,0.04185646414795875
VEGF signaling pathway,49,0.2238825889634639
HIF-1 signaling pathway,0,-0.09967507168083334
HIF-1 signaling pathway,1,0.19965791597257287
HIF-1 signaling pathway,2,0.6433533986311251
HIF-1 signaling pathway,3,0.4356522318408851
HIF-1 signaling pathway,4,-0.5304390271335412
HIF-1 signaling pathway,5,-0.40842459256715136
HIF-1 signaling pathway,6,-0.4286946939587748
HIF-1 signaling pathway,7,0.16974555516491788
HIF-1 signaling pathway,8,-0.5957738146851285
HIF-1 signaling pathway,9,0.31744746879786134
HIF-1 signaling pathway,10,0.07816204960559467
HIF-1 signaling pathway,11,0.38775665050272645
HIF-1 signaling pathway,12,0.4918381057013679
HIF-1 signaling pathway,13,0.5818022909717646
HIF-1 signaling pathway,14,0.3080324588355348
HIF-1 signaling pathway,15,-0.19009585966874845
HIF-1 signaling pathway,16,0.3224232535393116
HIF-1 signaling pathway,17,-0.09226688593402359
HIF-1 signaling pathway,18,0.5205066939967162
HIF-1 signaling pathway,19,0.05716142420951303
HIF-1 signaling pathway,20,-0.42597022932360384
HIF-1 signaling pathway,21,0.17560721868189397
HIF-1 signaling pathway,22,0.30095342823123056
HIF-1 signaling pathway,23,-0.06525930849251328
HIF-1 signaling pathway,24,0.683103481602019
HIF-1 signaling pathway,25,-0.11518983320081091
HIF-1 signaling pathway,26,0.0025935978229181893
HIF-1 signaling pathway,27,0.002495441089676643
HIF-1 signaling pathway,28,-0.405247020226386
HIF-1 signaling pathway,29,-0.02240488276845898
HIF-1 signaling pathway,30,-0.07284480643197111
HIF-1 signaling pathway,31,0.2753370144013884
HIF-1 signaling pathway,32,-0.22274254988150266
HIF-1 signaling pathway,33,0.5348405538375703
HIF-1 signaling pathway,34,0.4995987577115091
HIF-1 signaling pathway,35,0.5067376016365234
HIF-1 signaling pathway,36,-0.7248138991626389
HIF-1 signaling pathway,37,0.2559946551024949
HIF-1 signaling pathway,38,0.8496431676753096
HIF-1 signaling pathway,39,0.13018850541518767
HIF-1 signaling pathway,40,-2.2416148482753474e-05
HIF-1 signaling pathway,41,0.2795250648915442
HIF-1 signaling pathway,42,0.020061965172810954
HIF-1 signaling pathway,43,0.4986279849129909
HIF-1 signaling pathway,44,0.13249050111715785
HIF-1 signaling pathway,45,-0.05014585380214667
HIF-1 signaling pathway,46,-0.15940979172926356
HIF-1 signaling pathway,47,0.08926462775456348
HIF-1 signaling pathway,48,0.37609002744167036
HIF-1 signaling pathway,49,0.04167164306305224
PD-L1 expression and PD-1 checkpoint pathway in cancer,0,0.003296472931100063
PD-L1 expression and PD-1 checkpoint pathway in cancer,1,-0.23896455460080002
PD-L1 expression and PD-1 checkpoint pathway in cancer,2,0.14431338926991596
PD-L1 expression and PD-1 checkpoint pathway in cancer,3,0.19698732310905454
PD-L1 expression and PD-1 checkpoint pathway in cancer,4,-0.6505862224269898
PD-L1 expression and PD-1 checkpoint pathway in cancer,5,0.517982997909341
PD-L1 expression and PD-1 checkpoint pathway in cancer,6,-0.5435305713730906
PD-L1 expression and PD-1 checkpoint pathway in cancer,7,0.38506993867615735
PD-L1 expression and PD-1 checkpoint pathway in cancer,8,0.21467647748473062
PD-L1 expression and PD-1 checkpoint pathway in cancer,9,0.16998565953733696
PD-L1 expression and PD-1 checkpoint pathway in cancer,10,0.5671715340664927
PD-L1 expression and PD-1 checkpoint pathway in cancer,11,-0.11873674802792412
PD-L1 expression and PD-1 checkpoint pathway in cancer,12,-0.5096237320475017
PD-L1 expression and PD-1 checkpoint pathway in cancer,13,0.6763214470062842
PD-L1 expression and PD-1 checkpoint pathway in cancer,14,0.4565274697726661
PD-L1 expression and PD-1 checkpoint pathway in cancer,15,0.19008182191491965
PD-L1 expression and PD-1 checkpoint pathway in cancer,16,-0.15849411286081538
PD-L1 expression and PD-1 checkpoint pathway in cancer,17,0.25263306859043827
PD-L1 expression and PD-1 checkpoint pathway in cancer,18,-0.3189448896670815
PD-L1 expression and PD-1 checkpoint pathway in cancer,19,0.15272768088327707
PD-L1 expression and PD-1 checkpoint pathway in cancer,20,0.182128922133506
PD-L1 expression and PD-1 checkpoint pathway in cancer,21,-0.5422400289653104
PD-L1 expression and PD-1 checkpoint pathway in cancer,22,0.47712096787514724
PD-L1 expression and PD-1 checkpoint pathway in cancer,23,-0.33041289440531985
PD-L1 expression and PD-1 checkpoint pathway in cancer,24,0.15385961423138908
PD-L1 expression and PD-1 checkpoint pathway in cancer,25,0.024378734140219002
PD-L1 expression and PD-1 checkpoint pathway in cancer,26,0.3757678624612659
PD-L1 expression and PD-1 checkpoint pathway in cancer,27,0.5041570438471865
PD-L1 expression and PD-1 checkpoint pathway in cancer,28,-0.14580291273528215
PD-L1 expression and PD-1 checkpoint pathway in cancer,29,0.2930715700158955
PD-L1 expression and PD-1 checkpoint pathway in cancer,30,0.1717416218964115
PD-L1 expression and PD-1 checkpoint pathway in cancer,31,-0.27313842439770525
PD-L1 expression and PD-1 checkpoint pathway in cancer,32,0.15645786610858597
PD-L1 expression and PD-1 checkpoint pathway in cancer,33,-0.08007254524939325
PD-L1 expression and PD-1 checkpoint pathway in cancer,34,0.298736414004634
PD-L1 expression and PD-1 checkpoint pathway in cancer,35,-0.21331042510050932
PD-L1 expression and PD-1 checkpoint pathway in cancer,36,0.21021119098933727
PD-L1 expression and PD-1 checkpoint pathway in cancer,37,0.30765718693844873
PD-L1 expression and PD-1 checkpoint pathway in cancer,38,-0.05552642408304703
PD-L1 expression and PD-1 checkpoint pathway in cancer,39,-0.3538809502052328
PD-L1 expression and PD-1 checkpoint pathway in cancer,40,0.23454859709355558
PD-L1 expression and PD-1 checkpoint pathway in cancer,41,0.17098594632555983
PD-L1 expression and PD-1 checkpoint pathway in cancer,42,-0.41795268648669726
PD-L1 expression and PD-1 checkpoint pathway in cancer,43,0.7409657728358601
PD-L1 expression and PD-1 checkpoint pathway in cancer,44,0.25675194388144845
PD-L1 expression and PD-1 checkpoint pathway in cancer,45,-0.16396529588861147
PD-L1 expression and PD-1 checkpoint pathway in cancer,46,-0.21118324243276881
PD-L1 expression and PD-1 checkpoint pathway in cancer,47,0.20927065273358372
PD-L1 expression and PD-1 checkpoint pathway in cancer,48,-0.30368703132420216
PD-L1 expression and PD-1 checkpoint pathway in cancer,49,-0.03910163299609758
Pathways in cancer,0,0.25445398265260544
Pathways in cancer,1,-0.005162832737638223
Pathways in cancer,2,0.09450660882229403
Pathways in cancer,3,0.3282018292280746
Pathways in cancer,4,0.19173366741533088
Pathways in cancer,5,0.634677859030093
Pathways in cancer,6,0.43430674481487763
Pathways in cancer,7,-0.13686343297315573
Pathways in cancer,8,0.4544541426212935
Pathways in cancer,9,0.23630534231361244
Pathways in cancer,10,0.1594069793296631
Pathways in cancer,11,-0.36803150193297013
Pathways in cancer,12,-0.3273121717089981
Pathways in cancer,13,0.2551376696513047
Pathways in cancer,14,-0.374583967519473
Pathways in cancer,15,-0.5413809808089374
Pathways in cancer,16,0.11440671188426584
Pathways in cancer,17,-0.1304543184867333
Pathways in cancer,18,0.10142402389654054
Pathways in cancer,19,-0.2320961363407591
Pathways in cancer,20,-0.07891551293398666
Pathways in cancer,21,-0.23407084721289773
Pathways in cancer,22,0.0590483826722769
Pathways in cancer,23,0.030111868678161725
Pathways in cancer,24,0.051395127050109596
Pathways in cancer,25,-0.2647065307437966
Pathways in cancer,26,0.1915743130859634
Pathways in cancer,27,0.09152374105877535
Pathways in cancer,28,0.43703647702061305
Pathways in cancer,29,0.19325621090337483
Pathways in cancer,30,0.44334662299511374
Pathways in cancer,31,-0.10416528510619964
Pathways in cancer,32,0.23828620412498308
Pathways in cancer,33,0.3354867862125212
Pathways in cancer,34,0.04931126312316214
Pathways in cancer,35,0.25510985703118516
Pathways in cancer,36,-0.29644926258453413
Pathways in cancer,37,0.2930597118334258
Pathways in cancer,38,0.258854746736164
Pathways in cancer,39,-0.31686949895709693
Pathways in cancer,40,-0.5575985358965154
Pathways in cancer,41,0.0339629886085276
Pathways in cancer,42,0.12326858638069771
Pathways in cancer,43,0.6049336728718879
Pathways in cancer,44,-0.0773909697239541
Pathways in cancer,45,-0.40840223649002216
Pathways in cancer,46,-0.2008228644611436
Pathways in cancer,47,0.08558298520894235
Pathways in cancer,48,0.42815428943770917
Pathways in cancer,49,-0.2620812576607543
Proteoglycans in cancer,0,-0.24595957644063854
Proteoglycans in cancer,1,0.06710002404748179
Proteoglycans in cancer,2,-0.2349791731774914
Proteoglycans in cancer,3,-0.4532164211598514
Proteoglycans in cancer,4,-0.19389267913473804
Proteoglycans in cancer,5,-0.10965395161081154
Proteoglycans in cancer,6,-0.19571159847843034
Proteoglycans in cancer,7,-0.09629241395306326
Proteoglycans in cancer,8,0.5593735253442862
Proteoglycans in cancer,9,-0.1790796914615866
Proteoglycans in cancer,10,0.5055157421457177
Proteoglycans in cancer,11,0.44794727486639135
Proteoglycans in cancer,12,-0.281191117681613
Proteoglycans in cancer,13,-0.21826639077320156
Proteoglycans in cancer,14,0.8917114839678263
Proteoglycans in cancer,15,-0.19145211860755962
Proteoglycans in cancer,16,0.5017449103880749
Proteoglycans in cancer,17,-0.11426470890595093
Proteoglycans in cancer,18,0.303061934670434
Proteoglycans in cancer,19,0.08466386392559755
Proteoglycans in cancer,20,-0.28073185175264387
Proteoglycans in cancer,21,0.432621951853836
Proteoglycans in cancer,22,-0.13594069851544324
Proteoglycans in cancer,23,0.6665528167020915
Proteoglycans in cancer,24,0.37215979089577333
Proteoglycans in cancer,25,-0.43800663540245227
Proteoglycans in cancer,26,0.3158942284202372
Proteoglycans in cancer,27,0.13525352400513818
Proteoglycans in cancer,28,-0.5336892101704304
Proteoglycans in cancer,29,0.515708835518524
Proteoglycans in cancer,30,0.29792231800206076
Proteoglycans in cancer,31,-0.16772446193988108
Proteoglycans in cancer,32,0.4882629881072103
Proteoglycans in cancer,33,0.30038268566332516
Proteoglycans in cancer,34,0.30085988476598263
Proteoglycans in cancer,35,0.3358269824583521
Proteoglycans in cancer,36,-0.649249057189046
Proteoglycans in cancer,37,-0.034050813580961056
Proteoglycans in cancer,38,0.1479502837030542
Proteoglycans in cancer,39,-0.5468341356072914
Proteoglycans in cancer,40,-0.09782968448592777
Proteoglycans in cancer,41,0.1175985188575744
Proteoglycans in cancer,42,0.2999107812099247
Proteoglycans in cancer,43,0.006000015195786803
Proteoglycans in cancer,44,0.4666383409971335
Proteoglycans in cancer,45,0.2564680576478986
Proteoglycans in cancer,46,-0.7120536274947017
Proteoglycans in cancer,47,0.6575536611369268
Proteoglycans in cancer,48,-0.37176447404218904
Proteoglycans in cancer,49,-0.22824251336621487
MicroRNAs in cancer,0,-0.2687856667665759
MicroRNAs in cancer,1,0.21454359030325063
MicroRNAs in cancer,2,0.2069884794178718
MicroRNAs in cancer,3,-0.2510231177502423
MicroRNAs in cancer,4,-0.17452412991571098
MicroRNAs in cancer,5,0.0895731416485639
MicroRNAs in cancer,6,-0.07175993313940288
MicroRNAs in cancer,7,-0.23268372250014593
MicroRNAs in cancer,8,0.3525702627255872
MicroRNAs in cancer,9,0.3434654663205806
MicroRNAs in cancer,10,-0.17910563261646076
MicroRNAs in cancer,11,-0.7187658182498375
MicroRNAs in cancer,12,-0.16875656481376605
MicroRNAs in cancer,13,-0.028802672786078155
MicroRNAs in cancer,14,0.29877119101331967
MicroRNAs in cancer,15,0.2638520028083876
MicroRNAs in cancer,16,-0.34573769069677296
MicroRNAs in cancer,17,-0.08976991095926148
MicroRNAs in cancer,18,0.41979031778355913
MicroRNAs in cancer,19,-0.25521166491008723
MicroRNAs in cancer,20,-0.4921168987402541
MicroRNAs in cancer,21,-0.25477771842935754
MicroRNAs in cancer,22,0.09602372397432374
MicroRNAs in cancer,23,0.22171748350322212
MicroRNAs in cancer,24,0.24065978173498898
MicroRNAs in cancer,25,0.08856133659985121
MicroRNAs in cancer,26,-0.13912816152934257
MicroRNAs in cancer,27,0.3197523077921539
MicroRNAs in cancer,28,0.5608528860505573
MicroRNAs in cancer,29,-0.35704049811853966
MicroRNAs in cancer,30,0.27845995514297817
MicroRNAs in cancer,31,-0.2976514604622433
MicroRNAs in cancer,32,-0.2592709877928435
MicroRNAs in cancer,33,0.15179623345532967
MicroRNAs in cancer,34,0.0692722113642557
MicroRNAs in cancer,35,0.2870449484425142
MicroRNAs in cancer,36,0.33210030706607924
MicroRNAs in cancer,37,0.31272903765552545
MicroRNAs in cancer,38,-0.34294055444997457
MicroRNAs in cancer,39,-0.7426405082464984
MicroRNAs in cancer,40,0.25143564938236906
MicroRNAs in cancer,41,-0.14338984248132236
MicroRNAs in cancer,42,0.051699673839434745
MicroRNAs in cancer,43,0.3646784098230757
MicroRNAs in cancer,44,-0.14253638125814655
MicroRNAs in cancer,45,0.20578865119579798
MicroRNAs in cancer,46,0.13583814843432382
MicroRNAs in cancer,47,-0.13644090345502408
MicroRNAs in cancer,48,0.0033037599667610803
MicroRNAs in cancer,49,-0.2753887754570836
Central carbon metabolism in cancer,0,0.5790605012693203
Central carbon metabolism in cancer,1,0.3547894372462357
Central carbon metabolism in cancer,2,0.10026694869743252
Central carbon metabolism in cancer,3,0.1960504832849843
Central carbon metabolism in cancer,4,-0.510447212065375
Central carbon metabolism in cancer,5,-0.2827911532195091
Central carbon metabolism in cancer,6,0.33267775049756243
Central carbon metabolism in cancer,7,0.0533891254134311
Central carbon metabolism in cancer,8,0.5194695589938488
Central carbon metabolism in cancer,9,-0.25120239615315854
Central carbon metabolism in cancer,10,-0.013822860674753093
Central carbon metabolism in cancer,11,0.428784081673118
Central carbon metabolism in cancer,12,-0.7272390867735455
Central carbon metabolism in cancer,13,0.5620144077581125
Central carbon metabolism in cancer,14,-0.0834265114083847
Central carbon metabolism in cancer,15,-0.18179461974906777
Central carbon metabolism in cancer,16,-0.13337944108247185
Central carbon metabolism in cancer,17,0.32249219681818586
Central carbon metabolism in cancer,18,-1.0089638515413393
Central carbon metabolism in cancer,19,0.017950673068136275
Central carbon metabolism in cancer,20,0.35357563993637137
Central carbon metabolism in cancer,21,0.17411352483648818
Central carbon metabolism in cancer,22,-0.3879714592670032
Central carbon metabolism in cancer,23,0.019285502609317683
Central carbon metabolism in cancer,24,0.21653887638058528
Central carbon metabolism in cancer,25,0.7137355211047562
Central carbon metabolism in cancer,26,0.4167286858009154
Central carbon metabolism in cancer,27,0.21551949015741886
Central carbon metabolism in cancer,28,0.5278563914920293
Central carbon metabolism in cancer,29,0.3627321894348367
Central carbon metabolism in cancer,30,0.3369380384720525
Central carbon metabolism in cancer,31,0.24556813636546238
Central carbon metabolism in cancer,32,0.24540678504730415
Central carbon metabolism in cancer,33,-0.24995170487620552
Central carbon metabolism in cancer,34,-0.17791266333358274
Central carbon metabolism in cancer,35,0.4721659302302846
Central carbon metabolism in cancer,36,0.05876692965224872
Central carbon metabolism in cancer,37,0.5006733163186483
Central carbon metabolism in cancer,38,-0.013643973918622085
Central carbon metabolism in cancer,39,0.30439522235852395
Central carbon metabolism in cancer,40,-0.532936499938539
Central carbon metabolism in cancer,41,-0.1764888479924398
Central carbon metabolism in cancer,42,0.1664942137554592
Central carbon metabolism in cancer,43,0.24499031250247527
Central carbon metabolism in cancer,44,0.019608402578784778
Central carbon metabolism in cancer,45,0.1729023834678553
Central carbon metabolism in cancer,46,-0.3552339138832741
Central carbon metabolism in cancer,47,-0.18291278287064142
Central carbon metabolism in cancer,48,0.06366269370567672
Central carbon metabolism in cancer,49,-0.16675886622562164
Transcriptional misregulation in cancer,0,-0.3488268882017785
Transcriptional misregulation in cancer,1,-0.5150589662528482
Transcriptional misregulation in cancer,2,-0.5162382328932201
Transcriptional misregulation in cancer,3,0.24615180424004673
Transcriptional misregulation in cancer,4,-0.14296806556040711
Transcriptional misregulation in cancer,5,-0.43995535675218894
Transcriptional misregulation in cancer,6,0.6093758080220196
Transcriptional misregulation in cancer,7,0.727579411443332
Transcriptional misregulation in cancer,8,0.5742548718703322
Transcriptional misregulation in cancer,9,0.4005409181630325
Transcriptional misregulation in cancer,10,-0.10976952118899677
Transcriptional misregulation in cancer,11,0.6885256129503146
Transcriptional misregulation in cancer,12,0.14269233177533813
Transcriptional misregulation in cancer,13,0.5209191716161099
Transcriptional misregulation in cancer,14,0.0009035629375580528
Transcriptional misregulation in cancer,15,0.004444082375607267
Transcriptional misregulation in cancer,16,0.3275641524679101
Transcriptional misregulation in cancer,17,0.144100097832881
Transcriptional misregulation in cancer,18,0.6230615921565521
Transcriptional misregulation in cancer,19,0.18230139930412845
Transcriptional misregulation in cancer,20,-0.8021066036640787
Transcriptional misregulation in cancer,21,0.256878860949048
Transcriptional misregulation in cancer,22,-0.3129371172346897
Transcriptional misregulation in cancer,23,-0.5419404168852227
Transcriptional misregulation in cancer,24,0.04540543719795953
Transcriptional misregulation in cancer,25,0.00047139646048947577
Transcriptional misregulation in cancer,26,-0.22848570986716332
Transcriptional misregulation in cancer,27,-0.31677950067718164
Transcriptional misregulation in cancer,28,-0.05395153751897785
Transcriptional misregulation in cancer,29,-0.24223422762582675
Transcriptional misregulation in cancer,30,-0.030590736513185786
Transcriptional misregulation in cancer,31,0.13524281010879208
Transcriptional misregulation in cancer,32,0.09602372560172248
Transcriptional misregulation in cancer,33,0.35657475218923
Transcriptional misregulation in cancer,34,-0.2045482774386849
Transcriptional misregulation in cancer,35,-0.6198221888301966
Transcriptional misregulation in cancer,36,0.3498148537049913
Transcriptional misregulation in cancer,37,-0.2974831607769564
Transcriptional misregulation in cancer,38,0.13878901956460857
Transcriptional misregulation in cancer,39,0.32132457792396446
Transcriptional misregulation in cancer,40,0.0950232535032536
Transcriptional misregulation in cancer,41,-0.47265659407435234
Transcriptional misregulation in cancer,42,0.14227485428820172
Transcriptional misregulation in cancer,43,0.014589231155637528
Transcriptional misregulation in cancer,44,0.02641221071949884
Transcriptional misregulation in cancer,45,0.27243165595432284
Transcriptional misregulation in cancer,46,-0.5021724116038526
Transcriptional misregulation in cancer,47,-0.2980288377002697
Transcriptional misregulation in cancer,48,0.3498722053031895
Transcriptional misregulation in cancer,49,-0.08270474591750737
Chemical carcinogenesis,0,0.13958793719345772
Chemical carcinogenesis,1,0.03663580172830055
Chemical carcinogenesis,2,0.025315371149148596
Chemical carcinogenesis,3,0.2896242322268451
Chemical carcinogenesis,4,0.40260661537129305
Chemical carcinogenesis,5,-0.2606146774994049
Chemical carcinogenesis,6,0.25890980646193507
Chemical carcinogenesis,7,-0.06408239046611944
Chemical carcinogenesis,8,0.2853311463612544
Chemical carcinogenesis,9,-0.3570355005374848
Chemical carcinogenesis,10,0.19230850636054939
Chemical carcinogenesis,11,-0.1753292713959461
Chemical carcinogenesis,12,0.1265650320971014
Chemical carcinogenesis,13,0.5958020295875506
Chemical carcinogenesis,14,0.6635337185484671
Chemical carcinogenesis,15,0.27275631348051416
Chemical carcinogenesis,16,0.3107798171920349
Chemical carcinogenesis,17,0.29768369808590917
Chemical carcinogenesis,18,-0.13613577971566335
Chemical carcinogenesis,19,-0.18545773424533496
Chemical carcinogenesis,20,-0.06805511505328128
Chemical carcinogenesis,21,0.19951790257035046
Chemical carcinogenesis,22,-0.0953423889593719
Chemical carcinogenesis,23,0.24848021020710692
Chemical carcinogenesis,24,0.1798937543815102
Chemical carcinogenesis,25,-0.5108169420620767
Chemical carcinogenesis,26,0.29307754524065555
Chemical carcinogenesis,27,-0.012790801946742765
Chemical carcinogenesis,28,-0.3861501530099009
Chemical carcinogenesis,29,-0.25829744466163673
Chemical carcinogenesis,30,0.033078198513020546
Chemical carcinogenesis,31,0.026523356690152558
Chemical carcinogenesis,32,-0.0031541048503177264
Chemical carcinogenesis,33,0.14252864459322234
Chemical carcinogenesis,34,-0.13198002597085795
Chemical carcinogenesis,35,-0.12881681839039644
Chemical carcinogenesis,36,0.28149443200705543
Chemical carcinogenesis,37,-0.06361905270532917
Chemical carcinogenesis,38,-0.4140875188586102
Chemical carcinogenesis,39,-0.6238427914779032
Chemical carcinogenesis,40,0.013914410879819728
Chemical carcinogenesis,41,-0.06657103563524935
Chemical carcinogenesis,42,0.024164635431771938
Chemical carcinogenesis,43,0.22790327205448102
Chemical carcinogenesis,44,-0.41471721397909905
Chemical carcinogenesis,45,0.5242382090783949
Chemical carcinogenesis,46,0.04286266403831651
Chemical carcinogenesis,47,0.4336392452118836
Chemical carcinogenesis,48,-0.135370554618745
Chemical carcinogenesis,49,0.10382497821409736
Viral carcinogenesis,0,-0.09208607150212528
Viral carcinogenesis,1,0.38565619776797483
Viral carcinogenesis,2,0.058345969813146964
Viral carcinogenesis,3,0.3236784189573427
Viral carcinogenesis,4,-0.2860152098579131
Viral carcinogenesis,5,-0.5363455029838586
Viral carcinogenesis,6,-0.0792665157487983
Viral carcinogenesis,7,-0.2346588787006396
Viral carcinogenesis,8,0.5763840254948159
Viral carcinogenesis,9,-0.7028714754384386
Viral carcinogenesis,10,-0.4419898586001275
Viral carcinogenesis,11,-0.23386704990525686
Viral carcinogenesis,12,0.24621504878765205
Viral carcinogenesis,13,0.13089646576740388
Viral carcinogenesis,14,0.3222702816011447
Viral carcinogenesis,15,-0.30936432087247046
Viral carcinogenesis,16,0.2582548315697402
Viral carcinogenesis,17,0.11478993565589536
Viral carcinogenesis,18,0.3187238459063461
Viral carcinogenesis,19,0.43360482402268186
Viral carcinogenesis,20,-0.1718029233732707
Viral carcinogenesis,21,-0.5242976251815292
Viral carcinogenesis,22,0.04289755426632067
Viral carcinogenesis,23,0.663680740537981
Viral carcinogenesis,24,0.2834866097413317
Viral carcinogenesis,25,0.8266402422409758
Viral carcinogenesis,26,0.4671091707590287
Viral carcinogenesis,27,0.5012208641400917
Viral carcinogenesis,28,0.15200596510590925
Viral carcinogenesis,29,-0.8092061894198541
Viral carcinogenesis,30,-0.042479921176392876
Viral carcinogenesis,31,0.005071181350868719
Viral carcinogenesis,32,-0.3912992343126027
Viral carcinogenesis,33,0.5630305103095259
Viral carcinogenesis,34,0.5020185930013162
Viral carcinogenesis,35,0.2568659334327958
Viral carcinogenesis,36,0.5875750221459163
Viral carcinogenesis,37,0.36430433608627727
Viral carcinogenesis,38,0.13382412238918903
Viral carcinogenesis,39,0.29028596628701064
Viral carcinogenesis,40,0.2834198593802641
Viral carcinogenesis,41,0.004983232549025066
Viral carcinogenesis,42,-0.4814543447604707
Viral carcinogenesis,43,0.7412016588482233
Viral carcinogenesis,44,-0.15639833625293914
Viral carcinogenesis,45,-0.0956872402466763
Viral carcinogenesis,46,-0.07697915260071289
Viral carcinogenesis,47,-0.0004310470471914998
Viral carcinogenesis,48,0.09550695917326803
Viral carcinogenesis,49,-0.21120616116051671
Non-small cell lung cancer,0,0.14974782184887453
Non-small cell lung cancer,1,-0.12199962092074852
Non-small cell lung cancer,2,-0.2460009572474018
Non-small cell lung cancer,3,-0.3378946999664846
Non-small cell lung cancer,4,-0.3754090711303031
Non-small cell lung cancer,5,0.032231988813364226
Non-small cell lung cancer,6,-0.8383150816737612
Non-small cell lung cancer,7,-0.04056641858960288
Non-small cell lung cancer,8,0.4326957369329788
Non-small cell lung cancer,9,-0.011071853231818947
Non-small cell lung cancer,10,0.18425363839562076
Non-small cell lung cancer,11,-0.28910141482724133
Non-small cell lung cancer,12,-0.08233538378777375
Non-small cell lung cancer,13,0.11023061531244337
Non-small cell lung cancer,14,0.3603867963821236
Non-small cell lung cancer,15,-0.33805605871335814
Non-small cell lung cancer,16,-0.5652978682440459
Non-small cell lung cancer,17,-0.13577792010467812
Non-small cell lung cancer,18,0.2409145544985588
Non-small cell lung cancer,19,0.05123232761132658
Non-small cell lung cancer,20,0.41663988198428825
Non-small cell lung cancer,21,-0.5806352116553108
Non-small cell lung cancer,22,0.14260687847376644
Non-small cell lung cancer,23,-0.1760204657131858
Non-small cell lung cancer,24,0.19601029576038775
Non-small cell lung cancer,25,-0.38239813490950103
Non-small cell lung cancer,26,-0.3116235183949662
Non-small cell lung cancer,27,-0.21513247017517012
Non-small cell lung cancer,28,0.16501730663688763
Non-small cell lung cancer,29,0.4378075605552027
Non-small cell lung cancer,30,-0.4365334880936962
Non-small cell lung cancer,31,0.6414030695640568
Non-small cell lung cancer,32,0.6127839858518443
Non-small cell lung cancer,33,-0.15338523286409333
Non-small cell lung cancer,34,0.06975319915487997
Non-small cell lung cancer,35,0.2699546556093367
Non-small cell lung cancer,36,-0.26366697751715157
Non-small cell lung cancer,37,0.3464672515663275
Non-small cell lung cancer,38,0.025926954091986826
Non-small cell lung cancer,39,0.9229702207713097
Non-small cell lung cancer,40,-0.20139627435545934
Non-small cell lung cancer,41,0.4651128484013631
Non-small cell lung cancer,42,0.2560074621546232
Non-small cell lung cancer,43,0.268073597749708
Non-small cell lung cancer,44,0.12654853191001342
Non-small cell lung cancer,45,-0.23377975513317245
Non-small cell lung cancer,46,0.20679118004076924
Non-small cell lung cancer,47,0.09171113764802502
Non-small cell lung cancer,48,-0.03684071191501124
Non-small cell lung cancer,49,-0.3980687030639056
Small cell lung cancer,0,-0.3031169414752508
Small cell lung cancer,1,0.8800154835812506
Small cell lung cancer,2,0.14177646931782167
Small cell lung cancer,3,-0.056177917541211736
Small cell lung cancer,4,0.01683216970284114
Small cell lung cancer,5,0.37202612037721355
Small cell lung cancer,6,0.08559458344828527
Small cell lung cancer,7,-0.0960094559919406
Small cell lung cancer,8,0.6274093075201321
Small cell lung cancer,9,-0.024914949861712367
Small cell lung cancer,10,0.128268331199916
Small cell lung cancer,11,0.048296288885710414
Small cell lung cancer,12,0.3889695772207228
Small cell lung cancer,13,0.11417471888415695
Small cell lung cancer,14,-0.376291998543765
Small cell lung cancer,15,-0.13272193091702397
Small cell lung cancer,16,0.7488576411575778
Small cell lung cancer,17,0.5228474484510177
Small cell lung cancer,18,0.23815960487824117
Small cell lung cancer,19,0.10515701239083944
Small cell lung cancer,20,-0.0021630207496682063
Small cell lung cancer,21,-0.3058476107867346
Small cell lung cancer,22,0.3203162200239211
Small cell lung cancer,23,-0.16484748943979288
Small cell lung cancer,24,0.28927786695680513
Small cell lung cancer,25,0.3477623762227001
Small cell lung cancer,26,0.8490995023570161
Small cell lung cancer,27,0.030435937380966872
Small cell lung cancer,28,-0.1028225381631553
Small cell lung cancer,29,0.3055466931376323
Small cell lung cancer,30,0.12616405925301555
Small cell lung cancer,31,0.5474304003254151
Small cell lung cancer,32,0.7580166818155251
Small cell lung cancer,33,0.4833390761843993
Small cell lung cancer,34,-0.0060369495736803825
Small cell lung cancer,35,0.40364971888028056
Small cell lung cancer,36,0.37876011733831466
Small cell lung cancer,37,0.03636603827196061
Small cell lung cancer,38,0.4375721966619672
Small cell lung cancer,39,0.23230594833589835
Small cell lung cancer,40,-0.1649625944864287
Small cell lung cancer,41,-0.2075617851233799
Small cell lung cancer,42,-0.16671059630435292
Small cell lung cancer,43,-0.38330044766186033
Small cell lung cancer,44,-0.41363455562560236
Small cell lung cancer,45,-0.17672991775183877
Small cell lung cancer,46,0.36594349328282494
Small cell lung cancer,47,0.1902834580758108
Small cell lung cancer,48,-0.09262429676050615
Small cell lung cancer,49,0.47678244894933985
Breast cancer,0,-0.6350219114746489
Breast cancer,1,-0.02039920636895703
Breast cancer,2,0.2792224390631875
Breast cancer,3,0.18228875764563005
Breast cancer,4,-0.1987322553956199
Breast cancer,5,0.466342636333407
Breast cancer,6,0.020093113759704205
Breast cancer,7,-0.4386345942696129
Breast cancer,8,0.32661573051026754
Breast cancer,9,0.3435354772233211
Breast cancer,10,0.27560527762060855
Breast cancer,11,0.6143623509633808
Breast cancer,12,-0.30757812136569807
Breast cancer,13,0.4703297515436395
Breast cancer,14,0.2722416511336704
Breast cancer,15,-0.2501116550570399
Breast cancer,16,0.10599149437908398
Breast cancer,17,-0.3682481515495967
Breast cancer,18,0.11484626090973882
Breast cancer,19,-0.1020135863638477
Breast cancer,20,-0.31773800202422103
Breast cancer,21,0.2925131258568645
Breast cancer,22,-0.04523900364327868
Breast cancer,23,-0.4335450478516227
Breast cancer,24,0.18280091394561387
Breast cancer,25,0.7402446457867203
Breast cancer,26,0.48494646184161355
Breast cancer,27,-0.6680946660848912
Breast cancer,28,-0.1146766047611483
Breast cancer,29,-0.49930723420870304
Breast cancer,30,0.9005344909710533
Breast cancer,31,0.1580136683685608
Breast cancer,32,-0.33773913023438773
Breast cancer,33,0.12396009059303983
Breast cancer,34,0.04147795303441396
Breast cancer,35,-0.0019214994285333968
Breast cancer,36,0.2938955531387726
Breast cancer,37,-0.12856109982707237
Breast cancer,38,0.28762647561042354
Breast cancer,39,-0.09958993664789458
Breast cancer,40,-0.07435107933294823
Breast cancer,41,-0.2475826110603575
Breast cancer,42,-0.44020591639920026
Breast cancer,43,0.43423903368356953
Breast cancer,44,-0.26374561153648957
Breast cancer,45,-0.4437786884677242
Breast cancer,46,0.29748558508341255
Breast cancer,47,-0.051360507610102274
Breast cancer,48,-0.05413395475376349
Breast cancer,49,-0.7100866342209041
Colorectal cancer,0,0.016081443224871598
Colorectal cancer,1,-0.17814256143191826
Colorectal cancer,2,-0.4064393379331852
Colorectal cancer,3,0.009109035074045495
Colorectal cancer,4,0.060539711116979804
Colorectal cancer,5,-0.17596154457042554
Colorectal cancer,6,0.4977115302635365
Colorectal cancer,7,0.29769564844537216
Colorectal cancer,8,0.20617784839286812
Colorectal cancer,9,-0.16518239514814764
Colorectal cancer,10,0.37333646651589986
Colorectal cancer,11,0.5795708010424949
Colorectal cancer,12,0.011767268273591666
Colorectal cancer,13,-0.4937071686230597
Colorectal cancer,14,0.05469375456551062
Colorectal cancer,15,-0.1528811652761205
Colorectal cancer,16,0.4276883623449338
Colorectal cancer,17,0.27762994746152025
Colorectal cancer,18,-0.31814511649901883
Colorectal cancer,19,-0.29729713267289865
Colorectal cancer,20,-0.0717629139833662
Colorectal cancer,21,0.4320903911540117
Colorectal cancer,22,0.10585450493461887
Colorectal cancer,23,-0.07280291461070708
Colorectal cancer,24,-0.45183872213019616
Colorectal cancer,25,0.011449075907370074
Colorectal cancer,26,0.2722280263309412
Colorectal cancer,27,0.15060194795126378
Colorectal cancer,28,-0.6437296749453705
Colorectal cancer,29,-0.22412189847507374
Colorectal cancer,30,-0.19559107299595485
Colorectal cancer,31,0.49393147296803885
Colorectal cancer,32,-0.14412625180938773
Colorectal cancer,33,-0.14675137864563126
Colorectal cancer,34,-0.5037710304949253
Colorectal cancer,35,-0.4179383260731092
Colorectal cancer,36,-0.07362576980439964
Colorectal cancer,37,-0.14177098600961266
Colorectal cancer,38,-0.27146979289435524
Colorectal cancer,39,0.07926604540283422
Colorectal cancer,40,0.4363907725061343
Colorectal cancer,41,0.3729801956144434
Colorectal cancer,42,0.4677042517786967
Colorectal cancer,43,0.6622032837519047
Colorectal cancer,44,-0.003748593126348438
Colorectal cancer,45,-0.10654465795856286
Colorectal cancer,46,0.044768383338052956
Colorectal cancer,47,-0.06313048048883566
Colorectal cancer,48,-0.5548260804594236
Colorectal cancer,49,0.439625895256876
Gastric cancer,0,-0.2606431934040994
Gastric cancer,1,0.6715374595765199
Gastric cancer,2,0.21832987970658196
Gastric cancer,3,0.029735143279798194
Gastric cancer,4,-0.09995212394206704
Gastric cancer,5,-0.15929921245493361
Gastric cancer,6,0.13417051977810768
Gastric cancer,7,-0.20481375411768799
Gastric cancer,8,0.0872939497740962
Gastric cancer,9,-0.3635118385455361
Gastric cancer,10,-0.21777316005956418
Gastric cancer,11,0.3428419337026243
Gastric cancer,12,0.023331043728709734
Gastric cancer,13,0.10356059395978913
Gastric cancer,14,-0.3150732363565959
Gastric cancer,15,0.6540669307648013
Gastric cancer,16,0.5700666074380587
Gastric cancer,17,0.02720707553903363
Gastric cancer,18,-0.13205532368333833
Gastric cancer,19,0.13137928299119372
Gastric cancer,20,0.2204813445793796
Gastric cancer,21,0.36373888427607654
Gastric cancer,22,0.06290913051338326
Gastric cancer,23,-0.228800984417594
Gastric cancer,24,-0.06569465214393244
Gastric cancer,25,0.39774523482425295
Gastric cancer,26,-0.032980586062196754
Gastric cancer,27,0.09325250469321712
Gastric cancer,28,0.4596415702383376
Gastric cancer,29,-0.6107683300172956
Gastric cancer,30,0.533777481695353
Gastric cancer,31,-0.4938861528417481
Gastric cancer,32,0.1742643093270712
Gastric cancer,33,0.40321942056034477
Gastric cancer,34,0.7441798656813366
Gastric cancer,35,-0.21339845112739836
Gastric cancer,36,0.24385996413455838
Gastric cancer,37,-0.6235984719380891
Gastric cancer,38,0.05018019622086396
Gastric cancer,39,-0.32112473713003076
Gastric cancer,40,0.2556005066068374
Gastric cancer,41,-0.3204718090861811
Gastric cancer,42,-0.13716323404438735
Gastric cancer,43,-0.46693061270835207
Gastric cancer,44,-0.280037348031668
Gastric cancer,45,-0.1715934133651944
Gastric cancer,46,0.002744278275316938
Gastric cancer,47,0.45118095634582445
Gastric cancer,48,-0.13130257166257003
Gastric cancer,49,-0.7220121908139391
Hepatocellular carcinoma,0,-0.012192339200751417
Hepatocellular carcinoma,1,-0.478394526784466
Hepatocellular carcinoma,2,-0.12087456116536642
Hepatocellular carcinoma,3,0.3663738550119306
Hepatocellular carcinoma,4,0.4089107396537596
Hepatocellular carcinoma,5,0.32473949879076197
Hepatocellular carcinoma,6,0.43751418807596276
Hepatocellular carcinoma,7,0.4024190245237905
Hepatocellular carcinoma,8,0.6014279896254241
Hepatocellular carcinoma,9,-0.37165929453257673
Hepatocellular carcinoma,10,-0.6759331900603682
Hepatocellular carcinoma,11,0.11448708665323305
Hepatocellular carcinoma,12,0.14554794312346625
Hepatocellular carcinoma,13,0.0921532116905042
Hepatocellular carcinoma,14,0.5556758507389101
Hepatocellular carcinoma,15,-0.05031626464302215
Hepatocellular carcinoma,16,0.4963250315092582
Hepatocellular carcinoma,17,0.5520668365585628
Hepatocellular carcinoma,18,-0.4467379050398961
Hepatocellular carcinoma,19,-0.1983411396779099
Hepatocellular carcinoma,20,0.02079944245869876
Hepatocellular carcinoma,21,0.06868140656561082
Hepatocellular carcinoma,22,-0.332969040580769
Hepatocellular carcinoma,23,0.06141671540628643
Hepatocellular carcinoma,24,-0.783455993287058
Hepatocellular carcinoma,25,0.37699394049700496
Hepatocellular carcinoma,26,0.4958345004381255
Hepatocellular carcinoma,27,0.22879428346444972
Hepatocellular carcinoma,28,-0.9110464127225162
Hepatocellular carcinoma,29,-0.08039005775165438
Hepatocellular carcinoma,30,0.09647550597348356
Hepatocellular carcinoma,31,0.30482167473893584
Hepatocellular carcinoma,32,0.13120562044773817
Hepatocellular carcinoma,33,-0.24505413847884727
Hepatocellular carcinoma,34,-0.013854576789353805
Hepatocellular carcinoma,35,-0.16181565749278515
Hepatocellular carcinoma,36,0.250304606516977
Hepatocellular carcinoma,37,-0.1762427988039797
Hepatocellular carcinoma,38,0.41304094444350625
Hepatocellular carcinoma,39,0.36952256211737394
Hepatocellular carcinoma,40,-0.13618642530472574
Hepatocellular carcinoma,41,0.20402625115876627
Hepatocellular carcinoma,42,0.008794097708708858
Hepatocellular carcinoma,43,-0.27320375179861583
Hepatocellular carcinoma,44,-0.20780424105982181
Hepatocellular carcinoma,45,0.5822390849237208
Hepatocellular carcinoma,46,-0.31645743711795893
Hepatocellular carcinoma,47,-0.2107126859495326
Hepatocellular carcinoma,48,0.31623739873522494
Hepatocellular carcinoma,49,0.28385525332644457
Pancreatic cancer,0,0.48472820788972315
Pancreatic cancer,1,0.35245000492620915
Pancreatic cancer,2,-0.5750783762167452
Pancreatic cancer,3,0.6679139076034528
Pancreatic cancer,4,0.5392500633942854
Pancreatic cancer,5,0.1584803826298974
Pancreatic cancer,6,0.5030440968917427
Pancreatic cancer,7,-0.1804615038246592
Pancreatic cancer,8,0.41798933731553334
Pancreatic cancer,9,0.23327486476422807
Pancreatic cancer,10,0.3923650147042841
Pancreatic cancer,11,-0.41289371642212724
Pancreatic cancer,12,-0.1403643934769731
Pancreatic cancer,13,0.34876068865543874
Pancreatic cancer,14,0.25243331254128765
Pancreatic cancer,15,0.12419396404813639
Pancreatic cancer,16,0.3433988331864066
Pancreatic cancer,17,0.01677923430840772
Pancreatic cancer,18,0.5597829917327588
Pancreatic cancer,19,0.10804838093695265
Pancreatic cancer,20,-0.15321960812499108
Pancreatic cancer,21,-0.26084728534169155
Pancreatic cancer,22,-0.21870097901342053
Pancreatic cancer,23,-0.24867996158329353
Pancreatic cancer,24,0.44485646389634087
Pancreatic cancer,25,0.2348215985996388
Pancreatic cancer,26,0.14080538431332953
Pancreatic cancer,27,0.4971176266948508
Pancreatic cancer,28,0.6919093037635136
Pancreatic cancer,29,0.226762156777524
Pancreatic cancer,30,0.33182263779072296
Pancreatic cancer,31,0.3294517459538308
Pancreatic cancer,32,-0.35890353080602966
Pancreatic cancer,33,-0.37768274973410737
Pancreatic cancer,34,0.9491060787312813
Pancreatic cancer,35,0.14366769168086538
Pancreatic cancer,36,-0.2094278999824777
Pancreatic cancer,37,-0.2916244177738714
Pancreatic cancer,38,0.3601472430807138
Pancreatic cancer,39,-0.1421554399211116
Pancreatic cancer,40,0.016668458134445313
Pancreatic cancer,41,0.32213396105152187
Pancreatic cancer,42,0.18112503106379368
Pancreatic cancer,43,0.294138284144561
Pancreatic cancer,44,0.23741156561474427
Pancreatic cancer,45,-0.2092911845166805
Pancreatic cancer,46,0.3313312117094446
Pancreatic cancer,47,0.5602707041521774
Pancreatic cancer,48,-0.1453743839697476
Pancreatic cancer,49,0.11470660493250627
T cell receptor signaling pathway,0,0.5308389815306531
T cell receptor signaling pathway,1,-0.16523287772768352
T cell receptor signaling pathway,2,-0.22849413784633782
T cell receptor signaling pathway,3,-0.6690484398913844
T cell receptor signaling pathway,4,0.37564069628711666
T cell receptor signaling pathway,5,0.04358590944793689
T cell receptor signaling pathway,6,-0.28289005928604277
T cell receptor signaling pathway,7,-0.299198409443867
T cell receptor signaling pathway,8,0.8249654210947246
T cell receptor signaling pathway,9,-0.021791487093123688
T cell receptor signaling pathway,10,-0.3806138357312556
T cell receptor signaling pathway,11,0.020966520894543435
T cell receptor signaling pathway,12,0.09653381569936927
T cell receptor signaling pathway,13,-0.2517137943063219
T cell receptor signaling pathway,14,0.09392070737337084
T cell receptor signaling pathway,15,0.09069138174053748
T cell receptor signaling pathway,16,0.038613392812545826
T cell receptor signaling pathway,17,0.12931049681949539
T cell receptor signaling pathway,18,0.26623781199902585
T cell receptor signaling pathway,19,-0.11204236757900604
T cell receptor signaling pathway,20,-0.025272396920045334
T cell receptor signaling pathway,21,0.2878554935510569
T cell receptor signaling pathway,22,-0.12171565840179112
T cell receptor signaling pathway,23,-0.043327026907028506
T cell receptor signaling pathway,24,-0.23978873694298272
T cell receptor signaling pathway,25,0.0796292636682546
T cell receptor signaling pathway,26,0.02830995956206595
T cell receptor signaling pathway,27,-0.15336346408446616
T cell receptor signaling pathway,28,-0.19321920814980145
T cell receptor signaling pathway,29,0.37687814957137744
T cell receptor signaling pathway,30,-0.09724125398992002
T cell receptor signaling pathway,31,-0.25714852854375914
T cell receptor signaling pathway,32,0.8007525232517784
T cell receptor signaling pathway,33,0.1992881043400995
T cell receptor signaling pathway,34,0.17583158482901884
T cell receptor signaling pathway,35,-0.14805543303326588
T cell receptor signaling pathway,36,0.12156105799027038
T cell receptor signaling pathway,37,-0.09845831153859144
T cell receptor signaling pathway,38,0.006912192059346866
T cell receptor signaling pathway,39,0.39179013938494833
T cell receptor signaling pathway,40,0.09756904597092171
T cell receptor signaling pathway,41,0.18543859072075955
T cell receptor signaling pathway,42,0.08265387829049126
T cell receptor signaling pathway,43,-0.25598867300889905
T cell receptor signaling pathway,44,0.11333262466203305
T cell receptor signaling pathway,45,-0.3282455227745653
T cell receptor signaling pathway,46,0.29416353225925124
T cell receptor signaling pathway,47,0.015369373648344583
T cell receptor signaling pathway,48,0.03380057395879207
T cell receptor signaling pathway,49,0.21984702601389972
B cell receptor signaling pathway,0,-0.029098760740621912
B cell receptor signaling pathway,1,-0.15402733266430652
B cell receptor signaling pathway,2,0.2528535718514467
B cell receptor signaling pathway,3,0.1911663517144352
B cell receptor signaling pathway,4,0.09752182932301277
B cell receptor signaling pathway,5,-0.510449292026136
B cell receptor signaling pathway,6,-0.34894337901162786
B cell receptor signaling pathway,7,0.23847921767656266
B cell receptor signaling pathway,8,0.32242871656242805
B cell receptor signaling pathway,9,0.24784692042510895
B cell receptor signaling pathway,10,-0.20632037535139713
B cell receptor signaling pathway,11,0.3145062188554964
B cell receptor signaling pathway,12,-0.09585620389089171
B cell receptor signaling pathway,13,-0.11385814475803223
B cell receptor signaling pathway,14,0.4296047520354369
B cell receptor signaling pathway,15,0.26317693231373707
B cell receptor signaling pathway,16,0.5758584872932135
B cell receptor signaling pathway,17,0.06749863146529353
B cell receptor signaling pathway,18,-0.19105147971237774
B cell receptor signaling pathway,19,0.047432775141899
B cell receptor signaling pathway,20,0.4313410530498776
B cell receptor signaling pathway,21,-0.24204119327863538
B cell receptor signaling pathway,22,-0.22107186904282827
B cell receptor signaling pathway,23,-0.30639845151478146
B cell receptor signaling pathway,24,-0.5276673533294709
B cell receptor signaling pathway,25,0.17252467028565016
B cell receptor signaling pathway,26,-0.2876062665622915
B cell receptor signaling pathway,27,0.30666883639128106
B cell receptor signaling pathway,28,0.13041470280303488
B cell receptor signaling pathway,29,-0.5332152825722453
B cell receptor signaling pathway,30,-0.5287646783549824
B cell receptor signaling pathway,31,0.17639149010787725
B cell receptor signaling pathway,32,0.5538855120181333
B cell receptor signaling pathway,33,0.082735349098221
B cell receptor signaling pathway,34,0.6856543758124274
B cell receptor signaling pathway,35,-0.0906870194743047
B cell receptor signaling pathway,36,0.4878818890353344
B cell receptor signaling pathway,37,0.43630937142016113
B cell receptor signaling pathway,38,-0.3962290373191957
B cell receptor signaling pathway,39,0.013270320576076232
B cell receptor signaling pathway,40,0.5661156926537213
B cell receptor signaling pathway,41,-0.5199459701905167
B cell receptor signaling pathway,42,0.005657018862146346
B cell receptor signaling pathway,43,0.18728626172584667
B cell receptor signaling pathway,44,0.3063510120815286
B cell receptor signaling pathway,45,0.23904871033706054
B cell receptor signaling pathway,46,-0.2121148914769755
B cell receptor signaling pathway,47,0.015019442492516846
B cell receptor signaling pathway,48,0.1788889218645865
B cell receptor signaling pathway,49,-0.2693359504314206
Natural killer cell mediated cytotoxicity,0,0.2977594426552368
Natural killer cell mediated cytotoxicity,1,-0.24584860516386642
Natural killer cell mediated cytotoxicity,2,-0.3569534561765918
Natural killer cell mediated cytotoxicity,3,0.3828676136771727
Natural killer cell mediated cytotoxicity,4,0.2801118244928995
Natural killer cell mediated cytotoxicity,5,0.5832435923690059
Natural killer cell mediated cytotoxicity,6,-0.3739049465202857
Natural killer cell mediated cytotoxicity,7,0.19253263098495493
Natural killer cell mediated cytotoxicity,8,0.42393937012499117
Natural killer cell mediated cytotoxicity,9,-0.38869827538148893
Natural killer cell mediated cytotoxicity,10,-0.1867209972765113
Natural killer cell mediated cytotoxicity,11,0.31503484673297266
Natural killer cell mediated cytotoxicity,12,0.7433248540928319
Natural killer cell mediated cytotoxicity,13,-0.48692679914675
Natural killer cell mediated cytotoxicity,14,0.2335230603159747
Natural killer cell mediated cytotoxicity,15,0.8619976407636645
Natural killer cell mediated cytotoxicity,16,0.355181319858846
Natural killer cell mediated cytotoxicity,17,-0.32576294224932856
Natural killer cell mediated cytotoxicity,18,0.1406368974727369
Natural killer cell mediated cytotoxicity,19,-0.21823526684026825
Natural killer cell mediated cytotoxicity,20,0.5862710685451407
Natural killer cell mediated cytotoxicity,21,0.35758652050526263
Natural killer cell mediated cytotoxicity,22,-0.19316524648665828
Natural killer cell mediated cytotoxicity,23,0.404958462209085
Natural killer cell mediated cytotoxicity,24,-0.2278799324613139
Natural killer cell mediated cytotoxicity,25,-0.14874212988575378
Natural killer cell mediated cytotoxicity,26,0.171113122580846
Natural killer cell mediated cytotoxicity,27,0.14538150481774212
Natural killer cell mediated cytotoxicity,28,0.1684911334823533
Natural killer cell mediated cytotoxicity,29,-0.1378791883082317
Natural killer cell mediated cytotoxicity,30,-0.30322319698668854
Natural killer cell mediated cytotoxicity,31,-0.14190019589647385
Natural killer cell mediated cytotoxicity,32,-0.40928492567401714
Natural killer cell mediated cytotoxicity,33,0.7939446678491038
Natural killer cell mediated cytotoxicity,34,-0.2268674161751042
Natural killer cell mediated cytotoxicity,35,-0.20903916333661127
Natural killer cell mediated cytotoxicity,36,-0.2907755631843163
Natural killer cell mediated cytotoxicity,37,-0.31779954886857387
Natural killer cell mediated cytotoxicity,38,0.44404526943102646
Natural killer cell mediated cytotoxicity,39,-0.2722816673159754
Natural killer cell mediated cytotoxicity,40,0.36335111823208427
Natural killer cell mediated cytotoxicity,41,-0.1621367250040745
Natural killer cell mediated cytotoxicity,42,0.4795345392135428
Natural killer cell mediated cytotoxicity,43,0.5086794424697545
Natural killer cell mediated cytotoxicity,44,0.30434628624623544
Natural killer cell mediated cytotoxicity,45,0.2969571179560666
Natural killer cell mediated cytotoxicity,46,-0.2078557235880345
Natural killer cell mediated cytotoxicity,47,0.33532136400550316
Natural killer cell mediated cytotoxicity,48,0.02356417529722045
Natural killer cell mediated cytotoxicity,49,-0.28099272684233084
Antigen processing and presentation,0,0.5880315613249705
Antigen processing and presentation,1,-0.22298447544679284
Antigen processing and presentation,2,-0.28708566564484234
Antigen processing and presentation,3,0.38095651941339326
Antigen processing and presentation,4,0.7417174137877948
Antigen processing and presentation,5,-0.4223703678413755
Antigen processing and presentation,6,-0.6541328279731684
Antigen processing and presentation,7,-0.4173907605028542
Antigen processing and presentation,8,0.04962170349936242
Antigen processing and presentation,9,0.5536688919122024
Antigen processing and presentation,10,-0.21030174926565104
Antigen processing and presentation,11,0.49660271706511755
Antigen processing and presentation,12,0.010239451606510764
Antigen processing and presentation,13,-0.06878489048865083
Antigen processing and presentation,14,-0.4064168451826091
Antigen processing and presentation,15,-0.06873238137035595
Antigen processing and presentation,16,0.06299506553756974
Antigen processing and presentation,17,-0.07653107112826821
Antigen processing and presentation,18,0.32121471741639557
Antigen processing and presentation,19,-0.38064876258687874
Antigen processing and presentation,20,0.6269261715167637
Antigen processing and presentation,21,-0.5298125876430002
Antigen processing and presentation,22,-0.46614857190138026
Antigen processing and presentation,23,0.2781449103155302
Antigen processing and presentation,24,-0.26077147328033773
Antigen processing and presentation,25,0.14528317852589293
Antigen processing and presentation,26,0.37282367238586034
Antigen processing and presentation,27,-0.6066416334629562
Antigen processing and presentation,28,-0.34376584004664745
Antigen processing and presentation,29,0.4651668380798461
Antigen processing and presentation,30,-0.3109721989588762
Antigen processing and presentation,31,-0.05701724679786115
Antigen processing and presentation,32,0.5205078924577865
Antigen processing and presentation,33,0.8924932585818074
Antigen processing and presentation,34,-0.04491313346189433
Antigen processing and presentation,35,-0.09191893163567126
Antigen processing and presentation,36,0.2140039948436329
Antigen processing and presentation,37,0.11908403890447336
Antigen processing and presentation,38,0.2613125480886877
Antigen processing and presentation,39,0.3644371870438776
Antigen processing and presentation,40,-0.12414113657856532
Antigen processing and presentation,41,-0.4110945746341731
Antigen processing and presentation,42,0.3289149446459255
Antigen processing and presentation,43,0.17875393923565014
Antigen processing and presentation,44,-0.9147863319266709
Antigen processing and presentation,45,-0.3965905089575666
Antigen processing and presentation,46,0.41308917701308234
Antigen processing and presentation,47,0.03718716733875435
Antigen processing and presentation,48,-0.5699650358534879
Antigen processing and presentation,49,-0.5338410216272955
Cytokine-cytokine receptor interaction,0,-0.03233947014783722
Cytokine-cytokine receptor interaction,1,0.13111362766590373
Cytokine-cytokine receptor interaction,2,0.4140659011487276
Cytokine-cytokine receptor interaction,3,-0.4246609447863495
Cytokine-cytokine receptor interaction,4,-0.15016549197337972
Cytokine-cytokine receptor interaction,5,0.45918780599195985
Cytokine-cytokine receptor interaction,6,0.16541683066186724
Cytokine-cytokine receptor interaction,7,0.17721160549558082
Cytokine-cytokine receptor interaction,8,-0.025400535539710313
Cytokine-cytokine receptor interaction,9,-0.05768075639873525
Cytokine-cytokine receptor interaction,10,-0.45048869790046076
Cytokine-cytokine receptor interaction,11,-0.22154780931079665
Cytokine-cytokine receptor interaction,12,-0.1209160454605784
Cytokine-cytokine receptor interaction,13,0.10129188226119984
Cytokine-cytokine receptor interaction,14,0.3088930713345977
Cytokine-cytokine receptor interaction,15,-0.011427098606725186
Cytokine-cytokine receptor interaction,16,-0.4145037547629211
Cytokine-cytokine receptor interaction,17,-0.1905529720969204
Cytokine-cytokine receptor interaction,18,-0.27343031576269283
Cytokine-cytokine receptor interaction,19,0.37708548360720423
Cytokine-cytokine receptor interaction,20,-0.2977935364718903
Cytokine-cytokine receptor interaction,21,0.25775878640468763
Cytokine-cytokine receptor interaction,22,-0.5129494903904277
Cytokine-cytokine receptor interaction,23,0.2832313283715142
Cytokine-cytokine receptor interaction,24,0.19836423638259573
Cytokine-cytokine receptor interaction,25,0.12185701220060019
Cytokine-cytokine receptor interaction,26,0.15811375592863014
Cytokine-cytokine receptor interaction,27,-0.18017729987702907
Cytokine-cytokine receptor interaction,28,0.14400020173254618
Cytokine-cytokine receptor interaction,29,-0.254042362710659
Cytokine-cytokine receptor interaction,30,-0.3478173683974506
Cytokine-cytokine receptor interaction,31,0.2252115646575492
Cytokine-cytokine receptor interaction,32,0.6037467594217584
Cytokine-cytokine receptor interaction,33,-0.013353358063471337
Cytokine-cytokine receptor interaction,34,0.36884535225914616
Cytokine-cytokine receptor interaction,35,-0.3338414923395293
Cytokine-cytokine receptor interaction,36,0.3863219796954091
Cytokine-cytokine receptor interaction,37,0.015751711689372755
Cytokine-cytokine receptor interaction,38,-0.1578836151762964
Cytokine-cytokine receptor interaction,39,-0.0903981682084893
Cytokine-cytokine receptor interaction,40,0.032859839303560866
Cytokine-cytokine receptor interaction,41,-0.009957258410828014
Cytokine-cytokine receptor interaction,42,0.35622697117326213
Cytokine-cytokine receptor interaction,43,0.05452692738268808
Cytokine-cytokine receptor interaction,44,0.045790229224138196
Cytokine-cytokine receptor interaction,45,0.0822233839028019
Cytokine-cytokine receptor interaction,46,-0.2986895387951317
Cytokine-cytokine receptor interaction,47,-0.469016144587108
Cytokine-cytokine receptor interaction,48,-0.35285023068182353
Cytokine-cytokine receptor interaction,49,-0.27509087604459426
Chemokine signaling pathway,0,0.017239164681525348
Chemokine signaling pathway,1,0.03584202522763498
Chemokine signaling pathway,2,0.35954139706140253
Chemokine signaling pathway,3,0.19096890726040366
Chemokine signaling pathway,4,0.3451046076839288
Chemokine signaling pathway,5,0.09354555523139478
Chemokine signaling pathway,6,-0.1434612986342055
Chemokine signaling pathway,7,0.1576250196685211
Chemokine signaling pathway,8,-0.10464377867814739
Chemokine signaling pathway,9,0.36767174445192063
Chemokine signaling pathway,10,0.2108015229246727
Chemokine signaling pathway,11,-0.2898690430525007
Chemokine signaling pathway,12,-0.06582754467633795
Chemokine signaling pathway,13,0.26815677110901803
Chemokine signaling pathway,14,0.2670091971463898
Chemokine signaling pathway,15,0.44525990643669605
Chemokine signaling pathway,16,-0.5811115270440361
Chemokine signaling pathway,17,0.3493197455249299
Chemokine signaling pathway,18,0.1794832562509403
Chemokine signaling pathway,19,1.1473499373707938
Chemokine signaling pathway,20,0.5062867112357015
Chemokine signaling pathway,21,-0.1445317554312897
Chemokine signaling pathway,22,0.06267517118609052
Chemokine signaling pathway,23,0.2506161654111083
Chemokine signaling pathway,24,0.2562424395177811
Chemokine signaling pathway,25,0.4838997248564937
Chemokine signaling pathway,26,0.014766778430578314
Chemokine signaling pathway,27,0.23255314331338856
Chemokine signaling pathway,28,0.4138524776306557
Chemokine signaling pathway,29,0.7133966443731583
Chemokine signaling pathway,30,-0.07479753312251715
Chemokine signaling pathway,31,-0.8061561766444805
Chemokine signaling pathway,32,0.25764790161197115
Chemokine signaling pathway,33,-0.16161999458466159
Chemokine signaling pathway,34,0.22978707309525653
Chemokine signaling pathway,35,-0.2386981328718123
Chemokine signaling pathway,36,0.4741604629807274
Chemokine signaling pathway,37,0.08412929288272543
Chemokine signaling pathway,38,0.02457820418327266
Chemokine signaling pathway,39,0.4233680726744169
Chemokine signaling pathway,40,0.5337087588879489
Chemokine signaling pathway,41,-0.1475405810445102
Chemokine signaling pathway,42,-0.17257038113575568
Chemokine signaling pathway,43,-0.13264949638552445
Chemokine signaling pathway,44,-0.05031054352769767
Chemokine signaling pathway,45,0.32006116157156117
Chemokine signaling pathway,46,0.05972281791370624
Chemokine signaling pathway,47,0.24349824444990653
Chemokine signaling pathway,48,-0.1733717018642883
Chemokine signaling pathway,49,-0.2170860338238198
ECM-receptor interaction,0,0.40078087800651585
ECM-receptor interaction,1,-0.1142239043203634
ECM-receptor interaction,2,0.32944967401007796
ECM-receptor interaction,3,0.37793980467998917
ECM-receptor interaction,4,0.005148267723307153
ECM-receptor interaction,5,0.4266375936524576
ECM-receptor interaction,6,0.06882052971729424
ECM-receptor interaction,7,0.7542740664162305
ECM-receptor interaction,8,0.398110189104683
ECM-receptor interaction,9,0.35584172456601204
ECM-receptor interaction,10,-0.004790449496991492
ECM-receptor interaction,11,0.6749942254602674
ECM-receptor interaction,12,-0.08627013880724818
ECM-receptor interaction,13,0.16103160987578466
ECM-receptor interaction,14,-0.17441682015334192
ECM-receptor interaction,15,-0.20018773747450502
ECM-receptor interaction,16,0.3056731799095877
ECM-receptor interaction,17,0.5253316441350699
ECM-receptor interaction,18,0.4444103671198462
ECM-receptor interaction,19,0.43571822876901506
ECM-receptor interaction,20,-0.12739722957530225
ECM-receptor interaction,21,0.4340758827453435
ECM-receptor interaction,22,0.6970663002593227
ECM-receptor interaction,23,0.3994588161716328
ECM-receptor interaction,24,-0.04545416398267424
ECM-receptor interaction,25,-0.08972184026881498
ECM-receptor interaction,26,0.17515704874086416
ECM-receptor interaction,27,0.2563383081098212
ECM-receptor interaction,28,0.22348591687343744
ECM-receptor interaction,29,-0.3690654343746085
ECM-receptor interaction,30,-0.044962301765508764
ECM-receptor interaction,31,0.7134179862155147
ECM-receptor interaction,32,0.03193879915995756
ECM-receptor interaction,33,0.7645598407072931
ECM-receptor interaction,34,-0.12791106977935784
ECM-receptor interaction,35,0.21924277289176727
ECM-receptor interaction,36,0.4136141019187057
ECM-receptor interaction,37,-0.35854299489652736
ECM-receptor interaction,38,0.040831031261436744
ECM-receptor interaction,39,-0.2588135210615259
ECM-receptor interaction,40,-0.63642701201743
ECM-receptor interaction,41,-0.10268143381107006
ECM-receptor interaction,42,0.6793424171576757
ECM-receptor interaction,43,0.43681789744947697
ECM-receptor interaction,44,0.2908959820334094
ECM-receptor interaction,45,-0.22598553706039096
ECM-receptor interaction,46,0.16165000139808272
ECM-receptor interaction,47,0.08176629220400077
ECM-receptor interaction,48,-0.3404280303676156
ECM-receptor interaction,49,-0.21762892297431205
Focal adhesion,0,0.5985165476572644
Focal adhesion,1,0.4969852618271006
Focal adhesion,2,0.13144399680311347
Focal adhesion,3,-0.30793500493672077
Focal adhesion,4,-0.21522135640143764
Focal adhesion,5,-0.01558967576140051
Focal adhesion,6,0.15026039655525888
Focal adhesion,7,0.08296645168380123
Focal adhesion,8,-0.365532658548101
Focal adhesion,9,-0.09330631403517498
Focal adhesion,10,-0.48143782720882067
Focal adhesion,11,0.29152586701990385
Focal adhesion,12,0.8008680669664967
Focal adhesion,13,-0.25703936026372665
Focal adhesion,14,0.4792664473649867
Focal adhesion,15,-0.48688166739897204
Focal adhesion,16,-0.5636333687532065
Focal adhesion,17,0.323676968620255
Focal adhesion,18,-0.3602780710995465
Focal adhesion,19,0.054735264609751734
Focal adhesion,20,-0.23793576566019747
Focal adhesion,21,0.3702400035407969
Focal adhesion,22,-0.6477683346057074
Focal adhesion,23,-0.3197473684534201
Focal adhesion,24,0.16385380943647437
Focal adhesion,25,0.5867276784967917
Focal adhesion,26,0.5557168018529586
Focal adhesion,27,0.3963165730486818
Focal adhesion,28,-0.19556019550769962
Focal adhesion,29,0.08012960561728685
Focal adhesion,30,0.31152351753844193
Focal adhesion,31,0.11033181691970544
Focal adhesion,32,-0.5120848489059365
Focal adhesion,33,-0.22264521914738078
Focal adhesion,34,-0.5399567542898458
Focal adhesion,35,0.27946079706965493
Focal adhesion,36,-0.4821181638495155
Focal adhesion,37,0.3550029528613847
Focal adhesion,38,0.19080206325086838
Focal adhesion,39,0.43314942754852437
Focal adhesion,40,0.1643411940603241
Focal adhesion,41,0.15528377444630964
Focal adhesion,42,0.3969498392109422
Focal adhesion,43,-0.20626267045698488
Focal adhesion,44,0.1620373676950375
Focal adhesion,45,0.3101119234334368
Focal adhesion,46,0.07859400025278084
Focal adhesion,47,-0.23674725752846115
Focal adhesion,48,0.3752893450686602
Focal adhesion,49,-0.0658272550980771
Cell adhesion molecules,0,0.09366866464823045
Cell adhesion molecules,1,-0.1033171472489869
Cell adhesion molecules,2,-0.397601574531983
Cell adhesion molecules,3,0.37607067446755543
Cell adhesion molecules,4,0.6659100069215498
Cell adhesion molecules,5,0.5510293829561922
Cell adhesion molecules,6,0.3166750716512933
Cell adhesion molecules,7,-0.11061682196509583
Cell adhesion molecules,8,0.05304657735762636
Cell adhesion molecules,9,0.39059265026770373
Cell adhesion molecules,10,-0.15353949551937535
Cell adhesion molecules,11,0.09117628600047964
Cell adhesion molecules,12,0.24798630496601004
Cell adhesion molecules,13,0.6152446739606198
Cell adhesion molecules,14,-0.017635951650341288
Cell adhesion molecules,15,-0.07220614350345146
Cell adhesion molecules,16,-0.09602984295990434
Cell adhesion molecules,17,-0.08154525297209571
Cell adhesion molecules,18,-0.43031771402533703
Cell adhesion molecules,19,-0.4132236428569147
Cell adhesion molecules,20,0.2812684343438372
Cell adhesion molecules,21,0.007038579639871183
Cell adhesion molecules,22,-0.21411240442724877
Cell adhesion molecules,23,0.1300535539925296
Cell adhesion molecules,24,0.016596045107467417
Cell adhesion molecules,25,0.259755694220296
Cell adhesion molecules,26,-0.21063404063648114
Cell adhesion molecules,27,-0.14393794790341566
Cell adhesion molecules,28,0.03376978434954936
Cell adhesion molecules,29,0.5311760194132188
Cell adhesion molecules,30,0.14689632072760533
Cell adhesion molecules,31,0.2661898810795105
Cell adhesion molecules,32,0.07672822235652342
Cell adhesion molecules,33,0.07436151117496179
Cell adhesion molecules,34,0.16250620971815055
Cell adhesion molecules,35,0.5866797921904483
Cell adhesion molecules,36,-0.06741493155728584
Cell adhesion molecules,37,0.23465071874926818
Cell adhesion molecules,38,0.26148088857664875
Cell adhesion molecules,39,-0.1509490229827706
Cell adhesion molecules,40,0.45541292860973803
Cell adhesion molecules,41,0.26549414367979574
Cell adhesion molecules,42,-0.18884487235266095
Cell adhesion molecules,43,0.24704449122323666
Cell adhesion molecules,44,0.670770664018032
Cell adhesion molecules,45,-0.13227440832058288
Cell adhesion molecules,46,0.1760478855050652
Cell adhesion molecules,47,0.23038916889639371
Cell adhesion molecules,48,-0.35950947124543897
Cell adhesion molecules,49,-0.024023376974918617
Regulation of actin cytoskeleton,0,0.10825904715987134
Regulation of actin cytoskeleton,1,-0.5590510016323101
Regulation of actin cytoskeleton,2,0.26680161746890335
Regulation of actin cytoskeleton,3,-0.19407375876005573
Regulation of actin cytoskeleton,4,-0.15216729860690859
Regulation of actin cytoskeleton,5,-0.21334151939566504
Regulation of actin cytoskeleton,6,-0.2888570969334825
Regulation of actin cytoskeleton,7,0.09900616810540103
Regulation of actin cytoskeleton,8,-0.6912158077202053
Regulation of actin cytoskeleton,9,0.03774836200630117
Regulation of actin cytoskeleton,10,-0.11715771678893708
Regulation of actin cytoskeleton,11,-0.030650743256002054
Regulation of actin cytoskeleton,12,0.3344982027279611
Regulation of actin cytoskeleton,13,0.5015923448101445
Regulation of actin cytoskeleton,14,-0.5670197977602796
Regulation of actin cytoskeleton,15,0.45854322170491313
Regulation of actin cytoskeleton,16,0.3852140358540318
Regulation of actin cytoskeleton,17,0.5632130525605726
Regulation of actin cytoskeleton,18,-0.2561262329117856
Regulation of actin cytoskeleton,19,0.08440684142746055
Regulation of actin cytoskeleton,20,-0.17535149559463217
Regulation of actin cytoskeleton,21,-0.305806754161577
Regulation of actin cytoskeleton,22,-0.07613114767438385
Regulation of actin cytoskeleton,23,-0.3059361638696831
Regulation of actin cytoskeleton,24,-0.323317033680853
Regulation of actin cytoskeleton,25,0.1342859538894906
Regulation of actin cytoskeleton,26,0.031169974667068747
Regulation of actin cytoskeleton,27,0.3487408271145616
Regulation of actin cytoskeleton,28,-0.5038926123394845
Regulation of actin cytoskeleton,29,-0.19837771472265173
Regulation of actin cytoskeleton,30,0.327005309519746
Regulation of actin cytoskeleton,31,0.4540692251720284
Regulation of actin cytoskeleton,32,0.013186354924864772
Regulation of actin cytoskeleton,33,-0.4540487139303253
Regulation of actin cytoskeleton,34,0.3040825115789147
Regulation of actin cytoskeleton,35,-0.32096202562722315
Regulation of actin cytoskeleton,36,0.4993116411683829
Regulation of actin cytoskeleton,37,-0.6349057544271263
Regulation of actin cytoskeleton,38,-0.011349692827011619
Regulation of actin cytoskeleton,39,0.520097246452381
Regulation of actin cytoskeleton,40,0.04338329727657595
Regulation of actin cytoskeleton,41,-0.32004043045713443
Regulation of actin cytoskeleton,42,-0.10914412270299242
Regulation of actin cytoskeleton,43,-0.057001284676421494
Regulation of actin cytoskeleton,44,0.3503603799771046
Regulation of actin cytoskeleton,45,0.4443184357348191
Regulation of actin cytoskeleton,46,0.3819218165801861
Regulation of actin cytoskeleton,47,-0.06218577694560795
Regulation of actin cytoskeleton,48,-0.6027884079012865
Regulation of actin cytoskeleton,49,-0.387590322624422
Glycolysis / Gluconeogenesis,0,0.07080463022110282
Glycolysis / Gluconeogenesis,1,-0.01712019597118937
Glycolysis / Gluconeogenesis,2,-0.4358611616065885
Glycolysis / Gluconeogenesis,3,-0.17160518939974315
Glycolysis / Gluconeogenesis,4,0.24836167104735737
Glycolysis / Gluconeogenesis,5,0.24074205274781238
Glycolysis / Gluconeogenesis,6,0.3242534047833212
Glycolysis / Gluconeogenesis,7,-0.43246407543422716
Glycolysis / Gluconeogenesis,8,-0.3349271375930381
Glycolysis / Gluconeogenesis,9,-0.14618489625682743
Glycolysis / Gluconeogenesis,10,0.5769519411547863
Glycolysis / Gluconeogenesis,11,-0.02080874068690378
Glycolysis / Gluconeogenesis,12,0.7755347587593571
Glycolysis / Gluconeogenesis,13,0.009142621900073599
Glycolysis / Gluconeogenesis,14,0.19215490848936706
Glycolysis / Gluconeogenesis,15,0.660137575254194
Glycolysis / Gluconeogenesis,16,0.01981669693653753
Glycolysis / Gluconeogenesis,17,-0.24421262112011277
Glycolysis / Gluconeogenesis,18,0.3829216748517149
Glycolysis / Gluconeogenesis,19,0.17333237585575947
Glycolysis / Gluconeogenesis,20,0.48863039948560716
Glycolysis / Gluconeogenesis,21,-0.13682415376128818
Glycolysis / Gluconeogenesis,22,0.6267871826954046
Glycolysis / Gluconeogenesis,23,0.42850712032790905
Glycolysis / Gluconeogenesis,24,0.5320308409761608
Glycolysis / Gluconeogenesis,25,0.1703023106850642
Glycolysis / Gluconeogenesis,26,-0.37083347477397854
Glycolysis / Gluconeogenesis,27,0.34294803332682716
Glycolysis / Gluconeogenesis,28,-0.4933237954017308
Glycolysis / Gluconeogenesis,29,0.24491088285717702
Glycolysis / Gluconeogenesis,30,0.582057344336232
Glycolysis / Gluconeogenesis,31,0.3526726320234422
Glycolysis / Gluconeogenesis,32,-0.2836633479202409
Glycolysis / Gluconeogenesis,33,-0.17297525345186715
Glycolysis / Gluconeogenesis,34,0.18104356292765814
Glycolysis / Gluconeogenesis,35,-0.27438799807670405
Glycolysis / Gluconeogenesis,36,-0.12178285013447594
Glycolysis / Gluconeogenesis,37,0.020019024987536885
Glycolysis / Gluconeogenesis,38,0.3560559488171388
Glycolysis / Gluconeogenesis,39,-0.049052588021129655
Glycolysis / Gluconeogenesis,40,0.14769137258453746
Glycolysis / Gluconeogenesis,41,0.3039195281378201
Glycolysis / Gluconeogenesis,42,0.2221287332081711
Glycolysis / Gluconeogenesis,43,0.09725873879880621
Glycolysis / Gluconeogenesis,44,-0.05910612572223754
Glycolysis / Gluconeogenesis,45,-0.13231453305918764
Glycolysis / Gluconeogenesis,46,0.24052211024103654
Glycolysis / Gluconeogenesis,47,0.4358347257986491
Glycolysis / Gluconeogenesis,48,0.1348415792272662
Glycolysis / Gluconeogenesis,49,0.03002882733786785
Oxidative phosphorylation,0,0.33456155092065554
Oxidative phosphorylation,1,0.37473246182555514
Oxidative phosphorylation,2,0.040367968047785516
Oxidative phosphorylation,3,-0.15423919755418458
Oxidative phosphorylation,4,-0.4207810473629071
Oxidative phosphorylation,5,0.6221563035380007
Oxidative phosphorylation,6,0.5295835872920613
Oxidative phosphorylation,7,0.31767167666339624
Oxidative phosphorylation,8,-0.28004734795333563
Oxidative phosphorylation,9,0.025397436263300967
Oxidative phosphorylation,10,0.11318373861932393
Oxidative phosphorylation,11,-0.4957750804451049
Oxidative phosphorylation,12,-0.7530423015545521
Oxidative phosphorylation,13,0.6378523725386686
Oxidative phosphorylation,14,0.5599074732372332
Oxidative phosphorylation,15,0.5409319783628808
Oxidative phosphorylation,16,1.002685711567693
Oxidative phosphorylation,17,0.039622755113556646
Oxidative phosphorylation,18,0.5052981282074149
Oxidative phosphorylation,19,0.3721390409304086
Oxidative phosphorylation,20,-0.4126539476763737
Oxidative phosphorylation,21,-0.011402456324235722
Oxidative phosphorylation,22,0.1567518079697015
Oxidative phosphorylation,23,0.3655288138675283
Oxidative phosphorylation,24,0.3355629064502314
Oxidative phosphorylation,25,0.17719219146544915
Oxidative phosphorylation,26,-0.32825323847953675
Oxidative phosphorylation,27,-0.761809209065129
Oxidative phosphorylation,28,0.364365887993684
Oxidative phosphorylation,29,-0.027140020798652596
Oxidative phosphorylation,30,0.12205183072311493
Oxidative phosphorylation,31,0.4609076224146892
Oxidative phosphorylation,32,-0.6960385712006827
Oxidative phosphorylation,33,-0.30242792447491235
Oxidative phosphorylation,34,0.2745557452180114
Oxidative phosphorylation,35,0.33633214853662236
Oxidative phosphorylation,36,0.2584125638000032
Oxidative phosphorylation,37,0.19078832176917843
Oxidative phosphorylation,38,0.06905019168067554
Oxidative phosphorylation,39,-0.2850402046681693
Oxidative phosphorylation,40,0.3909249702112683
Oxidative phosphorylation,41,-0.5176588106284457
Oxidative phosphorylation,42,0.1115811331130637
Oxidative phosphorylation,43,0.41245608387233684
Oxidative phosphorylation,44,0.1066644340468326
Oxidative phosphorylation,45,-0.10706528149770969
Oxidative phosphorylation,46,-0.5610572547021068
Oxidative phosphorylation,47,1.041934474193674
Oxidative phosphorylation,48,-0.35317254106439055
Oxidative phosphorylation,49,-0.10378951462679975
DNA replication,0,0.2451747546990536
DNA replication,1,0.1626219661171072
DNA replication,2,-0.037277593797440625
DNA replication,3,-0.07718532238387621
DNA replication,4,0.12869204736561196
DNA replication,5,-0.26779240539237986
DNA replication,6,-0.15364192732996962
DNA replication,7,-0.035660405658522416
DNA replication,8,0.6938082913451755
DNA replication,9,-0.3277053186321477
DNA replication,10,-0.20665516197601655
DNA replication,11,0.14603296391407097
DNA replication,12,-0.006180421785517893
DNA replication,13,-0.6207556962211809
DNA replication,14,-0.5045726183840792
DNA replication,15,0.5728385283022923
DNA replication,16,-0.08993081471279991
DNA replication,17,0.34246419064740785
DNA replication,18,0.25450972411181894
DNA replication,19,0.5197548258198761
DNA replication,20,0.5559949625329965
DNA replication,21,0.6072179240117271
DNA replication,22,0.14707940861987662
DNA replication,23,0.2538072114218777
DNA replication,24,-0.7691061022978216
DNA replication,25,-0.1767392834108713
DNA replication,26,0.5266046985941076
DNA replication,27,-0.12350777115338506
DNA replication,28,0.5030556370918151
DNA replication,29,-0.51003105671236
DNA replication,30,0.5319192939471769
DNA replication,31,0.4210940709412854
DNA replication,32,-0.5192852411062173
DNA replication,33,0.46480038091598974
DNA replication,34,0.19869459821533397
DNA replication,35,0.3462646931410807
DNA replication,36,-0.0663916438615773
DNA replication,37,0.4021814187447393
DNA replication,38,0.2725233928235849
DNA replication,39,0.3485439577272268
DNA replication,40,0.6715993738733568
DNA replication,41,-0.17908519652142624
DNA replication,42,-0.5900229659743716
DNA replication,43,0.40981598432175753
DNA replication,44,0.23949166588555937
DNA replication,45,0.30680827234019553
DNA replication,46,0.08827864195436866
DNA replication,47,-0.08439078461152655
DNA replication,48,-0.46109014609184074
DNA replication,49,0.2120762520661807
Mismatch repair,0,0.5182827234229652
Mismatch repair,1,-0.004184570150385034
Mismatch repair,2,-0.5237883853091787
Mismatch repair,3,-0.9340553836619627
Mismatch repair,4,-0.452019553878798
Mismatch repair,5,0.31977285077487244
Mismatch repair,6,-0.25020244793020446
Mismatch repair,7,-0.1734568422204848
Mismatch repair,8,-0.4730777852825259
Mismatch repair,9,0.030040588279539173
Mismatch repair,10,0.5125401443331181
Mismatch repair,11,0.5244669126327255
Mismatch repair,12,-0.6159767014493602
Mismatch repair,13,0.43031058652223936
Mismatch repair,14,0.2633661515132602
Mismatch repair,15,-0.3632535676666338
Mismatch repair,16,0.16414478462006482
Mismatch repair,17,0.3597769490452366
Mismatch repair,18,0.16189593795986532
Mismatch repair,19,0.010129941770589332
Mismatch repair,20,-0.3564264278439415
Mismatch repair,21,0.051841459379703275
Mismatch repair,22,0.5860921350363761
Mismatch repair,23,-0.14161462952035267
Mismatch repair,24,-0.08945564882978418
Mismatch repair,25,-0.7737404920080478
Mismatch repair,26,-0.4346191540268849
Mismatch repair,27,0.3195310723958684
Mismatch repair,28,-0.1971240820969309
Mismatch repair,29,0.2915948580766357
Mismatch repair,30,-0.3826188949909473
Mismatch repair,31,-0.020696956191631935
Mismatch repair,32,-0.12893443681138517
Mismatch repair,33,0.05475966793870606
Mismatch repair,34,0.38552197521380405
Mismatch repair,35,-0.11302221133062303
Mismatch repair,36,0.07918483828859452
Mismatch repair,37,-0.7567291132660787
Mismatch repair,38,0.3062541816112834
Mismatch repair,39,0.08307851504731226
Mismatch repair,40,-0.4189543384380005
Mismatch repair,41,0.4416042521190341
Mismatch repair,42,0.3488815308530834
Mismatch repair,43,-0.2574330748643331
Mismatch repair,44,-0.158590237365219
Mismatch repair,45,0.008549435117168241
Mismatch repair,46,-0.3780461995469146
Mismatch repair,47,0.3587815407445682
Mismatch repair,48,-0.20187294484922683
Mismatch repair,49,-0.15964090437907366
Base excision repair,0,-0.10499683502299145
Base excision repair,1,0.2636748735166095
Base excision repair,2,-0.23795734779921596
Base excision repair,3,0.6357149451407453
Base excision repair,4,0.22641158640786124
Base excision repair,5,0.1417498826717957
Base excision repair,6,0.20926897728027222
Base excision repair,7,0.2972831952098193
Base excision repair,8,-0.048251979263395466
Base excision repair,9,-0.2550306242832572
Base excision repair,10,-0.5757086347623236
Base excision repair,11,-0.007310390796235277
Base excision repair,12,-0.22896662894169756
Base excision repair,13,0.37347894027565726
Base excision repair,14,0.33354638659046243
Base excision repair,15,0.3772664561332856
Base excision repair,16,0.618720967770506
Base excision repair,17,0.15569707792918827
Base excision repair,18,0.30648458911726595
Base excision repair,19,-0.4038115864577617
Base excision repair,20,0.011402421975585587
Base excision repair,21,-0.16212803914110457
Base excision repair,22,0.37913983824483105
Base excision repair,23,-0.3495165410896996
Base excision repair,24,0.4354725350257092
Base excision repair,25,0.05423450218138557
Base excision repair,26,0.13648015098942853
Base excision repair,27,-0.18542775622141583
Base excision repair,28,-0.24753842066352738
Base excision repair,29,-0.25419629347175227
Base excision repair,30,0.6407592757411004
Base excision repair,31,-0.14605986650524225
Base excision repair,32,0.4697625669562298
Base excision repair,33,0.5469421182992242
Base excision repair,34,-0.7440682866761748
Base excision repair,35,-0.20153448229399995
Base excision repair,36,-0.038073707687855646
Base excision repair,37,0.22172282359028736
Base excision repair,38,0.3266265580926506
Base excision repair,39,0.3135729361211739
Base excision repair,40,-0.19310758513444684
Base excision repair,41,0.10180441480720749
Base excision repair,42,0.14691024692689664
Base excision repair,43,0.059706168996989654
Base excision repair,44,0.20179330675114282
Base excision repair,45,0.20534545278355218
Base excision repair,46,0.050031973864094414
Base excision repair,47,0.0021844810146500215
Base excision repair,48,0.49671564563009873
Base excision repair,49,0.43548455475832115
Homologous recombination,0,0.18641000066675656
Homologous recombination,1,0.4420172693058996
Homologous recombination,2,0.7407001658446672
Homologous recombination,3,0.04114796895525097
Homologous recombination,4,0.21585447095169769
Homologous recombination,5,0.3442013531196564
Homologous recombination,6,0.3044267145133738
Homologous recombination,7,0.597542640648255
Homologous recombination,8,0.33227194127178655
Homologous recombination,9,0.3820866905753531
Homologous recombination,10,-0.5040262171016723
Homologous recombination,11,0.5412315215437171
Homologous recombination,12,0.1388609173226266
Homologous recombination,13,-0.17242519683034077
Homologous recombination,14,-0.49126360575890193
Homologous recombination,15,-0.2877255942477114
Homologous recombination,16,-0.0007045796569740786
Homologous recombination,17,0.4421364264582028
Homologous recombination,18,0.6237437703565704
Homologous recombination,19,0.3523920133431486
Homologous recombination,20,-0.6443463115784369
Homologous recombination,21,0.20045524892049021
Homologous recombination,22,0.40678153629098734
Homologous recombination,23,0.16761391281264215
Homologous recombination,24,0.11302951185240466
Homologous recombination,25,-0.11187928502829397
Homologous recombination,26,-0.18782863608853057
Homologous recombination,27,0.24100703130739654
Homologous recombination,28,-0.0029714917704564514
Homologous recombination,29,-0.7077778161080979
Homologous recombination,30,-0.13990521517084886
Homologous recombination,31,-0.31772313157383414
Homologous recombination,32,0.34375903539272645
Homologous recombination,33,-0.5359668258391592
Homologous recombination,34,-0.277820887829046
Homologous recombination,35,0.24015822290045954
Homologous recombination,36,-0.6226557061800526
Homologous recombination,37,0.1911250760136217
Homologous recombination,38,0.19499688061796
Homologous recombination,39,0.31809769896890233
Homologous recombination,40,-0.28929366168612025
Homologous recombination,41,0.09437532838744722
Homologous recombination,42,-0.12147300136781976
Homologous recombination,43,0.5416165207671093
Homologous recombination,44,0.03952242398361404
Homologous recombination,45,0.5776027747931141
Homologous recombination,46,0.26414610904554026
Homologous recombination,47,0.2071100031672595
Homologous recombination,48,0.49708161456934774
Homologous recombination,49,0.5194216311079554
