pathway,rep,mean_diff,P
Cell cycle,0,-0.09619526781776956,0.759022452142371
Cell cycle,1,0.092612478332861,0.6020742536895516
Cell cycle,2,-0.09392036329575047,0.522198021819551
Cell cycle,3,0.06443361854207877,0.7432220656374495
Cell cycle,4,-0.162155270334568,0.32888566671710184
Cell cycle,5,-0.22274720099318165,0.08038113699127244
Cell cycle,6,0.10058751062271372,0.3981082214948285
Cell cycle,7,0.23075275426844416,0.0672236207497086
Cell cycle,8,-0.030127860181145598,0.6717818635319416
Cell cycle,9,-0.13747487147918422,0.4975139208046082
Cell cycle,10,-0.08443779404430526,0.37959395921768635
Cell cycle,11,-0.1285107476392613,0.32967983760134745
Cell cycle,12,-0.13071275235274393,0.16269646453287656
Cell cycle,13,-0.08816326092344662,0.31019803745012553
Cell cycle,14,-0.11085067587164099,0.44527999899987325
Cell cycle,15,0.35451064816421757,0.044305259325275695
Cell cycle,16,-0.09513960154213069,0.6223053744791605
Cell cycle,17,-0.0947379747504366,0.5485640308184627
Cell cycle,18,0.1460670996170943,0.3909919056163492
Cell cycle,19,-0.11692428730049859,0.6953052513738185
Cell cycle,20,-0.35725123334687153,0.01237124317329636
Cell cycle,21,0.0061493028387606345,0.9674166200896791
Cell cycle,22,-0.043070528405975236,0.7626833019068724
Cell cycle,23,-0.27276572868089677,0.17765750148346138
Cell cycle,24,-0.2772967733910389,0.03766597648386438
Cell cycle,25,0.1581545927425257,0.15142803527256174
Cell cycle,26,-0.12882303573263304,0.300374166044278
Cell cycle,27,0.36779742719063235,0.0048000743777295764
Cell cycle,28,-0.4246518475002627,0.0009810037897960515
Cell cycle,29,-0.2480094804259425,0.047260424744811555
Cell cycle,30,-0.06719668148601411,0.7749240957147896
Cell cycle,31,-0.14162034316429764,0.4125729420921407
Cell cycle,32,-0.019697079827969963,0.9418963092407278
Cell cycle,33,0.011263058634723874,0.8771494453172062
Cell cycle,34,-0.07804843057075585,0.3352737766645639
Cell cycle,35,0.3272348294886358,0.024153374446140734
Cell cycle,36,0.3049681407054318,0.03870985758255417
Cell cycle,37,-0.013214605004019858,0.96486265346458
Cell cycle,38,0.035436282301077204,0.6382414194433408
Cell cycle,39,0.03514135304201544,0.7541497213237057
Cell cycle,40,0.3641984864145028,0.009523060435988337
Cell cycle,41,0.1223308434226787,0.3417412553431025
Cell cycle,42,-0.18620647953623626,0.1781732818331011
Cell cycle,43,-0.1293332086382643,0.19527197732639467
Cell cycle,44,0.16758559975859985,0.35993524138686595
Cell cycle,45,-0.11692910232476539,0.4894261381941155
Cell cycle,46,-0.2493540527767863,0.085497061637213
Cell cycle,47,0.06488047392701676,0.6497280933131868
Cell cycle,48,-0.18854453532607732,0.3320697960865894
Cell cycle,49,0.15230620750763954,0.1839206006574492
p53 signaling pathway,0,0.009536489517244676,0.8394156924542152
p53 signaling pathway,1,-0.09337276533257459,0.4348445467300197
p53 signaling pathway,2,0.1576417048179893,0.3954305054713324
p53 signaling pathway,3,-0.014917283550575564,0.9444460914677102
p53 signaling pathway,4,0.08261371555910936,0.9418963092407278
p53 signaling pathway,5,0.36376534582083697,0.0050451925615329985
p53 signaling pathway,6,0.018686015961588934,0.9062736799160054
p53 signaling pathway,7,-0.12591474975314365,0.41807652440964393
p53 signaling pathway,8,-0.20693340147182143,0.19749118016291267
p53 signaling pathway,9,0.03169932129368765,0.807005875480009
p53 signaling pathway,10,0.24266181267610293,0.11775655376974531
p53 signaling pathway,11,-0.13759806601462726,0.38922497118467514
p53 signaling pathway,12,-0.2944967019055052,0.03593217617285745
p53 signaling pathway,13,0.016190337981968277,0.9968046711264704
p53 signaling pathway,14,-0.09526039262729204,0.426412468832678
p53 signaling pathway,15,0.1311905565808582,0.3148028899150648
p53 signaling pathway,16,0.10650152935014363,0.6929392080416679
p53 signaling pathway,17,0.29110731484545804,0.01930534857823213
p53 signaling pathway,18,0.2172197504480305,0.05113812404179058
p53 signaling pathway,19,-0.36115117569827365,0.004945818565861114
p53 signaling pathway,20,-0.16151371343872,0.24974520677165313
p53 signaling pathway,21,0.1994269411263151,0.057136945049710064
p53 signaling pathway,22,0.12686704241093197,0.46559341763175366
p53 signaling pathway,23,-0.05220796028017842,0.737173264367279
p53 signaling pathway,24,0.15669006641416494,0.32493343115871187
p53 signaling pathway,25,0.3630286366097555,0.006703540948158584
p53 signaling pathway,26,-0.279988926791683,0.043134571742666536
p53 signaling pathway,27,0.11338645353435126,0.5998447636114543
p53 signaling pathway,28,0.04768148834127169,0.9865802156316699
p53 signaling pathway,29,0.04753997696084235,0.8607586180017716
p53 signaling pathway,30,0.0822625812107805,0.4089278615454728
p53 signaling pathway,31,-0.13399865946023973,0.3515910872898206
p53 signaling pathway,32,-0.3326997638167192,0.04231446374887198
p53 signaling pathway,33,0.07331507343823541,0.32179398978840346
p53 signaling pathway,34,0.006702153094199639,0.8169456359377487
p53 signaling pathway,35,0.007911646231840576,0.8494457181369557
p53 signaling pathway,36,-0.09967311067710063,0.5976190176972691
p53 signaling pathway,37,-0.08761982312424588,0.9610323875064
p53 signaling pathway,38,-0.15375868033262804,0.28494742304755294
p53 signaling pathway,39,-0.18350880076058493,0.1356534957111976
p53 signaling pathway,40,-0.1648935765413754,0.27567081612529465
p53 signaling pathway,41,0.20648006053140958,0.08845106210946356
p53 signaling pathway,42,-0.10499137067623752,0.5305637595648998
p53 signaling pathway,43,0.1214160050133279,0.2827881500239169
p53 signaling pathway,44,-0.07440272441848422,0.8657959038818899
p53 signaling pathway,45,-0.010052658133149907,0.8356610545657042
p53 signaling pathway,46,-0.30572235975573364,0.0496305925099037
p53 signaling pathway,47,-0.07396881126257579,0.5201172321458567
p53 signaling pathway,48,0.030822652043809767,0.8244199192992413
p53 signaling pathway,49,-0.40147052838469177,0.0030177269008248137
Cellular senescence,0,-0.3670664207197841,0.005327846619912228
Cellular senescence,1,-0.08490796744043591,0.5253272098261426
Cellular senescence,2,-0.06888060046875567,0.6121528448864231
Cellular senescence,3,0.05142733376276145,0.6976742655304919
Cellular senescence,4,0.3270204334208439,0.11663265958437878
Cellular senescence,5,-0.16412506512384312,0.2770844158050103
Cellular senescence,6,0.010808174523468536,0.7335517554753703
Cellular senescence,7,0.05279060459207352,0.8256672021508564
Cellular senescence,8,0.13621839342304237,0.15097175606661978
Cellular senescence,9,0.3140033316797661,0.030389669023904928
Cellular senescence,10,-0.03343660876384259,0.6941218570695196
Cellular senescence,11,0.0615126621080829,0.5149340242126884
Cellular senescence,12,-0.12699211875213223,0.2464651550907786
Cellular senescence,13,-0.09307915410381651,0.5453657249037566
Cellular senescence,14,0.027022636559461747,0.6682802284392713
Cellular senescence,15,-0.1806912184627598,0.20255175764425282
Cellular senescence,16,-0.015361932786639278,0.7239235383028559
Cellular senescence,17,-0.020232218213424163,0.7059889118914777
Cellular senescence,18,0.07763539751712864,0.926611028101784
Cellular senescence,19,-0.16436868011977157,0.1986076783092876
Cellular senescence,20,-0.03522779007735442,0.879675975749265
Cellular senescence,21,0.22635581831429852,0.10076601506598233
Cellular senescence,22,0.29262389128772825,0.047260424744811555
Cellular senescence,23,0.283331634923359,0.050947610506863084
Cellular senescence,24,-0.2202402115051878,0.1162599062374869
Cellular senescence,25,-0.1288519969943424,0.41623721043741213
Cellular senescence,26,-0.14038828685062826,0.2570683433202675
Cellular senescence,27,0.08319246544927558,0.795860857923634
Cellular senescence,28,-0.011090311828576697,0.9444460914677102
Cellular senescence,29,0.025439726764535306,0.5998447636114543
Cellular senescence,30,-0.07038842979397215,0.5987314215989427
Cellular senescence,31,-0.28982844654638085,0.06533028544158204
Cellular senescence,32,0.11649871817101434,0.2700656724683186
Cellular senescence,33,0.3408190214912562,0.007594752379586334
Cellular senescence,34,-0.10190178298075829,0.4894261381941155
Cellular senescence,35,0.0002329003203570165,0.819435250397095
Cellular senescence,36,0.3087628555729471,0.03916470383745516
Cellular senescence,37,0.39197474493405493,0.005965543980999842
Cellular senescence,38,-0.216839573298829,0.30943490782021066
Cellular senescence,39,0.1129506397301214,0.5998447636114543
Cellular senescence,40,0.10146731770653519,0.3549139350551124
Cellular senescence,41,-0.03373185404201385,0.9278838459548828
Cellular senescence,42,-0.14190948173341403,0.2638539051516885
Cellular senescence,43,-0.37387116940339277,0.019388296255946357
Cellular senescence,44,0.1161433285938319,0.2966515804612888
Cellular senescence,45,-0.10996922818306702,0.5358266792473341
Cellular senescence,46,-0.04653955842534427,0.9164355175230398
Cellular senescence,47,0.08746551848730191,0.7749240957147896
Cellular senescence,48,0.12162742460630142,0.37959395921768635
Cellular senescence,49,0.0036614540344862157,0.9253383980399034
Apoptosis,0,-0.14273413125917261,0.3684026636444435
Apoptosis,1,0.27992470232421046,0.04134778237911325
Apoptosis,2,-0.23261628910622867,0.050947610506863084
Apoptosis,3,0.07757602539096659,0.7347582710310621
Apoptosis,4,-0.10890213999308679,0.4874153102655666
Apoptosis,5,0.04619944855095845,0.6835051522429949
Apoptosis,6,-0.01846963113610899,0.9993609325853882
Apoptosis,7,0.0621169896375815,0.8244199192992413
Apoptosis,8,0.12241383616045035,0.5496321871394099
Apoptosis,9,-0.3819058503007292,0.0064176814306965094
Apoptosis,10,0.10756590017826949,0.3769929705096855
Apoptosis,11,-0.08155602542847805,0.5411157623490658
Apoptosis,12,-0.0035800829113989867,0.7480725654377741
Apoptosis,13,-0.23139360022672772,0.054670642746923064
Apoptosis,14,0.21894137529762087,0.08637476771839014
Apoptosis,15,0.11428189514038073,0.38046340189207084
Apoptosis,16,-0.16800719247844023,0.25172781461044513
Apoptosis,17,-0.2170019228681316,0.1451350816746592
Apoptosis,18,0.014396221337646523,0.9686937303862899
Apoptosis,19,0.07070717727261766,0.33447092091102426
Apoptosis,20,0.020466204083344274,0.795860857923634
Apoptosis,21,0.04552459487266826,0.5887538044929601
Apoptosis,22,-0.33602890418485065,0.016374745277920617
Apoptosis,23,-0.18830705033880096,0.10899967223244765
Apoptosis,24,0.026098396106923664,0.9597558276590519
Apoptosis,25,0.10886966293923483,0.14163015528631775
Apoptosis,26,0.10945794990591548,0.4587656647704442
Apoptosis,27,-0.22059516994915798,0.10724183352831225
Apoptosis,28,-0.07227947856433407,0.7712458255803636
Apoptosis,29,-0.08826066444128634,0.6087850221430913
Apoptosis,30,-0.24982216545420496,0.140332703669037
Apoptosis,31,-0.0077997092165364625,0.737173264367279
Apoptosis,32,-0.10395856642750492,0.3666993351601333
Apoptosis,33,-0.09854769048431854,0.21949956765724232
Apoptosis,34,-0.2913893769175986,0.027905373960335853
Apoptosis,35,0.48130696597743483,0.002647316123495471
Apoptosis,36,-0.015309289150087812,0.9495473377754128
Apoptosis,37,0.09215986186430782,0.41992061635205646
Apoptosis,38,-0.4923016485988473,0.0017713114277656194
Apoptosis,39,0.08647494355362748,0.4367313311149107
Apoptosis,40,0.11505296317984011,0.37612842237144517
Apoptosis,41,0.05971155200779632,0.819435250397095
Apoptosis,42,-0.2555491486604498,0.06123074211960293
Apoptosis,43,-0.34023052615833305,0.02221223883618028
Apoptosis,44,-0.14522731827403387,0.24128008097059161
Apoptosis,45,-0.1878128814513097,0.13356682986213286
Apoptosis,46,0.05814872501046542,0.6764618012456036
Apoptosis,47,-0.08743521942891391,0.33688320853386233
Apoptosis,48,-0.13647452002705301,0.41899797354224744
Apoptosis,49,-0.10024832358307832,0.258415673768558
Necroptosis,0,0.10696695123915242,0.37959395921768635
Necroptosis,1,-0.06685437448250316,0.49245073544272033
Necroptosis,2,0.32441683402784677,0.017941943441223067
Necroptosis,3,-0.20265158773190772,0.1958250562275523
Necroptosis,4,0.033929749084779845,0.8469358594223297
Necroptosis,5,0.14050257231947003,0.24842954466362643
Necroptosis,6,0.03871520179313588,0.9329769304795121
Necroptosis,7,-0.00861377431908924,0.8219266862706189
Necroptosis,8,0.1586968432131912,0.2742621447706284
Necroptosis,9,-0.21484266939516802,0.09210386739388919
Necroptosis,10,-0.14197663636701197,0.22865478018699825
Necroptosis,11,-0.110565030778087,0.3735421290240598
Necroptosis,12,0.05535781230077567,0.746858996697891
Necroptosis,13,0.05026333151809188,0.7872210857063506
Necroptosis,14,0.04729951421395739,0.6531905566226928
Necroptosis,15,-0.021709971331974227,0.7835262605544728
Necroptosis,16,0.16909718595210638,0.2477735348896356
Necroptosis,17,-0.05355280584277342,0.742011022943488
Necroptosis,18,0.1408366848709821,0.4405190135358251
Necroptosis,19,0.19828270568971745,0.3909919056163492
Necroptosis,20,0.005004586268108719,0.9610323875064
Necroptosis,21,-0.24115146353603062,0.04907496146394025
Necroptosis,22,0.13344236623166397,0.25372137302128506
Necroptosis,23,-0.2534469957340932,0.07657640766171457
Necroptosis,24,0.1275970361976848,0.4784220373388438
Necroptosis,25,0.011939579612643195,0.9367985568341359
Necroptosis,26,-0.027648360872720643,0.6893957582246805
Necroptosis,27,-0.17451603526708437,0.2842264297064181
Necroptosis,28,-0.10339882415905938,0.4675545246934032
Necroptosis,29,-0.06387369090605646,0.6313906381508902
Necroptosis,30,-0.37070497327347895,0.008878142178820846
Necroptosis,31,-0.06406185500248504,0.5657764416920884
Necroptosis,32,-0.02647593079024829,0.9317033938650072
Necroptosis,33,0.02973505317706703,0.6741202561853838
Necroptosis,34,-0.3389038555634136,0.007852179900440123
Necroptosis,35,-0.30428739087428375,0.022971782541192472
Necroptosis,36,-0.19479566442702007,0.2835066721232885
Necroptosis,37,0.056895701560631,0.6474239741181849
Necroptosis,38,-0.09768215467863475,0.417156269771382
Necroptosis,39,0.23830591308178226,0.0632530709700407
Necroptosis,40,0.3411265308596156,0.008961814530800824
Necroptosis,41,0.2871428742819144,0.027905373960335853
Necroptosis,42,0.08464952195872626,0.5528427945502905
Necroptosis,43,0.12972684012713334,0.3086730196986601
Necroptosis,44,0.007873000054463092,0.9253383980399034
Necroptosis,45,-0.30526743872067075,0.07525368492262396
Necroptosis,46,0.13567308814220855,0.5389970028985324
Necroptosis,47,-0.15091127090711592,0.1860442195301607
Necroptosis,48,0.2609256903564529,0.04071377287214287
Necroptosis,49,0.27677133482768573,0.08637476771839014
Ferroptosis,0,0.2770633410869769,0.04280493060357036
Ferroptosis,1,-0.23646100291018682,0.16806781165266937
Ferroptosis,2,-0.25058588022217393,0.045849727084757534
Ferroptosis,3,0.15032021556486447,0.1438130286494728
Ferroptosis,4,-0.1205407794435166,0.5592914722164841
Ferroptosis,5,-0.09738855289618287,0.37011090773414634
Ferroptosis,6,0.20802291181249016,0.1740781298802193
Ferroptosis,7,-0.3810109582261104,0.006639045406431099
Ferroptosis,8,-0.1316415680693604,0.3954305054713324
Ferroptosis,9,0.1891776429960465,0.3990032156895619
Ferroptosis,10,0.23299493467218482,0.08520610013128745
Ferroptosis,11,0.28424231404640055,0.05755685976496652
Ferroptosis,12,0.1663719501998736,0.2419239825050914
Ferroptosis,13,-0.09246007527856666,0.5832440641286252
Ferroptosis,14,0.1477936699691837,0.2094452657429865
Ferroptosis,15,-0.12699857295803738,0.6659498029015203
Ferroptosis,16,0.019405052755161106,0.9584793709945251
Ferroptosis,17,0.03983738696529474,0.911352786424659
Ferroptosis,18,0.1431206882548362,0.11441016180016825
Ferroptosis,19,-0.05325661428345987,0.9304300320775496
Ferroptosis,20,-0.018638483199933626,0.9955265510563472
Ferroptosis,21,-0.19247157231327944,0.19197754193722094
Ferroptosis,22,0.07888376363167102,0.42734463077998275
Ferroptosis,23,-0.11444851602883654,0.5211570923643173
Ferroptosis,24,0.11807931146242667,0.33768978434125596
Ferroptosis,25,-0.034150212079548305,0.7012333119388741
Ferroptosis,26,0.21065104105850707,0.15745563668875417
Ferroptosis,27,-0.40222765707811015,0.002294322353878129
Ferroptosis,28,-0.2553461747498131,0.04907496146394025
Ferroptosis,29,-0.011690571810150922,0.8670560859840684
Ferroptosis,30,-0.19441315434322926,0.32023171932990013
Ferroptosis,31,-0.4465264310567504,0.005542312703275823
Ferroptosis,32,-0.07706634950009907,0.5326657745114084
Ferroptosis,33,0.062496876020532804,0.6578188063355158
Ferroptosis,34,0.16837875362683605,0.2129550527594508
Ferroptosis,35,0.13601164781128688,0.4144026808862412
Ferroptosis,36,0.17217183654652707,0.20597756341691742
Ferroptosis,37,0.10761583285563657,0.47346522561944304
Ferroptosis,38,0.11537207649259529,0.4481506127673739
Ferroptosis,39,0.18636663604755566,0.1740781298802193
Ferroptosis,40,0.12382604197428253,0.4884201663069242
Ferroptosis,41,0.5498884205031997,4.101669536969243e-05
Ferroptosis,42,0.00282234122533558,0.9406216397538598
Ferroptosis,43,0.05562017730954502,0.6976742655304919
Ferroptosis,44,-0.2690934557117649,0.11222113192067495
Ferroptosis,45,0.22185031028753288,0.09716169693767805
Ferroptosis,46,-0.16177445323995648,0.258415673768558
Ferroptosis,47,-0.024968354534511995,0.5701197205276549
Ferroptosis,48,-0.10615507802170301,0.47643591713298417
Ferroptosis,49,0.11960450084815352,0.31172802147518475
Autophagy,0,0.33574460415775775,0.021657004273701416
Autophagy,1,0.07591656150746191,0.3990032156895619
Autophagy,2,-0.2350155237853861,0.03125893810794201
Autophagy,3,-0.10880922024265324,0.6166560451965498
Autophagy,4,0.16177126406252967,0.21710323794272546
Autophagy,5,-0.1703811460149737,0.30412775840704853
Autophagy,6,-0.06810078153501091,0.5066970532707187
Autophagy,7,0.07784243988689468,0.6451232285407814
Autophagy,8,-0.09573486967085032,0.6211737132172439
Autophagy,9,-0.13547879328439438,0.3666993351601333
Autophagy,10,0.06622418995228725,0.5614491157651836
Autophagy,11,-0.09947660089485985,0.4144026808862412
Autophagy,12,-0.600111254912352,2.4406648366397636e-05
Autophagy,13,-0.009338792770757555,0.8897941001044716
Autophagy,14,-0.08909526502164454,0.29517122393080475
Autophagy,15,0.17945236238857684,0.1876487887803252
Autophagy,16,0.2978105784810612,0.08815200858689842
Autophagy,17,-0.11428185932476106,0.4784220373388438
Autophagy,18,-0.13546060219736397,0.4616849503086917
Autophagy,19,-0.22984832949553083,0.1411966512969034
Autophagy,20,-0.04032372898359099,0.6087850221430913
Autophagy,21,0.11704531149231204,0.5733875765285608
Autophagy,22,0.020399988236941974,0.7859889405376127
Autophagy,23,-0.33379146157510076,0.011769032181240974
Autophagy,24,-0.1916346954781375,0.1786901758210303
Autophagy,25,0.12957168868635202,0.2988814119929166
Autophagy,26,-0.14701674031101483,0.41899797354224744
Autophagy,27,0.10189078133221953,0.2907598880294987
Autophagy,28,0.006447265081869605,0.96486265346458
Autophagy,29,-0.12465545071843158,0.429212511782892
Autophagy,30,0.02363071613086437,0.9189781778594569
Autophagy,31,-0.06241945681692784,0.9329769304795121
Autophagy,32,-0.10041096934709341,0.46363688972241124
Autophagy,33,-0.35141679442409823,0.025917322288993388
Autophagy,34,-0.2880475793252979,0.07525368492262396
Autophagy,35,-0.2412134698338403,0.03550951570215048
Autophagy,36,0.010164265811640167,0.8569843560089974
Autophagy,37,0.25093215352438214,0.06302567644997259
Autophagy,38,0.16364481448716456,0.17560549484477683
Autophagy,39,-0.18598447840431712,0.13191544952677794
Autophagy,40,-0.08426130969694309,0.30337455859415585
Autophagy,41,-0.16759501074987282,0.25106572931361926
Autophagy,42,-0.17589382137275622,0.19916765486746735
Autophagy,43,-0.1775565228416431,0.21710323794272546
Autophagy,44,-0.13482974619768406,0.3409284828162952
Autophagy,45,-0.19424940696574233,0.4695202014480625
Autophagy,46,0.0516314981649621,0.5108068620957645
Autophagy,47,0.2210301554086483,0.16317935198231837
Autophagy,48,0.17094118749047424,0.16609939488626557
Autophagy,49,-0.35349962012184977,0.044305259325275695
Mitophagy,0,0.24772548319785884,0.14646642364861695
Mitophagy,1,-0.027182895400787194,0.779836310295569
Mitophagy,2,0.06038871586641456,0.30943490782021066
Mitophagy,3,0.2103010586910089,0.08520610013128745
Mitophagy,4,0.09802778937832204,0.29222537926601755
Mitophagy,5,-0.02803868872379407,0.9686937303862899
Mitophagy,6,0.30313092355967214,0.03650239066780022
Mitophagy,7,0.20347521359088303,0.08462657912115926
Mitophagy,8,0.17191450054058022,0.13691752713817884
Mitophagy,9,0.09103588925219874,0.1941692573952668
Mitophagy,10,0.25696419138095244,0.056098295951201735
Mitophagy,11,0.014766258270145913,0.9457211976980907
Mitophagy,12,0.2225889663892991,0.04008802268367892
Mitophagy,13,-0.17874516579721025,0.15604876481480073
Mitophagy,14,-0.15878851324926715,0.41348721225304086
Mitophagy,15,0.19783843748671617,0.09056740147459719
Mitophagy,16,-0.23020633122511597,0.1607756899680155
Mitophagy,17,-0.3753464353351841,0.01371929781948944
Mitophagy,18,0.25881632939422294,0.08696393770668875
Mitophagy,19,-0.3819361035297729,0.0029864401218031946
Mitophagy,20,0.037255259209626065,0.8657959038818899
Mitophagy,21,-0.07647753779851357,0.582145007252795
Mitophagy,22,-0.03619160161646048,0.5026046927982196
Mitophagy,23,0.13922993871444672,0.11113907224822517
Mitophagy,24,-0.22522564449373433,0.11404300753995898
Mitophagy,25,-0.04207965338869739,0.6531905566226928
Mitophagy,26,-0.1589690997276106,0.3624625410301874
Mitophagy,27,-0.005138861477178763,0.9865802156316699
Mitophagy,28,0.026624363405015852,0.7179278968311067
Mitophagy,29,0.11309002938248669,0.3658495153018694
Mitophagy,30,0.04643365288720734,0.9750804208147997
Mitophagy,31,0.04244655525443536,0.8897941001044716
Mitophagy,32,0.05533683728752839,0.37182406403051416
Mitophagy,33,-0.31095662073979485,0.11964857503942423
Mitophagy,34,0.08315072517102204,0.4236231077689574
Mitophagy,35,0.15776952962018362,0.25909117145518135
Mitophagy,36,0.2903342495242508,0.027791573749537057
Mitophagy,37,0.14810711420501999,0.31789762714654735
Mitophagy,38,-0.30694718958676065,0.052293772256897755
Mitophagy,39,0.36735088325589677,0.0038056117958160337
Mitophagy,40,-0.42745166360234166,0.00365314766829398
Mitophagy,41,-0.22589765879905782,0.07818863272306205
Mitophagy,42,-0.04705060964407484,0.7456460552942417
Mitophagy,43,0.0017135639833548856,0.9304300320775496
Mitophagy,44,-0.20831992669902763,0.1528031760915195
Mitophagy,45,0.15825837289865224,0.3633074380500897
Mitophagy,46,0.05177657366006787,0.7263265699621654
Mitophagy,47,-0.49529864018265296,0.00045255912753542396
Mitophagy,48,-0.10883134441872044,0.27496586457851724
Mitophagy,49,0.07822914963690636,0.3304752495287172
MAPK signaling pathway,0,-0.09066041136301567,0.5854450750239764
MAPK signaling pathway,1,0.08706248410742562,0.6121528448864231
MAPK signaling pathway,2,-0.06858336081162854,0.9916922728394197
MAPK signaling pathway,3,0.03279300922324284,0.921521666969221
MAPK signaling pathway,4,-0.06860241201160512,0.879675975749265
MAPK signaling pathway,5,0.0903498854269596,0.5636107771728739
MAPK signaling pathway,6,-0.28497845754326634,0.04346635569079424
MAPK signaling pathway,7,0.1528806689871214,0.19749118016291267
MAPK signaling pathway,8,-0.3770389890687979,0.003542467905460176
MAPK signaling pathway,9,0.1765024686461648,0.17714283369348838
MAPK signaling pathway,10,-0.08750103251814685,0.7700208729947233
MAPK signaling pathway,11,0.01779899214543424,0.6870372315809148
MAPK signaling pathway,12,0.10389271304135897,0.6706138555256127
MAPK signaling pathway,13,0.10470175066401771,0.41807652440964393
MAPK signaling pathway,14,0.24475704604180348,0.0254925497552499
MAPK signaling pathway,15,0.18966127042145253,0.30412775840704853
MAPK signaling pathway,16,-0.1746043828731613,0.15326366155199492
MAPK signaling pathway,17,-0.04447413771102322,0.8683166060584981
MAPK signaling pathway,18,-0.031280024436819924,0.8045257300242006
MAPK signaling pathway,19,-0.019593682847643113,0.8557269905848218
MAPK signaling pathway,20,0.011093234048993386,0.5432386742490749
MAPK signaling pathway,21,0.004081760349299993,0.8784125557438672
MAPK signaling pathway,22,-0.047126914975015415,0.7083710383861914
MAPK signaling pathway,23,0.12830864447336074,0.5539150372664895
MAPK signaling pathway,24,0.019738109397054726,0.8331600359872994
MAPK signaling pathway,25,0.020051049664892462,0.8356610545657042
MAPK signaling pathway,26,0.058475254625300996,0.41348721225304086
MAPK signaling pathway,27,-0.14327255778473613,0.3417412553431025
MAPK signaling pathway,28,0.011852316403490168,0.8219266862706189
MAPK signaling pathway,29,0.036250680911736985,0.7835262605544728
MAPK signaling pathway,30,-0.1661293473231387,0.36077644233570105
MAPK signaling pathway,31,-0.019154948843716563,0.8394156924542152
MAPK signaling pathway,32,0.1359443584788127,0.1695555803401846
MAPK signaling pathway,33,-0.033348863519159076,0.577758482756553
MAPK signaling pathway,34,0.13778881465411846,0.32888566671710184
MAPK signaling pathway,35,-0.3101323531470748,0.03075963678859775
MAPK signaling pathway,36,0.07749792438775728,0.7395908556870263
MAPK signaling pathway,37,-0.16083725052972775,0.32888566671710184
MAPK signaling pathway,38,-0.06149168860627967,0.5701197205276549
MAPK signaling pathway,39,-0.04680709105243283,0.7000462298950013
MAPK signaling pathway,40,0.09087916098281737,0.3482880136156372
MAPK signaling pathway,41,0.05856556277131027,0.6988598802286865
MAPK signaling pathway,42,-0.07186541277711492,0.6336707539636566
MAPK signaling pathway,43,0.24819734513837693,0.04816051389118154
MAPK signaling pathway,44,0.08790817878052438,0.4954853264442981
MAPK signaling pathway,45,0.18111001260256498,0.23807867386842085
MAPK signaling pathway,46,-0.1105535548835573,0.5118370295074162
MAPK signaling pathway,47,0.1629329410329982,0.2611250000774915
MAPK signaling pathway,48,0.26111352250384895,0.08149597293245825
MAPK signaling pathway,49,0.08998448039337065,0.5015843399505999
PI3K-Akt signaling pathway,0,-0.09165828528690573,0.523240018937131
PI3K-Akt signaling pathway,1,-0.1627887799724662,0.1786901758210303
PI3K-Akt signaling pathway,2,0.010348091525383029,0.9980827993960729
PI3K-Akt signaling pathway,3,-0.09425500782767363,0.57557106961808
PI3K-Akt signaling pathway,4,-0.07860793738398655,0.7884537637544435
PI3K-Akt signaling pathway,5,0.051169474077895884,0.44337209411357226
PI3K-Akt signaling pathway,6,0.2580863905941351,0.050191490318890766
PI3K-Akt signaling pathway,7,0.12900785688084654,0.29369582403333283
PI3K-Akt signaling pathway,8,-0.07478792645969692,0.5887538044929601
PI3K-Akt signaling pathway,9,-0.29937937875320775,0.10043400879993451
PI3K-Akt signaling pathway,10,0.15533168628662006,0.523240018937131
PI3K-Akt signaling pathway,11,-0.007363285760057194,0.9342506386766034
PI3K-Akt signaling pathway,12,-0.020197587465204246,0.9138937117801275
PI3K-Akt signaling pathway,13,-0.0972700132173567,0.6393862462700948
PI3K-Akt signaling pathway,14,-0.01837771549551274,0.9227937142383331
PI3K-Akt signaling pathway,15,-0.22376432438326044,0.25172781461044513
PI3K-Akt signaling pathway,16,0.027002007075980553,0.8008092051487551
PI3K-Akt signaling pathway,17,0.011250693344296115,0.8683166060584981
PI3K-Akt signaling pathway,18,-0.27705220420823695,0.09087303387457447
PI3K-Akt signaling pathway,19,-0.03399230123113341,0.8469358594223297
PI3K-Akt signaling pathway,20,-0.20367622604273317,0.3830790620653024
PI3K-Akt signaling pathway,21,-0.2503887087283529,0.138617013470803
PI3K-Akt signaling pathway,22,0.0405581130583455,0.8181902139766017
PI3K-Akt signaling pathway,23,-0.1477527606187739,0.2577413978845209
PI3K-Akt signaling pathway,24,-0.10163938216808499,0.7456460552942417
PI3K-Akt signaling pathway,25,-0.24416961410948082,0.138617013470803
PI3K-Akt signaling pathway,26,-0.2139904014387756,0.08093699655803702
PI3K-Akt signaling pathway,27,-0.2244056448583139,0.07343326970806664
PI3K-Akt signaling pathway,28,0.1848703945687678,0.22741861413283337
PI3K-Akt signaling pathway,29,-0.17496264494731054,0.2892993486282861
PI3K-Akt signaling pathway,30,0.15253691630638258,0.23364726978624328
PI3K-Akt signaling pathway,31,-0.06229484562911575,0.9444460914677102
PI3K-Akt signaling pathway,32,3.151060239108729e-05,0.7143388051085799
PI3K-Akt signaling pathway,33,0.23719150122734323,0.08578882576154444
PI3K-Akt signaling pathway,34,-0.022138278137142375,0.6988598802286865
PI3K-Akt signaling pathway,35,-0.0912015525369996,0.4834070712096926
PI3K-Akt signaling pathway,36,0.13304132550837838,0.4587656647704442
PI3K-Akt signaling pathway,37,-0.034804455135193126,0.742011022943488
PI3K-Akt signaling pathway,38,0.1540573223914422,0.174586145151298
PI3K-Akt signaling pathway,39,-0.13653693357623498,0.1958250562275523
PI3K-Akt signaling pathway,40,-0.1538201198762985,0.45103170940598936
PI3K-Akt signaling pathway,41,-0.07279548159175411,0.5744788321054869
PI3K-Akt signaling pathway,42,-0.0762810012271944,0.4695202014480625
PI3K-Akt signaling pathway,43,-0.005744062749355402,0.8657959038818899
PI3K-Akt signaling pathway,44,-0.051517575555967324,0.9533746414902695
PI3K-Akt signaling pathway,45,0.051589130314391586,0.7143388051085799
PI3K-Akt signaling pathway,46,0.08825476510846128,0.6065443997360356
PI3K-Akt signaling pathway,47,-0.2911335464811433,0.0360740129809054
PI3K-Akt signaling pathway,48,-0.06839651247001335,0.8771494453172062
PI3K-Akt signaling pathway,49,-0.2716249735782933,0.09056740147459719
Ras signaling pathway,0,-0.009900357410072233,0.9584793709945251
Ras signaling pathway,1,-0.04491271262870545,0.7565848769811852
Ras signaling pathway,2,-0.1634267572378492,0.29517122393080475
Ras signaling pathway,3,0.08702228168708548,0.21178043629050458
Ras signaling pathway,4,-0.020927116006629484,0.7071796167777203
Ras signaling pathway,5,-0.23910587864873714,0.1818149861261289
Ras signaling pathway,6,-0.28322431760093697,0.06965356051193522
Ras signaling pathway,7,0.19339815097154958,0.23176610666498343
Ras signaling pathway,8,-0.14477290241973015,0.24516162448246814
Ras signaling pathway,9,0.07855568184806691,0.7847573311783034
Ras signaling pathway,10,-0.4025351991558572,0.0029864401218031946
Ras signaling pathway,11,0.21319831400544104,0.07420898867794223
Ras signaling pathway,12,-0.06480456917590208,0.8544699913176522
Ras signaling pathway,13,0.09424116835127161,0.37612842237144517
Ras signaling pathway,14,0.10922964886972694,0.34418700477290665
Ras signaling pathway,15,0.17529575181852589,0.18818590875874608
Ras signaling pathway,16,0.018663026844489686,0.9177067424802148
Ras signaling pathway,17,-0.18871347711119962,0.23553923093997609
Ras signaling pathway,18,0.10766660479962306,0.3684026636444435
Ras signaling pathway,19,-0.06950383770974272,0.5582141617178178
Ras signaling pathway,20,0.050777267690058726,0.3839533910871049
Ras signaling pathway,21,-0.05349385407568448,0.879675975749265
Ras signaling pathway,22,-0.07979125574184455,0.9955265510563472
Ras signaling pathway,23,-0.15538069676194877,0.2700656724683186
Ras signaling pathway,24,-0.14108977952192805,0.4975139208046082
Ras signaling pathway,25,-0.34987177725122665,0.022305971560608435
Ras signaling pathway,26,-0.1720414834879502,0.21178043629050458
Ras signaling pathway,27,0.34049072826947496,0.010022221235229225
Ras signaling pathway,28,0.20981943871277658,0.2570683433202675
Ras signaling pathway,29,0.01432381652804347,0.7578033635371936
Ras signaling pathway,30,-0.1921875050515543,0.1602981842331097
Ras signaling pathway,31,-0.20725631435906028,0.29222537926601755
Ras signaling pathway,32,-0.14609943586045188,0.1656100106988838
Ras signaling pathway,33,0.19707989127155628,0.08845106210946356
Ras signaling pathway,34,-0.14036332390177186,0.13109571413495688
Ras signaling pathway,35,-0.2539073339284271,0.09683920896549802
Ras signaling pathway,36,-0.02274685734826959,0.8733620031437747
Ras signaling pathway,37,0.01993566943924749,0.8809397021664249
Ras signaling pathway,38,0.1428577524191365,0.2652257087292612
Ras signaling pathway,39,-0.18876010296275336,0.19088853079732515
Ras signaling pathway,40,-0.29298647555972235,0.06940736614697623
Ras signaling pathway,41,0.1364993696775497,0.26867668577066894
Ras signaling pathway,42,-0.06843048373541111,0.6741202561853838
Ras signaling pathway,43,0.2872211492423269,0.031765177766143224
Ras signaling pathway,44,0.1132176516486553,0.4844074505601551
Ras signaling pathway,45,0.35396616850873663,0.007522604597588877
Ras signaling pathway,46,0.2583369008417946,0.028364601112857102
Ras signaling pathway,47,0.2886407663268155,0.025387302559751027
Ras signaling pathway,48,-0.10048442572659141,0.7736974398229542
Ras signaling pathway,49,0.11425482463818232,0.5389970028985324
Rap1 signaling pathway,0,-0.029900417023287672,0.47247726377686594
Rap1 signaling pathway,1,-0.37833790802544365,0.002894347075541202
Rap1 signaling pathway,2,-0.0063118377994932,0.9801909434472729
Rap1 signaling pathway,3,-0.010041953688827107,0.9329769304795121
Rap1 signaling pathway,4,-0.28180057921132506,0.07711077719851762
Rap1 signaling pathway,5,-0.12412623955006924,0.31634777486211496
Rap1 signaling pathway,6,-0.38264885684482197,0.006053605831597562
Rap1 signaling pathway,7,-0.11037705847808092,0.41899797354224744
Rap1 signaling pathway,8,-0.10061997569283684,0.2892993486282861
Rap1 signaling pathway,9,0.07299491302827596,0.891060163528763
Rap1 signaling pathway,10,0.1286070691518495,0.3524199461172707
Rap1 signaling pathway,11,-0.15354462449892609,0.17714283369348838
Rap1 signaling pathway,12,0.0646339589129856,0.7119495772415529
Rap1 signaling pathway,13,-0.25036265683669773,0.08491593978041329
Rap1 signaling pathway,14,-0.26413369328731406,0.11367678153901961
Rap1 signaling pathway,15,-0.06377933906166852,0.7541497213237057
Rap1 signaling pathway,16,-0.284564240372644,0.03332628251575284
Rap1 signaling pathway,17,-0.14567816810373443,0.30112240342404195
Rap1 signaling pathway,18,-0.24078004893670726,0.05268380880194105
Rap1 signaling pathway,19,0.12225509279648672,0.35325004054931497
Rap1 signaling pathway,20,-0.11506310951803239,0.40169545559622244
Rap1 signaling pathway,21,-0.034796469649909956,0.5799498004890421
Rap1 signaling pathway,22,-0.15678678852255085,0.19088853079732515
Rap1 signaling pathway,23,-0.21154859675686827,0.08725973686987551
Rap1 signaling pathway,24,0.02563221445992813,0.7275290982332587
Rap1 signaling pathway,25,0.08732344994996125,0.5108068620957645
Rap1 signaling pathway,26,0.06986283325256841,0.523240018937131
Rap1 signaling pathway,27,-0.18545450198735647,0.10176728353201887
Rap1 signaling pathway,28,-0.030920386917385537,0.8733620031437747
Rap1 signaling pathway,29,-0.354716827489466,0.003382160797746848
Rap1 signaling pathway,30,0.0032333663579080024,0.9508229807344943
Rap1 signaling pathway,31,0.2928397976984653,0.04008802268367892
Rap1 signaling pathway,32,-0.015898781094401907,0.6917573068537826
Rap1 signaling pathway,33,0.20333210884291875,0.07927872146110664
Rap1 signaling pathway,34,-0.16779976846580996,0.1860442195301607
Rap1 signaling pathway,35,-0.08696469486763056,0.5443016830923744
Rap1 signaling pathway,36,-0.051744623569956405,0.7036096627702646
Rap1 signaling pathway,37,0.14608924957779718,0.1323268039106011
Rap1 signaling pathway,38,0.15981987961685284,0.24256909218723188
Rap1 signaling pathway,39,-0.04460596401887888,0.6520355673876495
Rap1 signaling pathway,40,-0.2967924496898216,0.03977821911844112
Rap1 signaling pathway,41,-0.003888707854703531,0.9189781778594569
Rap1 signaling pathway,42,-0.13946607499702707,0.47247726377686594
Rap1 signaling pathway,43,-0.12324805408481432,0.399899419883876
Rap1 signaling pathway,44,0.06970604467300662,0.5571378611644258
Rap1 signaling pathway,45,-0.08869275307935864,0.396321865736492
Rap1 signaling pathway,46,0.4787165324062355,0.0013828709906848558
Rap1 signaling pathway,47,-0.0940107538330883,0.6313906381508902
Rap1 signaling pathway,48,0.3211238463055259,0.022305971560608435
Rap1 signaling pathway,49,0.11088332734985105,0.30337455859415585
ErbB signaling pathway,0,-0.015965577628425393,0.911352786424659
ErbB signaling pathway,1,-0.006586927899057267,0.8935931206076038
ErbB signaling pathway,2,-0.07285446186233742,0.6416784764594163
ErbB signaling pathway,3,0.14778976268563804,0.6566605047418238
ErbB signaling pathway,4,0.21044155874711368,0.23744200816293914
ErbB signaling pathway,5,-0.26639034894049846,0.025917322288993388
ErbB signaling pathway,6,-0.014795939385212294,0.8935931206076038
ErbB signaling pathway,7,0.25648495590127146,0.0724093072376522
ErbB signaling pathway,8,-0.14094771767426167,0.3304752495287172
ErbB signaling pathway,9,0.030677013686538378,0.7541497213237057
ErbB signaling pathway,10,0.3501914187723015,0.025177935737377786
ErbB signaling pathway,11,-0.23464785303935415,0.08234030711744744
ErbB signaling pathway,12,0.06342172491283277,0.5253272098261426
ErbB signaling pathway,13,0.32909215893766763,0.003984028668395272
ErbB signaling pathway,14,0.23430399503833144,0.06533028544158204
ErbB signaling pathway,15,-0.026079457997927723,0.8670560859840684
ErbB signaling pathway,16,-0.16859894915734214,0.4125729420921407
ErbB signaling pathway,17,0.33065885306196996,0.011040267693730732
ErbB signaling pathway,18,0.1324093836004136,0.27850294649141016
ErbB signaling pathway,19,0.35603243236448323,0.019723208908152705
ErbB signaling pathway,20,-0.05703263229729387,0.9865802156316699
ErbB signaling pathway,21,-0.4594530222470829,0.0012299479559082728
ErbB signaling pathway,22,-0.30556008442823795,0.03138484461811296
ErbB signaling pathway,23,-0.08743031420260165,0.429212511782892
ErbB signaling pathway,24,-0.024710037781690307,0.8206807421719938
ErbB signaling pathway,25,0.008585617542024278,0.9674166200896791
ErbB signaling pathway,26,-0.07167866230198311,0.4282779787264367
ErbB signaling pathway,27,-0.1476956726267594,0.396321865736492
ErbB signaling pathway,28,-0.042950356375905566,0.9304300320775496
ErbB signaling pathway,29,-0.020085733033960593,0.8119719680216386
ErbB signaling pathway,30,0.2884194468111856,0.04363305449903209
ErbB signaling pathway,31,0.08059431899530904,0.9088127672235693
ErbB signaling pathway,32,-0.4135858441852479,0.0027610605653522508
ErbB signaling pathway,33,-0.06586768624734948,0.9240659590067416
ErbB signaling pathway,34,-0.1363181792560684,0.2721583722565848
ErbB signaling pathway,35,-0.31823269713293123,0.03453977476747758
ErbB signaling pathway,36,-0.12862563175379685,0.3393066548810546
ErbB signaling pathway,37,0.021166655698377182,0.90119840379441
ErbB signaling pathway,38,-0.1423204141246017,0.3393066548810546
ErbB signaling pathway,39,-0.1323468869132163,0.3482880136156372
ErbB signaling pathway,40,-0.08771357860021912,0.45392326041625297
ErbB signaling pathway,41,0.14910371543282624,0.1725607091366539
ErbB signaling pathway,42,0.07787901231943375,0.35909527317605416
ErbB signaling pathway,43,-0.34141099009103415,0.07711077719851762
ErbB signaling pathway,44,-0.054581066727576136,0.7995713603313733
ErbB signaling pathway,45,0.1758475375387322,0.43014822905298633
ErbB signaling pathway,46,-0.01896773206966597,0.9738029417810905
ErbB signaling pathway,47,-0.16549907392266627,0.2530556359361138
ErbB signaling pathway,48,0.2089570849861706,0.29739361790707397
ErbB signaling pathway,49,-0.21232533061392495,0.19361961443676157
mTOR signaling pathway,0,-0.06425348830962327,0.8045257300242006
mTOR signaling pathway,1,-0.16523559265054136,0.23871654396595832
mTOR signaling pathway,2,-0.18859885380991862,0.08205807782136386
mTOR signaling pathway,3,-0.1003495054001744,0.37612842237144517
mTOR signaling pathway,4,0.06127031076060119,0.6858591078540515
mTOR signaling pathway,5,0.4198693177709538,0.004191151190164682
mTOR signaling pathway,6,0.3561085096337784,0.004385862145013585
mTOR signaling pathway,7,-0.04734247303438902,0.7749240957147896
mTOR signaling pathway,8,-0.20797961652660146,0.11663265958437878
mTOR signaling pathway,9,-0.0038992351163314445,0.627977036398705
mTOR signaling pathway,10,-0.12720712555297212,0.35076346435151773
mTOR signaling pathway,11,-0.034382623094568215,0.9853022792160973
mTOR signaling pathway,12,-0.09227308199470326,0.7263265699621654
mTOR signaling pathway,13,0.31132057889186016,0.0681870912284847
mTOR signaling pathway,14,-0.32036856426348037,0.02049528789132219
mTOR signaling pathway,15,0.18442383233376397,0.1607756899680155
mTOR signaling pathway,16,0.1438327886051073,0.2742621447706284
mTOR signaling pathway,17,-0.14340210147339139,0.5295143334903742
mTOR signaling pathway,18,-0.16956540015392166,0.426412468832678
mTOR signaling pathway,19,0.004209356974030094,0.8695774609603398
mTOR signaling pathway,20,0.1447110380146956,0.18818590875874608
mTOR signaling pathway,21,0.2810421572747724,0.03202092299869684
mTOR signaling pathway,22,-0.18159256321929396,0.1579267235849372
mTOR signaling pathway,23,-0.06934329197514663,0.5316142404512837
mTOR signaling pathway,24,0.03280082354778082,0.819435250397095
mTOR signaling pathway,25,-0.12359855103355007,0.23935561909399006
mTOR signaling pathway,26,-0.20994431324946197,0.06234754415069146
mTOR signaling pathway,27,-0.035389916029295476,0.5712080188348347
mTOR signaling pathway,28,-0.18495836612542374,0.2243490600401944
mTOR signaling pathway,29,0.2918974733879973,0.0350911042875476
mTOR signaling pathway,30,-0.3136056450539607,0.05209966126959005
mTOR signaling pathway,31,-0.334878522810091,0.023359943428764456
mTOR signaling pathway,32,-0.19744444591518306,0.1173809819516518
mTOR signaling pathway,33,-0.08133610066934999,0.6099067132999101
mTOR signaling pathway,34,-0.1872969378456897,0.10345364977053186
mTOR signaling pathway,35,-0.20123177249725263,0.18024755034980178
mTOR signaling pathway,36,0.10135752999873515,0.5976190176972691
mTOR signaling pathway,37,0.04524648404560174,0.6245713747539869
mTOR signaling pathway,38,0.14535641283990705,0.45007018084347294
mTOR signaling pathway,39,-0.14293685996066555,0.5920711417798681
mTOR signaling pathway,40,-0.059019059651883275,0.4568252367115304
mTOR signaling pathway,41,-0.34499547640442246,0.0073801500214953145
mTOR signaling pathway,42,-0.06847561737609288,0.6706138555256127
mTOR signaling pathway,43,-0.026786817975976693,0.9916922728394197
mTOR signaling pathway,44,-0.13098414858480792,0.25172781461044513
mTOR signaling pathway,45,-0.1449272991056335,0.44241989601594434
mTOR signaling pathway,46,-0.020856351658297134,0.8733620031437747
mTOR signaling pathway,47,-0.23937691525520083,0.08666894847712626
mTOR signaling pathway,48,-0.3454388294519337,0.03825950768550582
mTOR signaling pathway,49,0.1333110811713556,0.42084445201474596
AMPK signaling pathway,0,-0.032421879643835,0.742011022943488
AMPK signaling pathway,1,0.4026446779075889,0.007631058377526948
AMPK signaling pathway,2,0.2415252238566673,0.2477735348896356
AMPK signaling pathway,3,0.1345486114057379,0.32493343115871187
AMPK signaling pathway,4,0.11351062511195394,0.1740781298802193
AMPK signaling pathway,5,-0.03742295006009796,0.6694466430109378
AMPK signaling pathway,6,-0.05022802595035587,0.6694466430109378
AMPK signaling pathway,7,0.036095602284772085,0.8683166060584981
AMPK signaling pathway,8,0.04035902098595644,0.7921549658142019
AMPK signaling pathway,9,-0.23305823110425988,0.25372137302128506
AMPK signaling pathway,10,-0.11145170308503764,0.5139006120797917
AMPK signaling pathway,11,0.15061054181063388,0.27567081612529465
AMPK signaling pathway,12,-0.1851074826354603,0.1420646811177063
AMPK signaling pathway,13,0.24115364404887824,0.09429002077908157
AMPK signaling pathway,14,-0.3671654347020169,0.01460195577566731
AMPK signaling pathway,15,-0.3683659271665929,0.002306586893848067
AMPK signaling pathway,16,0.20301472850474966,0.11222113192067495
AMPK signaling pathway,17,-0.2719297185497137,0.04396807235846847
AMPK signaling pathway,18,0.03615629472168532,0.795860857923634
AMPK signaling pathway,19,0.05447020396694906,0.6416784764594163
AMPK signaling pathway,20,-0.035326692290385306,0.8107297271774061
AMPK signaling pathway,21,0.15727057597851327,0.42734463077998275
AMPK signaling pathway,22,0.20523387644302016,0.10864629334608902
AMPK signaling pathway,23,0.17588907776081988,0.06916188684021823
AMPK signaling pathway,24,-0.12158907405722012,0.399899419883876
AMPK signaling pathway,25,-0.16408813894119081,0.42084445201474596
AMPK signaling pathway,26,-0.12959964479223635,0.4705047504725317
AMPK signaling pathway,27,0.03842126153565982,0.6741202561853838
AMPK signaling pathway,28,-0.09501965499984229,0.47941679142541826
AMPK signaling pathway,29,-0.0027711226146221865,0.8481905963684191
AMPK signaling pathway,30,-0.20633587663857378,0.2077061656237792
AMPK signaling pathway,31,-0.08242849462229698,0.9189781778594569
AMPK signaling pathway,32,-0.2624100192520153,0.04055656423328545
AMPK signaling pathway,33,-0.05961061903424626,0.9062736799160054
AMPK signaling pathway,34,-0.04399336756885348,0.6428258752224734
AMPK signaling pathway,35,0.250113231549532,0.03870985758255417
AMPK signaling pathway,36,-0.08719443658777251,0.45488942893630424
AMPK signaling pathway,37,0.0728557926448446,0.5712080188348347
AMPK signaling pathway,38,0.3380744739010417,0.017031040507134866
AMPK signaling pathway,39,0.002847713903477321,0.807005875480009
AMPK signaling pathway,40,-0.0005573411806286581,0.8356610545657042
AMPK signaling pathway,41,0.011209500265689435,0.9253383980399034
AMPK signaling pathway,42,-0.4803751601905247,0.00021458172204647235
AMPK signaling pathway,43,0.09203859133031461,0.577758482756553
AMPK signaling pathway,44,0.20714631544074544,0.0360740129809054
AMPK signaling pathway,45,-0.12817512696417435,0.42269569856550615
AMPK signaling pathway,46,0.0880374230813302,0.6245713747539869
AMPK signaling pathway,47,-0.11188125972528416,0.23176610666498343
AMPK signaling pathway,48,0.2043256918457728,0.12272524201906147
AMPK signaling pathway,49,-0.0788552656995499,0.7444337440134478
FoxO signaling pathway,0,-0.18183620804691925,0.22680232065119643
FoxO signaling pathway,1,-0.09842167998823376,0.4367313311149107
FoxO signaling pathway,2,-0.05482717133187678,0.8469358594223297
FoxO signaling pathway,3,0.10527101628368857,0.4107480002763553
FoxO signaling pathway,4,-0.20647085062084877,0.06746343169824132
FoxO signaling pathway,5,-0.3495403470328659,0.009656947998978
FoxO signaling pathway,6,0.04344115057492347,0.8032863929737604
FoxO signaling pathway,7,0.04778935529825365,0.9253383980399034
FoxO signaling pathway,8,-0.013158562968256952,0.8144578670965468
FoxO signaling pathway,9,0.08751845653070342,0.5942874552411261
FoxO signaling pathway,10,0.07217593361049238,0.9329769304795121
FoxO signaling pathway,11,-0.3262838399887567,0.01914038313833762
FoxO signaling pathway,12,-0.2948679870866285,0.11367678153901961
FoxO signaling pathway,13,0.23182219340750998,0.05426835214011973
FoxO signaling pathway,14,-0.10958706571874532,0.42084445201474596
FoxO signaling pathway,15,-0.14652830316793813,0.25909117145518135
FoxO signaling pathway,16,0.1545836555978276,0.23935561909399006
FoxO signaling pathway,17,0.060039525851417086,0.5347719955651651
FoxO signaling pathway,18,-0.07607934248050452,0.6497280933131868
FoxO signaling pathway,19,-0.04221629320049715,0.8406680554528617
FoxO signaling pathway,20,0.0681044826575375,0.7946250443536416
FoxO signaling pathway,21,0.24118408628839216,0.06698451184134509
FoxO signaling pathway,22,-0.21942311391859526,0.127455699412083
FoxO signaling pathway,23,-0.07221340218213093,0.5931788243337852
FoxO signaling pathway,24,-0.383943177701001,0.003488279940820913
FoxO signaling pathway,25,-0.0799243352867552,0.6200429474704885
FoxO signaling pathway,26,0.05633005764408504,0.5242830821355335
FoxO signaling pathway,27,0.23732698946609984,0.05947835158282551
FoxO signaling pathway,28,0.009124422247944634,0.4754445535378733
FoxO signaling pathway,29,-0.274095109938948,0.02221223883618028
FoxO signaling pathway,30,-0.05204657098429921,0.8733620031437747
FoxO signaling pathway,31,0.2135616735932947,0.11588808958111547
FoxO signaling pathway,32,0.043752965156744525,0.625705709353862
FoxO signaling pathway,33,-0.11007047876872171,0.258415673768558
FoxO signaling pathway,34,0.12061428856978167,0.3450047311639136
FoxO signaling pathway,35,0.027117832160317604,0.742011022943488
FoxO signaling pathway,36,-0.2641271879605055,0.03722598551081523
FoxO signaling pathway,37,0.13686365738773043,0.3927637027736104
FoxO signaling pathway,38,0.1702279953948775,0.2249605896657757
FoxO signaling pathway,39,-0.34463715187895927,0.008079023972240721
FoxO signaling pathway,40,0.08418233290642065,0.49346115718921857
FoxO signaling pathway,41,-0.08464576954798902,0.258415673768558
FoxO signaling pathway,42,0.06996555286902709,0.25239111664100866
FoxO signaling pathway,43,-0.27598288120751724,0.06698451184134509
FoxO signaling pathway,44,-0.14505739994715472,0.2249605896657757
FoxO signaling pathway,45,-0.180161865798751,0.22252160285022626
FoxO signaling pathway,46,-0.33299924658271646,0.05287973712220749
FoxO signaling pathway,47,0.0811215151311968,0.4089278615454728
FoxO signaling pathway,48,0.011463924814446212,0.9955265510563472
FoxO signaling pathway,49,-0.03335810037531872,0.9597558276590519
Hippo signaling pathway,0,0.36179414892233797,0.006480240639169439
Hippo signaling pathway,1,-0.2563697955459017,0.15326366155199492
Hippo signaling pathway,2,0.13100603604186145,0.5108068620957645
Hippo signaling pathway,3,0.2423932984910637,0.16512171220699612
Hippo signaling pathway,4,0.12852205877688871,0.6811542692274684
Hippo signaling pathway,5,-0.10157478247373636,0.49954692907633547
Hippo signaling pathway,6,-0.16981912403539348,0.267984035202706
Hippo signaling pathway,7,0.10999056236084842,0.4685367924548427
Hippo signaling pathway,8,-0.2955416371898132,0.04215203486651671
Hippo signaling pathway,9,0.16496702888771153,0.2871178202732305
Hippo signaling pathway,10,-4.341115471052334e-05,0.9342506386766034
Hippo signaling pathway,11,0.13418257301503428,0.27850294649141016
Hippo signaling pathway,12,0.15296795741103836,0.24581278392600625
Hippo signaling pathway,13,-0.004681940256701353,0.9891361884839144
Hippo signaling pathway,14,-0.08883833538346049,0.779836310295569
Hippo signaling pathway,15,-0.18560991182954015,0.24128008097059161
Hippo signaling pathway,16,0.02453627471302187,0.8231730796588689
Hippo signaling pathway,17,0.025597577523513305,0.9623090472688717
Hippo signaling pathway,18,-0.13932000464410088,0.300374166044278
Hippo signaling pathway,19,0.22022899681819555,0.04602410120884669
Hippo signaling pathway,20,0.1427876865881236,0.20425943543310376
Hippo signaling pathway,21,-0.1231608004087507,0.28494742304755294
Hippo signaling pathway,22,0.08261567847339826,0.4481506127673739
Hippo signaling pathway,23,-0.34301966184218147,0.019471555173415735
Hippo signaling pathway,24,0.08071284207064665,0.4443254621122352
Hippo signaling pathway,25,-0.1225437517552169,0.2988814119929166
Hippo signaling pathway,26,-0.04260210712474354,0.6764618012456036
Hippo signaling pathway,27,0.08352017079621393,0.5998447636114543
Hippo signaling pathway,28,-0.09263303619138522,0.5592914722164841
Hippo signaling pathway,29,-0.22172650323194895,0.1079422551447171
Hippo signaling pathway,30,0.02174098608880419,0.4558567547344078
Hippo signaling pathway,31,0.194944140855732,0.203119823938141
Hippo signaling pathway,32,0.03592088431864683,0.8181902139766017
Hippo signaling pathway,33,0.20685486632723796,0.10619795720276372
Hippo signaling pathway,34,-0.06071940864549251,0.6823293254031824
Hippo signaling pathway,35,0.019547260324499074,0.7505015737564675
Hippo signaling pathway,36,0.059351563459140444,0.6578188063355158
Hippo signaling pathway,37,-0.01570637317224944,0.8847326881837639
Hippo signaling pathway,38,-0.0029176370272620327,0.9088127672235693
Hippo signaling pathway,39,0.028359042949611626,0.8872628194220294
Hippo signaling pathway,40,0.05421981988380062,0.3735421290240598
Hippo signaling pathway,41,-0.11115290050280842,0.25372137302128506
Hippo signaling pathway,42,-0.001914047221784309,0.7347582710310621
Hippo signaling pathway,43,0.17854864571192516,0.1399022574376524
Hippo signaling pathway,44,0.22474467057036868,0.09210386739388919
Hippo signaling pathway,45,0.14696503793727636,0.41531934721050245
Hippo signaling pathway,46,-0.054283232032769725,0.7921549658142019
Hippo signaling pathway,47,-0.11653379819151147,0.38133406693849226
Hippo signaling pathway,48,-0.05928126570324439,0.7395908556870263
Hippo signaling pathway,49,0.18101295910049436,0.2471187385544762
Wnt signaling pathway,0,0.2049392332297233,0.21119488712134082
Wnt signaling pathway,1,0.40570877988868426,0.0018102962960448946
Wnt signaling pathway,2,0.38183934802698216,0.003923729711150062
Wnt signaling pathway,3,0.41103208227403865,0.0057363281697235344
Wnt signaling pathway,4,-0.0023358960053571536,0.9597558276590519
Wnt signaling pathway,5,0.34054453656153905,0.01763367619164273
Wnt signaling pathway,6,0.01447536793216151,0.9469964429980682
Wnt signaling pathway,7,0.017400995915757698,0.5337183601001061
Wnt signaling pathway,8,0.15617285478852871,0.32809273697437835
Wnt signaling pathway,9,0.29013986803223435,0.1079422551447171
Wnt signaling pathway,10,0.29642192195411066,0.020758440702300214
Wnt signaling pathway,11,-0.052867018175282214,0.746858996697891
Wnt signaling pathway,12,-0.1358211394961902,0.4774284121527973
Wnt signaling pathway,13,0.4492558297299787,0.0006581356094051109
Wnt signaling pathway,14,0.09807487262987406,0.6647857968092374
Wnt signaling pathway,15,-0.07347730658279227,0.8746241658561446
Wnt signaling pathway,16,-0.21687837450564496,0.27850294649141016
Wnt signaling pathway,17,-0.18705574172696665,0.19252375768356145
Wnt signaling pathway,18,-0.07534127399170204,0.24063738697035697
Wnt signaling pathway,19,0.09531393243773328,0.35408137029462927
Wnt signaling pathway,20,0.10612757688376892,0.42734463077998275
Wnt signaling pathway,21,-0.14201406530457739,0.40711253189153784
Wnt signaling pathway,22,0.16616974204189522,0.3409284828162952
Wnt signaling pathway,23,0.1997465103107494,0.1399022574376524
Wnt signaling pathway,24,-0.22252438235165625,0.09056740147459719
Wnt signaling pathway,25,0.28863138004402994,0.06056864921815245
Wnt signaling pathway,26,0.10531310852162518,0.5843440873775316
Wnt signaling pathway,27,0.07470755538115643,0.5712080188348347
Wnt signaling pathway,28,0.014774280166642447,0.8494457181369557
Wnt signaling pathway,29,-0.3630114039575291,0.01740553196971054
Wnt signaling pathway,30,-0.19927328883069484,0.15604876481480073
Wnt signaling pathway,31,0.26120031218491613,0.07317617527205181
Wnt signaling pathway,32,0.00816258958394839,0.8469358594223297
Wnt signaling pathway,33,0.11307447426144993,0.48041267313958
Wnt signaling pathway,34,0.051160463832862255,0.6964893883856045
Wnt signaling pathway,35,-0.09841773472959375,0.5108068620957645
Wnt signaling pathway,36,-0.06398328003219358,0.5887538044929601
Wnt signaling pathway,37,-0.0493468835387004,0.7675726912755514
Wnt signaling pathway,38,-0.1855266699584799,0.21002730269731917
Wnt signaling pathway,39,0.19805641455907427,0.25172781461044513
Wnt signaling pathway,40,0.22197196094527002,0.07343326970806664
Wnt signaling pathway,41,0.21947610091838518,0.2419239825050914
Wnt signaling pathway,42,-0.1080360100150866,0.4774284121527973
Wnt signaling pathway,43,-0.4869566736269227,0.0005849718773660914
Wnt signaling pathway,44,-0.2571362587963535,0.07499139174276329
Wnt signaling pathway,45,-0.12586985804334863,0.27285839896773056
Wnt signaling pathway,46,-0.050634000146250864,0.4481506127673739
Wnt signaling pathway,47,0.11206409840966325,0.4834070712096926
Wnt signaling pathway,48,-0.23272441048201475,0.0755167266126766
Wnt signaling pathway,49,0.2597274422972833,0.07657640766171457
Notch signaling pathway,0,0.22091771723747877,0.18129138784846266
Notch signaling pathway,1,0.03789990585441212,0.5657764416920884
Notch signaling pathway,2,-0.29155813967367494,0.07657640766171457
Notch signaling pathway,3,-0.02513460539887156,0.5253272098261426
Notch signaling pathway,4,0.24159904469059001,0.1607756899680155
Notch signaling pathway,5,0.05958476127822796,0.6065443997360356
Notch signaling pathway,6,-0.26181269546881436,0.04690437164673378
Notch signaling pathway,7,-0.05586238483349146,0.7724713488165849
Notch signaling pathway,8,0.3988824826850744,0.0276781739256091
Notch signaling pathway,9,0.026459162019326143,0.8758866476338915
Notch signaling pathway,10,0.2520211297614767,0.1021027943884537
Notch signaling pathway,11,0.30146827349202576,0.011090960345827435
Notch signaling pathway,12,0.13886687395365666,0.24974520677165313
Notch signaling pathway,13,-0.16848880581679898,0.16856264158740053
Notch signaling pathway,14,-0.00851607032252175,0.7602421399643451
Notch signaling pathway,15,0.013186076557350674,0.8444275523977408
Notch signaling pathway,16,0.06098222183683832,0.6416784764594163
Notch signaling pathway,17,-0.3298561066234792,0.047260424744811555
Notch signaling pathway,18,0.13413040030839024,0.3458236954777236
Notch signaling pathway,19,-0.019975125171766465,0.9227937142383331
Notch signaling pathway,20,0.2241959749060241,0.19472004470307613
Notch signaling pathway,21,-0.1791979415138022,0.17155460510641907
Notch signaling pathway,22,-0.15148977645660397,0.28857093530988576
Notch signaling pathway,23,-0.22667538563076325,0.06965356051193522
Notch signaling pathway,24,-0.12087768706353569,0.40711253189153784
Notch signaling pathway,25,0.04196669326523035,0.7480725654377741
Notch signaling pathway,26,0.03032946399542288,0.6589779300660041
Notch signaling pathway,27,-0.1107364084301826,0.31403231016136146
Notch signaling pathway,28,-0.1751940300302874,0.25909117145518135
Notch signaling pathway,29,0.020058643360302428,0.5987314215989427
Notch signaling pathway,30,-0.0005288477180530303,0.843173988511969
Notch signaling pathway,31,0.05956739781038738,0.8107297271774061
Notch signaling pathway,32,-0.31644053879942247,0.03386103357882059
Notch signaling pathway,33,0.029774998109108063,0.9495473377754128
Notch signaling pathway,34,-0.32680215027371545,0.021840725051416494
Notch signaling pathway,35,-0.09709522600517104,0.5976190176972691
Notch signaling pathway,36,0.004258194544583735,0.9380727602991655
Notch signaling pathway,37,-0.11902790424448831,0.5582141617178178
Notch signaling pathway,38,-0.3948570024591954,0.0032620752493639823
Notch signaling pathway,39,-0.6145956154103049,1.3615491535378834e-05
Notch signaling pathway,40,0.08619726968384256,0.4646145806963683
Notch signaling pathway,41,0.02265377546672547,0.6601378735402911
Notch signaling pathway,42,-0.19983681664711572,0.27076200938195916
Notch signaling pathway,43,-0.24413931441644976,0.09429002077908157
Notch signaling pathway,44,0.08447031610587896,0.485408951065035
Notch signaling pathway,45,0.108155281776637,0.40169545559622244
Notch signaling pathway,46,0.02485961287183211,0.6497280933131868
Notch signaling pathway,47,-0.0035374822834065463,0.5432386742490749
Notch signaling pathway,48,-0.04391038913417395,0.5528427945502905
Notch signaling pathway,49,-0.24972935861163104,0.14557782852935325
Hedgehog signaling pathway,0,-0.0023598560448390765,0.9406216397538598
Hedgehog signaling pathway,1,0.01704056998894268,0.7251247157505283
Hedgehog signaling pathway,2,0.039178069472069116,0.7896869717478153
Hedgehog signaling pathway,3,-0.08679454553959404,0.7480725654377741
Hedgehog signaling pathway,4,-0.16373355989356417,0.300374166044278
Hedgehog signaling pathway,5,-0.15935372345362767,0.18657794518302984
Hedgehog signaling pathway,6,-0.31423742827394463,0.0071024792485924635
Hedgehog signaling pathway,7,-0.02382792874001025,0.9942484424654068
Hedgehog signaling pathway,8,-0.006237078543322663,0.9916922728394197
Hedgehog signaling pathway,9,0.07022028823529089,0.4107480002763553
Hedgehog signaling pathway,10,0.0576777421027122,0.43862282262353436
Hedgehog signaling pathway,11,-0.40560218078150534,0.007927152544818324
Hedgehog signaling pathway,12,-0.11163788868517006,0.5077228733759351
Hedgehog signaling pathway,13,0.0043639158210378795,0.4874153102655666
Hedgehog signaling pathway,14,-0.5629841482673555,2.0862000627556185e-05
Hedgehog signaling pathway,15,-0.13726340052041297,0.22927465419670967
Hedgehog signaling pathway,16,0.09574908304479418,0.6428258752224734
Hedgehog signaling pathway,17,-0.17385374747565022,0.13481582800929354
Hedgehog signaling pathway,18,-0.4996292538344049,0.0005919321252698732
Hedgehog signaling pathway,19,-0.047108159460733504,0.7323458976481958
Hedgehog signaling pathway,20,0.2604476928833907,0.02365478850211088
Hedgehog signaling pathway,21,-0.028847330535729923,0.7651268266167861
Hedgehog signaling pathway,22,0.029719670615362088,0.6694466430109378
Hedgehog signaling pathway,23,-0.19950880288548925,0.13691752713817884
Hedgehog signaling pathway,24,0.09806633260066443,0.38746290421938656
Hedgehog signaling pathway,25,-0.2848871170418247,0.0341311491415566
Hedgehog signaling pathway,26,-0.1297960967660032,0.44527999899987325
Hedgehog signaling pathway,27,-0.2930924836962685,0.026895492256580656
Hedgehog signaling pathway,28,-0.11070333812686756,0.2827881500239169
Hedgehog signaling pathway,29,-0.2577815968650269,0.23427672282391554
Hedgehog signaling pathway,30,0.202183319585358,0.16806781165266937
Hedgehog signaling pathway,31,0.07661836710139559,0.4568252367115304
Hedgehog signaling pathway,32,0.03590061398643003,0.9291568483602577
Hedgehog signaling pathway,33,-0.12843830052975147,0.20712879961628372
Hedgehog signaling pathway,34,-0.1261309340262797,0.7432220656374495
Hedgehog signaling pathway,35,0.030741995323902704,0.5887538044929601
Hedgehog signaling pathway,36,0.2659901429666259,0.028947778790677697
Hedgehog signaling pathway,37,-0.18092645830044743,0.18711280126014274
Hedgehog signaling pathway,38,-0.031182240252021168,0.8494457181369557
Hedgehog signaling pathway,39,-0.009325933845451074,0.8733620031437747
Hedgehog signaling pathway,40,-0.011636669549214886,0.8219266862706189
Hedgehog signaling pathway,41,-0.0738830006018717,0.5854450750239764
Hedgehog signaling pathway,42,0.06593282191172145,0.46559341763175366
Hedgehog signaling pathway,43,-0.12542711779210156,0.34418700477290665
Hedgehog signaling pathway,44,0.10774597496868418,0.4144026808862412
Hedgehog signaling pathway,45,-0.13841815647744782,0.38046340189207084
Hedgehog signaling pathway,46,0.2021562617764718,0.1602981842331097
Hedgehog signaling pathway,47,-0.2742517827799621,0.04231446374887198
Hedgehog signaling pathway,48,-0.16099727092555918,0.4236231077689574
Hedgehog signaling pathway,49,0.22143211801056667,0.08462657912115926
JAK-STAT signaling pathway,0,-0.03864724837568905,0.5295143334903742
JAK-STAT signaling pathway,1,0.21430028785710786,0.15745563668875417
JAK-STAT signaling pathway,2,0.10463865565999443,0.4367313311149107
JAK-STAT signaling pathway,3,0.09803358201260737,0.5832440641286252
JAK-STAT signaling pathway,4,-0.0387003288887266,0.6624602101187793
JAK-STAT signaling pathway,5,0.06861765680813486,0.6462731784599196
JAK-STAT signaling pathway,6,-0.17350526062463822,0.3132629721912753
JAK-STAT signaling pathway,7,0.2823539011590255,0.11588808958111547
JAK-STAT signaling pathway,8,0.17774814322512356,0.21178043629050458
JAK-STAT signaling pathway,9,-0.16519892291648297,0.4587656647704442
JAK-STAT signaling pathway,10,-0.3927270552845805,0.006112962526913358
JAK-STAT signaling pathway,11,-0.0689467799926988,0.48641157140801794
JAK-STAT signaling pathway,12,-0.15109816908791435,0.2563965095876082
JAK-STAT signaling pathway,13,0.011531002385141266,0.6929392080416679
JAK-STAT signaling pathway,14,-0.055667706025742496,0.6671146142561986
JAK-STAT signaling pathway,15,-0.12305491041789567,0.7408006187040853
JAK-STAT signaling pathway,16,-0.16893087586198127,0.24063738697035697
JAK-STAT signaling pathway,17,0.11638188136465713,0.31789762714654735
JAK-STAT signaling pathway,18,0.11606366451970584,0.33768978434125596
JAK-STAT signaling pathway,19,0.16860415719596905,0.2959107825267715
JAK-STAT signaling pathway,20,0.12791563418409824,0.2735596563521073
JAK-STAT signaling pathway,21,-0.031131197120969508,0.9776355673827242
JAK-STAT signaling pathway,22,-0.1734172701312646,0.12586336886954197
JAK-STAT signaling pathway,23,0.02597808046916209,0.8645360628942248
JAK-STAT signaling pathway,24,-0.1645161788911486,0.2624870034463268
JAK-STAT signaling pathway,25,-0.16365803229579784,0.43296247707320434
JAK-STAT signaling pathway,26,0.07832557364716988,0.5625294451558007
JAK-STAT signaling pathway,27,-0.23408032992444094,0.13109571413495688
JAK-STAT signaling pathway,28,0.12624177401317468,0.3918771966549939
JAK-STAT signaling pathway,29,0.03874471161322414,0.6823293254031824
JAK-STAT signaling pathway,30,0.04361115925169881,0.8657959038818899
JAK-STAT signaling pathway,31,0.23822517160191298,0.09748504296257532
JAK-STAT signaling pathway,32,-0.2822537738574351,0.04150758495013698
JAK-STAT signaling pathway,33,0.2311194873494546,0.15006234181175482
JAK-STAT signaling pathway,34,-0.08025941440252536,0.2471187385544762
JAK-STAT signaling pathway,35,-0.26644866678787926,0.022589236255076712
JAK-STAT signaling pathway,36,-0.15957809668636674,0.23871654396595832
JAK-STAT signaling pathway,37,-0.12213136581018368,0.4894261381941155
JAK-STAT signaling pathway,38,0.17597983492019995,0.15651665851208127
JAK-STAT signaling pathway,39,-0.021874340382889473,0.8344103358938719
JAK-STAT signaling pathway,40,0.07558472795735062,0.41165987117761094
JAK-STAT signaling pathway,41,0.3415298534950848,0.007814932301502816
JAK-STAT signaling pathway,42,-0.08709906184720813,0.47941679142541826
JAK-STAT signaling pathway,43,0.2810334498585977,0.07818863272306205
JAK-STAT signaling pathway,44,0.19476048652519612,0.15142803527256174
JAK-STAT signaling pathway,45,0.13330531312932545,0.3633074380500897
JAK-STAT signaling pathway,46,-0.12056560919018763,0.2618053896942547
JAK-STAT signaling pathway,47,0.12560712908401384,0.37096687207324164
JAK-STAT signaling pathway,48,0.12162938208429239,0.4558567547344078
JAK-STAT signaling pathway,49,0.16169844346087048,0.15511616214004356
TGF-beta signaling pathway,0,0.1342795916692646,0.29739361790707397
TGF-beta signaling pathway,1,0.05730695654920604,0.6211737132172439
TGF-beta signaling pathway,2,-0.1999832560300547,0.203119823938141
TGF-beta signaling pathway,3,0.3272238665434488,0.0025920649398640896
TGF-beta signaling pathway,4,0.07806511742747965,0.5539150372664895
TGF-beta signaling pathway,5,-0.37880321907463227,0.015740774003232746
TGF-beta signaling pathway,6,0.00698753290615899,0.9750804208147997
TGF-beta signaling pathway,7,0.1769268932621636,0.1997287843300002
TGF-beta signaling pathway,8,-0.2349836062744295,0.04816051389118154
TGF-beta signaling pathway,9,-0.1314222088232992,0.23935561909399006
TGF-beta signaling pathway,10,0.23452730848503264,0.17055289850197064
TGF-beta signaling pathway,11,-0.04477300890503047,0.8344103358938719
TGF-beta signaling pathway,12,0.07145878992764444,0.5087497825375422
TGF-beta signaling pathway,13,0.2297946169295307,0.08845106210946356
TGF-beta signaling pathway,14,0.12835358202679792,0.4491098149454228
TGF-beta signaling pathway,15,0.004895769970055926,0.8923265047595759
TGF-beta signaling pathway,16,-0.31955877931773635,0.013118011931184911
TGF-beta signaling pathway,17,-0.2808373959352607,0.03621632684040322
TGF-beta signaling pathway,18,-0.1322264617888901,0.3257213954815974
TGF-beta signaling pathway,19,-0.14193746164539206,0.2777930646083635
TGF-beta signaling pathway,20,-0.05961492966984207,0.8961271633875962
TGF-beta signaling pathway,21,0.026501272997411816,0.5898586298406456
TGF-beta signaling pathway,22,0.2843964755424677,0.10176728353201887
TGF-beta signaling pathway,23,0.1384672678284935,0.5865470250857373
TGF-beta signaling pathway,24,-0.06748462904883336,0.6555030276720111
TGF-beta signaling pathway,25,-0.021578048239781943,0.9100826619454597
TGF-beta signaling pathway,26,-0.025950799161806183,0.7970971837515644
TGF-beta signaling pathway,27,0.12400424853586098,0.23807867386842085
TGF-beta signaling pathway,28,0.040044468574663386,0.6200429474704885
TGF-beta signaling pathway,29,-0.2104519319505004,0.26044583414037614
TGF-beta signaling pathway,30,-0.05184906475594042,0.39721443795954836
TGF-beta signaling pathway,31,-0.06702607568095369,0.6166560451965498
TGF-beta signaling pathway,32,-0.24929998627323838,0.14825605501761194
TGF-beta signaling pathway,33,-0.12810676499635468,0.40530201719216996
TGF-beta signaling pathway,34,0.0044257285013026915,0.6020742536895516
TGF-beta signaling pathway,35,-0.0006502660275288398,0.9024668524889021
TGF-beta signaling pathway,36,0.052508005829593585,0.7227230403186622
TGF-beta signaling pathway,37,0.13621611828339655,0.27285839896773056
TGF-beta signaling pathway,38,0.2451853296164125,0.041667910186891824
TGF-beta signaling pathway,39,-0.23919999641825437,0.19749118016291267
TGF-beta signaling pathway,40,0.09877920107740104,0.45488942893630424
TGF-beta signaling pathway,41,-0.12651529599677727,0.27992641077407865
TGF-beta signaling pathway,42,0.17867890563083544,0.2088643978202971
TGF-beta signaling pathway,43,-0.4420418335653102,0.0038446205053466703
TGF-beta signaling pathway,44,0.06142118384954456,0.6405319327076849
TGF-beta signaling pathway,45,-0.21369375968265064,0.15511616214004356
TGF-beta signaling pathway,46,-0.008852928456271386,0.8569843560089974
TGF-beta signaling pathway,47,-0.24335506522110595,0.07578051827204035
TGF-beta signaling pathway,48,-0.15861409626145956,0.267984035202706
TGF-beta signaling pathway,49,-0.36989426333040154,0.022875622177078118
NF-kappa B signaling pathway,0,-0.04402394529985745,0.466573399357028
NF-kappa B signaling pathway,1,0.04324557734823561,0.9189781778594569
NF-kappa B signaling pathway,2,-0.004329632369485916,0.9712481885879997
NF-kappa B signaling pathway,3,0.12825369082219837,0.417156269771382
NF-kappa B signaling pathway,4,0.07874053176117882,0.4975139208046082
NF-kappa B signaling pathway,5,-0.11302927265058818,0.37526509909432726
NF-kappa B signaling pathway,6,-0.0411334786478734,0.49245073544272033
NF-kappa B signaling pathway,7,0.3006421990819512,0.026785255412877775
NF-kappa B signaling pathway,8,-0.18120919363889482,0.16366331930570022
NF-kappa B signaling pathway,9,0.2776354478116194,0.03593217617285745
NF-kappa B signaling pathway,10,-0.2884946546656505,0.0221188488364349
NF-kappa B signaling pathway,11,0.18808258048583054,0.2036890495669732
NF-kappa B signaling pathway,12,-0.18271736410773298,0.3735421290240598
NF-kappa B signaling pathway,13,0.12689656411885644,0.28857093530988576
NF-kappa B signaling pathway,14,0.09008368766455989,0.4754445535378733
NF-kappa B signaling pathway,15,0.3190224637470168,0.026785255412877775
NF-kappa B signaling pathway,16,-0.09151617233649939,0.7263265699621654
NF-kappa B signaling pathway,17,0.24044949312542302,0.1082938214587763
NF-kappa B signaling pathway,18,-0.10044114982905063,0.41165987117761094
NF-kappa B signaling pathway,19,-0.10135160186523856,0.28135481115015193
NF-kappa B signaling pathway,20,-0.3821134782886587,0.005994768831306993
NF-kappa B signaling pathway,21,-0.031077150131993733,0.9240659590067416
NF-kappa B signaling pathway,22,0.09977377823759959,0.24063738697035697
NF-kappa B signaling pathway,23,-0.2771335966556516,0.11551720821317736
NF-kappa B signaling pathway,24,0.10145235573000735,0.57557106961808
NF-kappa B signaling pathway,25,-0.23966561601766467,0.050947610506863084
NF-kappa B signaling pathway,26,-0.008596928104072732,0.8244199192992413
NF-kappa B signaling pathway,27,-0.19739856643654424,0.2842264297064181
NF-kappa B signaling pathway,28,0.041102453076295745,0.8834680615564532
NF-kappa B signaling pathway,29,0.13406116593993397,0.6076642502483715
NF-kappa B signaling pathway,30,0.15150554242080666,0.30715296770292
NF-kappa B signaling pathway,31,-0.2636108247413408,0.10447608417652635
NF-kappa B signaling pathway,32,-0.257529427606537,0.12311413232807733
NF-kappa B signaling pathway,33,-0.1225213645578285,0.31019803745012553
NF-kappa B signaling pathway,34,0.14006587474714785,0.26867668577066894
NF-kappa B signaling pathway,35,0.2256318866385133,0.17055289850197064
NF-kappa B signaling pathway,36,-0.1501809870471801,0.10481867338522007
NF-kappa B signaling pathway,37,-0.0051112112310543285,0.6177841112789546
NF-kappa B signaling pathway,38,0.038721864210511464,0.96486265346458
NF-kappa B signaling pathway,39,-0.3760774762882577,0.015810132601942216
NF-kappa B signaling pathway,40,0.25426289737486285,0.10413438479574946
NF-kappa B signaling pathway,41,0.014542436351007186,0.9572030207797229
NF-kappa B signaling pathway,42,-0.08675419982731387,0.5263724004132546
NF-kappa B signaling pathway,43,0.27593975824841965,0.06056864921815245
NF-kappa B signaling pathway,44,0.09520271855556633,0.32967983760134745
NF-kappa B signaling pathway,45,-0.2469118038556263,0.04247742179598099
NF-kappa B signaling pathway,46,-0.17567474503648126,0.3210122336748711
NF-kappa B signaling pathway,47,0.1804937055044757,0.24451167617733283
NF-kappa B signaling pathway,48,0.07564677426847091,0.5549882971365988
NF-kappa B signaling pathway,49,0.09353271877152876,0.6009590416665803
TNF signaling pathway,0,0.005407036275229839,0.9138937117801275
TNF signaling pathway,1,0.22783899191618903,0.08149597293245825
TNF signaling pathway,2,0.14934758280601518,0.2735596563521073
TNF signaling pathway,3,0.02838216478387449,0.6729506645728149
TNF signaling pathway,4,-0.1571457852205365,0.32967983760134745
TNF signaling pathway,5,-0.10044415862715352,0.5295143334903742
TNF signaling pathway,6,-0.26413516783936775,0.046374525406562464
TNF signaling pathway,7,0.1425788233800076,0.3186744160481265
TNF signaling pathway,8,-0.08415600560064221,0.7167308364809226
TNF signaling pathway,9,-0.23803766026590564,0.2959107825267715
TNF signaling pathway,10,-0.10606667484256047,0.3822059538381658
TNF signaling pathway,11,-0.09856363138732213,0.4904332245819497
TNF signaling pathway,12,-0.04562237054607106,0.7311407002836381
TNF signaling pathway,13,0.2088964992162145,0.06674610352972668
TNF signaling pathway,14,0.027688090410354582,0.9240659590067416
TNF signaling pathway,15,-0.23187062299235572,0.18926355013259488
TNF signaling pathway,16,-0.17794016907410212,0.2863931180714284
TNF signaling pathway,17,-0.144390514722306,0.39721443795954836
TNF signaling pathway,18,0.0757721807523196,0.5603697908410301
TNF signaling pathway,19,0.06303294345801853,0.6858591078540515
TNF signaling pathway,20,0.13629346099095824,0.3822059538381658
TNF signaling pathway,21,0.1282537706648564,0.46559341763175366
TNF signaling pathway,22,0.07957427402099018,0.5887538044929601
TNF signaling pathway,23,0.2378603409777072,0.07499139174276329
TNF signaling pathway,24,0.018578690259999427,0.9355245152105018
TNF signaling pathway,25,-0.29388379964601574,0.03621632684040322
TNF signaling pathway,26,-0.21153050276512195,0.1740781298802193
TNF signaling pathway,27,0.014615897405044875,0.9968046711264704
TNF signaling pathway,28,0.2181881736508715,0.14646642364861695
TNF signaling pathway,29,0.17775145101454934,0.07873214209280668
TNF signaling pathway,30,0.3142098310693933,0.09878703660287565
TNF signaling pathway,31,-0.14854662422721288,0.2611250000774915
TNF signaling pathway,32,-0.16708996130872955,0.1941692573952668
TNF signaling pathway,33,-0.223282355388981,0.12079516766085852
TNF signaling pathway,34,-0.20675920180684104,0.13819062604437785
TNF signaling pathway,35,0.11965638960812981,0.39365142336194014
TNF signaling pathway,36,0.0013040871694068442,0.9597558276590519
TNF signaling pathway,37,-0.02930730130607143,0.9763579637737646
TNF signaling pathway,38,-0.11364620490204186,0.44527999899987325
TNF signaling pathway,39,-0.07108979636504698,0.4744543226186957
TNF signaling pathway,40,-0.12400514807025115,0.3515910872898206
TNF signaling pathway,41,0.024931731579376785,0.9559267802807303
TNF signaling pathway,42,0.0011124692473971562,0.7529330578644621
TNF signaling pathway,43,0.07271496922288222,0.42734463077998275
TNF signaling pathway,44,-0.051411680108724024,0.5485640308184627
TNF signaling pathway,45,-0.19515173242986777,0.1786901758210303
TNF signaling pathway,46,-0.06488211553356676,0.7946250443536416
TNF signaling pathway,47,0.007576656699748962,0.9993609325853882
TNF signaling pathway,48,0.11832484016464627,0.4367313311149107
TNF signaling pathway,49,0.01868457849893813,0.7835262605544728
VEGF signaling pathway,0,-0.11295552121356922,0.6065443997360356
VEGF signaling pathway,1,0.3013195186335933,0.06145276733969939
VEGF signaling pathway,2,-0.13313575645498535,0.3241467083717493
VEGF signaling pathway,3,-0.21352970256448445,0.1761168314611805
VEGF signaling pathway,4,0.3233167846383534,0.017179980160759584
VEGF signaling pathway,5,0.11142589048184098,0.38570570934843706
VEGF signaling pathway,6,0.09340017053990524,0.5998447636114543
VEGF signaling pathway,7,-0.3014628067013348,0.013658092825743805
VEGF signaling pathway,8,-0.41180525442906313,0.004024694116711602
VEGF signaling pathway,9,-0.13759050707902806,0.18498015540365342
VEGF signaling pathway,10,-0.4188814033221408,0.002028215764236156
VEGF signaling pathway,11,-0.21777436822685192,0.16806781165266937
VEGF signaling pathway,12,0.17914650053442246,0.09117949520697108
VEGF signaling pathway,13,-0.2739524047728673,0.07604506136014026
VEGF signaling pathway,14,-0.2423184477179236,0.01166237686591595
VEGF signaling pathway,15,-0.3739845699627645,0.006607007317838347
VEGF signaling pathway,16,-0.07940370101181467,0.9380727602991655
VEGF signaling pathway,17,0.2522664017009862,0.05630475851106369
VEGF signaling pathway,18,-0.28600794944635827,0.04039987051251094
VEGF signaling pathway,19,0.07150530063986626,0.5284659638587688
VEGF signaling pathway,20,-0.23672533119685066,0.025073813959100757
VEGF signaling pathway,21,-0.1180262803006808,0.36415356635650276
VEGF signaling pathway,22,0.19665623061176601,0.1254677178661025
VEGF signaling pathway,23,0.15773684667088006,0.2618053896942547
VEGF signaling pathway,24,0.0750968357401071,0.4320232126125527
VEGF signaling pathway,25,0.32429238736787014,0.005878638133766843
VEGF signaling pathway,26,-0.18547930145523378,0.07420898867794223
VEGF signaling pathway,27,-0.10130698368089835,0.5987314215989427
VEGF signaling pathway,28,0.05160851463843648,0.6054254727198982
VEGF signaling pathway,29,0.0017497641182071455,0.9329769304795121
VEGF signaling pathway,30,-0.14066547469280816,0.174586145151298
VEGF signaling pathway,31,-0.18235598072082174,0.24516162448246814
VEGF signaling pathway,32,0.04335411501163499,0.5496321871394099
VEGF signaling pathway,33,0.22457314469106382,0.10654501707121114
VEGF signaling pathway,34,-0.19888698096123458,0.14076416785626988
VEGF signaling pathway,35,0.007779051442644333,0.6121528448864231
VEGF signaling pathway,36,0.0788899977030098,0.5097777792737876
VEGF signaling pathway,37,0.2506379340876328,0.1537252016600081
VEGF signaling pathway,38,0.141290128204781,0.37785874302519007
VEGF signaling pathway,39,0.2918359557836996,0.06674610352972668
VEGF signaling pathway,40,-0.2312071067162043,0.2008545056872083
VEGF signaling pathway,41,0.2325425690527716,0.10864629334608902
VEGF signaling pathway,42,0.2756406675798562,0.05671958171311222
VEGF signaling pathway,43,-0.035091144332420915,0.5887538044929601
VEGF signaling pathway,44,0.08762788319645105,0.4975139208046082
VEGF signaling pathway,45,0.1428725412467471,0.10109889531396785
VEGF signaling pathway,46,-0.22807387522217668,0.22803610040444722
VEGF signaling pathway,47,0.36329083283701036,0.006355666137541349
VEGF signaling pathway,48,0.43467282334507584,0.0038642607772502047
VEGF signaling pathway,49,-0.08281861646960452,0.4107480002763553
HIF-1 signaling pathway,0,0.35115542564581953,0.003963836165316895
HIF-1 signaling pathway,1,0.26821664624237207,0.021383945614796215
HIF-1 signaling pathway,2,-0.09353694339867119,0.5931788243337852
HIF-1 signaling pathway,3,0.35873318414538397,0.0041071574469337116
HIF-1 signaling pathway,4,0.028909306787557144,0.5474969005065631
HIF-1 signaling pathway,5,-0.13661507584142077,0.40349632321068485
HIF-1 signaling pathway,6,-0.31213931378751764,0.010399749424714378
HIF-1 signaling pathway,7,-0.1312280505179943,0.14076416785626988
HIF-1 signaling pathway,8,-0.03121076545092475,0.6717818635319416
HIF-1 signaling pathway,9,-0.05865493481826879,0.6076642502483715
HIF-1 signaling pathway,10,-0.3125330156172944,0.025387302559751027
HIF-1 signaling pathway,11,-0.2246792155133723,0.13904441364144968
HIF-1 signaling pathway,12,-0.11053405803784162,0.8481905963684191
HIF-1 signaling pathway,13,-0.11730906023551307,0.21061050953947413
HIF-1 signaling pathway,14,-0.28367518140064396,0.1438130286494728
HIF-1 signaling pathway,15,-0.00027875484586716785,0.8281630853075352
HIF-1 signaling pathway,16,-0.18236947402495035,0.15418779764394513
HIF-1 signaling pathway,17,-0.03800934733714761,0.6223053744791605
HIF-1 signaling pathway,18,0.24315207289895652,0.12825771965816093
HIF-1 signaling pathway,19,-0.3254967458092014,0.026785255412877775
HIF-1 signaling pathway,20,0.1974833745176489,0.04981697143287992
HIF-1 signaling pathway,21,0.0833754948493159,0.4236231077689574
HIF-1 signaling pathway,22,-0.0021040115204076434,0.9789132283659501
HIF-1 signaling pathway,23,-0.011384988289589091,0.9227937142383331
HIF-1 signaling pathway,24,-0.10831233135734097,0.30943490782021066
HIF-1 signaling pathway,25,-0.02261810150420173,0.7311407002836381
HIF-1 signaling pathway,26,-0.105641002844239,0.4964990711832148
HIF-1 signaling pathway,27,0.03334000006156561,0.9572030207797229
HIF-1 signaling pathway,28,-0.10233359106575247,0.44527999899987325
HIF-1 signaling pathway,29,-0.0797276328591839,0.6788064788955899
HIF-1 signaling pathway,30,-0.006215113492152679,0.9164355175230398
HIF-1 signaling pathway,31,-0.11690662786482413,0.3352737766645639
HIF-1 signaling pathway,32,0.347235575441778,0.007136667423311986
HIF-1 signaling pathway,33,0.01582321659653167,0.9227937142383331
HIF-1 signaling pathway,34,0.17654935780377096,0.21002730269731917
HIF-1 signaling pathway,35,0.06666512740539877,0.6882161158831472
HIF-1 signaling pathway,36,-0.07756969169643829,0.7553669953022301
HIF-1 signaling pathway,37,-0.1249237703057326,0.3048821991222329
HIF-1 signaling pathway,38,-0.14941576965883455,0.766349467881459
HIF-1 signaling pathway,39,-0.0978529330374648,0.37440300115522207
HIF-1 signaling pathway,40,-0.14221817260312924,0.22927465419670967
HIF-1 signaling pathway,41,-0.10713026958182706,0.29813689503076646
HIF-1 signaling pathway,42,-0.13438248697163518,0.3499370775801529
HIF-1 signaling pathway,43,-0.30410014184981116,0.026785255412877775
HIF-1 signaling pathway,44,-0.16266908953474202,0.3549139350551124
HIF-1 signaling pathway,45,-0.3577714272483855,0.008712888076942664
HIF-1 signaling pathway,46,0.27632130804348193,0.02918392365667246
HIF-1 signaling pathway,47,0.37805324629408976,0.007486761677676692
HIF-1 signaling pathway,48,0.07961793491007592,0.5005650848994476
HIF-1 signaling pathway,49,0.14219339280230314,0.28857093530988576
PD-L1 expression and PD-1 checkpoint pathway in cancer,0,0.06794318527815152,0.57557106961808
PD-L1 expression and PD-1 checkpoint pathway in cancer,1,-0.2415686212851801,0.16708142496595335
PD-L1 expression and PD-1 checkpoint pathway in cancer,2,0.19450336156852985,0.09492221891050064
PD-L1 expression and PD-1 checkpoint pathway in cancer,3,-0.010144745632461016,0.9891361884839144
PD-L1 expression and PD-1 checkpoint pathway in cancer,4,-0.36688663585052794,0.05268380880194105
PD-L1 expression and PD-1 checkpoint pathway in cancer,5,0.04420134707169101,0.7970971837515644
PD-L1 expression and PD-1 checkpoint pathway in cancer,6,-0.2762666684379708,0.11185952605040907
PD-L1 expression and PD-1 checkpoint pathway in cancer,7,0.037841122451225395,0.8961271633875962
PD-L1 expression and PD-1 checkpoint pathway in cancer,8,-0.22186209120408731,0.09619680137216455
PD-L1 expression and PD-1 checkpoint pathway in cancer,9,0.0940301524574958,0.4834070712096926
PD-L1 expression and PD-1 checkpoint pathway in cancer,10,0.10492004824818812,0.2577413978845209
PD-L1 expression and PD-1 checkpoint pathway in cancer,11,-0.2230835004800493,0.14825605501761194
PD-L1 expression and PD-1 checkpoint pathway in cancer,12,0.23060129066215534,0.30187188122334585
PD-L1 expression and PD-1 checkpoint pathway in cancer,13,-0.0458847816913174,0.8057655585222501
PD-L1 expression and PD-1 checkpoint pathway in cancer,14,-0.09379107514083068,0.49144142411802294
PD-L1 expression and PD-1 checkpoint pathway in cancer,15,0.297676644811008,0.056511853297386574
PD-L1 expression and PD-1 checkpoint pathway in cancer,16,-0.0806611752174334,0.5854450750239764
PD-L1 expression and PD-1 checkpoint pathway in cancer,17,-0.06788261336743306,0.6741202561853838
PD-L1 expression and PD-1 checkpoint pathway in cancer,18,-0.15259574783599547,0.2645391939889058
PD-L1 expression and PD-1 checkpoint pathway in cancer,19,-0.2509720379530751,0.06990047138439436
PD-L1 expression and PD-1 checkpoint pathway in cancer,20,0.1664652469385904,0.10935395954265212
PD-L1 expression and PD-1 checkpoint pathway in cancer,21,0.13117803418145105,0.3726824831638149
PD-L1 expression and PD-1 checkpoint pathway in cancer,22,-0.20431070600982387,0.18711280126014274
PD-L1 expression and PD-1 checkpoint pathway in cancer,23,-0.2097561182977214,0.12785622048827594
PD-L1 expression and PD-1 checkpoint pathway in cancer,24,-0.09951507627115647,0.522198021819551
PD-L1 expression and PD-1 checkpoint pathway in cancer,25,0.11400773682509763,0.5190784427314943
PD-L1 expression and PD-1 checkpoint pathway in cancer,26,-0.06340453859770154,0.6451232285407814
PD-L1 expression and PD-1 checkpoint pathway in cancer,27,-0.19096995608494557,0.3574190363447215
PD-L1 expression and PD-1 checkpoint pathway in cancer,28,-0.1784535811365658,0.17306541297972577
PD-L1 expression and PD-1 checkpoint pathway in cancer,29,0.11477181531033262,0.5507013677122514
PD-L1 expression and PD-1 checkpoint pathway in cancer,30,-0.2335808813979982,0.07266419549254717
PD-L1 expression and PD-1 checkpoint pathway in cancer,31,0.2590900828696179,0.05152094089829683
PD-L1 expression and PD-1 checkpoint pathway in cancer,32,-0.27811920795847334,0.11441016180016825
PD-L1 expression and PD-1 checkpoint pathway in cancer,33,0.17522849485541506,0.20029106762766047
PD-L1 expression and PD-1 checkpoint pathway in cancer,34,-0.27557720903547106,0.03722598551081523
PD-L1 expression and PD-1 checkpoint pathway in cancer,35,0.2912638057000526,0.011769032181240974
PD-L1 expression and PD-1 checkpoint pathway in cancer,36,-0.07834504143010475,0.577758482756553
PD-L1 expression and PD-1 checkpoint pathway in cancer,37,0.0633322502204732,0.7395908556870263
PD-L1 expression and PD-1 checkpoint pathway in cancer,38,0.028215621217574705,0.9317033938650072
PD-L1 expression and PD-1 checkpoint pathway in cancer,39,-0.21596754065972903,0.16317935198231837
PD-L1 expression and PD-1 checkpoint pathway in cancer,40,0.06441207367142719,0.5766642871446006
PD-L1 expression and PD-1 checkpoint pathway in cancer,41,0.1460071970021165,0.23871654396595832
PD-L1 expression and PD-1 checkpoint pathway in cancer,42,-0.28874672421298603,0.035649928767294906
PD-L1 expression and PD-1 checkpoint pathway in cancer,43,0.23876349181761775,0.09117949520697108
PD-L1 expression and PD-1 checkpoint pathway in cancer,44,0.3577542577478421,0.011769032181240974
PD-L1 expression and PD-1 checkpoint pathway in cancer,45,0.02386426064338706,0.6694466430109378
PD-L1 expression and PD-1 checkpoint pathway in cancer,46,-0.08463601063087367,0.3233612271801398
PD-L1 expression and PD-1 checkpoint pathway in cancer,47,0.03237324125571238,0.921521666969221
PD-L1 expression and PD-1 checkpoint pathway in cancer,48,0.1053379292808628,0.2563965095876082
PD-L1 expression and PD-1 checkpoint pathway in cancer,49,0.12344352418563809,0.3450047311639136
Pathways in cancer,0,-0.1456759183264178,0.5263724004132546
Pathways in cancer,1,-0.056274401151352835,0.5909644096081139
Pathways in cancer,2,-0.038699719494771405,0.6054254727198982
Pathways in cancer,3,0.14364319356817928,0.23935561909399006
Pathways in cancer,4,-0.0768172918117063,0.8444275523977408
Pathways in cancer,5,0.009366071846306431,0.8094879628046548
Pathways in cancer,6,-0.056230840642656585,0.6788064788955899
Pathways in cancer,7,0.19553194378641775,0.17357121952476295
Pathways in cancer,8,0.04929888329431479,0.728732297854322
Pathways in cancer,9,-0.4392058402099895,0.002028215764236156
Pathways in cancer,10,-0.07704017909006151,0.6706138555256127
Pathways in cancer,11,-0.13758542638897234,0.24386293842264406
Pathways in cancer,12,0.10839202044276919,0.2959107825267715
Pathways in cancer,13,-0.24227925650385299,0.09397518989570859
Pathways in cancer,14,0.13354953096907313,0.3393066548810546
Pathways in cancer,15,-0.30647361396944733,0.04690437164673378
Pathways in cancer,16,-0.10231928419937214,0.40801959521385534
Pathways in cancer,17,-0.08646692537580773,0.661298634359478
Pathways in cancer,18,-0.20197603680966636,0.14735916243918598
Pathways in cancer,19,0.019993920737180128,0.6555030276720111
Pathways in cancer,20,0.09971806451519846,0.2959107825267715
Pathways in cancer,21,0.14661854983233918,0.1860442195301607
Pathways in cancer,22,-0.011705283148495593,0.9801909434472729
Pathways in cancer,23,0.3071385620235132,0.013842434940445137
Pathways in cancer,24,-0.09727235678705243,0.3787257394271274
Pathways in cancer,25,-0.11554296797869176,0.7335517554753703
Pathways in cancer,26,-0.2034242904776804,0.17055289850197064
Pathways in cancer,27,-0.025945276875509692,1.0
Pathways in cancer,28,-0.0973229351239759,0.4443254621122352
Pathways in cancer,29,-0.3369809727496934,0.007000795220865591
Pathways in cancer,30,0.1382912754483301,0.40169545559622244
Pathways in cancer,31,-0.13606631548014303,0.22680232065119643
Pathways in cancer,32,-0.16829090834519614,0.4587656647704442
Pathways in cancer,33,-0.08014567693041168,0.5733875765285608
Pathways in cancer,34,-0.08992988209867907,0.5284659638587688
Pathways in cancer,35,-0.1527375682419881,0.22373871952923363
Pathways in cancer,36,0.04761821044063328,0.5920711417798681
Pathways in cancer,37,-0.286877299588729,0.10447608417652635
Pathways in cancer,38,0.027870662122015687,0.9980827993960729
Pathways in cancer,39,-0.09542036131729288,0.6566605047418238
Pathways in cancer,40,0.12928734807093145,0.36161887566995743
Pathways in cancer,41,-0.27049001162532726,0.06440023614988419
Pathways in cancer,42,-0.20503326574572828,0.2721583722565848
Pathways in cancer,43,0.3114497113346785,0.030389669023904928
Pathways in cancer,44,-0.03467800722853896,0.9457211976980907
Pathways in cancer,45,0.07617575464430038,0.6497280933131868
Pathways in cancer,46,0.12066768252169344,0.3830790620653024
Pathways in cancer,47,0.025992936283961314,0.9227937142383331
Pathways in cancer,48,0.07025434689251953,0.5026046927982196
Pathways in cancer,49,-0.109238578238279,0.7275290982332587
Proteoglycans in cancer,0,-0.08353190344918351,0.7517170077388033
Proteoglycans in cancer,1,-0.11830371137593593,0.5128682800055402
Proteoglycans in cancer,2,-0.36772978194555506,0.0058499241236596
Proteoglycans in cancer,3,-0.03480315467576617,0.8144578670965468
Proteoglycans in cancer,4,0.047979419861192765,0.9674166200896791
Proteoglycans in cancer,5,-0.03014418984098966,0.7263265699621654
Proteoglycans in cancer,6,-0.32409563209486814,0.018895245555036983
Proteoglycans in cancer,7,-0.07015250579227628,0.8394156924542152
Proteoglycans in cancer,8,-0.12576039630710867,0.452958250266037
Proteoglycans in cancer,9,-0.1332344376566575,0.6155288833540299
Proteoglycans in cancer,10,-0.15843727116645717,0.25505650263745105
Proteoglycans in cancer,11,-0.0052943356897786325,0.9635858036780015
Proteoglycans in cancer,12,-0.2134761440967674,0.12117927017636526
Proteoglycans in cancer,13,0.06619795078046262,0.47149043832047355
Proteoglycans in cancer,14,0.05720411147947936,0.5485640308184627
Proteoglycans in cancer,15,-0.23432377396872128,0.08010437235277013
Proteoglycans in cancer,16,-0.2567968072166963,0.04231446374887198
Proteoglycans in cancer,17,0.1089758591062317,0.6405319327076849
Proteoglycans in cancer,18,-0.3249598288168364,0.023359943428764456
Proteoglycans in cancer,19,-0.09037142109796445,0.5646931099695401
Proteoglycans in cancer,20,-0.0773251473772688,0.7480725654377741
Proteoglycans in cancer,21,0.033638454541680865,0.737173264367279
Proteoglycans in cancer,22,0.03495737439217042,0.737173264367279
Proteoglycans in cancer,23,0.3159630809842071,0.06145276733969939
Proteoglycans in cancer,24,0.1787106745556104,0.20712879961628372
Proteoglycans in cancer,25,0.05275539931667149,0.6706138555256127
Proteoglycans in cancer,26,0.08126643978222754,0.3565827683952403
Proteoglycans in cancer,27,-0.023794583999894845,0.843173988511969
Proteoglycans in cancer,28,0.25514369856952346,0.07064551754773746
Proteoglycans in cancer,29,-0.2142444084458615,0.06674610352972668
Proteoglycans in cancer,30,-0.10798064548480026,0.21002730269731917
Proteoglycans in cancer,31,-0.047856786805485135,0.9291568483602577
Proteoglycans in cancer,32,-0.3568111584811096,0.011040267693730732
Proteoglycans in cancer,33,0.14826775937088207,0.4964990711832148
Proteoglycans in cancer,34,0.060319054442151805,0.6858591078540515
Proteoglycans in cancer,35,-0.269239151460853,0.0308838157519361
Proteoglycans in cancer,36,-0.005972216365050297,0.891060163528763
Proteoglycans in cancer,37,-0.05760914087644833,0.8557269905848218
Proteoglycans in cancer,38,0.26991353591263434,0.2249605896657757
Proteoglycans in cancer,39,0.11346195530625258,0.23999589988597103
Proteoglycans in cancer,40,0.009645543972811858,0.911352786424659
Proteoglycans in cancer,41,0.089546453178919,0.43862282262353436
Proteoglycans in cancer,42,-0.3474372528968289,0.011244281143296059
Proteoglycans in cancer,43,0.06063917189283184,0.5876499355739189
Proteoglycans in cancer,44,-0.12165332537384824,0.38133406693849226
Proteoglycans in cancer,45,-0.11054010238592797,0.5005650848994476
Proteoglycans in cancer,46,-0.2693527794762146,0.0641694393257609
Proteoglycans in cancer,47,-0.21756570692808586,0.13607383421652747
Proteoglycans in cancer,48,-0.47529277772561507,0.00025904937122678143
Proteoglycans in cancer,49,-0.1668289436056873,0.22803610040444722
MicroRNAs in cancer,0,0.009507910856805246,0.7835262605544728
MicroRNAs in cancer,1,0.16282518646011024,0.21061050953947413
MicroRNAs in cancer,2,0.02126560271356888,0.9623090472688717
MicroRNAs in cancer,3,-0.24310119780587466,0.06603506775074089
MicroRNAs in cancer,4,0.004883364315733973,0.9738029417810905
MicroRNAs in cancer,5,-0.08330452890178047,0.37959395921768635
MicroRNAs in cancer,6,0.08549276870612096,0.32730104846505614
MicroRNAs in cancer,7,0.11881894052287904,0.22618721923385132
MicroRNAs in cancer,8,0.22226526425241333,0.11149883996505087
MicroRNAs in cancer,9,-0.1745356094327636,0.09587687884612495
MicroRNAs in cancer,10,0.06898892086822264,0.9050044937579882
MicroRNAs in cancer,11,-0.05072474279355419,0.5464307979539128
MicroRNAs in cancer,12,-0.2901898824360744,0.03075963678859775
MicroRNAs in cancer,13,0.240626402535686,0.046374525406562464
MicroRNAs in cancer,14,0.07796807524680227,0.7983340188759247
MicroRNAs in cancer,15,0.11375879237456607,0.3822059538381658
MicroRNAs in cancer,16,0.13255769000188766,0.26867668577066894
MicroRNAs in cancer,17,-0.3595282521195455,0.04134778237911325
MicroRNAs in cancer,18,0.23513509573561242,0.10076601506598233
MicroRNAs in cancer,19,-0.06601183973623143,0.8107297271774061
MicroRNAs in cancer,20,0.35556328416096344,0.016231955996167054
MicroRNAs in cancer,21,0.16342052876434948,0.23553923093997609
MicroRNAs in cancer,22,0.15606965841631792,0.24321541062533258
MicroRNAs in cancer,23,-0.025610718631877517,0.7810657471972073
MicroRNAs in cancer,24,0.08435124475337012,0.6578188063355158
MicroRNAs in cancer,25,-0.11740866557485194,0.5379391845908394
MicroRNAs in cancer,26,0.29099337927667324,0.022875622177078118
MicroRNAs in cancer,27,-0.08304783530166156,0.8181902139766017
MicroRNAs in cancer,28,0.05272149605015433,0.742011022943488
MicroRNAs in cancer,29,-0.1274284760459712,0.5159685148796144
MicroRNAs in cancer,30,-0.17149305663935735,0.290028999459192
MicroRNAs in cancer,31,0.26478308366442227,0.08405025102347229
MicroRNAs in cancer,32,0.29187572299874026,0.04655057815476207
MicroRNAs in cancer,33,-0.2510591540254129,0.1082938214587763
MicroRNAs in cancer,34,-0.04275092021523616,0.795860857923634
MicroRNAs in cancer,35,-0.2361581651584639,0.15604876481480073
MicroRNAs in cancer,36,0.06939524877499775,0.5865470250857373
MicroRNAs in cancer,37,-0.05909926925048176,0.9968046711264704
MicroRNAs in cancer,38,-0.1855179256284342,0.24063738697035697
MicroRNAs in cancer,39,-0.1650799450890883,0.19749118016291267
MicroRNAs in cancer,40,-0.1005750448070353,0.27992641077407865
MicroRNAs in cancer,41,-0.009913391257137376,0.9801909434472729
MicroRNAs in cancer,42,-0.07839069922188162,0.5149340242126884
MicroRNAs in cancer,43,0.03248422940496882,0.843173988511969
MicroRNAs in cancer,44,0.23560164030371428,0.057979337119190476
MicroRNAs in cancer,45,0.2451352265106839,0.12428657892690852
MicroRNAs in cancer,46,-0.10541148160570546,0.9126231374428873
MicroRNAs in cancer,47,0.17531864872596425,0.2557258961929777
MicroRNAs in cancer,48,-0.02252787637570343,0.6405319327076849
MicroRNAs in cancer,49,0.1150761972354577,0.30112240342404195
Central carbon metabolism in cancer,0,-0.013297625867933883,0.943171127563447
Central carbon metabolism in cancer,1,-0.11049647489262857,0.34418700477290665
Central carbon metabolism in cancer,2,0.024981679342379656,0.523240018937131
Central carbon metabolism in cancer,3,0.061919980184319726,0.5211570923643173
Central carbon metabolism in cancer,4,0.010180202323682002,0.9572030207797229
Central carbon metabolism in cancer,5,-0.0882076931051829,0.45199439957018817
Central carbon metabolism in cancer,6,0.059902206958545375,0.8494457181369557
Central carbon metabolism in cancer,7,0.0015284089694442527,0.9342506386766034
Central carbon metabolism in cancer,8,-0.04673502051694144,0.37785874302519007
Central carbon metabolism in cancer,9,0.10161126966398437,0.5056723236964883
Central carbon metabolism in cancer,10,0.2660010185132236,0.06794516549264963
Central carbon metabolism in cancer,11,0.13596841292643894,0.19361961443676157
Central carbon metabolism in cancer,12,-0.0005563613222738315,0.8809397021664249
Central carbon metabolism in cancer,13,-0.04836965840741808,0.7700208729947233
Central carbon metabolism in cancer,14,0.16475872932623323,0.22130923358060406
Central carbon metabolism in cancer,15,-0.03121568315683027,0.8999302073345065
Central carbon metabolism in cancer,16,-0.005545902268016916,0.7724713488165849
Central carbon metabolism in cancer,17,-0.07684694678737472,0.577758482756553
Central carbon metabolism in cancer,18,-0.06433341771734699,0.7859889405376127
Central carbon metabolism in cancer,19,0.04425851117758482,0.9584793709945251
Central carbon metabolism in cancer,20,-0.06298976402621476,0.5453657249037566
Central carbon metabolism in cancer,21,0.04341555063649084,0.793389745999239
Central carbon metabolism in cancer,22,0.012990685209325373,0.7872210857063506
Central carbon metabolism in cancer,23,-0.11497212059415281,0.5242830821355335
Central carbon metabolism in cancer,24,-0.12322591946362894,0.6717818635319416
Central carbon metabolism in cancer,25,-0.03992592496488057,0.8961271633875962
Central carbon metabolism in cancer,26,0.22353181649916878,0.1958250562275523
Central carbon metabolism in cancer,27,-0.01317606004727331,0.795860857923634
Central carbon metabolism in cancer,28,-0.10721615851808745,0.21650710706427723
Central carbon metabolism in cancer,29,0.1768641697029661,0.047798764682955734
Central carbon metabolism in cancer,30,-0.08100654713233951,0.6325302594263951
Central carbon metabolism in cancer,31,0.04538386809156071,0.6099067132999101
Central carbon metabolism in cancer,32,-0.08650516233303589,0.8885283176738832
Central carbon metabolism in cancer,33,-0.298945037712384,0.02268435006111904
Central carbon metabolism in cancer,34,-0.30110416794720835,0.15511616214004356
Central carbon metabolism in cancer,35,0.26179751951589364,0.054670642746923064
Central carbon metabolism in cancer,36,0.23774446070087807,0.07818863272306205
Central carbon metabolism in cancer,37,0.32766494260892753,0.014732053030224486
Central carbon metabolism in cancer,38,-0.3550615757837746,0.007740911648700758
Central carbon metabolism in cancer,39,0.08387399778508081,0.5603697908410301
Central carbon metabolism in cancer,40,-0.36834795615391897,0.01460195577566731
Central carbon metabolism in cancer,41,0.24499402382742339,0.0650967409461346
Central carbon metabolism in cancer,42,0.17808130069167935,0.1740781298802193
Central carbon metabolism in cancer,43,0.1591742018066751,0.18551162327906678
Central carbon metabolism in cancer,44,-0.16150521498709866,0.24516162448246814
Central carbon metabolism in cancer,45,0.042227680753668985,0.8645360628942248
Central carbon metabolism in cancer,46,0.038550670626509485,0.9801909434472729
Central carbon metabolism in cancer,47,-0.0903209023891751,0.7896869717478153
Central carbon metabolism in cancer,48,0.0586946347334958,0.6659498029015203
Central carbon metabolism in cancer,49,-0.29774891245962937,0.02559817424444003
Transcriptional misregulation in cancer,0,0.02220680451595706,0.7107560212536839
Transcriptional misregulation in cancer,1,-0.13189957251234258,0.3574190363447215
Transcriptional misregulation in cancer,2,0.004733083642488332,0.8746241658561446
Transcriptional misregulation in cancer,3,-0.06643309596119637,0.8008092051487551
Transcriptional misregulation in cancer,4,0.1455595323091323,0.2988814119929166
Transcriptional misregulation in cancer,5,-0.09774503107197552,0.4481506127673739
Transcriptional misregulation in cancer,6,-0.22975203522903265,0.0672236207497086
Transcriptional misregulation in cancer,7,0.026408201748744916,0.9393471223560074
Transcriptional misregulation in cancer,8,0.031662158016041865,0.5942874552411261
Transcriptional misregulation in cancer,9,0.38634810603694564,0.015602859312506602
Transcriptional misregulation in cancer,10,0.0010642127098850168,0.9253383980399034
Transcriptional misregulation in cancer,11,-0.04244604929932282,0.8181902139766017
Transcriptional misregulation in cancer,12,-0.13672695056366949,0.19252375768356145
Transcriptional misregulation in cancer,13,-0.2462882885666667,0.03870985758255417
Transcriptional misregulation in cancer,14,0.1493058768215358,0.3079123730176049
Transcriptional misregulation in cancer,15,0.09093624445660681,0.4844074505601551
Transcriptional misregulation in cancer,16,-0.06260407018522478,0.4774284121527973
Transcriptional misregulation in cancer,17,0.03777890148343584,0.7036096627702646
Transcriptional misregulation in cancer,18,-0.04130645605579262,0.8620174168184531
Transcriptional misregulation in cancer,19,-0.1948186649427989,0.13947282786240697
Transcriptional misregulation in cancer,20,0.20263580902779071,0.2153183815573202
Transcriptional misregulation in cancer,21,-0.1220320634536349,0.5180407256814478
Transcriptional misregulation in cancer,22,-0.1871642283156531,0.1986076783092876
Transcriptional misregulation in cancer,23,0.21393646973537897,0.20425943543310376
Transcriptional misregulation in cancer,24,-0.23874435416650142,0.09241365904956533
Transcriptional misregulation in cancer,25,-0.10641778003613947,0.7675726912755514
Transcriptional misregulation in cancer,26,0.5578544405554977,0.00010557430226639391
Transcriptional misregulation in cancer,27,0.3219109120618646,0.02032147325651242
Transcriptional misregulation in cancer,28,0.2728669518472284,0.06123074211960293
Transcriptional misregulation in cancer,29,-0.035734636350708476,0.845681510399487
Transcriptional misregulation in cancer,30,0.027366395298576283,0.8394156924542152
Transcriptional misregulation in cancer,31,0.13819905390562318,0.27076200938195916
Transcriptional misregulation in cancer,32,0.04351769977246514,0.8897941001044716
Transcriptional misregulation in cancer,33,0.08157564562580166,0.4443254621122352
Transcriptional misregulation in cancer,34,-0.03593178016522517,0.9993609325853882
Transcriptional misregulation in cancer,35,-0.3018147954688428,0.056098295951201735
Transcriptional misregulation in cancer,36,0.0004311168168982785,0.9393471223560074
Transcriptional misregulation in cancer,37,-0.034399564326259145,0.9712481885879997
Transcriptional misregulation in cancer,38,-0.00021750390482855108,0.5443016830923744
Transcriptional misregulation in cancer,39,-0.0837525459682956,0.7786074237929612
Transcriptional misregulation in cancer,40,-0.08949668691007481,0.807005875480009
Transcriptional misregulation in cancer,41,-0.11395472233623608,0.5909644096081139
Transcriptional misregulation in cancer,42,-0.03830861995589736,0.5953970324665456
Transcriptional misregulation in cancer,43,-0.14787264689190754,0.3458236954777236
Transcriptional misregulation in cancer,44,0.2550097631041712,0.015466008925100928
Transcriptional misregulation in cancer,45,-0.1214082926144826,0.41899797354224744
Transcriptional misregulation in cancer,46,0.16589275990190236,0.07818863272306205
Transcriptional misregulation in cancer,47,0.14288207187780091,0.38133406693849226
Transcriptional misregulation in cancer,48,0.12696394957401083,0.290028999459192
Transcriptional misregulation in cancer,49,0.17127306832479489,0.1323268039106011
Chemical carcinogenesis,0,2.0871890115202717e-05,0.7822957315881272
Chemical carcinogenesis,1,0.16864681717027952,0.20712879961628372
Chemical carcinogenesis,2,-0.08691111938398562,0.7712458255803636
Chemical carcinogenesis,3,0.04498393429734913,0.7444337440134478
Chemical carcinogenesis,4,0.03178979173945796,0.8544699913176522
Chemical carcinogenesis,5,0.29007863325710115,0.029065644815068768
Chemical carcinogenesis,6,-0.33663982945080784,0.012483622076823462
Chemical carcinogenesis,7,0.06866756882525094,0.566860770479968
Chemical carcinogenesis,8,-0.18723378298100563,0.1082938214587763
Chemical carcinogenesis,9,-0.37084785505956697,0.008311717193602975
Chemical carcinogenesis,10,-0.10034296607624045,0.4107480002763553
Chemical carcinogenesis,11,-0.28208913285564907,0.010642081674854725
Chemical carcinogenesis,12,-0.10371893068498503,0.6776337497389942
Chemical carcinogenesis,13,0.1720113968167213,0.1602981842331097
Chemical carcinogenesis,14,-0.24088557085088705,0.09397518989570859
Chemical carcinogenesis,15,-0.2742734759047424,0.04264091031224144
Chemical carcinogenesis,16,-0.10671473829698674,0.417156269771382
Chemical carcinogenesis,17,0.290158681314189,0.022494469250788483
Chemical carcinogenesis,18,-0.18517254485532691,0.4025952857589612
Chemical carcinogenesis,19,-0.3525275968559992,0.00667122310804995
Chemical carcinogenesis,20,0.10472885511954154,0.40349632321068485
Chemical carcinogenesis,21,-0.043506755064831246,0.7614624241662753
Chemical carcinogenesis,22,0.08622559107508486,0.4884201663069242
Chemical carcinogenesis,23,-0.3104414270875089,0.15326366155199492
Chemical carcinogenesis,24,-0.20384386688607797,0.1781732818331011
Chemical carcinogenesis,25,-0.17411115132325491,0.21002730269731917
Chemical carcinogenesis,26,-0.021917826634525444,0.9610323875064
Chemical carcinogenesis,27,0.009402689028206563,0.6393862462700948
Chemical carcinogenesis,28,-0.16360173456136484,0.3830790620653024
Chemical carcinogenesis,29,0.10819234385096865,0.3026225995721248
Chemical carcinogenesis,30,-0.19698772328688824,0.24386293842264406
Chemical carcinogenesis,31,-0.11607140313986092,0.6020742536895516
Chemical carcinogenesis,32,0.11267806814144266,0.35909527317605416
Chemical carcinogenesis,33,-0.10954430048380878,0.49447268798348853
Chemical carcinogenesis,34,0.1284609273412356,0.28135481115015193
Chemical carcinogenesis,35,-0.22011432468315714,0.08376328065789647
Chemical carcinogenesis,36,-0.07057058642185401,0.49852987390565395
Chemical carcinogenesis,37,-0.07985538695781152,0.6245713747539869
Chemical carcinogenesis,38,-0.10310472293249454,0.5066970532707187
Chemical carcinogenesis,39,0.2215898836386812,0.044305259325275695
Chemical carcinogenesis,40,0.044997907162552815,0.6211737132172439
Chemical carcinogenesis,41,0.11644924494158142,0.3186744160481265
Chemical carcinogenesis,42,0.0990812819598021,0.5274186522940841
Chemical carcinogenesis,43,0.050409149094958285,0.7408006187040853
Chemical carcinogenesis,44,0.20576607021575002,0.08065867790532105
Chemical carcinogenesis,45,-0.33614996440993095,0.025177935737377786
Chemical carcinogenesis,46,0.33514118023414974,0.013415678042470245
Chemical carcinogenesis,47,0.08342797506686783,0.5788536545186941
Chemical carcinogenesis,48,0.10590133208504564,0.5066970532707187
Chemical carcinogenesis,49,0.14738018095336938,0.17055289850197064
Viral carcinogenesis,0,0.22321361657307098,0.035649928767294906
Viral carcinogenesis,1,-0.010031344484141742,0.8645360628942248
Viral carcinogenesis,2,0.018957227201877754,0.6508814121653823
Viral carcinogenesis,3,0.173043356986926,0.35325004054931497
Viral carcinogenesis,4,-0.47141194303859,0.0007269239393016559
Viral carcinogenesis,5,-0.17043476816271946,0.2856696524150626
Viral carcinogenesis,6,0.03292033496637888,0.9891361884839144
Viral carcinogenesis,7,-0.14896730845080047,0.2419239825050914
Viral carcinogenesis,8,-0.04180944901102114,0.6189130794296036
Viral carcinogenesis,9,-0.2063229775237793,0.23427672282391554
Viral carcinogenesis,10,0.09037356740687075,0.6624602101187793
Viral carcinogenesis,11,0.12624263000773864,0.35325004054931497
Viral carcinogenesis,12,0.1766457870082992,0.23553923093997609
Viral carcinogenesis,13,-0.269375382507238,0.0650967409461346
Viral carcinogenesis,14,-0.026166724892204642,0.8771494453172062
Viral carcinogenesis,15,0.1256990235272815,0.47149043832047355
Viral carcinogenesis,16,-0.07595732006839388,0.4754445535378733
Viral carcinogenesis,17,-0.39599438101694745,0.0027610605653522508
Viral carcinogenesis,18,-0.12851613521148192,0.27992641077407865
Viral carcinogenesis,19,-0.23568607021418334,0.1352341607496004
Viral carcinogenesis,20,0.2657604649247401,0.022400048026048308
Viral carcinogenesis,21,0.23229212270413518,0.04907496146394025
Viral carcinogenesis,22,-0.06070999436851862,0.9750804208147997
Viral carcinogenesis,23,-0.03072223341707233,0.9584793709945251
Viral carcinogenesis,24,0.018652986861852766,0.9164355175230398
Viral carcinogenesis,25,-0.07216613180468312,0.7749240957147896
Viral carcinogenesis,26,-0.06288373642049352,0.5337183601001061
Viral carcinogenesis,27,-0.29175481232443323,0.013118011931184911
Viral carcinogenesis,28,-0.12612507470316398,0.41348721225304086
Viral carcinogenesis,29,0.0404795460474775,0.6177841112789546
Viral carcinogenesis,30,0.4334835076862396,0.004385862145013585
Viral carcinogenesis,31,-0.22614178542681015,0.08433801669002905
Viral carcinogenesis,32,-0.24796498536483125,0.21949956765724232
Viral carcinogenesis,33,0.03474508115238658,0.9508229807344943
Viral carcinogenesis,34,-0.08434371101323912,0.33447092091102426
Viral carcinogenesis,35,-0.03382598587060204,0.7761513136031801
Viral carcinogenesis,36,0.24728301894190743,0.08290712673072961
Viral carcinogenesis,37,0.06454037285748451,0.9469964429980682
Viral carcinogenesis,38,0.025399517496453868,0.7773790905950064
Viral carcinogenesis,39,0.10713828172319015,0.32730104846505614
Viral carcinogenesis,40,-0.04774254321985896,0.6087850221430913
Viral carcinogenesis,41,0.23540127817227044,0.03051256458902145
Viral carcinogenesis,42,-0.27175890801522556,0.06965356051193522
Viral carcinogenesis,43,0.019641888779333094,0.9980827993960729
Viral carcinogenesis,44,-0.13611103352703235,0.4098373301481152
Viral carcinogenesis,45,0.19871356896131426,0.11331148238786937
Viral carcinogenesis,46,0.15822675708260417,0.29222537926601755
Viral carcinogenesis,47,0.17156169420370485,0.47941679142541826
Viral carcinogenesis,48,-0.09913459671425816,0.5284659638587688
Viral carcinogenesis,49,0.10992803265360099,0.4904332245819497
Non-small cell lung cancer,0,0.15793059274524493,0.15604876481480073
Non-small cell lung cancer,1,0.17889315111683396,0.22927465419670967
Non-small cell lung cancer,2,0.06179547068990462,0.7736974398229542
Non-small cell lung cancer,3,-0.29335213464232823,0.022875622177078118
Non-small cell lung cancer,4,-0.1513651170358771,0.27285839896773056
Non-small cell lung cancer,5,-0.01193696169324663,0.9253383980399034
Non-small cell lung cancer,6,-0.05608594127794536,0.9814687093501067
Non-small cell lung cancer,7,0.2258193906395391,0.044136394043956945
Non-small cell lung cancer,8,-0.04005391843524597,0.9801909434472729
Non-small cell lung cancer,9,0.19643503480229843,0.07711077719851762
Non-small cell lung cancer,10,-0.20789395339605726,0.20483098243476572
Non-small cell lung cancer,11,0.030641489965990032,0.446235703757182
Non-small cell lung cancer,12,0.018978141957777344,0.9508229807344943
Non-small cell lung cancer,13,0.1445728332260021,0.5316142404512837
Non-small cell lung cancer,14,0.10584793873349631,0.6929392080416679
Non-small cell lung cancer,15,-0.07988737725245161,0.6325302594263951
Non-small cell lung cancer,16,0.13778091547048557,0.40079683341079264
Non-small cell lung cancer,17,0.2269702508150639,0.11185952605040907
Non-small cell lung cancer,18,-0.1121904647043502,0.5898586298406456
Non-small cell lung cancer,19,-0.04932185978830038,0.9814687093501067
Non-small cell lung cancer,20,0.25721135648157445,0.07089530895375176
Non-small cell lung cancer,21,0.044068038443951296,0.8948600078814388
Non-small cell lung cancer,22,0.09094989153121145,0.5942874552411261
Non-small cell lung cancer,23,0.02655350944239414,0.9151645062146506
Non-small cell lung cancer,24,-0.03466324049098246,0.737173264367279
Non-small cell lung cancer,25,-0.06673955617887077,0.7155344716853979
Non-small cell lung cancer,26,-0.06786096188666031,0.5560625723688148
Non-small cell lung cancer,27,0.09665359820114805,0.47346522561944304
Non-small cell lung cancer,28,0.016974631096879304,0.8481905963684191
Non-small cell lung cancer,29,0.20280947767026586,0.24063738697035697
Non-small cell lung cancer,30,0.03612988964684291,0.795860857923634
Non-small cell lung cancer,31,0.008941880467946854,0.90119840379441
Non-small cell lung cancer,32,-0.36045314148133584,0.013415678042470245
Non-small cell lung cancer,33,0.18021883352335935,0.21413436564032995
Non-small cell lung cancer,34,-0.07787686450496963,0.6177841112789546
Non-small cell lung cancer,35,0.21997458698113645,0.049444798781964165
Non-small cell lung cancer,36,0.07360843479376472,0.3981082214948285
Non-small cell lung cancer,37,0.05798123148002099,0.1986076783092876
Non-small cell lung cancer,38,-0.09034230039929064,0.30187188122334585
Non-small cell lung cancer,39,-0.21851815587164874,0.09878703660287565
Non-small cell lung cancer,40,-0.09861685013058244,0.8961271633875962
Non-small cell lung cancer,41,-0.2102015786946439,0.10345364977053186
Non-small cell lung cancer,42,-0.42535178271062807,0.0011693211067742184
Non-small cell lung cancer,43,-0.006226597361724736,0.8721001626541554
Non-small cell lung cancer,44,0.022719072403010295,0.8935931206076038
Non-small cell lung cancer,45,0.19266129035865537,0.17205710688385567
Non-small cell lung cancer,46,0.05226590648833901,0.9253383980399034
Non-small cell lung cancer,47,-0.024058622484082023,0.7083710383861914
Non-small cell lung cancer,48,-0.07831886226090556,0.8032863929737604
Non-small cell lung cancer,49,0.18325144821620995,0.47149043832047355
Small cell lung cancer,0,0.111175401021266,0.5614491157651836
Small cell lung cancer,1,0.005081514691762268,0.7036096627702646
Small cell lung cancer,2,-0.14132946762938664,0.25172781461044513
Small cell lung cancer,3,-0.11505383225436823,0.43296247707320434
Small cell lung cancer,4,-0.20758954001548452,0.12156432748781319
Small cell lung cancer,5,0.030427914540118867,0.6393862462700948
Small cell lung cancer,6,0.49260139763849814,0.0001397963832593258
Small cell lung cancer,7,0.023002518624946476,0.9393471223560074
Small cell lung cancer,8,-0.04597330323802541,0.6941218570695196
Small cell lung cancer,9,0.13614076546947287,0.57557106961808
Small cell lung cancer,10,0.148841818152243,0.2827881500239169
Small cell lung cancer,11,0.10042692348018009,0.45199439957018817
Small cell lung cancer,12,0.11275631752986803,0.3186744160481265
Small cell lung cancer,13,-0.13793266116190173,0.32967983760134745
Small cell lung cancer,14,-0.16750490578355676,0.5305637595648998
Small cell lung cancer,15,0.28176083034207156,0.09303575250161715
Small cell lung cancer,16,-0.180543618603652,0.30337455859415585
Small cell lung cancer,17,0.038443688730005546,0.8595001728424063
Small cell lung cancer,18,-0.22303713081157017,0.10585179433274088
Small cell lung cancer,19,0.030574236808040875,0.8157015193043039
Small cell lung cancer,20,0.0430969743740265,0.5744788321054869
Small cell lung cancer,21,-0.08715137150554415,0.5211570923643173
Small cell lung cancer,22,-0.06964239257317784,0.5253272098261426
Small cell lung cancer,23,-0.08977476981892936,0.6291140243928939
Small cell lung cancer,24,-0.27422318450666155,0.036790377580150975
Small cell lung cancer,25,0.0683924957747233,0.48240781432273805
Small cell lung cancer,26,-0.24680256459369504,0.1343984961658583
Small cell lung cancer,27,0.0249810980485543,0.9495473377754128
Small cell lung cancer,28,-0.4009066190274211,0.010989780997693594
Small cell lung cancer,29,0.0432625107069693,0.8885283176738832
Small cell lung cancer,30,0.16887847760575925,0.15698561540014666
Small cell lung cancer,31,0.2728892416171842,0.025177935737377786
Small cell lung cancer,32,-0.12363172841825228,0.32179398978840346
Small cell lung cancer,33,0.4647703686208739,0.0018601359628740767
Small cell lung cancer,34,0.0060912439449849354,0.7749240957147896
Small cell lung cancer,35,-0.20329301360561225,0.39010783026086715
Small cell lung cancer,36,-0.06855075015146744,0.7921549658142019
Small cell lung cancer,37,0.25362392324815336,0.1097091567004972
Small cell lung cancer,38,-0.30736415045213555,0.026239904990966848
Small cell lung cancer,39,-0.01369405984540433,0.7822957315881272
Small cell lung cancer,40,-0.17624206679488943,0.28494742304755294
Small cell lung cancer,41,-0.02596052404238267,0.9520987497266518
Small cell lung cancer,42,0.21999479232554334,0.10689297536954401
Small cell lung cancer,43,-0.1860759392694866,0.08376328065789647
Small cell lung cancer,44,-0.470880017384683,0.0005849718773660914
Small cell lung cancer,45,-0.23849580795553527,0.07955316605050158
Small cell lung cancer,46,0.2959460750537658,0.04087149771643997
Small cell lung cancer,47,-0.34333329596816314,0.01371929781948944
Small cell lung cancer,48,-0.012287011687066127,0.8746241658561446
Small cell lung cancer,49,0.08312101420515049,0.6647857968092374
Breast cancer,0,0.3895251450725821,0.0031622505775147887
Breast cancer,1,-0.2001486347900063,0.22070482731410646
Breast cancer,2,0.0414130195355199,0.5139006120797917
Breast cancer,3,0.14484106252958395,0.28857093530988576
Breast cancer,4,-0.2965394622166194,0.07684321379547375
Breast cancer,5,-0.058248218566309046,0.9814687093501067
Breast cancer,6,-0.2033821896774737,0.20255175764425282
Breast cancer,7,0.1486190576798141,0.2652257087292612
Breast cancer,8,-0.1608196405144538,0.446235703757182
Breast cancer,9,-0.07779012384706488,0.7215232244924472
Breast cancer,10,0.15800673830092427,0.23176610666498343
Breast cancer,11,-0.05941227328951646,0.4597376086179139
Breast cancer,12,-0.2749801041123097,0.03386103357882059
Breast cancer,13,-0.1135156261044282,0.5159685148796144
Breast cancer,14,0.31345772481578293,0.026785255412877775
Breast cancer,15,0.05974612587240343,0.7675726912755514
Breast cancer,16,-0.13429484393497118,0.1254677178661025
Breast cancer,17,-0.04750012833327846,0.5592914722164841
Breast cancer,18,0.005655220686173097,0.6121528448864231
Breast cancer,19,0.09704136975434706,0.48240781432273805
Breast cancer,20,-0.21323962847989236,0.2036890495669732
Breast cancer,21,0.05854957259819949,0.7107560212536839
Breast cancer,22,0.38143591248021325,0.017787224644870772
Breast cancer,23,0.39488532098270246,0.014995315781414593
Breast cancer,24,-0.32461196670428333,0.05548268761665457
Breast cancer,25,0.1597395582101015,0.37959395921768635
Breast cancer,26,0.33993334273283826,0.030635886789412092
Breast cancer,27,0.19354567150382293,0.1129471086758439
Breast cancer,28,-0.05527208698510967,0.704798926349929
Breast cancer,29,0.1484147400799843,0.2693705647276119
Breast cancer,30,0.37004854630275397,0.010447819330880964
Breast cancer,31,-0.12043890287673548,0.23744200816293914
Breast cancer,32,-0.16863639978485429,0.27285839896773056
Breast cancer,33,0.04819893918177411,0.6520355673876495
Breast cancer,34,-0.007515376023351289,0.8923265047595759
Breast cancer,35,-0.2588083835472047,0.09148678693146556
Breast cancer,36,-0.06022710513541598,0.8419208218340544
Breast cancer,37,-0.04730345234733224,0.9342506386766034
Breast cancer,38,0.011248528865571903,0.5118370295074162
Breast cancer,39,0.11128656174887286,0.3417412553431025
Breast cancer,40,0.17129473948650825,0.22312956738381506
Breast cancer,41,0.1651121244071269,0.18498015540365342
Breast cancer,42,0.004189642639732858,0.5942874552411261
Breast cancer,43,0.10229427800765932,0.5690324117753655
Breast cancer,44,0.13932688911346808,0.2827881500239169
Breast cancer,45,-0.10847186351034939,0.48041267313958
Breast cancer,46,0.08806325751777554,0.4348445467300197
Breast cancer,47,-0.06093654989350847,0.47149043832047355
Breast cancer,48,-0.22400784955639885,0.26591344980094156
Breast cancer,49,-0.01756228603380987,0.8294116795141478
Colorectal cancer,0,0.22551391313877725,0.09148678693146556
Colorectal cancer,1,-0.07652213450686941,0.7395908556870263
Colorectal cancer,2,-0.2400420663597394,0.047798764682955734
Colorectal cancer,3,-0.04481625443893126,0.9789132283659501
Colorectal cancer,4,-0.5164667168522163,0.00023143159106494852
Colorectal cancer,5,0.20623733309511288,0.19361961443676157
Colorectal cancer,6,-0.33114724806808593,0.05548268761665457
Colorectal cancer,7,-0.29444091104201753,0.04464462596015339
Colorectal cancer,8,-0.09634411431647846,0.5118370295074162
Colorectal cancer,9,-0.16412298909978346,0.2892993486282861
Colorectal cancer,10,-0.2986699164992349,0.043134571742666536
Colorectal cancer,11,-0.06616685698409264,0.33768978434125596
Colorectal cancer,12,-0.37364439410450423,0.013904368668422172
Colorectal cancer,13,-0.05469866544464083,0.5733875765285608
Colorectal cancer,14,0.2856893955069619,0.011090960345827435
Colorectal cancer,15,-0.048132021540990666,0.7383817366553398
Colorectal cancer,16,-0.21765458004049482,0.18129138784846266
Colorectal cancer,17,-0.09045607419927211,0.6223053744791605
Colorectal cancer,18,-0.0766176639187884,0.9572030207797229
Colorectal cancer,19,-0.020499358308585663,0.6636225984075375
Colorectal cancer,20,0.10208275816229562,0.33447092091102426
Colorectal cancer,21,0.025114384398153618,0.5326657745114084
Colorectal cancer,22,0.06902153707586006,0.6870372315809148
Colorectal cancer,23,0.17167838121335724,0.26044583414037614
Colorectal cancer,24,0.22099905277440773,0.10619795720276372
Colorectal cancer,25,0.19453281776285095,0.11113907224822517
Colorectal cancer,26,0.19455988582650469,0.31019803745012553
Colorectal cancer,27,0.1396257506772433,0.5517715707728897
Colorectal cancer,28,0.11149071495767772,0.5015843399505999
Colorectal cancer,29,-0.20263400259741898,0.15326366155199492
Colorectal cancer,30,-0.5575468529925485,0.00020790681233756998
Colorectal cancer,31,-0.06614579851980198,0.5128682800055402
Colorectal cancer,32,-0.0006743476913119867,0.6359543537784436
Colorectal cancer,33,-0.15420080602118202,0.23935561909399006
Colorectal cancer,34,-0.05275395029975036,0.627977036398705
Colorectal cancer,35,0.03233308935982698,0.7024211237643831
Colorectal cancer,36,-0.24486102285067193,0.054670642746923064
Colorectal cancer,37,0.2771272926570262,0.1451350816746592
Colorectal cancer,38,0.2518391813523297,0.018176232050518465
Colorectal cancer,39,-0.2673865830930776,0.027791573749537057
Colorectal cancer,40,0.31281122694583,0.0221188488364349
Colorectal cancer,41,-0.3986005364792209,0.00913127491003958
Colorectal cancer,42,-0.20939799248257465,0.15745563668875417
Colorectal cancer,43,-0.18432798853208787,0.08845106210946356
Colorectal cancer,44,0.26705486998371925,0.07873214209280668
Colorectal cancer,45,0.16004528064753187,0.23807867386842085
Colorectal cancer,46,0.25405964340953496,0.05947835158282551
Colorectal cancer,47,0.3538233844781652,0.017481290792834624
Colorectal cancer,48,-0.12847584682919905,0.42734463077998275
Colorectal cancer,49,-0.4033393122446139,0.006735999453788325
Gastric cancer,0,-0.01955233898988265,0.9240659590067416
Gastric cancer,1,0.23002886719476892,0.1356534957111976
Gastric cancer,2,-0.17390043682448908,0.35909527317605416
Gastric cancer,3,-0.2536654500033356,0.09977261243325836
Gastric cancer,4,0.07347126122658668,0.5646931099695401
Gastric cancer,5,-0.09586158162920098,0.485408951065035
Gastric cancer,6,-0.3072493281847537,0.020758440702300214
Gastric cancer,7,-0.09383816658757962,0.5443016830923744
Gastric cancer,8,-0.007495312880305768,0.8683166060584981
Gastric cancer,9,0.20455831909004502,0.16806781165266937
Gastric cancer,10,-0.09593365543054203,0.6348121195029726
Gastric cancer,11,-0.10481740191537495,0.3658495153018694
Gastric cancer,12,-0.03979779140446486,0.8507012216242139
Gastric cancer,13,0.23536654375747695,0.07291981768551412
Gastric cancer,14,-0.16298568129274954,0.2464651550907786
Gastric cancer,15,-0.2791805814075127,0.04889091515345667
Gastric cancer,16,-0.05855587297930183,0.32967983760134745
Gastric cancer,17,0.011383261624998309,0.9406216397538598
Gastric cancer,18,-0.09652074447046007,0.3557477345258764
Gastric cancer,19,-0.16345332409028954,0.3848289403637605
Gastric cancer,20,-0.11859424275521019,0.4481506127673739
Gastric cancer,21,-0.12627290063330215,0.5528427945502905
Gastric cancer,22,0.08991211645727262,0.5159685148796144
Gastric cancer,23,-0.4544534012885481,0.0007839705464077355
Gastric cancer,24,-0.00415013182567028,0.742011022943488
Gastric cancer,25,0.252870911879887,0.055075417519283465
Gastric cancer,26,0.07938005933026931,0.38746290421938656
Gastric cancer,27,-0.26656047899112445,0.13734088418936644
Gastric cancer,28,-0.35359977448995583,0.02425417769528896
Gastric cancer,29,0.06083190917258117,0.33366930547280726
Gastric cancer,30,-0.17554222124555696,0.23364726978624328
Gastric cancer,31,0.22806236142212732,0.04447466952324682
Gastric cancer,32,0.13008269002642267,0.38922497118467514
Gastric cancer,33,-0.1690998439093337,0.15006234181175482
Gastric cancer,34,0.4140041887873058,0.0034172027232180317
Gastric cancer,35,-0.18345658132096967,0.27145957585207914
Gastric cancer,36,-0.19108654862894095,0.12906365770030448
Gastric cancer,37,0.05542026964629325,0.9508229807344943
Gastric cancer,38,0.06222248696088735,0.9686937303862899
Gastric cancer,39,0.14478606042188982,0.2892993486282861
Gastric cancer,40,0.04634989885279578,0.604307471307294
Gastric cancer,41,-0.09226035006048344,0.31019803745012553
Gastric cancer,42,0.021352677722970816,0.8834680615564532
Gastric cancer,43,-0.11803627260949166,0.5097777792737876
Gastric cancer,44,-0.04755634587894962,0.5733875765285608
Gastric cancer,45,-0.11710715893343832,0.9942484424654068
Gastric cancer,46,-0.26173612961061743,0.03664614311697696
Gastric cancer,47,-0.11165705576491927,0.5036261420035546
Gastric cancer,48,0.014483710006566942,0.9840243805120322
Gastric cancer,49,-0.1431426742334855,0.3194524467807145
Hepatocellular carcinoma,0,-0.2955580250133219,0.01347592254693886
Hepatocellular carcinoma,1,-0.1927153138823834,0.4089278615454728
Hepatocellular carcinoma,2,0.1304243063606348,0.3304752495287172
Hepatocellular carcinoma,3,-0.05252505734576015,0.582145007252795
Hepatocellular carcinoma,4,-0.020906636724789755,0.6474239741181849
Hepatocellular carcinoma,5,0.02461923281882213,0.8733620031437747
Hepatocellular carcinoma,6,0.09334827920882555,0.5211570923643173
Hepatocellular carcinoma,7,-0.13931358343827077,0.23051798773873045
Hepatocellular carcinoma,8,0.07394587006946551,0.4025952857589612
Hepatocellular carcinoma,9,-0.19076875822715225,0.08462657912115926
Hepatocellular carcinoma,10,0.2842236097530923,0.024355345422547352
Hepatocellular carcinoma,11,0.07006470012086932,0.6729506645728149
Hepatocellular carcinoma,12,0.07639704780218598,0.6200429474704885
Hepatocellular carcinoma,13,0.07577773023374854,0.5464307979539128
Hepatocellular carcinoma,14,0.17804902227336444,0.09555780856305532
Hepatocellular carcinoma,15,-0.1098592220948112,0.43390292208985015
Hepatocellular carcinoma,16,-0.01624204493579978,0.9738029417810905
Hepatocellular carcinoma,17,-0.1851066740007209,0.2188987127090063
Hepatocellular carcinoma,18,-0.056153678263199336,0.6405319327076849
Hepatocellular carcinoma,19,0.06477357981188041,0.6555030276720111
Hepatocellular carcinoma,20,-0.05443881158377693,0.49447268798348853
Hepatocellular carcinoma,21,0.25545225309700315,0.14469336692693327
Hepatocellular carcinoma,22,-0.13549917549261237,0.5646931099695401
Hepatocellular carcinoma,23,-0.38477844953465135,0.012483622076823462
Hepatocellular carcinoma,24,-0.08683326048138255,0.9878581864804604
Hepatocellular carcinoma,25,0.35182411065262154,0.015879759847893683
Hepatocellular carcinoma,26,0.43164501748115774,0.0011759183835876627
Hepatocellular carcinoma,27,-0.1927657784553063,0.13734088418936644
Hepatocellular carcinoma,28,-0.061995780750759164,0.7909207067484076
Hepatocellular carcinoma,29,0.09701148210558047,0.29517122393080475
Hepatocellular carcinoma,30,0.025302154608551414,0.90119840379441
Hepatocellular carcinoma,31,0.13471833590722354,0.4695202014480625
Hepatocellular carcinoma,32,-0.43585900592985427,0.005487978011680834
Hepatocellular carcinoma,33,-0.029178908940815814,0.843173988511969
Hepatocellular carcinoma,34,-0.36375029345766013,0.011609371462184694
Hepatocellular carcinoma,35,0.08549166243529133,0.4107480002763553
Hepatocellular carcinoma,36,-0.1483456768352266,0.34337051652868633
Hepatocellular carcinoma,37,0.14946548071581628,0.30187188122334585
Hepatocellular carcinoma,38,-0.3120282402314299,0.050379633012582505
Hepatocellular carcinoma,39,-0.12185527550885952,0.28207086312819263
Hepatocellular carcinoma,40,0.21371288586693393,0.19252375768356145
Hepatocellular carcinoma,41,0.04684287114964428,0.879675975749265
Hepatocellular carcinoma,42,0.10586942377771223,0.13649517758603996
Hepatocellular carcinoma,43,0.03386628227226336,0.7299361661109105
Hepatocellular carcinoma,44,-0.07132062179559435,0.38834332897684276
Hepatocellular carcinoma,45,0.2521833760229576,0.04515778594911885
Hepatocellular carcinoma,46,0.113208447903213,0.2419239825050914
Hepatocellular carcinoma,47,0.2125560642698884,0.08462657912115926
Hepatocellular carcinoma,48,-0.21595253176239115,0.04447466952324682
Hepatocellular carcinoma,49,-0.18595251699935011,0.1356534957111976
Pancreatic cancer,0,0.31194531800035186,0.024970065171712328
Pancreatic cancer,1,0.17668437292495343,0.1695555803401846
Pancreatic cancer,2,0.037962983716266156,0.8356610545657042
Pancreatic cancer,3,-0.28962466236123,0.09716169693767805
Pancreatic cancer,4,0.049093379745835324,0.7810657471972073
Pancreatic cancer,5,-0.20201291554753611,0.10550652702878353
Pancreatic cancer,6,0.18040145730220947,0.22312956738381506
Pancreatic cancer,7,-0.17022024199539212,0.18076890960903103
Pancreatic cancer,8,0.015233451312142087,0.8094879628046548
Pancreatic cancer,9,0.10975448647901698,0.45199439957018817
Pancreatic cancer,10,0.19827256623658324,0.11441016180016825
Pancreatic cancer,11,0.3563838954602442,0.0221188488364349
Pancreatic cancer,12,0.22346101466533305,0.174586145151298
Pancreatic cancer,13,-0.17736696304918004,0.30112240342404195
Pancreatic cancer,14,0.21774500537318864,0.020148945965380798
Pancreatic cancer,15,0.30522632797139526,0.03014515315461054
Pancreatic cancer,16,0.4501631447545583,0.0012026529094900788
Pancreatic cancer,17,0.1381649828735737,0.6520355673876495
Pancreatic cancer,18,-0.11595891020251049,0.6031903975990651
Pancreatic cancer,19,-0.20316114655937542,0.13398216389291392
Pancreatic cancer,20,0.061987168106001904,0.47941679142541826
Pancreatic cancer,21,-0.2685495530377772,0.03664614311697696
Pancreatic cancer,22,-0.15332694987528986,0.34418700477290665
Pancreatic cancer,23,-0.06971410794103106,0.5295143334903742
Pancreatic cancer,24,-0.021864649395366673,0.8094879628046548
Pancreatic cancer,25,0.10911166139593848,0.5843440873775316
Pancreatic cancer,26,-0.0595845501146265,0.6905761560639245
Pancreatic cancer,27,-0.09986897402089573,0.5712080188348347
Pancreatic cancer,28,0.18025848122214777,0.10311461125035136
Pancreatic cancer,29,-0.1534445569788803,0.27285839896773056
Pancreatic cancer,30,0.2917860966509265,0.10585179433274088
Pancreatic cancer,31,0.09040851700860081,0.3515910872898206
Pancreatic cancer,32,-0.005358261292890667,0.7712458255803636
Pancreatic cancer,33,0.19450819480735873,0.22130923358060406
Pancreatic cancer,34,-0.04748492101619985,0.8369121889325165
Pancreatic cancer,35,-0.19329302527070344,0.27567081612529465
Pancreatic cancer,36,0.16766358643101992,0.16125426968218637
Pancreatic cancer,37,-0.03732855571704219,0.8695774609603398
Pancreatic cancer,38,-0.25667699597318816,0.09651757759438753
Pancreatic cancer,39,0.2986178127275331,0.05113812404179058
Pancreatic cancer,40,0.03268749284459464,0.9533746414902695
Pancreatic cancer,41,-0.16278402475535564,0.4107480002763553
Pancreatic cancer,42,-0.19735294851191687,0.09026259654706027
Pancreatic cancer,43,0.5362609879048155,0.0002655926791598056
Pancreatic cancer,44,-0.19602272001656446,0.14557782852935325
Pancreatic cancer,45,0.27773232157961647,0.04925958888692539
Pancreatic cancer,46,0.09788220105359394,0.29517122393080475
Pancreatic cancer,47,-0.021381205162731207,0.8094879628046548
Pancreatic cancer,48,0.19724896663678795,0.16708142496595335
Pancreatic cancer,49,-0.0036593655330431464,0.9904142183632372
T cell receptor signaling pathway,0,-0.005631428778005789,0.9240659590067416
T cell receptor signaling pathway,1,0.11307246043910307,0.4587656647704442
T cell receptor signaling pathway,2,-0.10081054740200987,0.15887209901445842
T cell receptor signaling pathway,3,-0.035175098773424375,0.5788536545186941
T cell receptor signaling pathway,4,0.17060216060285954,0.19252375768356145
T cell receptor signaling pathway,5,-0.27333746401608094,0.035369574753203736
T cell receptor signaling pathway,6,-0.14373071442766402,0.46559341763175366
T cell receptor signaling pathway,7,0.2725918977199765,0.08234030711744744
T cell receptor signaling pathway,8,-0.025390606302598262,0.8419208218340544
T cell receptor signaling pathway,9,-0.1593150840573953,0.300374166044278
T cell receptor signaling pathway,10,-0.1040278911125378,0.5976190176972691
T cell receptor signaling pathway,11,-0.2031801165479779,0.11404300753995898
T cell receptor signaling pathway,12,-0.2785283761785477,0.07684321379547375
T cell receptor signaling pathway,13,-0.08643937642834726,0.6624602101187793
T cell receptor signaling pathway,14,-0.10370307149489291,0.37785874302519007
T cell receptor signaling pathway,15,0.2796614111184217,0.028480420104985093
T cell receptor signaling pathway,16,-0.22930632038664928,0.0812160944126442
T cell receptor signaling pathway,17,-0.20354545010052383,0.22373871952923363
T cell receptor signaling pathway,18,-0.20893273905095958,0.1037935738062404
T cell receptor signaling pathway,19,-0.3632759331819507,0.005380748673089278
T cell receptor signaling pathway,20,-0.053148315848978125,0.9801909434472729
T cell receptor signaling pathway,21,-0.003858854456278086,0.9355245152105018
T cell receptor signaling pathway,22,0.13038795751422272,0.12272524201906147
T cell receptor signaling pathway,23,-0.19363441020793132,0.36161887566995743
T cell receptor signaling pathway,24,-0.12139074947078898,0.3352737766645639
T cell receptor signaling pathway,25,0.084102476517524,0.6976742655304919
T cell receptor signaling pathway,26,-0.12926873292713498,0.41899797354224744
T cell receptor signaling pathway,27,0.05736190007561229,0.5118370295074162
T cell receptor signaling pathway,28,-0.03138869863917155,0.9100826619454597
T cell receptor signaling pathway,29,-0.16075687578463663,0.22680232065119643
T cell receptor signaling pathway,30,0.250859840991059,0.10447608417652635
T cell receptor signaling pathway,31,-0.1651790510106916,0.2563965095876082
T cell receptor signaling pathway,32,0.10532982734344855,0.29517122393080475
T cell receptor signaling pathway,33,0.1185848513083523,0.3499370775801529
T cell receptor signaling pathway,34,-0.05630713156366643,0.5036261420035546
T cell receptor signaling pathway,35,-0.11830271097870598,0.20597756341691742
T cell receptor signaling pathway,36,-0.05452524603578016,0.8657959038818899
T cell receptor signaling pathway,37,0.08376016546407934,0.627977036398705
T cell receptor signaling pathway,38,-0.08631702358942861,0.2863931180714284
T cell receptor signaling pathway,39,0.07010601397954105,0.6099067132999101
T cell receptor signaling pathway,40,-0.31904798329074224,0.02120357650663035
T cell receptor signaling pathway,41,-0.15304782720886168,0.4616849503086917
T cell receptor signaling pathway,42,-0.31548940253251834,0.00847015903585989
T cell receptor signaling pathway,43,-0.06043733912898813,0.49144142411802294
T cell receptor signaling pathway,44,0.2777249797801924,0.034952572316975745
T cell receptor signaling pathway,45,0.01571841129999741,0.8269149251694776
T cell receptor signaling pathway,46,-0.14771491104182502,0.2054036914660553
T cell receptor signaling pathway,47,-0.28195571696137045,0.15097175606661978
T cell receptor signaling pathway,48,-0.1727059578685458,0.2054036914660553
T cell receptor signaling pathway,49,0.144539157159106,0.11078022148245571
B cell receptor signaling pathway,0,-0.41833408435181946,0.0024715842377604456
B cell receptor signaling pathway,1,-0.008315396560173285,0.8169456359377487
B cell receptor signaling pathway,2,-0.2307631948056667,0.06990047138439436
B cell receptor signaling pathway,3,-0.004906241408973103,0.6348121195029726
B cell receptor signaling pathway,4,-0.10418911703642927,0.3328689304876187
B cell receptor signaling pathway,5,0.10482465674978955,0.5443016830923744
B cell receptor signaling pathway,6,0.24370612124970095,0.06234754415069146
B cell receptor signaling pathway,7,-0.30907804840791586,0.021933092955479648
B cell receptor signaling pathway,8,0.14967212159000448,0.23807867386842085
B cell receptor signaling pathway,9,-0.02583384105604657,0.5485640308184627
B cell receptor signaling pathway,10,0.234769658141059,0.11588808958111547
B cell receptor signaling pathway,11,-0.11042699460449643,0.37526509909432726
B cell receptor signaling pathway,12,-0.2901727253502689,0.02978155013310722
B cell receptor signaling pathway,13,-0.1800217055372235,0.1695555803401846
B cell receptor signaling pathway,14,0.04965246735843136,0.5139006120797917
B cell receptor signaling pathway,15,-0.07116180854744633,0.5953970324665456
B cell receptor signaling pathway,16,-0.040241228085361,0.7995713603313733
B cell receptor signaling pathway,17,0.13854497824827067,0.43862282262353436
B cell receptor signaling pathway,18,0.12610499914655596,0.45199439957018817
B cell receptor signaling pathway,19,-0.03489528632797866,0.9559267802807303
B cell receptor signaling pathway,20,0.020372111298786105,0.9712481885879997
B cell receptor signaling pathway,21,-0.42712025983354296,0.002605778004126297
B cell receptor signaling pathway,22,0.1600183647386943,0.22191482517013494
B cell receptor signaling pathway,23,0.3475869478091297,0.015330216021504039
B cell receptor signaling pathway,24,-0.06306349244449186,0.47247726377686594
B cell receptor signaling pathway,25,0.18436108303071944,0.2543883284167556
B cell receptor signaling pathway,26,0.10857819460428889,0.15698561540014666
B cell receptor signaling pathway,27,0.037666921144116884,0.6846817472330863
B cell receptor signaling pathway,28,0.037572003226395284,0.9469964429980682
B cell receptor signaling pathway,29,-0.11238417816730394,0.40349632321068485
B cell receptor signaling pathway,30,-0.0253277252695911,0.5507013677122514
B cell receptor signaling pathway,31,0.2764311940550984,0.1024391849995384
B cell receptor signaling pathway,32,-0.19933870072510057,0.19034573342929262
B cell receptor signaling pathway,33,-0.08476502309837577,0.3417412553431025
B cell receptor signaling pathway,34,-0.10411028573245074,0.4894261381941155
B cell receptor signaling pathway,35,-0.09235320968068016,0.34911192724676265
B cell receptor signaling pathway,36,0.056445774792923786,0.5690324117753655
B cell receptor signaling pathway,37,0.138183873377988,0.5337183601001061
B cell receptor signaling pathway,38,-0.18257022865713043,0.2077061656237792
B cell receptor signaling pathway,39,-0.08457487251315379,0.6589779300660041
B cell receptor signaling pathway,40,0.20241483299003238,0.15604876481480073
B cell receptor signaling pathway,41,0.15309371165151447,0.18818590875874608
B cell receptor signaling pathway,42,0.23670860523627063,0.048707448597224035
B cell receptor signaling pathway,43,0.07890104448418223,0.7995713603313733
B cell receptor signaling pathway,44,0.2736987092315851,0.11222113192067495
B cell receptor signaling pathway,45,-0.03719937569042183,0.9725255299474064
B cell receptor signaling pathway,46,0.1837829945546519,0.1860442195301607
B cell receptor signaling pathway,47,-0.13507964829478677,0.39010783026086715
B cell receptor signaling pathway,48,-0.2865001869156589,0.019807722338288956
B cell receptor signaling pathway,49,-0.06498200744781539,0.9342506386766034
Natural killer cell mediated cytotoxicity,0,-0.37056011197340555,0.009656947998978
Natural killer cell mediated cytotoxicity,1,-0.1015401206352539,0.8169456359377487
Natural killer cell mediated cytotoxicity,2,0.30362349316392917,0.025073813959100757
Natural killer cell mediated cytotoxicity,3,0.5420491861825801,3.0385379389874783e-05
Natural killer cell mediated cytotoxicity,4,-0.011297611801039392,0.9151645062146506
Natural killer cell mediated cytotoxicity,5,-0.020693079116951733,0.9189781778594569
Natural killer cell mediated cytotoxicity,6,-0.1926289433144625,0.12665758610921038
Natural killer cell mediated cytotoxicity,7,0.11578661633018583,0.4874153102655666
Natural killer cell mediated cytotoxicity,8,-0.23647631360022073,0.13607383421652747
Natural killer cell mediated cytotoxicity,9,0.35204261399772363,0.04280493060357036
Natural killer cell mediated cytotoxicity,10,0.1690963953574185,0.23744200816293914
Natural killer cell mediated cytotoxicity,11,-0.1090957765284596,0.23051798773873045
Natural killer cell mediated cytotoxicity,12,-0.026090873537148864,0.9980827993960729
Natural killer cell mediated cytotoxicity,13,0.06680620395006051,0.5453657249037566
Natural killer cell mediated cytotoxicity,14,0.004960568663131922,0.9929703486332637
Natural killer cell mediated cytotoxicity,15,-0.01951746405713139,0.7921549658142019
Natural killer cell mediated cytotoxicity,16,-0.0532681100704611,0.566860770479968
Natural killer cell mediated cytotoxicity,17,0.040546012506718396,0.8032863929737604
Natural killer cell mediated cytotoxicity,18,-0.0908959364877534,0.735965441576304
Natural killer cell mediated cytotoxicity,19,-0.29847361226488023,0.03593217617285745
Natural killer cell mediated cytotoxicity,20,-0.46996153963183973,0.00031012987915829654
Natural killer cell mediated cytotoxicity,21,-0.31732919176937824,0.060349274427171175
Natural killer cell mediated cytotoxicity,22,-0.0391088767417635,0.9980827993960729
Natural killer cell mediated cytotoxicity,23,-0.0028576389641004687,0.6313906381508902
Natural killer cell mediated cytotoxicity,24,0.1827958370551955,0.1343984961658583
Natural killer cell mediated cytotoxicity,25,-0.1847524827681439,0.1607756899680155
Natural killer cell mediated cytotoxicity,26,-0.06659599465100453,0.6776337497389942
Natural killer cell mediated cytotoxicity,27,-0.24367411411975493,0.08845106210946356
Natural killer cell mediated cytotoxicity,28,-0.13381506959415196,0.1602981842331097
Natural killer cell mediated cytotoxicity,29,0.07471645809606892,0.6741202561853838
Natural killer cell mediated cytotoxicity,30,0.25575979217519634,0.0724093072376522
Natural killer cell mediated cytotoxicity,31,-0.07620461029990547,0.7107560212536839
Natural killer cell mediated cytotoxicity,32,-0.1056876633470441,0.40620667230964835
Natural killer cell mediated cytotoxicity,33,0.19638087562541567,0.15097175606661978
Natural killer cell mediated cytotoxicity,34,0.1584757312452463,0.14780708887412658
Natural killer cell mediated cytotoxicity,35,-0.17314366841454754,0.30563788084494914
Natural killer cell mediated cytotoxicity,36,0.046703121262956074,0.3549139350551124
Natural killer cell mediated cytotoxicity,37,-0.033032733449560786,0.9635858036780015
Natural killer cell mediated cytotoxicity,38,-0.11753572593421541,0.4414688688241698
Natural killer cell mediated cytotoxicity,39,-0.17826473595365291,0.31019803745012553
Natural killer cell mediated cytotoxicity,40,0.1351832127484976,0.26591344980094156
Natural killer cell mediated cytotoxicity,41,0.07384194913474469,0.6729506645728149
Natural killer cell mediated cytotoxicity,42,0.0644108017697837,0.466573399357028
Natural killer cell mediated cytotoxicity,43,0.42490079345647946,0.003364762810020075
Natural killer cell mediated cytotoxicity,44,0.05510618938317042,0.6764618012456036
Natural killer cell mediated cytotoxicity,45,-0.09636272239463888,0.485408951065035
Natural killer cell mediated cytotoxicity,46,-0.27275553350130677,0.1079422551447171
Natural killer cell mediated cytotoxicity,47,-0.08715862798309182,0.5108068620957645
Natural killer cell mediated cytotoxicity,48,-0.15583411544027556,0.19197754193722094
Natural killer cell mediated cytotoxicity,49,0.16400799288741905,0.2700656724683186
Antigen processing and presentation,0,0.33871599206530234,0.012540149793094328
Antigen processing and presentation,1,0.017950667198396816,0.7896869717478153
Antigen processing and presentation,2,0.14687809042899033,0.34418700477290665
Antigen processing and presentation,3,-0.2252131107208365,0.14557782852935325
Antigen processing and presentation,4,-0.22383870059142658,0.27076200938195916
Antigen processing and presentation,5,-0.214461614096596,0.15558193309584045
Antigen processing and presentation,6,0.1657247053548245,0.15326366155199492
Antigen processing and presentation,7,-0.003319594719052687,0.5722973048022764
Antigen processing and presentation,8,-0.22811265708109707,0.0341311491415566
Antigen processing and presentation,9,-0.5076747990873736,0.0052234494036369275
Antigen processing and presentation,10,0.21512084081622018,0.1343984961658583
Antigen processing and presentation,11,-0.18972993803886332,0.08785377084757104
Antigen processing and presentation,12,-0.2684185256239966,0.1270561550721155
Antigen processing and presentation,13,-0.12326585257488802,0.2693705647276119
Antigen processing and presentation,14,0.09615301502313874,0.32023171932990013
Antigen processing and presentation,15,-0.1330796739158947,0.1505165253276015
Antigen processing and presentation,16,0.047646395851369525,0.7896869717478153
Antigen processing and presentation,17,-0.07366988120156648,0.6741202561853838
Antigen processing and presentation,18,-0.040342280941628735,0.8256672021508564
Antigen processing and presentation,19,-0.15938393997378528,0.1356534957111976
Antigen processing and presentation,20,-0.028166232784400634,0.7565848769811852
Antigen processing and presentation,21,0.16968396368599672,0.2988814119929166
Antigen processing and presentation,22,0.02941239438959344,0.759022452142371
Antigen processing and presentation,23,-0.120359360182379,0.3927637027736104
Antigen processing and presentation,24,0.09989155911703904,0.5876499355739189
Antigen processing and presentation,25,0.13054721658856097,0.27567081612529465
Antigen processing and presentation,26,0.004226146297033027,0.795860857923634
Antigen processing and presentation,27,0.17358984199589114,0.11404300753995898
Antigen processing and presentation,28,-0.0676118642669756,0.9546506527627885
Antigen processing and presentation,29,0.22145113625105825,0.051713246967979035
Antigen processing and presentation,30,-0.17198298286750133,0.18926355013259488
Antigen processing and presentation,31,0.09330456985498813,0.41992061635205646
Antigen processing and presentation,32,-0.10211771946615997,0.4245517064560448
Antigen processing and presentation,33,0.3157654657890383,0.03886097171526467
Antigen processing and presentation,34,0.08437593965190855,0.523240018937131
Antigen processing and presentation,35,-0.30714943786127546,0.052293772256897755
Antigen processing and presentation,36,-0.016429989449615694,0.9050044937579882
Antigen processing and presentation,37,-0.17107279128998845,0.22373871952923363
Antigen processing and presentation,38,-0.20019123003287992,0.17306541297972577
Antigen processing and presentation,39,-0.2534856542384649,0.031133465241670245
Antigen processing and presentation,40,0.3207081484227405,0.05000393691431095
Antigen processing and presentation,41,0.13613070447498649,0.1725607091366539
Antigen processing and presentation,42,-0.0582634406906782,0.5843440873775316
Antigen processing and presentation,43,0.06143426707136394,0.6325302594263951
Antigen processing and presentation,44,0.22830811946593663,0.18286554701084967
Antigen processing and presentation,45,-0.07328925677352158,0.6858591078540515
Antigen processing and presentation,46,0.07172562496849569,0.4675545246934032
Antigen processing and presentation,47,-0.30721616497009163,0.012596904031257778
Antigen processing and presentation,48,-0.1894000256738319,0.290028999459192
Antigen processing and presentation,49,0.2619190614442561,0.0341311491415566
Cytokine-cytokine receptor interaction,0,0.2768422048347803,0.0384091268333374
Cytokine-cytokine receptor interaction,1,-0.07384487573347434,0.5592914722164841
Cytokine-cytokine receptor interaction,2,0.33621878073347355,0.03372666261747726
Cytokine-cytokine receptor interaction,3,-0.1769562088115933,0.12507303678640258
Cytokine-cytokine receptor interaction,4,-0.014130567482079043,0.7835262605544728
Cytokine-cytokine receptor interaction,5,-0.17403979309551162,0.3524199461172707
Cytokine-cytokine receptor interaction,6,-0.15512679447711647,0.21413436564032995
Cytokine-cytokine receptor interaction,7,0.3550661713214387,0.009838074154131264
Cytokine-cytokine receptor interaction,8,-0.16053872290558058,0.14870606212820717
Cytokine-cytokine receptor interaction,9,-0.22970581021413036,0.0724093072376522
Cytokine-cytokine receptor interaction,10,0.374874345706202,0.007889586454230456
Cytokine-cytokine receptor interaction,11,0.20075581359364889,0.15418779764394513
Cytokine-cytokine receptor interaction,12,0.28828835348983706,0.019807722338288956
Cytokine-cytokine receptor interaction,13,0.0438335603414544,0.7578033635371936
Cytokine-cytokine receptor interaction,14,0.09007076329848591,0.8157015193043039
Cytokine-cytokine receptor interaction,15,-0.1015231521307761,0.6121528448864231
Cytokine-cytokine receptor interaction,16,-0.018876454345726913,0.9304300320775496
Cytokine-cytokine receptor interaction,17,-0.1140280232736049,0.4443254621122352
Cytokine-cytokine receptor interaction,18,0.0819722491693604,0.5898586298406456
Cytokine-cytokine receptor interaction,19,-0.05972606171447939,0.96486265346458
Cytokine-cytokine receptor interaction,20,-0.09751707401336063,0.6189130794296036
Cytokine-cytokine receptor interaction,21,-0.1874794363785896,0.2624870034463268
Cytokine-cytokine receptor interaction,22,-0.027016132593807838,0.9495473377754128
Cytokine-cytokine receptor interaction,23,-0.07088602401504765,0.7263265699621654
Cytokine-cytokine receptor interaction,24,0.006714858336632008,0.728732297854322
Cytokine-cytokine receptor interaction,25,0.3167495396566334,0.021933092955479648
Cytokine-cytokine receptor interaction,26,-0.07919730608595986,0.41807652440964393
Cytokine-cytokine receptor interaction,27,0.006935898786926535,0.9317033938650072
Cytokine-cytokine receptor interaction,28,0.016200596025013215,0.5865470250857373
Cytokine-cytokine receptor interaction,29,-0.04060409633373463,0.9942484424654068
Cytokine-cytokine receptor interaction,30,-0.20035549187260623,0.15887209901445842
Cytokine-cytokine receptor interaction,31,0.12282267232150057,0.3633074380500897
Cytokine-cytokine receptor interaction,32,-0.13260675603500197,0.5474969005065631
Cytokine-cytokine receptor interaction,33,-0.1281858224961321,0.6155288833540299
Cytokine-cytokine receptor interaction,34,-0.2873742508022465,0.021933092955479648
Cytokine-cytokine receptor interaction,35,-0.09665536101331185,0.3458236954777236
Cytokine-cytokine receptor interaction,36,-0.12323567734518302,0.24581278392600625
Cytokine-cytokine receptor interaction,37,-0.03993857035347802,0.7505015737564675
Cytokine-cytokine receptor interaction,38,-0.03713836407889771,0.7712458255803636
Cytokine-cytokine receptor interaction,39,-0.024191185457772144,0.9533746414902695
Cytokine-cytokine receptor interaction,40,0.08811475589432421,0.3515910872898206
Cytokine-cytokine receptor interaction,41,-0.31433301122395635,0.0118765517273444
Cytokine-cytokine receptor interaction,42,-0.09763519952594622,0.6799799862240706
Cytokine-cytokine receptor interaction,43,0.1263726029744595,0.3132629721912753
Cytokine-cytokine receptor interaction,44,-0.19072275951804646,0.23176610666498343
Cytokine-cytokine receptor interaction,45,-0.19439505316591515,0.5326657745114084
Cytokine-cytokine receptor interaction,46,-0.0862138637313465,0.7395908556870263
Cytokine-cytokine receptor interaction,47,0.046243351941782446,0.8119719680216386
Cytokine-cytokine receptor interaction,48,0.1980398084410356,0.21413436564032995
Cytokine-cytokine receptor interaction,49,-0.22205131552961271,0.1162599062374869
Chemokine signaling pathway,0,-0.03008457674494417,0.6823293254031824
Chemokine signaling pathway,1,-0.10465351331474577,0.8507012216242139
Chemokine signaling pathway,2,-0.05227225595845504,0.7602421399643451
Chemokine signaling pathway,3,-0.10600553973589766,0.2959107825267715
Chemokine signaling pathway,4,-0.21228550118281092,0.15326366155199492
Chemokine signaling pathway,5,-0.21556254866414118,0.1579267235849372
Chemokine signaling pathway,6,-0.1452016770611337,0.1523437440475967
Chemokine signaling pathway,7,-0.2421164886047999,0.045502648110211714
Chemokine signaling pathway,8,0.27806496143814874,0.03345928829188426
Chemokine signaling pathway,9,-0.12727011575919125,0.40711253189153784
Chemokine signaling pathway,10,-0.2935337376897378,0.05113812404179058
Chemokine signaling pathway,11,0.08899679154210023,0.47643591713298417
Chemokine signaling pathway,12,0.09981059454607547,0.5337183601001061
Chemokine signaling pathway,13,0.10624812851097327,0.39010783026086715
Chemokine signaling pathway,14,0.12337451475433503,0.6177841112789546
Chemokine signaling pathway,15,-0.06380171185191029,0.8032863929737604
Chemokine signaling pathway,16,0.2385709410978093,0.07900504729602251
Chemokine signaling pathway,17,0.020667194711928433,0.8094879628046548
Chemokine signaling pathway,18,-0.12428138792561906,0.47247726377686594
Chemokine signaling pathway,19,0.18976298809918202,0.07604506136014026
Chemokine signaling pathway,20,-0.1660116797231149,0.11404300753995898
Chemokine signaling pathway,21,0.08854672222157711,0.613277281043298
Chemokine signaling pathway,22,-0.5069847888765178,0.0002328904100327848
Chemokine signaling pathway,23,-0.17693742709979782,0.21650710706427723
Chemokine signaling pathway,24,-0.1116971148033661,0.3633074380500897
Chemokine signaling pathway,25,0.00278726460035667,0.9661395933586795
Chemokine signaling pathway,26,-0.16929377184896793,0.15887209901445842
Chemokine signaling pathway,27,0.001995746980134791,0.9980827993960729
Chemokine signaling pathway,28,-0.28259347530814205,0.014344796417859367
Chemokine signaling pathway,29,-0.15599485141194422,0.24842954466362643
Chemokine signaling pathway,30,-0.11335746747394713,0.44337209411357226
Chemokine signaling pathway,31,-0.30684450189932405,0.041667910186891824
Chemokine signaling pathway,32,-0.24226356206869826,0.17306541297972577
Chemokine signaling pathway,33,-0.05568243893498719,0.7835262605544728
Chemokine signaling pathway,34,0.007011359806050827,0.9393471223560074
Chemokine signaling pathway,35,-0.19143968041128642,0.1343984961658583
Chemokine signaling pathway,36,0.24888363868019725,0.07604506136014026
Chemokine signaling pathway,37,0.011140808859012929,0.5722973048022764
Chemokine signaling pathway,38,-0.04106714201097476,0.7700208729947233
Chemokine signaling pathway,39,0.17220517572774222,0.14915711146204702
Chemokine signaling pathway,40,-0.4195040050723023,0.010496086820310576
Chemokine signaling pathway,41,-0.16308255367423027,0.2693705647276119
Chemokine signaling pathway,42,-0.05179940555209546,0.6543463775072307
Chemokine signaling pathway,43,-0.2942327999703189,0.06279895809361855
Chemokine signaling pathway,44,0.009701454483602072,0.7323458976481958
Chemokine signaling pathway,45,0.22428971909320417,0.020582680401483783
Chemokine signaling pathway,46,-0.23861658411726078,0.1528031760915195
Chemokine signaling pathway,47,0.07935999818440509,0.37526509909432726
Chemokine signaling pathway,48,0.0326620119384802,0.5263724004132546
Chemokine signaling pathway,49,-0.2461035937497523,0.056927945162218226
ECM-receptor interaction,0,0.09192372138000895,0.31634777486211496
ECM-receptor interaction,1,-0.039579029683435366,0.5832440641286252
ECM-receptor interaction,2,0.14614578682343143,0.3909919056163492
ECM-receptor interaction,3,-0.13479597724557288,0.2929599823561083
ECM-receptor interaction,4,0.08697275726291875,0.34418700477290665
ECM-receptor interaction,5,0.0544664741705375,0.5253272098261426
ECM-receptor interaction,6,0.1407388934643289,0.36077644233570105
ECM-receptor interaction,7,-0.1602697107764666,0.21949956765724232
ECM-receptor interaction,8,0.1544359653300763,0.258415673768558
ECM-receptor interaction,9,-0.07021392231643939,0.7909207067484076
ECM-receptor interaction,10,-0.15851420166885016,0.37011090773414634
ECM-receptor interaction,11,0.14749867548492196,0.26729261262333937
ECM-receptor interaction,12,-0.04772269360469509,0.5560625723688148
ECM-receptor interaction,13,0.3200219808598944,0.0532734207733772
ECM-receptor interaction,14,-0.0481542604016387,0.6811542692274684
ECM-receptor interaction,15,-0.06441495742425567,0.45007018084347294
ECM-receptor interaction,16,0.053724501752384544,0.8231730796588689
ECM-receptor interaction,17,0.19717220542487213,0.21178043629050458
ECM-receptor interaction,18,0.10822764905106334,0.5087497825375422
ECM-receptor interaction,19,0.04558022979834588,0.6211737132172439
ECM-receptor interaction,20,-0.0863093712193314,0.6359543537784436
ECM-receptor interaction,21,0.1027829838738745,0.5474969005065631
ECM-receptor interaction,22,0.12822409911266355,0.40711253189153784
ECM-receptor interaction,23,-0.3157197441533109,0.0641694393257609
ECM-receptor interaction,24,0.09957389946998796,0.5998447636114543
ECM-receptor interaction,25,-0.1514436069567359,0.2471187385544762
ECM-receptor interaction,26,-0.15754313095641512,0.21829903996809352
ECM-receptor interaction,27,-0.26302591912461487,0.05947835158282551
ECM-receptor interaction,28,0.008809595196057616,0.943171127563447
ECM-receptor interaction,29,-0.18743038225816444,0.21829903996809352
ECM-receptor interaction,30,0.5152071906521127,0.0001344617992403118
ECM-receptor interaction,31,-0.090316100853192,0.5560625723688148
ECM-receptor interaction,32,-0.1159500629942798,0.4443254621122352
ECM-receptor interaction,33,-0.28696750694026885,0.09366120252602829
ECM-receptor interaction,34,-0.22420528579825083,0.31019803745012553
ECM-receptor interaction,35,-0.22425827909619261,0.3079123730176049
ECM-receptor interaction,36,-0.22914350853460905,0.2543883284167556
ECM-receptor interaction,37,0.3059615596999975,0.029421724358522187
ECM-receptor interaction,38,-0.010541673645684507,0.6682802284392713
ECM-receptor interaction,39,0.011162609932552286,0.9725255299474064
ECM-receptor interaction,40,-0.1655965566730751,0.280639993797991
ECM-receptor interaction,41,-0.07159299037659206,0.7786074237929612
ECM-receptor interaction,42,0.18747637732942107,0.14076416785626988
ECM-receptor interaction,43,0.03963715112502113,0.7179278968311067
ECM-receptor interaction,44,-0.032806432092718885,0.8469358594223297
ECM-receptor interaction,45,-0.11787452731148487,0.39454035780265084
ECM-receptor interaction,46,0.13421403008717692,0.4089278615454728
ECM-receptor interaction,47,0.11632448232981463,0.16125426968218637
ECM-receptor interaction,48,-0.0026199802520340274,0.7083710383861914
ECM-receptor interaction,49,-0.2219008258048219,0.1352341607496004
Focal adhesion,0,-0.30443337224940725,0.012204354802305405
Focal adhesion,1,0.12186548441025055,0.6694466430109378
Focal adhesion,2,0.12502074187517895,0.22557330915040652
Focal adhesion,3,-0.30714909319064954,0.0270061205904914
Focal adhesion,4,0.14636638707723806,0.31789762714654735
Focal adhesion,5,0.02486701168649717,0.6348121195029726
Focal adhesion,6,-0.30739640752138453,0.02120357650663035
Focal adhesion,7,0.1653594420804494,0.06579944740477932
Focal adhesion,8,-0.20974661293168095,0.10585179433274088
Focal adhesion,9,0.007395722796754068,0.9291568483602577
Focal adhesion,10,-0.01922939541400747,0.6671146142561986
Focal adhesion,11,0.1260693246399164,0.3981082214948285
Focal adhesion,12,0.30613048431833734,0.03708029752966917
Focal adhesion,13,0.21181306649427128,0.05548268761665457
Focal adhesion,14,0.24711279385233736,0.11258365899110918
Focal adhesion,15,0.22192713467152736,0.058404388388641794
Focal adhesion,16,-0.005951146319134234,0.6893957582246805
Focal adhesion,17,0.5140033952244173,0.00030632444299641295
Focal adhesion,18,-0.15712106759097733,0.22618721923385132
Focal adhesion,19,-0.050509581386041946,0.6776337497389942
Focal adhesion,20,-0.01464035267858847,0.8444275523977408
Focal adhesion,21,-0.11834178147073543,0.4414688688241698
Focal adhesion,22,0.15833402204701144,0.45199439957018817
Focal adhesion,23,-0.06554081333430212,0.3582565380490288
Focal adhesion,24,-0.0420118344029077,0.9482718241100533
Focal adhesion,25,0.03696195244250428,0.566860770479968
Focal adhesion,26,0.08250254361741659,0.7395908556870263
Focal adhesion,27,-0.10142731763271179,0.735965441576304
Focal adhesion,28,-0.09035781500175878,0.6589779300660041
Focal adhesion,29,0.020519166330092712,0.7059889118914777
Focal adhesion,30,0.19219974225604491,0.11888892852033836
Focal adhesion,31,-0.28775994850294734,0.026024466777404952
Focal adhesion,32,-0.3740250454866435,0.005792875095546211
Focal adhesion,33,0.14863529218520977,0.16414836767324492
Focal adhesion,34,-0.023149535788127226,0.7786074237929612
Focal adhesion,35,0.27729589658572545,0.026348200898300915
Focal adhesion,36,-0.014089631699725425,0.90119840379441
Focal adhesion,37,0.06364369926556757,0.6823293254031824
Focal adhesion,38,-0.49210792035781337,0.0004608022766983498
Focal adhesion,39,-0.23860724433000585,0.11663265958437878
Focal adhesion,40,-0.07102541896003317,0.8406680554528617
Focal adhesion,41,0.1583044157074532,0.3666993351601333
Focal adhesion,42,-0.3240421570056525,0.026895492256580656
Focal adhesion,43,-0.17162282635781123,0.24063738697035697
Focal adhesion,44,-0.1317702587170585,0.21413436564032995
Focal adhesion,45,0.22860842842387213,0.02711714152003987
Focal adhesion,46,-0.009790891919781735,0.5400558627160601
Focal adhesion,47,0.28749374491680935,0.03051256458902145
Focal adhesion,48,-0.14960265721796678,0.2863931180714284
Focal adhesion,49,-0.040395875440633555,0.7299361661109105
Cell adhesion molecules,0,0.06398376165760432,0.7884537637544435
Cell adhesion molecules,1,-0.16182821401916525,0.23807867386842085
Cell adhesion molecules,2,-0.2542607853698831,0.046374525406562464
Cell adhesion molecules,3,-0.3181359508533508,0.012259761266115478
Cell adhesion molecules,4,-0.1259108082110152,0.43390292208985015
Cell adhesion molecules,5,-0.244318842422498,0.056927945162218226
Cell adhesion molecules,6,-0.10475751356731307,0.5744788321054869
Cell adhesion molecules,7,0.046632226019312426,0.6405319327076849
Cell adhesion molecules,8,0.07302348260606048,0.7095631740891674
Cell adhesion molecules,9,-0.09432800810169922,0.577758482756553
Cell adhesion molecules,10,-0.018235104801144195,0.8557269905848218
Cell adhesion molecules,11,0.09220630012680564,0.7000462298950013
Cell adhesion molecules,12,-0.18455713180197875,0.3466438974836572
Cell adhesion molecules,13,0.10156079492657297,0.5592914722164841
Cell adhesion molecules,14,0.21384203895499937,0.056511853297386574
Cell adhesion molecules,15,-0.00632733855781927,0.943171127563447
Cell adhesion molecules,16,-0.3164778072886062,0.012315390472400742
Cell adhesion molecules,17,0.04926784002464136,0.8369121889325165
Cell adhesion molecules,18,-0.37410636190070945,0.008919890725830838
Cell adhesion molecules,19,0.16018111715841746,0.30563788084494914
Cell adhesion molecules,20,-0.023919364542276236,0.9904142183632372
Cell adhesion molecules,21,-0.035033979854181586,0.737173264367279
Cell adhesion molecules,22,0.10186193335605798,0.5337183601001061
Cell adhesion molecules,23,-0.22062169624534408,0.1129471086758439
Cell adhesion molecules,24,0.008400900850624017,0.943171127563447
Cell adhesion molecules,25,0.008329143966291227,0.9126231374428873
Cell adhesion molecules,26,-0.28045227626695735,0.0812160944126442
Cell adhesion molecules,27,0.13000585515852675,0.43767648895854727
Cell adhesion molecules,28,-0.19524003124607225,0.2638539051516885
Cell adhesion molecules,29,0.14036108593695668,0.25040486021446196
Cell adhesion molecules,30,0.13021632050502385,0.3918771966549939
Cell adhesion molecules,31,-0.35720646974828657,0.009523060435988337
Cell adhesion molecules,32,0.30488161346150267,0.030389669023904928
Cell adhesion molecules,33,-0.21723495058625414,0.07343326970806664
Cell adhesion molecules,34,0.2648526660599385,0.044136394043956945
Cell adhesion molecules,35,-0.05679081184777439,0.9024668524889021
Cell adhesion molecules,36,-0.3416921155878764,0.009003914221421428
Cell adhesion molecules,37,0.0877434893219921,0.6508814121653823
Cell adhesion molecules,38,-0.36777953048228795,0.009434724169519106
Cell adhesion molecules,39,0.3712270268215505,0.00863129638047105
Cell adhesion molecules,40,0.2730898619198663,0.028364601112857102
Cell adhesion molecules,41,0.05988608747011973,0.9482718241100533
Cell adhesion molecules,42,0.2532376181988009,0.04655057815476207
Cell adhesion molecules,43,0.04114110330967406,0.9495473377754128
Cell adhesion molecules,44,-0.14781787250894068,0.32967983760134745
Cell adhesion molecules,45,-0.018221999671980054,0.8419208218340544
Cell adhesion molecules,46,-0.13718910263674938,0.49144142411802294
Cell adhesion molecules,47,0.08490001749528019,0.7107560212536839
Cell adhesion molecules,48,0.18842503187217668,0.09683920896549802
Cell adhesion molecules,49,-0.06673275878811832,0.5701197205276549
Regulation of actin cytoskeleton,0,-0.183642564520153,0.3079123730176049
Regulation of actin cytoskeleton,1,0.13726580120733933,0.33768978434125596
Regulation of actin cytoskeleton,2,-0.1220555550426727,0.43862282262353436
Regulation of actin cytoskeleton,3,-0.1919875958192085,0.3086730196986601
Regulation of actin cytoskeleton,4,-0.06470525296660641,0.8859976085317693
Regulation of actin cytoskeleton,5,0.14169087469352104,0.1607756899680155
Regulation of actin cytoskeleton,6,-0.1562021317418879,0.18980407353993167
Regulation of actin cytoskeleton,7,-0.04789673513871183,0.9240659590067416
Regulation of actin cytoskeleton,8,0.03161280151295539,0.8244199192992413
Regulation of actin cytoskeleton,9,0.18348609965968884,0.1579267235849372
Regulation of actin cytoskeleton,10,0.09112820463597149,0.3666993351601333
Regulation of actin cytoskeleton,11,0.2382794075055163,0.07525368492262396
Regulation of actin cytoskeleton,12,-0.24671483529251478,0.07089530895375176
Regulation of actin cytoskeleton,13,0.09813360764537288,0.37526509909432726
Regulation of actin cytoskeleton,14,0.20751986073060777,0.057979337119190476
Regulation of actin cytoskeleton,15,-0.1966824110000014,0.20597756341691742
Regulation of actin cytoskeleton,16,0.2623277074218464,0.025704177107842376
Regulation of actin cytoskeleton,17,-0.05908725777655203,0.40801959521385534
Regulation of actin cytoskeleton,18,-0.05551200242869363,0.49852987390565395
Regulation of actin cytoskeleton,19,0.0879511035618507,0.43957033114124733
Regulation of actin cytoskeleton,20,-0.21719985670100156,0.2077061656237792
Regulation of actin cytoskeleton,21,0.32913131784846117,0.023556150026886324
Regulation of actin cytoskeleton,22,0.19914071517648482,0.2490867684386351
Regulation of actin cytoskeleton,23,0.48974029318913564,0.0003682719169826895
Regulation of actin cytoskeleton,24,-0.07552179232045915,0.47149043832047355
Regulation of actin cytoskeleton,25,0.0987216868951355,0.46363688972241124
Regulation of actin cytoskeleton,26,-0.07745914131753448,0.6520355673876495
Regulation of actin cytoskeleton,27,-0.1348255060859309,0.31634777486211496
Regulation of actin cytoskeleton,28,0.040333438900036225,0.8897941001044716
Regulation of actin cytoskeleton,29,-0.166344978430058,0.18024755034980178
Regulation of actin cytoskeleton,30,-0.2540987047294893,0.10935395954265212
Regulation of actin cytoskeleton,31,-0.10432539575848179,0.32967983760134745
Regulation of actin cytoskeleton,32,-0.07042020160199979,0.6882161158831472
Regulation of actin cytoskeleton,33,0.05503026840232177,0.5657764416920884
Regulation of actin cytoskeleton,34,-0.31024461079117116,0.0641694393257609
Regulation of actin cytoskeleton,35,-0.07107933732039753,0.5389970028985324
Regulation of actin cytoskeleton,36,-0.18675499807569884,0.21591215520519713
Regulation of actin cytoskeleton,37,-0.2273572563890401,0.1097091567004972
Regulation of actin cytoskeleton,38,0.052472491738670295,0.3981082214948285
Regulation of actin cytoskeleton,39,-0.12081716054040739,0.3265106012745058
Regulation of actin cytoskeleton,40,-0.35586547431452725,0.027905373960335853
Regulation of actin cytoskeleton,41,-0.04231517135673141,0.8119719680216386
Regulation of actin cytoskeleton,42,0.38435455654233597,0.0034525748558704773
Regulation of actin cytoskeleton,43,-0.1706881870073042,0.24581278392600625
Regulation of actin cytoskeleton,44,0.1767280684574249,0.18711280126014274
Regulation of actin cytoskeleton,45,-0.04019337070360175,0.6929392080416679
Regulation of actin cytoskeleton,46,0.05279443771874974,0.3909919056163492
Regulation of actin cytoskeleton,47,0.22729129544670537,0.17509526643993334
Regulation of actin cytoskeleton,48,0.08443293881737017,0.795860857923634
Regulation of actin cytoskeleton,49,0.07982092640288921,0.45488942893630424
Glycolysis / Gluconeogenesis,0,-0.3367328632933798,0.009883826052484352
Glycolysis / Gluconeogenesis,1,0.33400853177552997,0.00582133660565035
Glycolysis / Gluconeogenesis,2,-0.05487200383803321,0.737173264367279
Glycolysis / Gluconeogenesis,3,-0.1728500573951906,0.3565827683952403
Glycolysis / Gluconeogenesis,4,0.09097173922117839,0.45007018084347294
Glycolysis / Gluconeogenesis,5,0.02766769846060301,0.8645360628942248
Glycolysis / Gluconeogenesis,6,-0.11235065815904893,0.29443290449460446
Glycolysis / Gluconeogenesis,7,0.045188585884816154,0.807005875480009
Glycolysis / Gluconeogenesis,8,-0.030576111535428434,0.921521666969221
Glycolysis / Gluconeogenesis,9,-0.14623772494084725,0.6416784764594163
Glycolysis / Gluconeogenesis,10,0.3290957284728143,0.029421724358522187
Glycolysis / Gluconeogenesis,11,0.027253887113627997,0.8923265047595759
Glycolysis / Gluconeogenesis,12,0.057232529448407954,0.8544699913176522
Glycolysis / Gluconeogenesis,13,-0.05267290482951231,0.5799498004890421
Glycolysis / Gluconeogenesis,14,0.15339520367758563,0.1695555803401846
Glycolysis / Gluconeogenesis,15,-0.22254342494147888,0.06123074211960293
Glycolysis / Gluconeogenesis,16,-0.04329216131406248,0.7311407002836381
Glycolysis / Gluconeogenesis,17,-0.2062255600887069,0.16366331930570022
Glycolysis / Gluconeogenesis,18,0.2959250058316789,0.03947044957506836
Glycolysis / Gluconeogenesis,19,-0.09129124530291483,0.7155344716853979
Glycolysis / Gluconeogenesis,20,-0.20071542732000458,0.16806781165266937
Glycolysis / Gluconeogenesis,21,-0.09213596166404901,0.417156269771382
Glycolysis / Gluconeogenesis,22,-0.21727471533691875,0.19693465669323817
Glycolysis / Gluconeogenesis,23,0.1293230231409908,0.2842264297064181
Glycolysis / Gluconeogenesis,24,0.20261968618587606,0.08290712673072961
Glycolysis / Gluconeogenesis,25,0.10678830408144163,0.8595001728424063
Glycolysis / Gluconeogenesis,26,0.0025815837192787864,0.9584793709945251
Glycolysis / Gluconeogenesis,27,-0.05082871123654813,0.8809397021664249
Glycolysis / Gluconeogenesis,28,0.03031422523228071,0.9037355502125438
Glycolysis / Gluconeogenesis,29,0.093773062075529,0.4558567547344078
Glycolysis / Gluconeogenesis,30,-0.1147041685627372,0.5496321871394099
Glycolysis / Gluconeogenesis,31,-0.1884706232286821,0.19472004470307613
Glycolysis / Gluconeogenesis,32,-0.199756884638308,0.3918771966549939
Glycolysis / Gluconeogenesis,33,0.057260285191453306,0.6155288833540299
Glycolysis / Gluconeogenesis,34,-0.31187909937616587,0.030023530532598406
Glycolysis / Gluconeogenesis,35,0.03494880088216755,0.7036096627702646
Glycolysis / Gluconeogenesis,36,-0.358157275081007,0.0057363281697235344
Glycolysis / Gluconeogenesis,37,0.12846996711600847,0.41165987117761094
Glycolysis / Gluconeogenesis,38,-0.19817322153336978,0.12428657892690852
Glycolysis / Gluconeogenesis,39,0.19139895924775913,0.16708142496595335
Glycolysis / Gluconeogenesis,40,0.08340709097285186,0.6870372315809148
Glycolysis / Gluconeogenesis,41,0.0932005439522769,0.38046340189207084
Glycolysis / Gluconeogenesis,42,-0.15414431218067215,0.21002730269731917
Glycolysis / Gluconeogenesis,43,-0.08899736025870608,0.47346522561944304
Glycolysis / Gluconeogenesis,44,-0.4654806773161828,0.0003120491529742525
Glycolysis / Gluconeogenesis,45,0.17417075940707483,0.19361961443676157
Glycolysis / Gluconeogenesis,46,-0.4059645055655931,0.005936447574508848
Glycolysis / Gluconeogenesis,47,0.12124508807028736,0.3124948759746936
Glycolysis / Gluconeogenesis,48,-0.08144365142449425,0.9151645062146506
Glycolysis / Gluconeogenesis,49,0.0034417470226401348,0.6882161158831472
Oxidative phosphorylation,0,-0.02522816139417157,0.807005875480009
Oxidative phosphorylation,1,0.2987662202318619,0.007486761677676692
Oxidative phosphorylation,2,0.16281329594237012,0.20483098243476572
Oxidative phosphorylation,3,-0.006713783941748536,0.8935931206076038
Oxidative phosphorylation,4,0.15062341186599032,0.3684026636444435
Oxidative phosphorylation,5,0.15508342501313088,0.300374166044278
Oxidative phosphorylation,6,0.15646151367648245,0.27850294649141016
Oxidative phosphorylation,7,0.120466430386662,0.36415356635650276
Oxidative phosphorylation,8,0.09468499725173546,0.426412468832678
Oxidative phosphorylation,9,-0.10465600036214352,0.4754445535378733
Oxidative phosphorylation,10,0.2667468871915989,0.011609371462184694
Oxidative phosphorylation,11,0.170164128670089,0.3328689304876187
Oxidative phosphorylation,12,0.35167313903909436,0.017481290792834624
Oxidative phosphorylation,13,-0.061279383700627243,0.6268409306428525
Oxidative phosphorylation,14,0.12243506637596446,0.2914920145601281
Oxidative phosphorylation,15,0.11736462789206428,0.4357873500540156
Oxidative phosphorylation,16,0.13551234573499307,0.23176610666498343
Oxidative phosphorylation,17,0.1810550914717618,0.22010160559853997
Oxidative phosphorylation,18,-0.28830495783493915,0.014472872433979286
Oxidative phosphorylation,19,-0.1753741468197966,0.19361961443676157
Oxidative phosphorylation,20,-0.16256349995911895,0.396321865736492
Oxidative phosphorylation,21,0.18961563999025194,0.31096240865000824
Oxidative phosphorylation,22,-0.16648904804440665,0.09334805721361103
Oxidative phosphorylation,23,-0.18267825190816045,0.3124948759746936
Oxidative phosphorylation,24,0.14763685355442518,0.3409284828162952
Oxidative phosphorylation,25,0.33784011224459254,0.0341311491415566
Oxidative phosphorylation,26,0.133640674563059,0.4774284121527973
Oxidative phosphorylation,27,-0.060131370466494534,0.8045257300242006
Oxidative phosphorylation,28,0.11199272064930449,0.6076642502483715
Oxidative phosphorylation,29,0.21690194333223883,0.059912500580494785
Oxidative phosphorylation,30,-0.3821052568078629,0.011451635514618771
Oxidative phosphorylation,31,0.18329414640290123,0.08177663358087597
Oxidative phosphorylation,32,-0.054705239595024546,0.8544699913176522
Oxidative phosphorylation,33,-0.10384548982066405,0.737173264367279
Oxidative phosphorylation,34,-0.030342347510793177,0.9738029417810905
Oxidative phosphorylation,35,-0.2455380463986546,0.044305259325275695
Oxidative phosphorylation,36,-0.2962477715070813,0.12350398433243137
Oxidative phosphorylation,37,-0.2733033490448378,0.1433744025625259
Oxidative phosphorylation,38,0.04526421155761868,0.9597558276590519
Oxidative phosphorylation,39,-0.3361668846967293,0.024456878685228504
Oxidative phosphorylation,40,0.3538955904339708,0.004776165086597908
Oxidative phosphorylation,41,0.27694205185037646,0.03345928829188426
Oxidative phosphorylation,42,0.02067213260640583,0.7107560212536839
Oxidative phosphorylation,43,0.17734654057550311,0.267984035202706
Oxidative phosphorylation,44,-0.17711816775914976,0.1786901758210303
Oxidative phosphorylation,45,-0.09716982695337417,0.4089278615454728
Oxidative phosphorylation,46,-0.19702940532669513,0.1986076783092876
Oxidative phosphorylation,47,-0.2326474756565872,0.09334805721361103
Oxidative phosphorylation,48,0.05300805911660532,0.9840243805120322
Oxidative phosphorylation,49,-0.064059647838224,0.48041267313958
DNA replication,0,-0.42057480001417724,0.0032620752493639823
DNA replication,1,0.23112857697160885,0.05926225785651178
DNA replication,2,0.1267977995048111,0.23680654620610397
DNA replication,3,-0.25538197671354557,0.08905162235190317
DNA replication,4,-0.15891146935157607,0.4282779787264367
DNA replication,5,-0.021102979689440575,0.9380727602991655
DNA replication,6,0.029021125609719305,0.9801909434472729
DNA replication,7,0.10417768863263155,0.4616849503086917
DNA replication,8,0.2520546531702883,0.12586336886954197
DNA replication,9,0.07397999370479293,0.7347582710310621
DNA replication,10,0.2690718132423874,0.02667540895585906
DNA replication,11,-0.1730993234770219,0.31634777486211496
DNA replication,12,-0.15397263457969926,0.0681870912284847
DNA replication,13,0.17594332076370156,0.13027993430371787
DNA replication,14,-0.20052259241115972,0.09148678693146556
DNA replication,15,0.2589368774817167,0.04602410120884669
DNA replication,16,0.5042581253714441,0.0006737536512428151
DNA replication,17,-0.2307409050050916,0.21770054864425126
DNA replication,18,-0.07829340417028488,0.5854450750239764
DNA replication,19,-0.2719411528060769,0.19252375768356145
DNA replication,20,-0.2548382214708774,0.047798764682955734
DNA replication,21,-0.03056088449807366,0.9865802156316699
DNA replication,22,0.013231195902297642,0.9024668524889021
DNA replication,23,-0.048318209169218564,0.4894261381941155
DNA replication,24,0.08154093729492465,0.47149043832047355
DNA replication,25,-0.06644168331233653,0.6087850221430913
DNA replication,26,0.18238908970616247,0.20655259917312885
DNA replication,27,0.017978876577919623,0.8532133613254999
DNA replication,28,0.01614565025688522,0.9712481885879997
DNA replication,29,-0.305945865436915,0.005487978011680834
DNA replication,30,0.1332740540422234,0.2490867684386351
DNA replication,31,-0.0650428543823135,0.5453657249037566
DNA replication,32,0.005474894578414022,0.8645360628942248
DNA replication,33,-0.16457117269866411,0.5636107771728739
DNA replication,34,-0.02690362997560296,0.9138937117801275
DNA replication,35,0.44321916582932963,0.0013153031717221587
DNA replication,36,-0.1561737396602356,0.32023171932990013
DNA replication,37,-0.06181009566289338,0.7012333119388741
DNA replication,38,-0.18811043818127118,0.18551162327906678
DNA replication,39,-0.29211404919550826,0.047618748202645
DNA replication,40,-0.24371306622778963,0.06348114308515396
DNA replication,41,0.004061619453619231,0.8721001626541554
DNA replication,42,0.16611227220327573,0.2464651550907786
DNA replication,43,-0.11887079949943995,0.4236231077689574
DNA replication,44,0.16106517959869832,0.2477735348896356
DNA replication,45,-0.3936189459283152,0.007171003258869213
DNA replication,46,-0.08980647692044577,0.5253272098261426
DNA replication,47,0.5495136827990555,3.9619695408279004e-05
DNA replication,48,0.12651675452513186,0.6348121195029726
DNA replication,49,-0.1130848056329434,0.5118370295074162
Mismatch repair,0,-0.1269599593150672,0.36161887566995743
Mismatch repair,1,-0.13347743687715757,0.19749118016291267
Mismatch repair,2,0.09820132950883326,0.27496586457851724
Mismatch repair,3,0.03205596522873231,0.6706138555256127
Mismatch repair,4,-0.20074478073705593,0.09780924849129037
Mismatch repair,5,0.051686844945321726,0.22865478018699825
Mismatch repair,6,-0.19918825780794547,0.16269646453287656
Mismatch repair,7,0.015150902287016918,0.8206807421719938
Mismatch repair,8,-0.09094723041745638,0.10619795720276372
Mismatch repair,9,0.17168694465083476,0.17155460510641907
Mismatch repair,10,0.43084563876958915,0.004430229567008094
Mismatch repair,11,-0.19229218101121212,0.18339251171647586
Mismatch repair,12,-0.05287036373089941,0.8469358594223297
Mismatch repair,13,-0.24354984048757602,0.12311413232807733
Mismatch repair,14,-0.16554995619941038,0.203119823938141
Mismatch repair,15,-0.24081347042130588,0.11185952605040907
Mismatch repair,16,0.2822940592755798,0.09780924849129037
Mismatch repair,17,0.2276975202965686,0.18076890960903103
Mismatch repair,18,0.26142055745634063,0.04055656423328545
Mismatch repair,19,-0.06976075832396396,0.9533746414902695
Mismatch repair,20,0.015425706116590976,0.5097777792737876
Mismatch repair,21,-0.1918635669107128,0.2618053896942547
Mismatch repair,22,0.19757309326451586,0.12002982147888923
Mismatch repair,23,0.2885685416074607,0.10619795720276372
Mismatch repair,24,0.203773385529748,0.08376328065789647
Mismatch repair,25,0.05226840111927278,0.5443016830923744
Mismatch repair,26,-0.21901454256804861,0.16414836767324492
Mismatch repair,27,-0.0721516922917324,0.7456460552942417
Mismatch repair,28,-0.23657484595425451,0.4357873500540156
Mismatch repair,29,-0.11246566286960881,0.3352737766645639
Mismatch repair,30,-0.018591215940978522,0.32967983760134745
Mismatch repair,31,-0.05987026710034495,0.6520355673876495
Mismatch repair,32,0.058886529646766626,0.5253272098261426
Mismatch repair,33,-0.021597003266944442,0.807005875480009
Mismatch repair,34,-0.06923926986617554,0.8935931206076038
Mismatch repair,35,-0.17776946470222804,0.40169545559622244
Mismatch repair,36,0.11854861523659821,0.3557477345258764
Mismatch repair,37,0.3891720783655096,0.008079023972240721
Mismatch repair,38,-0.19169773423389277,0.08608139396754795
Mismatch repair,39,-0.21875659932873157,0.2871178202732305
Mismatch repair,40,0.1359361956021216,0.40439856725594636
Mismatch repair,41,-0.06754262010274033,0.8444275523977408
Mismatch repair,42,0.5540542978550961,0.00010350893387004683
Mismatch repair,43,-0.25516117733322713,0.057979337119190476
Mismatch repair,44,0.11113177893079657,0.5496321871394099
Mismatch repair,45,0.13204671650426478,0.2147257853080412
Mismatch repair,46,0.01804449486035292,0.9789132283659501
Mismatch repair,47,-0.1990095820628715,0.30563788084494914
Mismatch repair,48,-0.040232802936944714,0.7299361661109105
Mismatch repair,49,0.21800144356827567,0.3582565380490288
Base excision repair,0,0.23231970215382333,0.04231446374887198
Base excision repair,1,0.2794669247851913,0.0254925497552499
Base excision repair,2,-0.019988248131478585,0.9853022792160973
Base excision repair,3,-0.2869322504883521,0.04150758495013698
Base excision repair,4,0.2793721733772229,0.02102453409874089
Base excision repair,5,-0.18368819700334743,0.1656100106988838
Base excision repair,6,-0.024536750887707688,0.6474239741181849
Base excision repair,7,0.024806879875994073,0.9202498204324332
Base excision repair,8,0.02426355718392555,0.9814687093501067
Base excision repair,9,-0.15212470163360287,0.1617339245603142
Base excision repair,10,0.13668731031473721,0.2742621447706284
Base excision repair,11,0.019958984295798496,0.6917573068537826
Base excision repair,12,-0.10010646836841093,0.466573399357028
Base excision repair,13,0.12628335456965364,0.4236231077689574
Base excision repair,14,-0.15794432925770385,0.21949956765724232
Base excision repair,15,-0.06953036685713757,0.9291568483602577
Base excision repair,16,-0.1327140751435651,0.40169545559622244
Base excision repair,17,-0.18802757812901755,0.12002982147888923
Base excision repair,18,-0.13456364935198795,0.23617228734955154
Base excision repair,19,0.07642897920415304,0.40801959521385534
Base excision repair,20,-0.3666212025709593,0.015330216021504039
Base excision repair,21,0.198583287045496,0.23176610666498343
Base excision repair,22,-0.027847058325129632,0.9444460914677102
Base excision repair,23,0.2240911106828183,0.2735596563521073
Base excision repair,24,-0.03904682131339399,0.5744788321054869
Base excision repair,25,-0.1883265742045801,0.0276781739256091
Base excision repair,26,-0.18423451413137248,0.16366331930570022
Base excision repair,27,-0.05284788564083484,0.8206807421719938
Base excision repair,28,-0.22812365475923385,0.047439302005801334
Base excision repair,29,-0.054729725735930795,0.5056723236964883
Base excision repair,30,-0.12432303844285819,0.3482880136156372
Base excision repair,31,0.2796078837078909,0.06486388552381203
Base excision repair,32,0.2525463525871016,0.16708142496595335
Base excision repair,33,-0.11054492014739306,0.38133406693849226
Base excision repair,34,0.353016310222862,0.026348200898300915
Base excision repair,35,-0.33194967837585326,0.0036159098163111784
Base excision repair,36,-0.252070738027487,0.04087149771643997
Base excision repair,37,0.09424482129820688,0.3312719023942856
Base excision repair,38,-0.18270563623111064,0.3124948759746936
Base excision repair,39,-0.13016192794636527,0.34911192724676265
Base excision repair,40,-0.12155506756626164,0.43296247707320434
Base excision repair,41,-0.08328577488730994,0.5646931099695401
Base excision repair,42,0.022688702030655844,0.8369121889325165
Base excision repair,43,0.23742630911320792,0.16269646453287656
Base excision repair,44,0.28204080295064965,0.036790377580150975
Base excision repair,45,0.04388191915280798,0.5976190176972691
Base excision repair,46,-0.12463729870901837,0.27496586457851724
Base excision repair,47,0.10655407275444533,0.11964857503942423
Base excision repair,48,0.05897302348470786,0.6110293215920846
Base excision repair,49,-0.04675134688917773,0.7626833019068724
Homologous recombination,0,-0.10849920279635657,0.11813306787375566
Homologous recombination,1,0.102557171374571,0.17306541297972577
Homologous recombination,2,0.11332589913772409,0.2835066721232885
Homologous recombination,3,-0.3670129608384237,0.011141859663550618
Homologous recombination,4,0.07855854254364929,0.5295143334903742
Homologous recombination,5,-0.07890346281789168,0.5026046927982196
Homologous recombination,6,-0.28514152126693537,0.017179980160759584
Homologous recombination,7,0.04779763464477498,0.4558567547344078
Homologous recombination,8,-0.16838260162088423,0.16512171220699612
Homologous recombination,9,0.09257547738079197,0.6313906381508902
Homologous recombination,10,0.14393492348208742,0.4754445535378733
Homologous recombination,11,-0.08029105501146988,0.32730104846505614
Homologous recombination,12,-0.052238258936475226,0.7687964939358277
Homologous recombination,13,0.10917162582303974,0.2721583722565848
Homologous recombination,14,-0.2731671327706364,0.1129471086758439
Homologous recombination,15,0.10265557236100908,0.6054254727198982
Homologous recombination,16,-0.09738562871583926,0.7712458255803636
Homologous recombination,17,-0.017376308067237084,0.8306607047351449
Homologous recombination,18,-0.09941506724685568,0.4089278615454728
Homologous recombination,19,-0.07165585093553714,0.7517170077388033
Homologous recombination,20,-0.3957260834717487,0.08149597293245825
Homologous recombination,21,0.09680679506257137,0.43014822905298633
Homologous recombination,22,0.1932032690467514,0.1602981842331097
Homologous recombination,23,-0.09254868787342903,0.6428258752224734
Homologous recombination,24,0.042181804177018736,0.5549882971365988
Homologous recombination,25,0.0029448718391659593,0.9980827993960729
Homologous recombination,26,-0.36404221695445904,0.0064176814306965094
Homologous recombination,27,0.14248002276650953,0.28135481115015193
Homologous recombination,28,-0.31816515623846053,0.016446552868407953
Homologous recombination,29,-0.04034884569762719,0.6370974545179852
Homologous recombination,30,0.07229359915118011,0.6313906381508902
Homologous recombination,31,-0.05186729204051285,0.661298634359478
Homologous recombination,32,0.2830121076034449,0.04039987051251094
Homologous recombination,33,0.09365436249502032,0.3360778725891371
Homologous recombination,34,-0.25618364651802555,0.043300195209817566
Homologous recombination,35,0.34026486494159663,0.0146668772509265
Homologous recombination,36,-0.16080815914018895,0.35076346435151773
Homologous recombination,37,0.011652182771954962,0.7921549658142019
Homologous recombination,38,-0.20399402740364123,0.17662927738118184
Homologous recombination,39,-0.21950632575611964,0.018413195247704708
Homologous recombination,40,-0.011042515696713974,0.7921549658142019
Homologous recombination,41,0.3518205401827131,0.010839549577678268
Homologous recombination,42,-0.1583758067008168,0.3265106012745058
Homologous recombination,43,0.06814759452759925,0.3650009255693972
Homologous recombination,44,0.2120875078760967,0.10481867338522007
Homologous recombination,45,-0.03475690945576151,0.6155288833540299
Homologous recombination,46,0.15206209024291595,0.42084445201474596
Homologous recombination,47,-0.14661757760554917,0.24581278392600625
Homologous recombination,48,-0.10455498773145883,0.28494742304755294
Homologous recombination,49,0.33728662221461325,0.021840725051416494
